cp_category,cp_model,group_key,art_print,pp,product_id,rank,image_url
Чёрные софт-тач,Google Pixel 10,A:501927,S501927,ПП2,3277084299,13,https://s3.twcstorage.ru/35ffc2ef-1e09-463d-a2c4-c183d5deb59a/prints/pp2/W501927.webp
Чёрные софт-тач,Google Pixel 10,A:501942,S501942,ПП2,3277084016,10,https://s3.twcstorage.ru/35ffc2ef-1e09-463d-a2c4-c183d5deb59a/prints/pp2/S501942.webp
Чёрные софт-тач,Google Pixel 10,A:501947,S501947,ПП2,3277084692,7,https://s3.twcstorage.ru/35ffc2ef-1e09-463d-a2c4-c183d5deb59a/prints/pp2/W501947.webp
Чёрные софт-тач,Google Pixel 10,A:501951,S501951,ПП2,3277082848,5,https://s3.twcstorage.ru/35ffc2ef-1e09-463d-a2c4-c183d5deb59a/prints/pp2/W501951.webp
Чёрные софт-тач,Google Pixel 10,A:501954,S501954,ПП2,3277084071,8,https://s3.twcstorage.ru/35ffc2ef-1e09-463d-a2c4-c183d5deb59a/prints/pp2/W501954.webp
Чёрные софт-тач,Google Pixel 10,A:501961,S501961,ПП2,3277084307,17,https://s3.twcstorage.ru/35ffc2ef-1e09-463d-a2c4-c183d5deb59a/prints/pp2/W501961.webp
Чёрные софт-тач,Google Pixel 10 Pro,A:501943,S501943,ПП2,3277085025,15,https://s3.twcstorage.ru/35ffc2ef-1e09-463d-a2c4-c183d5deb59a/prints/pp2/S501943.webp
Силиконовые чехлы,Google Pixel 10 Pro,A:501945,C501945,ПП2,3346341871,131,https://s3.twcstorage.ru/35ffc2ef-1e09-463d-a2c4-c183d5deb59a/prints/pp2/W501945.webp
Силиконовые чехлы,Google Pixel 10 Pro,A:501990,Q501990,ПП2,3346347623,42,https://s3.twcstorage.ru/35ffc2ef-1e09-463d-a2c4-c183d5deb59a/prints/pp2/Y501990.webp
Силиконовые чехлы,Google Pixel 7,A:501947,C501947,ПП2,3346216973,16,https://s3.twcstorage.ru/35ffc2ef-1e09-463d-a2c4-c183d5deb59a/prints/pp2/W501947.webp
Силиконовые чехлы,Google Pixel 7,A:501960,W501960,ПП2,3346216732,29,https://s3.twcstorage.ru/35ffc2ef-1e09-463d-a2c4-c183d5deb59a/prints/pp2/W501960.webp
Силиконовые чехлы,Google Pixel 7,A:501963,Q501963,ПП2,3346215076,111,https://s3.twcstorage.ru/35ffc2ef-1e09-463d-a2c4-c183d5deb59a/prints/pp2/Q5019631.webp
Силиконовые чехлы,Google Pixel 7,A:501969,Q501969,ПП2,3346212127,1000000,https://s3.twcstorage.ru/35ffc2ef-1e09-463d-a2c4-c183d5deb59a/prints/pp2/W501969.webp
Силиконовые чехлы,Google Pixel 7,A:501978,Q501978,ПП2,3346216913,2,https://s3.twcstorage.ru/35ffc2ef-1e09-463d-a2c4-c183d5deb59a/prints/pp2/Q5019781.webp
Силиконовые чехлы,Google Pixel 7,A:501980,Q501980,ПП2,3346216877,4,https://s3.twcstorage.ru/35ffc2ef-1e09-463d-a2c4-c183d5deb59a/prints/pp2/Q5019801.webp
Силиконовые чехлы,Google Pixel 7,A:502030,W502030,ПП2,3346216056,26,https://s3.twcstorage.ru/35ffc2ef-1e09-463d-a2c4-c183d5deb59a/prints/pp2/W502030.webp
Силиконовые чехлы,Google Pixel 7,A:502048,W502048,ПП2,3346215351,33,https://s3.twcstorage.ru/35ffc2ef-1e09-463d-a2c4-c183d5deb59a/prints/pp2/Y502048.webp
Силиконовые чехлы,Google Pixel 7,A:502049,W502049,ПП2,3346212311,49,https://s3.twcstorage.ru/35ffc2ef-1e09-463d-a2c4-c183d5deb59a/prints/pp2/Y502049.webp
Силиконовые чехлы,Google Pixel 7,A:502065,W502065,ПП2,3346218547,22,https://s3.twcstorage.ru/35ffc2ef-1e09-463d-a2c4-c183d5deb59a/prints/pp2/W502065.webp
Матовые цветные чехлы для печати,Google Pixel 9,A:506331,W5063311,ПП2,4901742736,17,https://s3.twcstorage.ru/35ffc2ef-1e09-463d-a2c4-c183d5deb59a/prints/pp2/W5063311.webp
Матовые цветные чехлы для печати,Google Pixel 9,A:506332,W5063321,ПП2,4901480833,14,https://s3.twcstorage.ru/35ffc2ef-1e09-463d-a2c4-c183d5deb59a/prints/pp2/W5063321.webp
Матовые цветные чехлы для печати,Google Pixel 9,A:506336,W5063361,ПП2,4901743968,16,https://s3.twcstorage.ru/35ffc2ef-1e09-463d-a2c4-c183d5deb59a/prints/pp2/W5063361.webp
Матовые цветные чехлы для печати,Google Pixel 9,A:506339,W5063391,ПП2,4901745495,29,https://s3.twcstorage.ru/35ffc2ef-1e09-463d-a2c4-c183d5deb59a/prints/pp2/W5063391.webp
Матовые цветные чехлы для печати,Google Pixel 9,A:506377,W506377,ПП2,4901484454,73,https://s3.twcstorage.ru/35ffc2ef-1e09-463d-a2c4-c183d5deb59a/prints/pp2/W506377.webp
Матовые цветные чехлы для печати,Google Pixel 9,A:506378,W506378,ПП2,4901475967,93,https://s3.twcstorage.ru/35ffc2ef-1e09-463d-a2c4-c183d5deb59a/prints/pp2/W506378.webp
Матовые цветные чехлы для печати,Google Pixel 9 Pro XL,A:506350,W5063501,ПП2,4899662732,50,https://s3.twcstorage.ru/35ffc2ef-1e09-463d-a2c4-c183d5deb59a/prints/pp2/W5063501.webp
Матовые цветные чехлы для печати,Google Pixel 9 Pro XL,A:506381,W506381,ПП2,4899857835,26,https://s3.twcstorage.ru/35ffc2ef-1e09-463d-a2c4-c183d5deb59a/prints/pp2/W506381.webp
Чёрные софт-тач,Honor 200,A:501946,S501946,ПП2,3277068076,1,https://s3.twcstorage.ru/35ffc2ef-1e09-463d-a2c4-c183d5deb59a/prints/pp2/W501946.webp
Силиконовые чехлы,Honor 200,A:501980,Q501980,ПП2,3345750939,4,https://s3.twcstorage.ru/35ffc2ef-1e09-463d-a2c4-c183d5deb59a/prints/pp2/Q5019801.webp
Матовые цветные чехлы для печати,Honor 200,A:502003,W502003,ПП2,3277156699,20,https://s3.twcstorage.ru/35ffc2ef-1e09-463d-a2c4-c183d5deb59a/prints/pp2/W502003.webp
Матовые цветные чехлы для печати,Honor 200,A:502024,W502024,ПП2,3277157999,1000000,https://s3.twcstorage.ru/35ffc2ef-1e09-463d-a2c4-c183d5deb59a/prints/pp2/W502024.webp
Матовые цветные чехлы для печати,Honor 200,A:502035,W502035,ПП2,3277156697,31,https://s3.twcstorage.ru/35ffc2ef-1e09-463d-a2c4-c183d5deb59a/prints/pp2/W502035.webp
Силиконовые чехлы,Honor 200,A:506332,W506332,ПП2,4896467465,11,https://s3.twcstorage.ru/35ffc2ef-1e09-463d-a2c4-c183d5deb59a/prints/pp2/W5063321.webp
Матовые цветные чехлы для печати,Honor 200,A:506336,W5063361,ПП2,4900419152,16,https://s3.twcstorage.ru/35ffc2ef-1e09-463d-a2c4-c183d5deb59a/prints/pp2/W5063361.webp
Матовые цветные чехлы для печати,Honor 200,A:506340,W5063401,ПП2,4900217415,13,https://s3.twcstorage.ru/35ffc2ef-1e09-463d-a2c4-c183d5deb59a/prints/pp2/W5063401.webp
Силиконовые чехлы,Honor 200,A:506360,W506360,ПП2,4896430039,154,https://s3.twcstorage.ru/35ffc2ef-1e09-463d-a2c4-c183d5deb59a/prints/pp2/W5063601.webp
Матовые цветные чехлы для печати,Honor 200,A:506372,W506372,ПП2,4900223991,25,https://s3.twcstorage.ru/35ffc2ef-1e09-463d-a2c4-c183d5deb59a/prints/pp2/W506372.webp
Силиконовые чехлы,Honor 200 Lite,A:501927,W501927,ПП2,3347047735,85,https://s3.twcstorage.ru/35ffc2ef-1e09-463d-a2c4-c183d5deb59a/prints/pp2/W501927.webp
Силиконовые чехлы,Honor 200 Lite,A:501944,C501944,ПП2,3347047212,65,https://s3.twcstorage.ru/35ffc2ef-1e09-463d-a2c4-c183d5deb59a/prints/pp2/S501944.webp
Чёрные софт-тач,Honor 200 Lite,A:501950,S501950,ПП2,3277089942,3,https://s3.twcstorage.ru/35ffc2ef-1e09-463d-a2c4-c183d5deb59a/prints/pp2/W501950.webp
Чёрные софт-тач,Honor 200 Lite,A:501957,S501957,ПП2,3277090155,2,https://s3.twcstorage.ru/35ffc2ef-1e09-463d-a2c4-c183d5deb59a/prints/pp2/W501957.webp
Чёрные софт-тач,Honor 200 Pro,A:501959,S501959,ПП2,3277082955,12,https://s3.twcstorage.ru/35ffc2ef-1e09-463d-a2c4-c183d5deb59a/prints/pp2/S501959.webp
Чёрные софт-тач,Honor 400,A:501946,S501946,ПП2,3277049935,1,https://s3.twcstorage.ru/35ffc2ef-1e09-463d-a2c4-c183d5deb59a/prints/pp2/W501946.webp
Силиконовые чехлы,Honor 400,A:501947,W501947,ПП2,3289167311,16,https://s3.twcstorage.ru/35ffc2ef-1e09-463d-a2c4-c183d5deb59a/prints/pp2/W501947.webp
Чёрные софт-тач,Honor 400,A:501949,S501949,ПП2,3277049972,4,https://s3.twcstorage.ru/35ffc2ef-1e09-463d-a2c4-c183d5deb59a/prints/pp2/W501949.webp
Объемные матовые чехлы коричневые,Honor 400,A:501950,W501950,ПП2,4998238441,1000000,https://s3.twcstorage.ru/35ffc2ef-1e09-463d-a2c4-c183d5deb59a/prints/pp2/W501950.webp
Силиконовые чехлы,Honor 400,A:501955,W501955,ПП2,3289163066,35,https://s3.twcstorage.ru/35ffc2ef-1e09-463d-a2c4-c183d5deb59a/prints/pp2/W501955.webp
Силиконовые чехлы,Honor 400,A:501960,C501960,ПП2,3289161733,29,https://s3.twcstorage.ru/35ffc2ef-1e09-463d-a2c4-c183d5deb59a/prints/pp2/W501960.webp
Силиконовые чехлы,Honor 400,A:501978,Q501978,ПП2,3289162972,2,https://s3.twcstorage.ru/35ffc2ef-1e09-463d-a2c4-c183d5deb59a/prints/pp2/Q5019781.webp
Силиконовые чехлы,Honor 400,A:501980,Q501980,ПП2,3289162587,4,https://s3.twcstorage.ru/35ffc2ef-1e09-463d-a2c4-c183d5deb59a/prints/pp2/Q5019801.webp
Матовые цветные чехлы для печати,Honor 400,A:502027,W502027,ПП2,3277184633,11,https://s3.twcstorage.ru/35ffc2ef-1e09-463d-a2c4-c183d5deb59a/prints/pp2/W502027.webp
Силиконовые чехлы,Honor 400,A:502032,W502032,ПП2,3289162371,18,https://s3.twcstorage.ru/35ffc2ef-1e09-463d-a2c4-c183d5deb59a/prints/pp2/W502032.webp
Белые софт-тач,Honor 400,A:502033,W502033,ПП2,3277247029,15,https://s3.twcstorage.ru/35ffc2ef-1e09-463d-a2c4-c183d5deb59a/prints/pp2/W502033.webp
Силиконовые чехлы,Honor 400,A:502047,W502047,ПП2,3289162177,36,https://s3.twcstorage.ru/35ffc2ef-1e09-463d-a2c4-c183d5deb59a/prints/pp2/W502047.webp
Силиконовые чехлы,Honor 400,A:502048,W502048,ПП2,3289160700,33,https://s3.twcstorage.ru/35ffc2ef-1e09-463d-a2c4-c183d5deb59a/prints/pp2/Y502048.webp
Белые софт-тач,Honor 400,A:502052,W502052,ПП2,3277247069,2,https://s3.twcstorage.ru/35ffc2ef-1e09-463d-a2c4-c183d5deb59a/prints/pp2/W502052.webp
Белые софт-тач,Honor 400,A:502053,W502053,ПП2,3277247093,1,https://s3.twcstorage.ru/35ffc2ef-1e09-463d-a2c4-c183d5deb59a/prints/pp2/W502053.webp
Белые софт-тач,Honor 400,A:502056,W502056,ПП2,3277247111,55,https://s3.twcstorage.ru/35ffc2ef-1e09-463d-a2c4-c183d5deb59a/prints/pp2/W502056.webp
Матовые цветные чехлы для печати,Honor 400,A:502057,W502057,ПП2,3277183333,54,https://s3.twcstorage.ru/35ffc2ef-1e09-463d-a2c4-c183d5deb59a/prints/pp2/W502057.webp
Белые софт-тач,Honor 400,A:502059,W502059,ПП2,3277246915,1000000,https://s3.twcstorage.ru/35ffc2ef-1e09-463d-a2c4-c183d5deb59a/prints/pp2/W502059.webp
Матовые цветные чехлы для печати,Honor 400,A:502062,W502062,ПП2,3277183061,48,https://s3.twcstorage.ru/35ffc2ef-1e09-463d-a2c4-c183d5deb59a/prints/pp2/W502062.webp
Белые софт-тач,Honor 400,A:502065,W502065,ПП2,3277247084,25,https://s3.twcstorage.ru/35ffc2ef-1e09-463d-a2c4-c183d5deb59a/prints/pp2/W502065.webp
Силиконовые чехлы,Honor 400,A:506329,W506329,ПП2,4895852670,43,https://s3.twcstorage.ru/35ffc2ef-1e09-463d-a2c4-c183d5deb59a/prints/pp2/W5063291.webp
Белые софт-тач,Honor 400,A:506332,W506332,ПП2,4897325984,56,https://s3.twcstorage.ru/35ffc2ef-1e09-463d-a2c4-c183d5deb59a/prints/pp2/W5063321.webp
Белые софт-тач,Honor 400,A:506336,W506336,ПП2,4897459218,12,https://s3.twcstorage.ru/35ffc2ef-1e09-463d-a2c4-c183d5deb59a/prints/pp2/W5063361.webp
Белые софт-тач,Honor 400,A:506374,W506374,ПП2,4897325184,5,https://s3.twcstorage.ru/35ffc2ef-1e09-463d-a2c4-c183d5deb59a/prints/pp2/W506374.webp
Силиконовые чехлы,Honor 400 Lite,A:501939,W501939,ПП2,3289187062,105,https://s3.twcstorage.ru/35ffc2ef-1e09-463d-a2c4-c183d5deb59a/prints/pp2/W501939.webp
Матовые цветные чехлы для печати,Honor 400 Lite,A:501947,W501947,ПП2,3277187406,5,https://s3.twcstorage.ru/35ffc2ef-1e09-463d-a2c4-c183d5deb59a/prints/pp2/W501947.webp
Объемные матовые чехлы коричневые,Honor 400 Lite,A:501957,W501957,ПП2,4998360633,9,https://s3.twcstorage.ru/35ffc2ef-1e09-463d-a2c4-c183d5deb59a/prints/pp2/W501957.webp
Чёрные софт-тач,Honor 400 Lite,A:501960,S501960,ПП2,3277049765,11,https://s3.twcstorage.ru/35ffc2ef-1e09-463d-a2c4-c183d5deb59a/prints/pp2/W501960.webp
Белые софт-тач,Honor 400 Lite,A:501961,W501961,ПП2,3277242144,26,https://s3.twcstorage.ru/35ffc2ef-1e09-463d-a2c4-c183d5deb59a/prints/pp2/W501961.webp
Силиконовые чехлы,Honor 400 Lite,A:501968,W501968,ПП2,3289180058,91,https://s3.twcstorage.ru/35ffc2ef-1e09-463d-a2c4-c183d5deb59a/prints/pp2/W501968.webp
Силиконовые чехлы,Honor 400 Lite,A:501971,Q501971,ПП2,3289178820,137,https://s3.twcstorage.ru/35ffc2ef-1e09-463d-a2c4-c183d5deb59a/prints/pp2/Q501971.webp
Силиконовые чехлы,Honor 400 Lite,A:501976,Q501976,ПП2,3289182949,75,https://s3.twcstorage.ru/35ffc2ef-1e09-463d-a2c4-c183d5deb59a/prints/pp2/Q501976.webp
Силиконовые чехлы,Honor 400 Lite,A:501978,Q501978,ПП2,3289183258,2,https://s3.twcstorage.ru/35ffc2ef-1e09-463d-a2c4-c183d5deb59a/prints/pp2/Q5019781.webp
Силиконовые чехлы,Honor 400 Lite,A:501979,Q501979,ПП2,3289180216,32,https://s3.twcstorage.ru/35ffc2ef-1e09-463d-a2c4-c183d5deb59a/prints/pp2/Q5019791.webp
Стеклянные чехлы,Honor 400 Lite,A:501980,Q5019801,ПП2,3277025032,1,https://s3.twcstorage.ru/35ffc2ef-1e09-463d-a2c4-c183d5deb59a/prints/pp2/Q5019801.webp
Силиконовые чехлы,Honor 400 Lite,A:501990,Q501990,ПП2,3289180160,42,https://s3.twcstorage.ru/35ffc2ef-1e09-463d-a2c4-c183d5deb59a/prints/pp2/Y501990.webp
Белые софт-тач,Honor 400 Lite,A:502001,W502001,ПП2,3277242563,1000000,https://s3.twcstorage.ru/35ffc2ef-1e09-463d-a2c4-c183d5deb59a/prints/pp2/W502001.webp
Силиконовые чехлы,Honor 400 Lite,A:502008,W502008,ПП2,3289182892,6,https://s3.twcstorage.ru/35ffc2ef-1e09-463d-a2c4-c183d5deb59a/prints/pp2/W502008.webp
Силиконовые чехлы,Honor 400 Lite,A:502014,W502014,ПП2,3289182142,1,https://s3.twcstorage.ru/35ffc2ef-1e09-463d-a2c4-c183d5deb59a/prints/pp2/W502014.webp
Белые софт-тач,Honor 400 Lite,A:502030,W502030,ПП2,3277242112,23,https://s3.twcstorage.ru/35ffc2ef-1e09-463d-a2c4-c183d5deb59a/prints/pp2/W502030.webp
Белые софт-тач,Honor 400 Lite,A:502047,W502047,ПП2,3277242062,22,https://s3.twcstorage.ru/35ffc2ef-1e09-463d-a2c4-c183d5deb59a/prints/pp2/W502047.webp
Силиконовые чехлы,Honor 400 Lite,A:502048,W502048,ПП2,3289179954,33,https://s3.twcstorage.ru/35ffc2ef-1e09-463d-a2c4-c183d5deb59a/prints/pp2/Y502048.webp
Силиконовые чехлы,Honor 400 Lite,A:502049,W502049,ПП2,3289179962,49,https://s3.twcstorage.ru/35ffc2ef-1e09-463d-a2c4-c183d5deb59a/prints/pp2/Y502049.webp
Белые софт-тач,Honor 400 Lite,A:502052,W502052,ПП2,3277242188,2,https://s3.twcstorage.ru/35ffc2ef-1e09-463d-a2c4-c183d5deb59a/prints/pp2/W502052.webp
Белые софт-тач,Honor 400 Lite,A:502053,W502053,ПП2,3277242353,1,https://s3.twcstorage.ru/35ffc2ef-1e09-463d-a2c4-c183d5deb59a/prints/pp2/W502053.webp
Белые софт-тач,Honor 400 Lite,A:502059,W502059,ПП2,3277242209,1000000,https://s3.twcstorage.ru/35ffc2ef-1e09-463d-a2c4-c183d5deb59a/prints/pp2/W502059.webp
Силиконовые чехлы,Honor 400 Lite,A:502065,W502065,ПП2,3289180667,22,https://s3.twcstorage.ru/35ffc2ef-1e09-463d-a2c4-c183d5deb59a/prints/pp2/W502065.webp
Объемные матовые чехлы бордовые,Honor 400 Lite,A:506332,W5063321,ПП2,4998307842,1000000,https://s3.twcstorage.ru/35ffc2ef-1e09-463d-a2c4-c183d5deb59a/prints/pp2/W5063321.webp
Силиконовые чехлы,Honor 400 Lite,A:506348,W506348,ПП2,4895969678,99,https://s3.twcstorage.ru/35ffc2ef-1e09-463d-a2c4-c183d5deb59a/prints/pp2/W506348.webp
Силиконовые чехлы,Honor 400 Lite,A:506373,W506373,ПП2,4895967586,37,https://s3.twcstorage.ru/35ffc2ef-1e09-463d-a2c4-c183d5deb59a/prints/pp2/W506373.webp
Стеклянные чехлы,Honor 400 Lite,A:506384,Q5063841,ПП2,4896590350,4,https://s3.twcstorage.ru/35ffc2ef-1e09-463d-a2c4-c183d5deb59a/prints/pp2/Q5063841.webp
Чёрные софт-тач,Honor 400 Pro,A:501949,S501949,ПП2,3277069542,4,https://s3.twcstorage.ru/35ffc2ef-1e09-463d-a2c4-c183d5deb59a/prints/pp2/W501949.webp
Силиконовые чехлы,Honor 400 Pro,A:501978,Q501978,ПП2,3345888768,2,https://s3.twcstorage.ru/35ffc2ef-1e09-463d-a2c4-c183d5deb59a/prints/pp2/Q5019781.webp
Силиконовые чехлы,Honor 400 Pro,A:501980,Q501980,ПП2,3345886697,4,https://s3.twcstorage.ru/35ffc2ef-1e09-463d-a2c4-c183d5deb59a/prints/pp2/Q5019801.webp
Силиконовые чехлы,Honor 400 Pro,A:501986,Q501986,ПП2,3345888171,141,https://s3.twcstorage.ru/35ffc2ef-1e09-463d-a2c4-c183d5deb59a/prints/pp2/Y501986.webp
Силиконовые чехлы,Honor 400 Pro,A:501990,Q501990,ПП2,3345888423,42,https://s3.twcstorage.ru/35ffc2ef-1e09-463d-a2c4-c183d5deb59a/prints/pp2/Y501990.webp
Белые софт-тач,Honor 400 Pro,A:502007,W502007,ПП2,3277262149,21,https://s3.twcstorage.ru/35ffc2ef-1e09-463d-a2c4-c183d5deb59a/prints/pp2/W502007.webp
Силиконовые чехлы,Honor 400 Pro,A:502010,W502010,ПП2,3345888147,3,https://s3.twcstorage.ru/35ffc2ef-1e09-463d-a2c4-c183d5deb59a/prints/pp2/W502010.webp
Силиконовые чехлы,Honor 400 Pro,A:502015,W502015,ПП2,3345888558,1000000,https://s3.twcstorage.ru/35ffc2ef-1e09-463d-a2c4-c183d5deb59a/prints/pp2/W502015.webp
Силиконовые чехлы,Honor 400 Pro,A:502026,W502026,ПП2,3345888215,52,https://s3.twcstorage.ru/35ffc2ef-1e09-463d-a2c4-c183d5deb59a/prints/pp2/W502026.webp
Белые софт-тач,Honor 400 Pro,A:502039,W502039,ПП2,3277262076,1000000,https://s3.twcstorage.ru/35ffc2ef-1e09-463d-a2c4-c183d5deb59a/prints/pp2/W502039.webp
Объемные матовые чехлы коричневые,Honor 400 Pro,A:502052,W502052,ПП2,4998308586,13,https://s3.twcstorage.ru/35ffc2ef-1e09-463d-a2c4-c183d5deb59a/prints/pp2/W502052.webp
Белые софт-тач,Honor 400 Pro,A:502053,W502053,ПП2,3277262025,1,https://s3.twcstorage.ru/35ffc2ef-1e09-463d-a2c4-c183d5deb59a/prints/pp2/W502053.webp
Матовые цветные чехлы для печати,Honor 400 Pro,A:506334,W5063341,ПП2,4899813154,24,https://s3.twcstorage.ru/35ffc2ef-1e09-463d-a2c4-c183d5deb59a/prints/pp2/W5063341.webp
Объемные матовые чехлы черные,Honor 400 Pro,A:506340,W5063401,ПП2,4998358261,2,https://s3.twcstorage.ru/35ffc2ef-1e09-463d-a2c4-c183d5deb59a/prints/pp2/W5063401.webp
Белые софт-тач,Honor 400 Pro,A:506372,W506372,ПП2,4899244821,66,https://s3.twcstorage.ru/35ffc2ef-1e09-463d-a2c4-c183d5deb59a/prints/pp2/W506372.webp
Силиконовые чехлы,Honor 400 Pro,A:506383,Q506383,ПП2,4895591149,59,https://s3.twcstorage.ru/35ffc2ef-1e09-463d-a2c4-c183d5deb59a/prints/pp2/Q5063831.webp
Силиконовые чехлы,Honor 600 Lite,A:501950,W501950,ПП2,5023860511,46,https://s3.twcstorage.ru/35ffc2ef-1e09-463d-a2c4-c183d5deb59a/prints/pp2/W501950.webp
Силиконовые чехлы,Honor 600 Pro,A:501980,Q501980,ПП2,5024649418,4,https://s3.twcstorage.ru/35ffc2ef-1e09-463d-a2c4-c183d5deb59a/prints/pp2/Q5019801.webp
Силиконовые чехлы,Honor 600 Pro,A:502006,W502006,ПП2,5024651880,40,https://s3.twcstorage.ru/35ffc2ef-1e09-463d-a2c4-c183d5deb59a/prints/pp2/W502006.webp
Силиконовые чехлы,Honor 600 Pro,A:502009,W502009,ПП2,5024759141,5,https://s3.twcstorage.ru/35ffc2ef-1e09-463d-a2c4-c183d5deb59a/prints/pp2/W502009.webp
Чёрные софт-тач,Honor 90,A:501946,S501946,ПП2,3277089903,1,https://s3.twcstorage.ru/35ffc2ef-1e09-463d-a2c4-c183d5deb59a/prints/pp2/W501946.webp
Чёрные софт-тач,Honor 90,A:501949,S501949,ПП2,3277089865,4,https://s3.twcstorage.ru/35ffc2ef-1e09-463d-a2c4-c183d5deb59a/prints/pp2/W501949.webp
Силиконовые чехлы,Honor 90,A:501964,Q501964,ПП2,3280791588,135,https://s3.twcstorage.ru/35ffc2ef-1e09-463d-a2c4-c183d5deb59a/prints/pp2/Q5019641.webp
Силиконовые чехлы,Honor 90,A:501972,Q501972,ПП2,3280791580,112,https://s3.twcstorage.ru/35ffc2ef-1e09-463d-a2c4-c183d5deb59a/prints/pp2/Q501972.webp
Стеклянные чехлы,Honor 90,A:501980,Q5019801,ПП2,3277045597,1,https://s3.twcstorage.ru/35ffc2ef-1e09-463d-a2c4-c183d5deb59a/prints/pp2/Q5019801.webp
Силиконовые чехлы,Honor 90,A:501993,Q501993,ПП2,3280791161,21,https://s3.twcstorage.ru/35ffc2ef-1e09-463d-a2c4-c183d5deb59a/prints/pp2/Q5019931.webp
Силиконовые чехлы,Honor 90,A:502007,W502007,ПП2,3280791517,25,https://s3.twcstorage.ru/35ffc2ef-1e09-463d-a2c4-c183d5deb59a/prints/pp2/W502007.webp
Силиконовые чехлы,Honor 90,A:502009,W502009,ПП2,3280792236,5,https://s3.twcstorage.ru/35ffc2ef-1e09-463d-a2c4-c183d5deb59a/prints/pp2/W502009.webp
Силиконовые чехлы,Honor 90,A:502014,W502014,ПП2,3280791910,1,https://s3.twcstorage.ru/35ffc2ef-1e09-463d-a2c4-c183d5deb59a/prints/pp2/W502014.webp
Матовые цветные чехлы для печати,Honor 90,A:506329,W5063291,ПП2,4899092618,38,https://s3.twcstorage.ru/35ffc2ef-1e09-463d-a2c4-c183d5deb59a/prints/pp2/W5063291.webp
Силиконовые чехлы,Honor 90,A:506331,W506331,ПП2,4895707200,19,https://s3.twcstorage.ru/35ffc2ef-1e09-463d-a2c4-c183d5deb59a/prints/pp2/W5063311.webp
Силиконовые чехлы,Honor 90,A:506332,W506332,ПП2,4895708017,11,https://s3.twcstorage.ru/35ffc2ef-1e09-463d-a2c4-c183d5deb59a/prints/pp2/W5063321.webp
Матовые цветные чехлы для печати,Honor 90,A:506336,W5063361,ПП2,4899094244,16,https://s3.twcstorage.ru/35ffc2ef-1e09-463d-a2c4-c183d5deb59a/prints/pp2/W5063361.webp
Матовые цветные чехлы для печати,Honor 90,A:506340,W5063401,ПП2,4899091892,13,https://s3.twcstorage.ru/35ffc2ef-1e09-463d-a2c4-c183d5deb59a/prints/pp2/W5063401.webp
Силиконовые чехлы,Honor 90,A:506355,W506355,ПП2,4895707565,1000000,https://s3.twcstorage.ru/35ffc2ef-1e09-463d-a2c4-c183d5deb59a/prints/pp2/W5063551.webp
Матовые цветные чехлы для печати,Honor 90,A:506372,W506372,ПП2,4899097120,25,https://s3.twcstorage.ru/35ffc2ef-1e09-463d-a2c4-c183d5deb59a/prints/pp2/W506372.webp
Силиконовые чехлы,Honor 90,A:506384,Q506384,ПП2,4895707848,84,https://s3.twcstorage.ru/35ffc2ef-1e09-463d-a2c4-c183d5deb59a/prints/pp2/Q5063841.webp
Силиконовые чехлы,Honor 90 Lite,A:501951,C501951,ПП2,3346194084,7,https://s3.twcstorage.ru/35ffc2ef-1e09-463d-a2c4-c183d5deb59a/prints/pp2/W501951.webp
Силиконовые чехлы,Honor 90 Lite,A:502009,W502009,ПП2,3346192918,5,https://s3.twcstorage.ru/35ffc2ef-1e09-463d-a2c4-c183d5deb59a/prints/pp2/W502009.webp
Матовые цветные чехлы для печати,Honor 90 Lite,A:506349,W506349,ПП2,4897375099,69,https://s3.twcstorage.ru/35ffc2ef-1e09-463d-a2c4-c183d5deb59a/prints/pp2/W506349.webp
Силиконовые чехлы,Honor 90 Lite,A:506350,W506350,ПП2,4896099793,72,https://s3.twcstorage.ru/35ffc2ef-1e09-463d-a2c4-c183d5deb59a/prints/pp2/W5063501.webp
Силиконовые чехлы,Honor 90 Lite,A:506373,W506373,ПП2,4896098941,37,https://s3.twcstorage.ru/35ffc2ef-1e09-463d-a2c4-c183d5deb59a/prints/pp2/W506373.webp
Силиконовые чехлы,Honor 90 Lite,A:506380,W506380,ПП2,4896098886,83,https://s3.twcstorage.ru/35ffc2ef-1e09-463d-a2c4-c183d5deb59a/prints/pp2/W506380.webp
Стеклянные чехлы,Honor Magic 7 Pro,A:501977,Q5019771,ПП2,3277034331,1000000,https://s3.twcstorage.ru/35ffc2ef-1e09-463d-a2c4-c183d5deb59a/prints/pp2/Q5019771.webp
Стеклянные чехлы,Honor Magic 7 Pro,A:501978,Q5019781,ПП2,3277034835,2,https://s3.twcstorage.ru/35ffc2ef-1e09-463d-a2c4-c183d5deb59a/prints/pp2/Q5019781.webp
Стеклянные чехлы,Honor Magic 7 Pro,A:501980,Q5019801,ПП2,3277034069,1,https://s3.twcstorage.ru/35ffc2ef-1e09-463d-a2c4-c183d5deb59a/prints/pp2/Q5019801.webp
Силиконовые чехлы,Honor X5c/X5c Plus/X5d/X5d Plus,A:501980,Q501980,ПП2,3857109254,4,https://s3.twcstorage.ru/35ffc2ef-1e09-463d-a2c4-c183d5deb59a/prints/pp2/Q5019801.webp
Силиконовые чехлы,Honor X5c/X5c Plus/X5d/X5d Plus,A:502031,W502031,ПП2,3857111552,27,https://s3.twcstorage.ru/35ffc2ef-1e09-463d-a2c4-c183d5deb59a/prints/pp2/W502031.webp
Силиконовые чехлы,Honor X5c/X5c Plus/X5d/X5d Plus,A:502037,W502037,ПП2,3857110137,8,https://s3.twcstorage.ru/35ffc2ef-1e09-463d-a2c4-c183d5deb59a/prints/pp2/W502037.webp
Матовые цветные чехлы для печати,Honor X6c,A:501937,W501937,ПП2,3277203016,78,https://s3.twcstorage.ru/35ffc2ef-1e09-463d-a2c4-c183d5deb59a/prints/pp2/W501937.webp
Матовые цветные чехлы для печати,Honor X6c,A:501938,W501938,ПП2,3277201527,51,https://s3.twcstorage.ru/35ffc2ef-1e09-463d-a2c4-c183d5deb59a/prints/pp2/W501938.webp
Силиконовые чехлы,Honor X6c,A:501941,C501941,ПП2,3295403921,107,https://s3.twcstorage.ru/35ffc2ef-1e09-463d-a2c4-c183d5deb59a/prints/pp2/S501941.webp
Силиконовые чехлы,Honor X6c,A:501947,W501947,ПП2,3295406208,16,https://s3.twcstorage.ru/35ffc2ef-1e09-463d-a2c4-c183d5deb59a/prints/pp2/W501947.webp
Объемные матовые чехлы молочные,Honor X6c,A:501951,W501951,ПП2,4989236632,1000000,https://s3.twcstorage.ru/35ffc2ef-1e09-463d-a2c4-c183d5deb59a/prints/pp2/W501951.webp
Матовые цветные чехлы для печати,Honor X6c,A:501956,W501956,ПП2,3277202215,1000000,https://s3.twcstorage.ru/35ffc2ef-1e09-463d-a2c4-c183d5deb59a/prints/pp2/W501956.webp
Матовые цветные чехлы для печати,Honor X6c,A:501957,W501957,ПП2,3277202173,7,https://s3.twcstorage.ru/35ffc2ef-1e09-463d-a2c4-c183d5deb59a/prints/pp2/W501957.webp
Силиконовые чехлы,Honor X6c,A:501960,W501960,ПП2,3295407716,29,https://s3.twcstorage.ru/35ffc2ef-1e09-463d-a2c4-c183d5deb59a/prints/pp2/W501960.webp
Силиконовые чехлы,Honor X6c,A:501961,W501961,ПП2,3295408212,20,https://s3.twcstorage.ru/35ffc2ef-1e09-463d-a2c4-c183d5deb59a/prints/pp2/W501961.webp
Силиконовые чехлы,Honor X6c,A:501978,Q501978,ПП2,3295404165,2,https://s3.twcstorage.ru/35ffc2ef-1e09-463d-a2c4-c183d5deb59a/prints/pp2/Q5019781.webp
Силиконовые чехлы,Honor X6c,A:501984,Q501984,ПП2,3295407783,140,https://s3.twcstorage.ru/35ffc2ef-1e09-463d-a2c4-c183d5deb59a/prints/pp2/Y501984.webp
Матовые цветные чехлы для печати,Honor X6c,A:502004,W502004,ПП2,3277202166,1000000,https://s3.twcstorage.ru/35ffc2ef-1e09-463d-a2c4-c183d5deb59a/prints/pp2/W502004.webp
Силиконовые чехлы,Honor X6c,A:502008,W502008,ПП2,3295403899,6,https://s3.twcstorage.ru/35ffc2ef-1e09-463d-a2c4-c183d5deb59a/prints/pp2/W502008.webp
Силиконовые чехлы,Honor X6c,A:502010,W502010,ПП2,3295404964,3,https://s3.twcstorage.ru/35ffc2ef-1e09-463d-a2c4-c183d5deb59a/prints/pp2/W502010.webp
Матовые цветные чехлы для печати,Honor X6c,A:502012,W502012,ПП2,3277202759,1,https://s3.twcstorage.ru/35ffc2ef-1e09-463d-a2c4-c183d5deb59a/prints/pp2/W502012.webp
Силиконовые чехлы,Honor X6c,A:502014,W502014,ПП2,3295404472,1,https://s3.twcstorage.ru/35ffc2ef-1e09-463d-a2c4-c183d5deb59a/prints/pp2/W502014.webp
Матовые цветные чехлы для печати,Honor X6c,A:502020,W502020,ПП2,3277201223,81,https://s3.twcstorage.ru/35ffc2ef-1e09-463d-a2c4-c183d5deb59a/prints/pp2/W502020.webp
Объемные матовые чехлы коричневые,Honor X6c,A:502025,W502025,ПП2,4998366861,4,https://s3.twcstorage.ru/35ffc2ef-1e09-463d-a2c4-c183d5deb59a/prints/pp2/W502025.webp
Матовые цветные чехлы для печати,Honor X6c,A:502035,W502035,ПП2,3277202177,31,https://s3.twcstorage.ru/35ffc2ef-1e09-463d-a2c4-c183d5deb59a/prints/pp2/W502035.webp
Матовые цветные чехлы для печати,Honor X6c,A:502050,W502050,ПП2,3277201161,46,https://s3.twcstorage.ru/35ffc2ef-1e09-463d-a2c4-c183d5deb59a/prints/pp2/Y502050.webp
Силиконовые чехлы,Honor X6c,A:502055,W502055,ПП2,3295404128,96,https://s3.twcstorage.ru/35ffc2ef-1e09-463d-a2c4-c183d5deb59a/prints/pp2/W502055.webp
Матовые цветные чехлы для печати,Honor X6c,A:502057,W502057,ПП2,3277201064,54,https://s3.twcstorage.ru/35ffc2ef-1e09-463d-a2c4-c183d5deb59a/prints/pp2/W502057.webp
Силиконовые чехлы,Honor X6c,A:502060,W502060,ПП2,3295403246,1000000,https://s3.twcstorage.ru/35ffc2ef-1e09-463d-a2c4-c183d5deb59a/prints/pp2/W502060.webp
Силиконовые чехлы,Honor X6c,A:502067,W502067,ПП2,3295405203,28,https://s3.twcstorage.ru/35ffc2ef-1e09-463d-a2c4-c183d5deb59a/prints/pp2/W5020671.webp
Объемные матовые чехлы коричневые,Honor X7c,A:501949,W501949,ПП2,4998309423,1000000,https://s3.twcstorage.ru/35ffc2ef-1e09-463d-a2c4-c183d5deb59a/prints/pp2/W501949.webp
Силиконовые чехлы,Honor X7c,A:501962,W501962,ПП2,3295427453,31,https://s3.twcstorage.ru/35ffc2ef-1e09-463d-a2c4-c183d5deb59a/prints/pp2/W501962.webp
Силиконовые чехлы,Honor X7c,A:501978,Q501978,ПП2,3295426466,2,https://s3.twcstorage.ru/35ffc2ef-1e09-463d-a2c4-c183d5deb59a/prints/pp2/Q5019781.webp
Силиконовые чехлы,Honor X7c,A:501980,Q501980,ПП2,3295426696,4,https://s3.twcstorage.ru/35ffc2ef-1e09-463d-a2c4-c183d5deb59a/prints/pp2/Q5019801.webp
Матовые цветные чехлы для печати,Honor X7c,A:502005,W502005,ПП2,3280207298,61,https://s3.twcstorage.ru/35ffc2ef-1e09-463d-a2c4-c183d5deb59a/prints/pp2/W502005.webp
Силиконовые чехлы,Honor X7c,A:502010,W502010,ПП2,3295426388,3,https://s3.twcstorage.ru/35ffc2ef-1e09-463d-a2c4-c183d5deb59a/prints/pp2/W502010.webp
Матовые цветные чехлы для печати,Honor X7c,A:502014,W502014,ПП2,3277206058,3,https://s3.twcstorage.ru/35ffc2ef-1e09-463d-a2c4-c183d5deb59a/prints/pp2/W502014.webp
Матовые цветные чехлы для печати,Honor X7c,A:502016,W502016,ПП2,3280206973,23,https://s3.twcstorage.ru/35ffc2ef-1e09-463d-a2c4-c183d5deb59a/prints/pp2/W502016.webp
Силиконовые чехлы,Honor X7c,A:502032,W502032,ПП2,3295428186,18,https://s3.twcstorage.ru/35ffc2ef-1e09-463d-a2c4-c183d5deb59a/prints/pp2/W502032.webp
Белые софт-тач,Honor X7c,A:502034,W502034,ПП2,3280886257,1000000,https://s3.twcstorage.ru/35ffc2ef-1e09-463d-a2c4-c183d5deb59a/prints/pp2/W502034.webp
Белые софт-тач,Honor X7c,A:502052,W502052,ПП2,3280886394,2,https://s3.twcstorage.ru/35ffc2ef-1e09-463d-a2c4-c183d5deb59a/prints/pp2/W502052.webp
Белые софт-тач,Honor X7c,A:502053,W502053,ПП2,3280886218,1,https://s3.twcstorage.ru/35ffc2ef-1e09-463d-a2c4-c183d5deb59a/prints/pp2/W502053.webp
Белые софт-тач,Honor X7c,A:502061,W502061,ПП2,3280888343,1000000,https://s3.twcstorage.ru/35ffc2ef-1e09-463d-a2c4-c183d5deb59a/prints/pp2/Y502061.webp
Силиконовые чехлы,Honor X7c,A:502065,W502065,ПП2,3295426702,22,https://s3.twcstorage.ru/35ffc2ef-1e09-463d-a2c4-c183d5deb59a/prints/pp2/W502065.webp
Силиконовые чехлы,Honor X7c,A:502067,W502067,ПП2,3295426455,28,https://s3.twcstorage.ru/35ffc2ef-1e09-463d-a2c4-c183d5deb59a/prints/pp2/W5020671.webp
Матовые цветные чехлы для печати,Honor X7c,A:502069,W502069,ПП2,3280207058,37,https://s3.twcstorage.ru/35ffc2ef-1e09-463d-a2c4-c183d5deb59a/prints/pp2/W502069.webp
Белые софт-тач,Honor X7c,A:506337,W506337,ПП2,4896916570,16,https://s3.twcstorage.ru/35ffc2ef-1e09-463d-a2c4-c183d5deb59a/prints/pp2/W5063371.webp
Силиконовые чехлы,Honor X7d,A:501939,C501939,ПП2,3345837217,105,https://s3.twcstorage.ru/35ffc2ef-1e09-463d-a2c4-c183d5deb59a/prints/pp2/W501939.webp
Силиконовые чехлы,Honor X7d,A:501947,C501947,ПП2,3345839016,16,https://s3.twcstorage.ru/35ffc2ef-1e09-463d-a2c4-c183d5deb59a/prints/pp2/W501947.webp
Силиконовые чехлы,Honor X7d,A:501951,W501951,ПП2,3345837223,7,https://s3.twcstorage.ru/35ffc2ef-1e09-463d-a2c4-c183d5deb59a/prints/pp2/W501951.webp
Матовые цветные чехлы для печати,Honor X7d,A:501957,W501957,ПП2,3277163190,7,https://s3.twcstorage.ru/35ffc2ef-1e09-463d-a2c4-c183d5deb59a/prints/pp2/W501957.webp
Силиконовые чехлы,Honor X7d,A:501960,C501960,ПП2,3345832615,29,https://s3.twcstorage.ru/35ffc2ef-1e09-463d-a2c4-c183d5deb59a/prints/pp2/W501960.webp
Силиконовые чехлы,Honor X7d,A:501977,Q501977,ПП2,3345838676,1000000,https://s3.twcstorage.ru/35ffc2ef-1e09-463d-a2c4-c183d5deb59a/prints/pp2/Q5019771.webp
Стеклянные чехлы,Honor X7d,A:501980,Q5019801,ПП2,3277029874,1,https://s3.twcstorage.ru/35ffc2ef-1e09-463d-a2c4-c183d5deb59a/prints/pp2/Q5019801.webp
Матовые цветные чехлы для печати,Honor X7d,A:502004,W502004,ПП2,3277163135,1000000,https://s3.twcstorage.ru/35ffc2ef-1e09-463d-a2c4-c183d5deb59a/prints/pp2/W502004.webp
Силиконовые чехлы,Honor X7d,A:502007,W502007,ПП2,3345838649,25,https://s3.twcstorage.ru/35ffc2ef-1e09-463d-a2c4-c183d5deb59a/prints/pp2/W502007.webp
Матовые цветные чехлы для печати,Honor X7d,A:502010,W502010,ПП2,3277163086,6,https://s3.twcstorage.ru/35ffc2ef-1e09-463d-a2c4-c183d5deb59a/prints/pp2/W502010.webp
Силиконовые чехлы,Honor X7d,A:502014,W502014,ПП2,3345831974,1,https://s3.twcstorage.ru/35ffc2ef-1e09-463d-a2c4-c183d5deb59a/prints/pp2/W502014.webp
Силиконовые чехлы,Honor X7d,A:506340,W506340,ПП2,4895266336,15,https://s3.twcstorage.ru/35ffc2ef-1e09-463d-a2c4-c183d5deb59a/prints/pp2/W5063401.webp
Матовые цветные чехлы для печати,Honor X7d,A:506381,W506381,ПП2,4901977908,26,https://s3.twcstorage.ru/35ffc2ef-1e09-463d-a2c4-c183d5deb59a/prints/pp2/W506381.webp
Силиконовые чехлы,Honor X8,A:501954,C501954,ПП2,3280895619,1000000,https://s3.twcstorage.ru/35ffc2ef-1e09-463d-a2c4-c183d5deb59a/prints/pp2/W501954.webp
Силиконовые чехлы,Honor X8,A:501970,Q501970,ПП2,3280898920,1000000,https://s3.twcstorage.ru/35ffc2ef-1e09-463d-a2c4-c183d5deb59a/prints/pp2/W501970.webp
Силиконовые чехлы,Honor X8,A:501972,Q501972,ПП2,3280895875,112,https://s3.twcstorage.ru/35ffc2ef-1e09-463d-a2c4-c183d5deb59a/prints/pp2/Q501972.webp
Силиконовые чехлы,Honor X8,A:501978,Q501978,ПП2,3280894262,2,https://s3.twcstorage.ru/35ffc2ef-1e09-463d-a2c4-c183d5deb59a/prints/pp2/Q5019781.webp
Силиконовые чехлы,Honor X8,A:501979,Q501979,ПП2,3280899174,32,https://s3.twcstorage.ru/35ffc2ef-1e09-463d-a2c4-c183d5deb59a/prints/pp2/Q5019791.webp
Силиконовые чехлы,Honor X8,A:502014,W502014,ПП2,3280893817,1,https://s3.twcstorage.ru/35ffc2ef-1e09-463d-a2c4-c183d5deb59a/prints/pp2/W502014.webp
Силиконовые чехлы,Honor X8,A:502037,W502037,ПП2,3280895683,8,https://s3.twcstorage.ru/35ffc2ef-1e09-463d-a2c4-c183d5deb59a/prints/pp2/W502037.webp
Чёрные софт-тач,Honor X8A,A:501932,S501932,ПП2,3277078758,1000000,https://s3.twcstorage.ru/35ffc2ef-1e09-463d-a2c4-c183d5deb59a/prints/pp2/W501932.webp
Чёрные софт-тач,Honor X8A,A:501943,S501943,ПП2,3277078205,15,https://s3.twcstorage.ru/35ffc2ef-1e09-463d-a2c4-c183d5deb59a/prints/pp2/S501943.webp
Чёрные софт-тач,Honor X8A,A:501947,S501947,ПП2,3277078413,7,https://s3.twcstorage.ru/35ffc2ef-1e09-463d-a2c4-c183d5deb59a/prints/pp2/W501947.webp
Чёрные софт-тач,Honor X8A,A:501950,S501950,ПП2,3277078702,3,https://s3.twcstorage.ru/35ffc2ef-1e09-463d-a2c4-c183d5deb59a/prints/pp2/W501950.webp
Силиконовые чехлы,Honor X8A,A:501951,W501951,ПП2,3346054054,7,https://s3.twcstorage.ru/35ffc2ef-1e09-463d-a2c4-c183d5deb59a/prints/pp2/W501951.webp
Чёрные софт-тач,Honor X8A,A:501957,S501957,ПП2,3277078388,2,https://s3.twcstorage.ru/35ffc2ef-1e09-463d-a2c4-c183d5deb59a/prints/pp2/W501957.webp
Силиконовые чехлы,Honor X8A,A:501972,Q501972,ПП2,3346054744,112,https://s3.twcstorage.ru/35ffc2ef-1e09-463d-a2c4-c183d5deb59a/prints/pp2/Q501972.webp
Силиконовые чехлы,Honor X8A,A:501980,Q501980,ПП2,3346054935,4,https://s3.twcstorage.ru/35ffc2ef-1e09-463d-a2c4-c183d5deb59a/prints/pp2/Q5019801.webp
Силиконовые чехлы,Honor X8A,A:502008,W502008,ПП2,3346054832,6,https://s3.twcstorage.ru/35ffc2ef-1e09-463d-a2c4-c183d5deb59a/prints/pp2/W502008.webp
Силиконовые чехлы,Honor X8A,A:502009,W502009,ПП2,3346059944,5,https://s3.twcstorage.ru/35ffc2ef-1e09-463d-a2c4-c183d5deb59a/prints/pp2/W502009.webp
Силиконовые чехлы,Honor X8A,A:502010,W502010,ПП2,3346054734,3,https://s3.twcstorage.ru/35ffc2ef-1e09-463d-a2c4-c183d5deb59a/prints/pp2/W502010.webp
Силиконовые чехлы,Honor X8A,A:502029,W502029,ПП2,3346059872,13,https://s3.twcstorage.ru/35ffc2ef-1e09-463d-a2c4-c183d5deb59a/prints/pp2/W502029.webp
Белые софт-тач,Honor X8A,A:502053,W502053,ПП2,3277250940,1,https://s3.twcstorage.ru/35ffc2ef-1e09-463d-a2c4-c183d5deb59a/prints/pp2/W502053.webp
Силиконовые чехлы,Honor X8A,A:502069,W502069,ПП2,3346057574,9,https://s3.twcstorage.ru/35ffc2ef-1e09-463d-a2c4-c183d5deb59a/prints/pp2/W502069.webp
Белые софт-тач,Honor X8b,A:501930,W501930,ПП2,3280391895,47,https://s3.twcstorage.ru/35ffc2ef-1e09-463d-a2c4-c183d5deb59a/prints/pp2/W501930.webp
Матовые цветные чехлы для печати,Honor X8b,A:501931,W501931,ПП2,3277150643,59,https://s3.twcstorage.ru/35ffc2ef-1e09-463d-a2c4-c183d5deb59a/prints/pp2/W501931.webp
Чёрные софт-тач,Honor X8b,A:501957,S501957,ПП2,3277064026,2,https://s3.twcstorage.ru/35ffc2ef-1e09-463d-a2c4-c183d5deb59a/prints/pp2/W501957.webp
Стеклянные чехлы,Honor X8b,A:501963,Q5019631,ПП2,3277027707,7,https://s3.twcstorage.ru/35ffc2ef-1e09-463d-a2c4-c183d5deb59a/prints/pp2/Q5019631.webp
Силиконовые чехлы,Honor X8b,A:501976,Q501976,ПП2,3345698688,75,https://s3.twcstorage.ru/35ffc2ef-1e09-463d-a2c4-c183d5deb59a/prints/pp2/Q501976.webp
Силиконовые чехлы,Honor X8b,A:501978,Q501978,ПП2,3345696137,2,https://s3.twcstorage.ru/35ffc2ef-1e09-463d-a2c4-c183d5deb59a/prints/pp2/Q5019781.webp
Стеклянные чехлы,Honor X8b,A:501979,Q5019791,ПП2,3277027588,6,https://s3.twcstorage.ru/35ffc2ef-1e09-463d-a2c4-c183d5deb59a/prints/pp2/Q5019791.webp
Стеклянные чехлы,Honor X8b,A:501980,Q5019801,ПП2,3277029153,1,https://s3.twcstorage.ru/35ffc2ef-1e09-463d-a2c4-c183d5deb59a/prints/pp2/Q5019801.webp
Матовые цветные чехлы для печати,Honor X8b,A:502005,W502005,ПП2,3277152972,61,https://s3.twcstorage.ru/35ffc2ef-1e09-463d-a2c4-c183d5deb59a/prints/pp2/W502005.webp
Матовые цветные чехлы для печати,Honor X8b,A:502008,W502008,ПП2,3277150545,18,https://s3.twcstorage.ru/35ffc2ef-1e09-463d-a2c4-c183d5deb59a/prints/pp2/W502008.webp
Матовые цветные чехлы для печати,Honor X8b,A:502014,W502014,ПП2,3277150579,3,https://s3.twcstorage.ru/35ffc2ef-1e09-463d-a2c4-c183d5deb59a/prints/pp2/W502014.webp
Белые софт-тач,Honor X8b,A:502016,W502016,ПП2,3280392244,24,https://s3.twcstorage.ru/35ffc2ef-1e09-463d-a2c4-c183d5deb59a/prints/pp2/W502016.webp
Объемные матовые чехлы коричневые,Honor X8b,A:502029,W502029,ПП2,4998319301,2,https://s3.twcstorage.ru/35ffc2ef-1e09-463d-a2c4-c183d5deb59a/prints/pp2/W502029.webp
Матовые цветные чехлы для печати,Honor X8b,A:502031,W502031,ПП2,3277150410,84,https://s3.twcstorage.ru/35ffc2ef-1e09-463d-a2c4-c183d5deb59a/prints/pp2/W502031.webp
Матовые цветные чехлы для печати,Honor X8b,A:502032,W502032,ПП2,3277154292,4,https://s3.twcstorage.ru/35ffc2ef-1e09-463d-a2c4-c183d5deb59a/prints/pp2/W502032.webp
Силиконовые чехлы,Honor X8b,A:502035,W502035,ПП2,3345694262,30,https://s3.twcstorage.ru/35ffc2ef-1e09-463d-a2c4-c183d5deb59a/prints/pp2/W502035.webp
Объемные матовые чехлы черные,Honor X8b,A:502037,W502037,ПП2,4998356914,1000000,https://s3.twcstorage.ru/35ffc2ef-1e09-463d-a2c4-c183d5deb59a/prints/pp2/W502037.webp
Белые софт-тач,Honor X8b,A:502047,W502047,ПП2,3280344447,22,https://s3.twcstorage.ru/35ffc2ef-1e09-463d-a2c4-c183d5deb59a/prints/pp2/W502047.webp
Матовые цветные чехлы для печати,Honor X8b,A:502049,W502049,ПП2,3277150375,45,https://s3.twcstorage.ru/35ffc2ef-1e09-463d-a2c4-c183d5deb59a/prints/pp2/Y502049.webp
Белые софт-тач,Honor X8b,A:502053,W502053,ПП2,3280392358,1,https://s3.twcstorage.ru/35ffc2ef-1e09-463d-a2c4-c183d5deb59a/prints/pp2/W502053.webp
Силиконовые чехлы,Honor X8b,A:502064,W502064,ПП2,3345692399,121,https://s3.twcstorage.ru/35ffc2ef-1e09-463d-a2c4-c183d5deb59a/prints/pp2/W502064.webp
Белые софт-тач,Honor X8b,A:502069,W502069,ПП2,3280392211,8,https://s3.twcstorage.ru/35ffc2ef-1e09-463d-a2c4-c183d5deb59a/prints/pp2/W502069.webp
Матовые цветные чехлы для печати,Honor X8b,A:506339,W5063391,ПП2,4899337818,29,https://s3.twcstorage.ru/35ffc2ef-1e09-463d-a2c4-c183d5deb59a/prints/pp2/W5063391.webp
Матовые цветные чехлы для печати,Honor X8b,A:506376,W506376,ПП2,4899536472,57,https://s3.twcstorage.ru/35ffc2ef-1e09-463d-a2c4-c183d5deb59a/prints/pp2/W506376.webp
Силиконовые чехлы,Honor X8c,A:501947,C501947,ПП2,3295453542,16,https://s3.twcstorage.ru/35ffc2ef-1e09-463d-a2c4-c183d5deb59a/prints/pp2/W501947.webp
Белые софт-тач,Honor X8c,A:501961,W501961,ПП2,3277259001,26,https://s3.twcstorage.ru/35ffc2ef-1e09-463d-a2c4-c183d5deb59a/prints/pp2/W501961.webp
Силиконовые чехлы,Honor X8c,A:501964,Q501964,ПП2,3295452933,135,https://s3.twcstorage.ru/35ffc2ef-1e09-463d-a2c4-c183d5deb59a/prints/pp2/Q5019641.webp
Силиконовые чехлы,Honor X8c,A:501983,Q501983,ПП2,3295453273,139,https://s3.twcstorage.ru/35ffc2ef-1e09-463d-a2c4-c183d5deb59a/prints/pp2/Y501983.webp
Белые софт-тач,Honor X8c,A:502008,W502008,ПП2,3277258627,31,https://s3.twcstorage.ru/35ffc2ef-1e09-463d-a2c4-c183d5deb59a/prints/pp2/W502008.webp
Матовые цветные чехлы для печати,Honor X8c,A:502009,W502009,ПП2,3277136002,22,https://s3.twcstorage.ru/35ffc2ef-1e09-463d-a2c4-c183d5deb59a/prints/pp2/W502009.webp
Матовые цветные чехлы для печати,Honor X8c,A:502023,W502023,ПП2,3277135879,19,https://s3.twcstorage.ru/35ffc2ef-1e09-463d-a2c4-c183d5deb59a/prints/pp2/W502023.webp
Матовые цветные чехлы для печати,Honor X8c,A:502025,W502025,ПП2,3277135858,12,https://s3.twcstorage.ru/35ffc2ef-1e09-463d-a2c4-c183d5deb59a/prints/pp2/W502025.webp
Матовые цветные чехлы для печати,Honor X8c,A:502028,W502028,ПП2,3277135927,83,https://s3.twcstorage.ru/35ffc2ef-1e09-463d-a2c4-c183d5deb59a/prints/pp2/W502028.webp
Белые софт-тач,Honor X8c,A:502053,W502053,ПП2,3277259083,1,https://s3.twcstorage.ru/35ffc2ef-1e09-463d-a2c4-c183d5deb59a/prints/pp2/W502053.webp
Матовые цветные чехлы для печати,Honor X8c,A:506331,W5063311,ПП2,4896659660,17,https://s3.twcstorage.ru/35ffc2ef-1e09-463d-a2c4-c183d5deb59a/prints/pp2/W5063311.webp
Силиконовые чехлы,Honor X8d,A:501978,Q501978,ПП2,5025929779,2,https://s3.twcstorage.ru/35ffc2ef-1e09-463d-a2c4-c183d5deb59a/prints/pp2/Q5019781.webp
Объемные матовые чехлы бордовые,Honor X9A,A:506333,W5063331,ПП2,4998357222,8,https://s3.twcstorage.ru/35ffc2ef-1e09-463d-a2c4-c183d5deb59a/prints/pp2/W5063331.webp
Белые софт-тач,Honor X9C/X60 Pro,A:501949,W501949,ПП2,3277236351,34,https://s3.twcstorage.ru/35ffc2ef-1e09-463d-a2c4-c183d5deb59a/prints/pp2/W501949.webp
Силиконовые чехлы,Honor X9C/X60 Pro,A:501968,Q501968,ПП2,3346273521,91,https://s3.twcstorage.ru/35ffc2ef-1e09-463d-a2c4-c183d5deb59a/prints/pp2/W501968.webp
Силиконовые чехлы,Honor X9C/X60 Pro,A:501980,Q501980,ПП2,3346273654,4,https://s3.twcstorage.ru/35ffc2ef-1e09-463d-a2c4-c183d5deb59a/prints/pp2/Q5019801.webp
Силиконовые чехлы,Honor X9C/X60 Pro,A:501996,W501996,ПП2,3346273896,66,https://s3.twcstorage.ru/35ffc2ef-1e09-463d-a2c4-c183d5deb59a/prints/pp2/Y501996.webp
Силиконовые чехлы,Honor X9C/X60 Pro,A:502008,W502008,ПП2,3346273882,6,https://s3.twcstorage.ru/35ffc2ef-1e09-463d-a2c4-c183d5deb59a/prints/pp2/W502008.webp
Силиконовые чехлы,Honor X9C/X60 Pro,A:502026,W502026,ПП2,3346277395,52,https://s3.twcstorage.ru/35ffc2ef-1e09-463d-a2c4-c183d5deb59a/prints/pp2/W502026.webp
Силиконовые чехлы,Honor X9C/X60 Pro,A:502037,W502037,ПП2,3346276144,8,https://s3.twcstorage.ru/35ffc2ef-1e09-463d-a2c4-c183d5deb59a/prints/pp2/W502037.webp
Белые софт-тач,Honor X9C/X60 Pro,A:502053,W502053,ПП2,3277236552,1,https://s3.twcstorage.ru/35ffc2ef-1e09-463d-a2c4-c183d5deb59a/prints/pp2/W502053.webp
Силиконовые чехлы,Honor X9d,A:501942,C501942,ПП2,3280902935,108,https://s3.twcstorage.ru/35ffc2ef-1e09-463d-a2c4-c183d5deb59a/prints/pp2/S501942.webp
Белые софт-тач,Honor X9d,A:501947,W501947,ПП2,3837359762,13,https://s3.twcstorage.ru/35ffc2ef-1e09-463d-a2c4-c183d5deb59a/prints/pp2/W501947.webp
Белые софт-тач,Honor X9d,A:501951,W501951,ПП2,3837358454,9,https://s3.twcstorage.ru/35ffc2ef-1e09-463d-a2c4-c183d5deb59a/prints/pp2/W501951.webp
Силиконовые чехлы,Honor X9d,A:501954,C501954,ПП2,3280903790,1000000,https://s3.twcstorage.ru/35ffc2ef-1e09-463d-a2c4-c183d5deb59a/prints/pp2/W501954.webp
Силиконовые чехлы,Honor X9d,A:501957,C501957,ПП2,3280903764,17,https://s3.twcstorage.ru/35ffc2ef-1e09-463d-a2c4-c183d5deb59a/prints/pp2/W501957.webp
Силиконовые чехлы,Honor X9d,A:501980,Q501980,ПП2,3280903724,4,https://s3.twcstorage.ru/35ffc2ef-1e09-463d-a2c4-c183d5deb59a/prints/pp2/Q5019801.webp
Силиконовые чехлы,HuaweI nova Y61,A:501933,W501933,ПП2,3346211186,86,https://s3.twcstorage.ru/35ffc2ef-1e09-463d-a2c4-c183d5deb59a/prints/pp2/W501933.webp
Силиконовые чехлы,HuaweI nova Y61,A:501978,Q501978,ПП2,3346208631,2,https://s3.twcstorage.ru/35ffc2ef-1e09-463d-a2c4-c183d5deb59a/prints/pp2/Q5019781.webp
Силиконовые чехлы,HuaweI nova Y61,A:502031,W502031,ПП2,3346208165,27,https://s3.twcstorage.ru/35ffc2ef-1e09-463d-a2c4-c183d5deb59a/prints/pp2/W502031.webp
Чёрные софт-тач,Huawei Honor 20 Pro,A:501961,S501961,ПП2,3277079523,17,https://s3.twcstorage.ru/35ffc2ef-1e09-463d-a2c4-c183d5deb59a/prints/pp2/W501961.webp
Силиконовые чехлы,Huawei Honor 20 Pro,A:501978,Q501978,ПП2,3346315145,2,https://s3.twcstorage.ru/35ffc2ef-1e09-463d-a2c4-c183d5deb59a/prints/pp2/Q5019781.webp
Силиконовые чехлы,Huawei Honor 20 Pro,A:501980,Q501980,ПП2,3346314588,4,https://s3.twcstorage.ru/35ffc2ef-1e09-463d-a2c4-c183d5deb59a/prints/pp2/Q5019801.webp
Силиконовые чехлы,Huawei Honor 20 Pro,A:501981,Q501981,ПП2,3346315324,1000000,https://s3.twcstorage.ru/35ffc2ef-1e09-463d-a2c4-c183d5deb59a/prints/pp2/Y501981.webp
Силиконовые чехлы,Huawei Honor 20 Pro,A:502009,W502009,ПП2,3346319012,5,https://s3.twcstorage.ru/35ffc2ef-1e09-463d-a2c4-c183d5deb59a/prints/pp2/W502009.webp
Белые софт-тач,Huawei Honor 20 Pro,A:502053,W502053,ПП2,3277259382,1,https://s3.twcstorage.ru/35ffc2ef-1e09-463d-a2c4-c183d5deb59a/prints/pp2/W502053.webp
Силиконовые чехлы,Huawei Honor 20 Pro,A:506378,W506378,ПП2,4896286679,82,https://s3.twcstorage.ru/35ffc2ef-1e09-463d-a2c4-c183d5deb59a/prints/pp2/W506378.webp
Матовые цветные чехлы для печати,Huawei NOVA 12/NOVA 13,A:501957,W501957,ПП2,3277200667,7,https://s3.twcstorage.ru/35ffc2ef-1e09-463d-a2c4-c183d5deb59a/prints/pp2/W501957.webp
Силиконовые чехлы,Huawei NOVA 12/NOVA 13,A:501980,Q501980,ПП2,3295395640,4,https://s3.twcstorage.ru/35ffc2ef-1e09-463d-a2c4-c183d5deb59a/prints/pp2/Q5019801.webp
Силиконовые чехлы,Huawei NOVA 12/NOVA 13,A:502014,W502014,ПП2,3295395111,1,https://s3.twcstorage.ru/35ffc2ef-1e09-463d-a2c4-c183d5deb59a/prints/pp2/W502014.webp
Объемные матовые чехлы светло-розовые,Huawei NOVA 12/NOVA 13,A:502048,W502048,ПП2,4989268793,1000000,https://s3.twcstorage.ru/35ffc2ef-1e09-463d-a2c4-c183d5deb59a/prints/pp2/Y502048.webp
Объемные матовые чехлы молочные,Huawei NOVA 12/NOVA 13,A:502052,W502052,ПП2,4998381165,4,https://s3.twcstorage.ru/35ffc2ef-1e09-463d-a2c4-c183d5deb59a/prints/pp2/W502052.webp
Объемные матовые чехлы молочные,Huawei NOVA 12/NOVA 13,A:502053,W502053,ПП2,4998380991,5,https://s3.twcstorage.ru/35ffc2ef-1e09-463d-a2c4-c183d5deb59a/prints/pp2/W502053.webp
Объемные матовые чехлы молочные,Huawei NOVA 12/NOVA 13,A:506332,W506332,ПП2,4998379690,1000000,https://s3.twcstorage.ru/35ffc2ef-1e09-463d-a2c4-c183d5deb59a/prints/pp2/W5063321.webp
Объемные матовые чехлы бордовые,Huawei NOVA 12/NOVA 13,A:506339,W5063391,ПП2,4998382873,9,https://s3.twcstorage.ru/35ffc2ef-1e09-463d-a2c4-c183d5deb59a/prints/pp2/W5063391.webp
Силиконовые чехлы,Huawei NOVA 13 Pro,A:501960,C501960,ПП2,3346089159,29,https://s3.twcstorage.ru/35ffc2ef-1e09-463d-a2c4-c183d5deb59a/prints/pp2/W501960.webp
Силиконовые чехлы,Huawei NOVA 13 Pro,A:502009,W502009,ПП2,3346094049,5,https://s3.twcstorage.ru/35ffc2ef-1e09-463d-a2c4-c183d5deb59a/prints/pp2/W502009.webp
Силиконовые чехлы,Huawei NOVA 13 Pro,A:502014,W502014,ПП2,3346093760,1,https://s3.twcstorage.ru/35ffc2ef-1e09-463d-a2c4-c183d5deb59a/prints/pp2/W502014.webp
Силиконовые чехлы,Huawei NOVA 13 Pro,A:502065,W502065,ПП2,3346088803,22,https://s3.twcstorage.ru/35ffc2ef-1e09-463d-a2c4-c183d5deb59a/prints/pp2/W502065.webp
Матовые цветные чехлы для печати,Huawei Nova 11/Nova 12S,A:501939,W501939,ПП2,3277146999,41,https://s3.twcstorage.ru/35ffc2ef-1e09-463d-a2c4-c183d5deb59a/prints/pp2/W501939.webp
Белые софт-тач,Huawei Nova 11/Nova 12S,A:501947,W501947,ПП2,3277266349,13,https://s3.twcstorage.ru/35ffc2ef-1e09-463d-a2c4-c183d5deb59a/prints/pp2/W501947.webp
Белые софт-тач,Huawei Nova 11/Nova 12S,A:501951,W501951,ПП2,3277266298,9,https://s3.twcstorage.ru/35ffc2ef-1e09-463d-a2c4-c183d5deb59a/prints/pp2/W501951.webp
Белые софт-тач,Huawei Nova 11/Nova 12S,A:501958,W501958,ПП2,3280274732,1000000,https://s3.twcstorage.ru/35ffc2ef-1e09-463d-a2c4-c183d5deb59a/prints/pp2/W501958.webp
Силиконовые чехлы,Huawei Nova 11/Nova 12S,A:501979,Q501979,ПП2,3345624320,32,https://s3.twcstorage.ru/35ffc2ef-1e09-463d-a2c4-c183d5deb59a/prints/pp2/Q5019791.webp
Силиконовые чехлы,Huawei Nova 11/Nova 12S,A:501980,Q501980,ПП2,3345624617,4,https://s3.twcstorage.ru/35ffc2ef-1e09-463d-a2c4-c183d5deb59a/prints/pp2/Q5019801.webp
Силиконовые чехлы,Huawei Nova 11/Nova 12S,A:501993,Q501993,ПП2,3345623174,21,https://s3.twcstorage.ru/35ffc2ef-1e09-463d-a2c4-c183d5deb59a/prints/pp2/Q5019931.webp
Матовые цветные чехлы для печати,Huawei Nova 11/Nova 12S,A:502009,W502009,ПП2,3277147286,22,https://s3.twcstorage.ru/35ffc2ef-1e09-463d-a2c4-c183d5deb59a/prints/pp2/W502009.webp
Силиконовые чехлы,Huawei Nova 11/Nova 12S,A:502010,W502010,ПП2,3345625923,3,https://s3.twcstorage.ru/35ffc2ef-1e09-463d-a2c4-c183d5deb59a/prints/pp2/W502010.webp
Матовые цветные чехлы для печати,Huawei Nova 11/Nova 12S,A:502012,W502012,ПП2,3277147199,1,https://s3.twcstorage.ru/35ffc2ef-1e09-463d-a2c4-c183d5deb59a/prints/pp2/W502012.webp
Силиконовые чехлы,Huawei Nova 11/Nova 12S,A:502018,W502018,ПП2,3345629591,38,https://s3.twcstorage.ru/35ffc2ef-1e09-463d-a2c4-c183d5deb59a/prints/pp2/W502018.webp
Белые софт-тач,Huawei Nova 11/Nova 12S,A:502048,W502048,ПП2,3277266483,18,https://s3.twcstorage.ru/35ffc2ef-1e09-463d-a2c4-c183d5deb59a/prints/pp2/Y502048.webp
Белые софт-тач,Huawei Nova 11/Nova 12S,A:502053,W502053,ПП2,3280276554,1,https://s3.twcstorage.ru/35ffc2ef-1e09-463d-a2c4-c183d5deb59a/prints/pp2/W502053.webp
Силиконовые чехлы,Huawei Nova 11/Nova 12S,A:502055,W502055,ПП2,3345625656,96,https://s3.twcstorage.ru/35ffc2ef-1e09-463d-a2c4-c183d5deb59a/prints/pp2/W502055.webp
Силиконовые чехлы,Huawei Nova 11/Nova 12S,A:502056,W502056,ПП2,3345625551,70,https://s3.twcstorage.ru/35ffc2ef-1e09-463d-a2c4-c183d5deb59a/prints/pp2/W502056.webp
Матовые цветные чехлы для печати,Huawei Nova 11/Nova 12S,A:506337,W5063371,ПП2,4898447236,33,https://s3.twcstorage.ru/35ffc2ef-1e09-463d-a2c4-c183d5deb59a/prints/pp2/W5063371.webp
Матовые цветные чехлы для печати,Huawei Nova 11/Nova 12S,A:506350,W5063501,ПП2,4898260214,50,https://s3.twcstorage.ru/35ffc2ef-1e09-463d-a2c4-c183d5deb59a/prints/pp2/W5063501.webp
Силиконовые чехлы,Huawei Nova 11i,A:501943,C501943,ПП2,3346053330,109,https://s3.twcstorage.ru/35ffc2ef-1e09-463d-a2c4-c183d5deb59a/prints/pp2/S501943.webp
Силиконовые чехлы,Huawei Nova 11i,A:501956,C501956,ПП2,3346050125,1000000,https://s3.twcstorage.ru/35ffc2ef-1e09-463d-a2c4-c183d5deb59a/prints/pp2/W501956.webp
Силиконовые чехлы,Huawei Nova 11i,A:501957,C501957,ПП2,3346051283,17,https://s3.twcstorage.ru/35ffc2ef-1e09-463d-a2c4-c183d5deb59a/prints/pp2/W501957.webp
Силиконовые чехлы,Huawei Nova 11i,A:501958,W501958,ПП2,3346053805,1000000,https://s3.twcstorage.ru/35ffc2ef-1e09-463d-a2c4-c183d5deb59a/prints/pp2/W501958.webp
Силиконовые чехлы,Huawei Nova 11i,A:501966,Q501966,ПП2,3346046982,87,https://s3.twcstorage.ru/35ffc2ef-1e09-463d-a2c4-c183d5deb59a/prints/pp2/W501966.webp
Силиконовые чехлы,Huawei Nova 11i,A:502009,W502009,ПП2,3346050776,5,https://s3.twcstorage.ru/35ffc2ef-1e09-463d-a2c4-c183d5deb59a/prints/pp2/W502009.webp
Силиконовые чехлы,Huawei Nova 11i,A:502065,W502065,ПП2,3346053797,22,https://s3.twcstorage.ru/35ffc2ef-1e09-463d-a2c4-c183d5deb59a/prints/pp2/W502065.webp
Чёрные софт-тач,Huawei Nova 12i/Nova 13i,A:501939,S501939,ПП2,3277071306,1000000,https://s3.twcstorage.ru/35ffc2ef-1e09-463d-a2c4-c183d5deb59a/prints/pp2/W501939.webp
Силиконовые чехлы,Huawei Nova 12i/Nova 13i,A:501953,C501953,ПП2,3280763315,133,https://s3.twcstorage.ru/35ffc2ef-1e09-463d-a2c4-c183d5deb59a/prints/pp2/W501953.webp
Силиконовые чехлы,Huawei Nova 12i/Nova 13i,A:501960,W501960,ПП2,3280768613,29,https://s3.twcstorage.ru/35ffc2ef-1e09-463d-a2c4-c183d5deb59a/prints/pp2/W501960.webp
Силиконовые чехлы,Huawei Nova 12i/Nova 13i,A:501980,Q501980,ПП2,3280763155,4,https://s3.twcstorage.ru/35ffc2ef-1e09-463d-a2c4-c183d5deb59a/prints/pp2/Q5019801.webp
Силиконовые чехлы,Huawei Nova 12i/Nova 13i,A:502005,W502005,ПП2,3280762842,94,https://s3.twcstorage.ru/35ffc2ef-1e09-463d-a2c4-c183d5deb59a/prints/pp2/W502005.webp
Силиконовые чехлы,Huawei Nova 12i/Nova 13i,A:502061,W502061,ПП2,3280767466,147,https://s3.twcstorage.ru/35ffc2ef-1e09-463d-a2c4-c183d5deb59a/prints/pp2/Y502061.webp
Силиконовые чехлы,Huawei Nova 14,A:501983,Q501983,ПП2,3280790216,139,https://s3.twcstorage.ru/35ffc2ef-1e09-463d-a2c4-c183d5deb59a/prints/pp2/Y501983.webp
Силиконовые чехлы,Huawei Nova 14,A:502008,W502008,ПП2,3280785373,6,https://s3.twcstorage.ru/35ffc2ef-1e09-463d-a2c4-c183d5deb59a/prints/pp2/W502008.webp
Силиконовые чехлы,Huawei Nova 14,A:502014,W502014,ПП2,3280781515,1,https://s3.twcstorage.ru/35ffc2ef-1e09-463d-a2c4-c183d5deb59a/prints/pp2/W502014.webp
Силиконовые чехлы,Huawei Nova 14,A:502048,W502048,ПП2,3280784240,33,https://s3.twcstorage.ru/35ffc2ef-1e09-463d-a2c4-c183d5deb59a/prints/pp2/Y502048.webp
Силиконовые чехлы,Huawei Nova 14,A:502060,W502060,ПП2,3280788705,1000000,https://s3.twcstorage.ru/35ffc2ef-1e09-463d-a2c4-c183d5deb59a/prints/pp2/W502060.webp
Матовые цветные чехлы для печати,Huawei Nova 14,A:506331,W5063311,ПП2,4900143874,17,https://s3.twcstorage.ru/35ffc2ef-1e09-463d-a2c4-c183d5deb59a/prints/pp2/W5063311.webp
Силиконовые чехлы,Huawei Nova 14,A:506335,W506335,ПП2,4895950433,71,https://s3.twcstorage.ru/35ffc2ef-1e09-463d-a2c4-c183d5deb59a/prints/pp2/W5063351.webp
Матовые цветные чехлы для печати,Huawei Nova 14,A:506345,W5063451,ПП2,4900058161,67,https://s3.twcstorage.ru/35ffc2ef-1e09-463d-a2c4-c183d5deb59a/prints/pp2/W5063451.webp
Силиконовые чехлы,Huawei Nova 14,A:506383,Q506383,ПП2,4895948466,59,https://s3.twcstorage.ru/35ffc2ef-1e09-463d-a2c4-c183d5deb59a/prints/pp2/Q5063831.webp
Силиконовые чехлы,Huawei Nova 15,A:502069,W502069,ПП2,5027355486,9,https://s3.twcstorage.ru/35ffc2ef-1e09-463d-a2c4-c183d5deb59a/prints/pp2/W502069.webp
Силиконовые чехлы,Huawei Nova 15 Pro,A:506330,W506330,ПП2,5025398572,55,https://s3.twcstorage.ru/35ffc2ef-1e09-463d-a2c4-c183d5deb59a/prints/pp2/W5063301.webp
Силиконовые чехлы,Huawei Nova 15 Pro,A:506374,W506374,ПП2,5025393819,34,https://s3.twcstorage.ru/35ffc2ef-1e09-463d-a2c4-c183d5deb59a/prints/pp2/W506374.webp
Силиконовые чехлы,Huawei Nova Y70/Y71,A:501957,C501957,ПП2,3346179052,17,https://s3.twcstorage.ru/35ffc2ef-1e09-463d-a2c4-c183d5deb59a/prints/pp2/W501957.webp
Силиконовые чехлы,Huawei Nova Y72/Y72S/Y63,A:501957,W501957,ПП2,3347047330,17,https://s3.twcstorage.ru/35ffc2ef-1e09-463d-a2c4-c183d5deb59a/prints/pp2/W501957.webp
Силиконовые чехлы,Huawei Nova Y72/Y72S/Y63,A:501987,Q501987,ПП2,3347047586,114,https://s3.twcstorage.ru/35ffc2ef-1e09-463d-a2c4-c183d5deb59a/prints/pp2/Y501987.webp
Силиконовые чехлы,Huawei Nova Y72/Y72S/Y63,A:502010,W502010,ПП2,3347047816,3,https://s3.twcstorage.ru/35ffc2ef-1e09-463d-a2c4-c183d5deb59a/prints/pp2/W502010.webp
Силиконовые чехлы,Huawei Nova Y73,A:501953,W501953,ПП2,3346005763,133,https://s3.twcstorage.ru/35ffc2ef-1e09-463d-a2c4-c183d5deb59a/prints/pp2/W501953.webp
Силиконовые чехлы,Huawei Nova Y73,A:501961,C501961,ПП2,3346010323,20,https://s3.twcstorage.ru/35ffc2ef-1e09-463d-a2c4-c183d5deb59a/prints/pp2/W501961.webp
Силиконовые чехлы,Huawei Nova Y73,A:501962,C501962,ПП2,3346010456,31,https://s3.twcstorage.ru/35ffc2ef-1e09-463d-a2c4-c183d5deb59a/prints/pp2/W501962.webp
Силиконовые чехлы,Huawei Nova Y73,A:502002,W502002,ПП2,3346008883,1000000,https://s3.twcstorage.ru/35ffc2ef-1e09-463d-a2c4-c183d5deb59a/prints/pp2/W502002.webp
Матовые цветные чехлы для печати,Huawei Nova Y91,A:506374,W506374,ПП2,4899855510,30,https://s3.twcstorage.ru/35ffc2ef-1e09-463d-a2c4-c183d5deb59a/prints/pp2/W506374.webp
Силиконовые чехлы,Huawei P30 Lite/Honor 20S/Honor 20 Lite 2020,A:501960,W501960,ПП2,3384729008,29,https://s3.twcstorage.ru/35ffc2ef-1e09-463d-a2c4-c183d5deb59a/prints/pp2/W501960.webp
Силиконовые чехлы,Huawei P30 Lite/Honor 20S/Honor 20 Lite 2020,A:502027,W502027,ПП2,3384730023,47,https://s3.twcstorage.ru/35ffc2ef-1e09-463d-a2c4-c183d5deb59a/prints/pp2/W502027.webp
Силиконовые чехлы,Huawei P60/P60 Pro,A:501957,W501957,ПП2,3346107354,17,https://s3.twcstorage.ru/35ffc2ef-1e09-463d-a2c4-c183d5deb59a/prints/pp2/W501957.webp
Силиконовые чехлы,Huawei P60/P60 Pro,A:501978,Q501978,ПП2,3346099986,2,https://s3.twcstorage.ru/35ffc2ef-1e09-463d-a2c4-c183d5deb59a/prints/pp2/Q5019781.webp
Силиконовые чехлы,Huawei P60/P60 Pro,A:501980,Q501980,ПП2,3346099353,4,https://s3.twcstorage.ru/35ffc2ef-1e09-463d-a2c4-c183d5deb59a/prints/pp2/Q5019801.webp
Силиконовые чехлы,Huawei P60/P60 Pro,A:501988,Q501988,ПП2,3346104346,115,https://s3.twcstorage.ru/35ffc2ef-1e09-463d-a2c4-c183d5deb59a/prints/pp2/Y501988.webp
Силиконовые чехлы,Huawei P60/P60 Pro,A:502005,W502005,ПП2,3346103853,94,https://s3.twcstorage.ru/35ffc2ef-1e09-463d-a2c4-c183d5deb59a/prints/pp2/W502005.webp
Силиконовые чехлы,Huawei P60/P60 Pro,A:502030,W502030,ПП2,3346104183,26,https://s3.twcstorage.ru/35ffc2ef-1e09-463d-a2c4-c183d5deb59a/prints/pp2/W502030.webp
Силиконовые чехлы,Huawei P60/P60 Pro,A:506340,W506340,ПП2,4895653223,15,https://s3.twcstorage.ru/35ffc2ef-1e09-463d-a2c4-c183d5deb59a/prints/pp2/W5063401.webp
Силиконовые чехлы,Huawei P60/P60 Pro,A:506361,W506361,ПП2,4895652966,50,https://s3.twcstorage.ru/35ffc2ef-1e09-463d-a2c4-c183d5deb59a/prints/pp2/W506361.webp
Чёрные софт-тач,Huawei Pura 70,A:501936,S501936,ПП2,3277082409,22,https://s3.twcstorage.ru/35ffc2ef-1e09-463d-a2c4-c183d5deb59a/prints/pp2/W501936.webp
Чёрные софт-тач,Huawei Pura 70,A:501944,S501944,ПП2,3277081238,9,https://s3.twcstorage.ru/35ffc2ef-1e09-463d-a2c4-c183d5deb59a/prints/pp2/S501944.webp
Чёрные софт-тач,Huawei Pura 70,A:501946,S501946,ПП2,3277082481,1,https://s3.twcstorage.ru/35ffc2ef-1e09-463d-a2c4-c183d5deb59a/prints/pp2/W501946.webp
Белые софт-тач,Huawei Pura 70,A:501947,W501947,ПП2,3837385402,13,https://s3.twcstorage.ru/35ffc2ef-1e09-463d-a2c4-c183d5deb59a/prints/pp2/W501947.webp
Чёрные софт-тач,Huawei Pura 70,A:501959,S501959,ПП2,3277082567,12,https://s3.twcstorage.ru/35ffc2ef-1e09-463d-a2c4-c183d5deb59a/prints/pp2/S501959.webp
Матовые цветные чехлы для печати,Huawei Pura 70,A:502008,W502008,ПП2,3837339865,18,https://s3.twcstorage.ru/35ffc2ef-1e09-463d-a2c4-c183d5deb59a/prints/pp2/W502008.webp
Белые софт-тач,Huawei Pura 70,A:502014,W502014,ПП2,3837400197,7,https://s3.twcstorage.ru/35ffc2ef-1e09-463d-a2c4-c183d5deb59a/prints/pp2/W502014.webp
Матовые цветные чехлы для печати,Huawei Pura 70,A:502019,W502019,ПП2,3837340207,27,https://s3.twcstorage.ru/35ffc2ef-1e09-463d-a2c4-c183d5deb59a/prints/pp2/W502019.webp
Матовые цветные чехлы для печати,Huawei Pura 70,A:502023,W502023,ПП2,3837340700,19,https://s3.twcstorage.ru/35ffc2ef-1e09-463d-a2c4-c183d5deb59a/prints/pp2/W502023.webp
Матовые цветные чехлы для печати,Huawei Pura 70,A:502025,W502025,ПП2,3837340098,12,https://s3.twcstorage.ru/35ffc2ef-1e09-463d-a2c4-c183d5deb59a/prints/pp2/W502025.webp
Матовые цветные чехлы для печати,Huawei Pura 70,A:502028,W502028,ПП2,3837341614,83,https://s3.twcstorage.ru/35ffc2ef-1e09-463d-a2c4-c183d5deb59a/prints/pp2/W502028.webp
Матовые цветные чехлы для печати,Huawei Pura 70,A:502031,W502031,ПП2,3837336168,84,https://s3.twcstorage.ru/35ffc2ef-1e09-463d-a2c4-c183d5deb59a/prints/pp2/W502031.webp
Белые софт-тач,Huawei Pura 70,A:502053,W502053,ПП2,3837395219,1,https://s3.twcstorage.ru/35ffc2ef-1e09-463d-a2c4-c183d5deb59a/prints/pp2/W502053.webp
Белые софт-тач,Huawei Pura 70,A:502057,W502057,ПП2,3837385491,35,https://s3.twcstorage.ru/35ffc2ef-1e09-463d-a2c4-c183d5deb59a/prints/pp2/W502057.webp
Белые софт-тач,Huawei Pura 70,A:502058,W502058,ПП2,3837384179,1000000,https://s3.twcstorage.ru/35ffc2ef-1e09-463d-a2c4-c183d5deb59a/prints/pp2/W502058.webp
Белые софт-тач,Huawei Pura 70,A:502069,W502069,ПП2,3837399518,8,https://s3.twcstorage.ru/35ffc2ef-1e09-463d-a2c4-c183d5deb59a/prints/pp2/W502069.webp
Силиконовые чехлы,Huawei Pura 80,A:501943,C501943,ПП2,3345654497,109,https://s3.twcstorage.ru/35ffc2ef-1e09-463d-a2c4-c183d5deb59a/prints/pp2/S501943.webp
Силиконовые чехлы,Huawei Pura 80,A:501944,C501944,ПП2,3345647131,65,https://s3.twcstorage.ru/35ffc2ef-1e09-463d-a2c4-c183d5deb59a/prints/pp2/S501944.webp
Матовые цветные чехлы для печати,Huawei Pura 80,A:501958,W501958,ПП2,3277148077,1000000,https://s3.twcstorage.ru/35ffc2ef-1e09-463d-a2c4-c183d5deb59a/prints/pp2/W501958.webp
Силиконовые чехлы,Huawei Pura 80,A:501978,Q501978,ПП2,3345648796,2,https://s3.twcstorage.ru/35ffc2ef-1e09-463d-a2c4-c183d5deb59a/prints/pp2/Q5019781.webp
Матовые цветные чехлы для печати,Huawei Pura 80,A:502003,W502003,ПП2,3277148463,20,https://s3.twcstorage.ru/35ffc2ef-1e09-463d-a2c4-c183d5deb59a/prints/pp2/W502003.webp
Силиконовые чехлы,Huawei Pura 80,A:502006,W502006,ПП2,3345645136,40,https://s3.twcstorage.ru/35ffc2ef-1e09-463d-a2c4-c183d5deb59a/prints/pp2/W502006.webp
Силиконовые чехлы,Huawei Pura 80,A:502008,W502008,ПП2,3345655657,6,https://s3.twcstorage.ru/35ffc2ef-1e09-463d-a2c4-c183d5deb59a/prints/pp2/W502008.webp
Силиконовые чехлы,Huawei Pura 80,A:502010,W502010,ПП2,3345654168,3,https://s3.twcstorage.ru/35ffc2ef-1e09-463d-a2c4-c183d5deb59a/prints/pp2/W502010.webp
Матовые цветные чехлы для печати,Huawei Pura 80,A:502012,W502012,ПП2,3277148833,1,https://s3.twcstorage.ru/35ffc2ef-1e09-463d-a2c4-c183d5deb59a/prints/pp2/W502012.webp
Матовые цветные чехлы для печати,Huawei Pura 80,A:502016,W502016,ПП2,3277148613,23,https://s3.twcstorage.ru/35ffc2ef-1e09-463d-a2c4-c183d5deb59a/prints/pp2/W502016.webp
Матовые цветные чехлы для печати,Huawei Pura 80,A:502020,W502020,ПП2,3277148754,81,https://s3.twcstorage.ru/35ffc2ef-1e09-463d-a2c4-c183d5deb59a/prints/pp2/W502020.webp
Матовые цветные чехлы для печати,Huawei Pura 80,A:502030,W502030,ПП2,3277148902,35,https://s3.twcstorage.ru/35ffc2ef-1e09-463d-a2c4-c183d5deb59a/prints/pp2/W502030.webp
Матовые цветные чехлы для печати,Huawei Pura 80,A:502032,W502032,ПП2,3277148438,4,https://s3.twcstorage.ru/35ffc2ef-1e09-463d-a2c4-c183d5deb59a/prints/pp2/W502032.webp
Матовые цветные чехлы для печати,Huawei Pura 80,A:502033,W502033,ПП2,3277148619,10,https://s3.twcstorage.ru/35ffc2ef-1e09-463d-a2c4-c183d5deb59a/prints/pp2/W502033.webp
Белые софт-тач,Huawei Pura 80,A:502052,W502052,ПП2,3837376365,2,https://s3.twcstorage.ru/35ffc2ef-1e09-463d-a2c4-c183d5deb59a/prints/pp2/W502052.webp
Белые софт-тач,Huawei Pura 80,A:502053,W502053,ПП2,3837374869,1,https://s3.twcstorage.ru/35ffc2ef-1e09-463d-a2c4-c183d5deb59a/prints/pp2/W502053.webp
Матовые цветные чехлы для печати,Huawei Pura 80,A:502069,W502069,ПП2,3277148338,37,https://s3.twcstorage.ru/35ffc2ef-1e09-463d-a2c4-c183d5deb59a/prints/pp2/W502069.webp
Силиконовые чехлы,Huawei Pura 80,A:506329,W506329,ПП2,4896160814,43,https://s3.twcstorage.ru/35ffc2ef-1e09-463d-a2c4-c183d5deb59a/prints/pp2/W5063291.webp
Силиконовые чехлы,Huawei Pura 80,A:506332,W506332,ПП2,4896160985,11,https://s3.twcstorage.ru/35ffc2ef-1e09-463d-a2c4-c183d5deb59a/prints/pp2/W5063321.webp
Белые софт-тач,Huawei Pura 80,A:506337,W506337,ПП2,4901546383,16,https://s3.twcstorage.ru/35ffc2ef-1e09-463d-a2c4-c183d5deb59a/prints/pp2/W5063371.webp
Матовые цветные чехлы для печати,Huawei Pura 80,A:506340,W5063401,ПП2,4898814570,13,https://s3.twcstorage.ru/35ffc2ef-1e09-463d-a2c4-c183d5deb59a/prints/pp2/W5063401.webp
Белые софт-тач,Huawei Pura 80,A:506374,W506374,ПП2,4901557146,5,https://s3.twcstorage.ru/35ffc2ef-1e09-463d-a2c4-c183d5deb59a/prints/pp2/W506374.webp
Матовые цветные чехлы для печати,Huawei Pura 80,A:506377,W506377,ПП2,4898813995,73,https://s3.twcstorage.ru/35ffc2ef-1e09-463d-a2c4-c183d5deb59a/prints/pp2/W506377.webp
Силиконовые чехлы,Huawei Pura 80,A:506382,Q506382,ПП2,4896161695,104,https://s3.twcstorage.ru/35ffc2ef-1e09-463d-a2c4-c183d5deb59a/prints/pp2/Q5063821.webp
Силиконовые чехлы,Huawei Pura 80,A:506383,Q506383,ПП2,4896160799,59,https://s3.twcstorage.ru/35ffc2ef-1e09-463d-a2c4-c183d5deb59a/prints/pp2/Q5063831.webp
Силиконовые чехлы,Huawei Pura 80 Pro/Pura 80 Pro+,A:501933,W501933,ПП2,3346010688,86,https://s3.twcstorage.ru/35ffc2ef-1e09-463d-a2c4-c183d5deb59a/prints/pp2/W501933.webp
Силиконовые чехлы,Huawei Pura 80 Pro/Pura 80 Pro+,A:501946,W501946,ПП2,3346010930,48,https://s3.twcstorage.ru/35ffc2ef-1e09-463d-a2c4-c183d5deb59a/prints/pp2/W501946.webp
Силиконовые чехлы,Huawei Pura 80 Pro/Pura 80 Pro+,A:501951,W501951,ПП2,3346013878,7,https://s3.twcstorage.ru/35ffc2ef-1e09-463d-a2c4-c183d5deb59a/prints/pp2/W501951.webp
Силиконовые чехлы,Huawei Pura 80 Pro/Pura 80 Pro+,A:501978,Q501978,ПП2,3346010095,2,https://s3.twcstorage.ru/35ffc2ef-1e09-463d-a2c4-c183d5deb59a/prints/pp2/Q5019781.webp
Силиконовые чехлы,Huawei Pura 80 Pro/Pura 80 Pro+,A:502006,W502006,ПП2,3346015208,40,https://s3.twcstorage.ru/35ffc2ef-1e09-463d-a2c4-c183d5deb59a/prints/pp2/W502006.webp
Силиконовые чехлы,Huawei Pura 80 Pro/Pura 80 Pro+,A:502008,W502008,ПП2,3346017256,6,https://s3.twcstorage.ru/35ffc2ef-1e09-463d-a2c4-c183d5deb59a/prints/pp2/W502008.webp
Силиконовые чехлы,Huawei Pura 80 Pro/Pura 80 Pro+,A:502010,W502010,ПП2,3346009921,3,https://s3.twcstorage.ru/35ffc2ef-1e09-463d-a2c4-c183d5deb59a/prints/pp2/W502010.webp
Силиконовые чехлы,Huawei Pura 80 Pro/Pura 80 Pro+,A:502014,W502014,ПП2,3346010196,1,https://s3.twcstorage.ru/35ffc2ef-1e09-463d-a2c4-c183d5deb59a/prints/pp2/W502014.webp
Силиконовые чехлы,Huawei Pura 80 Pro/Pura 80 Pro+,A:502018,W502018,ПП2,3346009370,38,https://s3.twcstorage.ru/35ffc2ef-1e09-463d-a2c4-c183d5deb59a/prints/pp2/W502018.webp
Силиконовые чехлы,Huawei Pura 80 Pro/Pura 80 Pro+,A:502020,W502020,ПП2,3346010951,88,https://s3.twcstorage.ru/35ffc2ef-1e09-463d-a2c4-c183d5deb59a/prints/pp2/W502020.webp
Силиконовые чехлы,Huawei Pura 80 Pro/Pura 80 Pro+,A:502025,W502025,ПП2,3346013986,54,https://s3.twcstorage.ru/35ffc2ef-1e09-463d-a2c4-c183d5deb59a/prints/pp2/W502025.webp
Силиконовые чехлы,Huawei Pura 80 Pro/Pura 80 Pro+,A:502029,W502029,ПП2,3346014783,13,https://s3.twcstorage.ru/35ffc2ef-1e09-463d-a2c4-c183d5deb59a/prints/pp2/W502029.webp
Силиконовые чехлы,Huawei Pura 80 Pro/Pura 80 Pro+,A:502037,W502037,ПП2,3346010673,8,https://s3.twcstorage.ru/35ffc2ef-1e09-463d-a2c4-c183d5deb59a/prints/pp2/W502037.webp
Матовые цветные чехлы для печати,Huawei Pura 80 Pro/Pura 80 Pro+,A:506330,W5063301,ПП2,4898703794,32,https://s3.twcstorage.ru/35ffc2ef-1e09-463d-a2c4-c183d5deb59a/prints/pp2/W5063301.webp
Силиконовые чехлы,Huawei Pura 80 Pro/Pura 80 Pro+,A:506346,W506346,ПП2,4895003654,79,https://s3.twcstorage.ru/35ffc2ef-1e09-463d-a2c4-c183d5deb59a/prints/pp2/W506346.webp
Матовые цветные чехлы для печати,Infinix GT 20 Pro,A:506337,W5063371,ПП2,4899295304,33,https://s3.twcstorage.ru/35ffc2ef-1e09-463d-a2c4-c183d5deb59a/prints/pp2/W5063371.webp
Силиконовые чехлы,Infinix GT 30 Pro,A:506331,W506331,ПП2,4895356519,19,https://s3.twcstorage.ru/35ffc2ef-1e09-463d-a2c4-c183d5deb59a/prints/pp2/W5063311.webp
Матовые цветные чехлы для печати,Infinix GT 30 Pro,A:506332,W5063321,ПП2,4898972114,14,https://s3.twcstorage.ru/35ffc2ef-1e09-463d-a2c4-c183d5deb59a/prints/pp2/W5063321.webp
Белые софт-тач,Infinix HOT 40/40 Pro,A:501952,W501952,ПП2,3280481860,1000000,https://s3.twcstorage.ru/35ffc2ef-1e09-463d-a2c4-c183d5deb59a/prints/pp2/W501952.webp
Силиконовые чехлы,Infinix HOT 40/40 Pro,A:501967,Q501967,ПП2,3280867048,136,https://s3.twcstorage.ru/35ffc2ef-1e09-463d-a2c4-c183d5deb59a/prints/pp2/W501967.webp
Силиконовые чехлы,Infinix HOT 40/40 Pro,A:501978,Q501978,ПП2,3280863172,2,https://s3.twcstorage.ru/35ffc2ef-1e09-463d-a2c4-c183d5deb59a/prints/pp2/Q5019781.webp
Силиконовые чехлы,Infinix HOT 40/40 Pro,A:501980,Q501980,ПП2,3280866947,4,https://s3.twcstorage.ru/35ffc2ef-1e09-463d-a2c4-c183d5deb59a/prints/pp2/Q5019801.webp
Силиконовые чехлы,Infinix HOT 40/40 Pro,A:501991,Q501991,ПП2,3280865381,1000000,https://s3.twcstorage.ru/35ffc2ef-1e09-463d-a2c4-c183d5deb59a/prints/pp2/Q501991.webp
Силиконовые чехлы,Infinix HOT 40/40 Pro,A:502010,W502010,ПП2,3280863911,3,https://s3.twcstorage.ru/35ffc2ef-1e09-463d-a2c4-c183d5deb59a/prints/pp2/W502010.webp
Силиконовые чехлы,Infinix HOT 40/40 Pro,A:502014,W502014,ПП2,3280864082,1,https://s3.twcstorage.ru/35ffc2ef-1e09-463d-a2c4-c183d5deb59a/prints/pp2/W502014.webp
Силиконовые чехлы,Infinix HOT 40/40 Pro,A:502055,W502055,ПП2,3280863599,96,https://s3.twcstorage.ru/35ffc2ef-1e09-463d-a2c4-c183d5deb59a/prints/pp2/W502055.webp
Матовые цветные чехлы для печати,Infinix HOT 40/40 Pro,A:506332,W5063321,ПП2,4896789636,14,https://s3.twcstorage.ru/35ffc2ef-1e09-463d-a2c4-c183d5deb59a/prints/pp2/W5063321.webp
Силиконовые чехлы,Infinix Hot 30i,A:501935,W501935,ПП2,3280828265,128,https://s3.twcstorage.ru/35ffc2ef-1e09-463d-a2c4-c183d5deb59a/prints/pp2/W501935.webp
Силиконовые чехлы,Infinix Hot 30i,A:501947,W501947,ПП2,3280827994,16,https://s3.twcstorage.ru/35ffc2ef-1e09-463d-a2c4-c183d5deb59a/prints/pp2/W501947.webp
Силиконовые чехлы,Infinix Hot 30i,A:501980,Q501980,ПП2,3280819597,4,https://s3.twcstorage.ru/35ffc2ef-1e09-463d-a2c4-c183d5deb59a/prints/pp2/Q5019801.webp
Силиконовые чехлы,Infinix Hot 50 4G,A:501989,Q501989,ПП2,3280806708,61,https://s3.twcstorage.ru/35ffc2ef-1e09-463d-a2c4-c183d5deb59a/prints/pp2/Y501989.webp
Силиконовые чехлы,Infinix Hot 50 4G,A:502022,W502022,ПП2,3280807058,1000000,https://s3.twcstorage.ru/35ffc2ef-1e09-463d-a2c4-c183d5deb59a/prints/pp2/Y502022.webp
Белые софт-тач,Infinix Note 30 4G,A:501947,W501947,ПП2,3281081914,13,https://s3.twcstorage.ru/35ffc2ef-1e09-463d-a2c4-c183d5deb59a/prints/pp2/W501947.webp
Чёрные софт-тач,Infinix Note 30 Pro,A:501948,S501948,ПП2,3277084889,1000000,https://s3.twcstorage.ru/35ffc2ef-1e09-463d-a2c4-c183d5deb59a/prints/pp2/W501948.webp
Силиконовые чехлы,Infinix Note 30 Pro,A:501962,C501962,ПП2,3346196631,31,https://s3.twcstorage.ru/35ffc2ef-1e09-463d-a2c4-c183d5deb59a/prints/pp2/W501962.webp
Силиконовые чехлы,Infinix Note 30 Pro,A:501963,Q501963,ПП2,3346193779,111,https://s3.twcstorage.ru/35ffc2ef-1e09-463d-a2c4-c183d5deb59a/prints/pp2/Q5019631.webp
Силиконовые чехлы,Infinix Note 30 Pro,A:501978,Q501978,ПП2,3346193640,2,https://s3.twcstorage.ru/35ffc2ef-1e09-463d-a2c4-c183d5deb59a/prints/pp2/Q5019781.webp
Силиконовые чехлы,Infinix Note 30 Pro,A:502019,W502019,ПП2,3346194257,24,https://s3.twcstorage.ru/35ffc2ef-1e09-463d-a2c4-c183d5deb59a/prints/pp2/W502019.webp
Силиконовые чехлы,Infinix Note 30 Pro,A:502055,W502055,ПП2,3346194512,96,https://s3.twcstorage.ru/35ffc2ef-1e09-463d-a2c4-c183d5deb59a/prints/pp2/W502055.webp
Силиконовые чехлы,Infinix Note 30 Pro,A:502063,W502063,ПП2,3346193920,97,https://s3.twcstorage.ru/35ffc2ef-1e09-463d-a2c4-c183d5deb59a/prints/pp2/W502063.webp
Белые софт-тач,Infinix Note 30 Pro,A:502069,W502069,ПП2,3277263246,8,https://s3.twcstorage.ru/35ffc2ef-1e09-463d-a2c4-c183d5deb59a/prints/pp2/W502069.webp
Белые софт-тач,Infinix Note 30i,A:501954,W501954,ПП2,3280612222,1000000,https://s3.twcstorage.ru/35ffc2ef-1e09-463d-a2c4-c183d5deb59a/prints/pp2/W501954.webp
Силиконовые чехлы,Infinix Note 30i,A:501962,C501962,ПП2,3345811987,31,https://s3.twcstorage.ru/35ffc2ef-1e09-463d-a2c4-c183d5deb59a/prints/pp2/W501962.webp
Силиконовые чехлы,Infinix Note 30i,A:501980,Q501980,ПП2,3345803209,4,https://s3.twcstorage.ru/35ffc2ef-1e09-463d-a2c4-c183d5deb59a/prints/pp2/Q5019801.webp
Стеклянные чехлы,Infinix Note 30i,A:501993,Q5019931,ПП2,3277029481,3,https://s3.twcstorage.ru/35ffc2ef-1e09-463d-a2c4-c183d5deb59a/prints/pp2/Q5019931.webp
Матовые цветные чехлы для печати,Infinix Note 30i,A:501997,W501997,ПП2,3277161298,43,https://s3.twcstorage.ru/35ffc2ef-1e09-463d-a2c4-c183d5deb59a/prints/pp2/Y501997.webp
Матовые цветные чехлы для печати,Infinix Note 30i,A:502005,W502005,ПП2,3277161171,61,https://s3.twcstorage.ru/35ffc2ef-1e09-463d-a2c4-c183d5deb59a/prints/pp2/W502005.webp
Белые софт-тач,Infinix Note 30i,A:502007,W502007,ПП2,3280612644,21,https://s3.twcstorage.ru/35ffc2ef-1e09-463d-a2c4-c183d5deb59a/prints/pp2/W502007.webp
Матовые цветные чехлы для печати,Infinix Note 30i,A:502010,W502010,ПП2,3277161400,6,https://s3.twcstorage.ru/35ffc2ef-1e09-463d-a2c4-c183d5deb59a/prints/pp2/W502010.webp
Матовые цветные чехлы для печати,Infinix Note 30i,A:502012,W502012,ПП2,3277161665,1,https://s3.twcstorage.ru/35ffc2ef-1e09-463d-a2c4-c183d5deb59a/prints/pp2/W502012.webp
Белые софт-тач,Infinix Note 30i,A:502053,W502053,ПП2,3280612972,1,https://s3.twcstorage.ru/35ffc2ef-1e09-463d-a2c4-c183d5deb59a/prints/pp2/W502053.webp
Матовые цветные чехлы для печати,Infinix Note 30i,A:506340,W5063401,ПП2,4900973805,13,https://s3.twcstorage.ru/35ffc2ef-1e09-463d-a2c4-c183d5deb59a/prints/pp2/W5063401.webp
Чёрные софт-тач,Infinix Note 50 pro,A:501945,S501945,ПП2,3277086634,6,https://s3.twcstorage.ru/35ffc2ef-1e09-463d-a2c4-c183d5deb59a/prints/pp2/W501945.webp
Силиконовые чехлы,Infinix Note 60 Pro,A:501978,Q501978,ПП2,5026835938,2,https://s3.twcstorage.ru/35ffc2ef-1e09-463d-a2c4-c183d5deb59a/prints/pp2/Q5019781.webp
Силиконовые чехлы,Infinix Note 60 Pro,A:502029,W502029,ПП2,5026834685,13,https://s3.twcstorage.ru/35ffc2ef-1e09-463d-a2c4-c183d5deb59a/prints/pp2/W502029.webp
Силиконовые чехлы,Infinix Note 60 Pro,A:506329,W506329,ПП2,5026868011,43,https://s3.twcstorage.ru/35ffc2ef-1e09-463d-a2c4-c183d5deb59a/prints/pp2/W5063291.webp
Матовые цветные чехлы для печати,Infinix Smart 10,A:501940,W501940,ПП2,3277209707,42,https://s3.twcstorage.ru/35ffc2ef-1e09-463d-a2c4-c183d5deb59a/prints/pp2/W501940.webp
Силиконовые чехлы,Infinix Smart 10,A:501978,Q501978,ПП2,3295443680,2,https://s3.twcstorage.ru/35ffc2ef-1e09-463d-a2c4-c183d5deb59a/prints/pp2/Q5019781.webp
Силиконовые чехлы,Infinix Smart 10,A:501979,Q501979,ПП2,3295444296,32,https://s3.twcstorage.ru/35ffc2ef-1e09-463d-a2c4-c183d5deb59a/prints/pp2/Q5019791.webp
Силиконовые чехлы,Infinix Smart 10,A:502009,W502009,ПП2,3295443514,5,https://s3.twcstorage.ru/35ffc2ef-1e09-463d-a2c4-c183d5deb59a/prints/pp2/W502009.webp
Силиконовые чехлы,Infinix Smart 10,A:502014,W502014,ПП2,3295442324,1,https://s3.twcstorage.ru/35ffc2ef-1e09-463d-a2c4-c183d5deb59a/prints/pp2/W502014.webp
Силиконовые чехлы,Infinix Smart 10,A:502017,W502017,ПП2,3295442028,63,https://s3.twcstorage.ru/35ffc2ef-1e09-463d-a2c4-c183d5deb59a/prints/pp2/W502017.webp
Матовые цветные чехлы для печати,Infinix Smart 10,A:502031,W502031,ПП2,3277208837,84,https://s3.twcstorage.ru/35ffc2ef-1e09-463d-a2c4-c183d5deb59a/prints/pp2/W502031.webp
Силиконовые чехлы,Infinix Smart 10,A:502039,W502039,ПП2,3295443804,95,https://s3.twcstorage.ru/35ffc2ef-1e09-463d-a2c4-c183d5deb59a/prints/pp2/W502039.webp
Силиконовые чехлы,Infinix Smart 10,A:502069,W502069,ПП2,3295442323,9,https://s3.twcstorage.ru/35ffc2ef-1e09-463d-a2c4-c183d5deb59a/prints/pp2/W502069.webp
Силиконовые чехлы,Infinix Smart 9/Hot 50i,A:502058,W502058,ПП2,3280855607,1000000,https://s3.twcstorage.ru/35ffc2ef-1e09-463d-a2c4-c183d5deb59a/prints/pp2/W502058.webp
Силиконовые чехлы,Nothing Phone 3a,A:501957,C501957,ПП2,3346022275,17,https://s3.twcstorage.ru/35ffc2ef-1e09-463d-a2c4-c183d5deb59a/prints/pp2/W501957.webp
Силиконовые чехлы,Nothing Phone 3a,A:506382,Q506382,ПП2,4895168168,104,https://s3.twcstorage.ru/35ffc2ef-1e09-463d-a2c4-c183d5deb59a/prints/pp2/Q5063821.webp
Силиконовые чехлы,OPPO A5x,A:501962,C501962,ПП2,3346188113,31,https://s3.twcstorage.ru/35ffc2ef-1e09-463d-a2c4-c183d5deb59a/prints/pp2/W501962.webp
Силиконовые чехлы,OPPO A5x,A:501978,Q501978,ПП2,3346186889,2,https://s3.twcstorage.ru/35ffc2ef-1e09-463d-a2c4-c183d5deb59a/prints/pp2/Q5019781.webp
Силиконовые чехлы,OPPO A5x,A:502069,W502069,ПП2,3346185153,9,https://s3.twcstorage.ru/35ffc2ef-1e09-463d-a2c4-c183d5deb59a/prints/pp2/W502069.webp
Белые софт-тач,OnePlus 13,A:501951,W501951,ПП2,3277239836,9,https://s3.twcstorage.ru/35ffc2ef-1e09-463d-a2c4-c183d5deb59a/prints/pp2/W501951.webp
Силиконовые чехлы,OnePlus 13,A:501956,W501956,ПП2,3346332790,1000000,https://s3.twcstorage.ru/35ffc2ef-1e09-463d-a2c4-c183d5deb59a/prints/pp2/W501956.webp
Силиконовые чехлы,OnePlus 13,A:501957,W501957,ПП2,3346333165,17,https://s3.twcstorage.ru/35ffc2ef-1e09-463d-a2c4-c183d5deb59a/prints/pp2/W501957.webp
Силиконовые чехлы,OnePlus 13,A:501974,Q501974,ПП2,3346333512,74,https://s3.twcstorage.ru/35ffc2ef-1e09-463d-a2c4-c183d5deb59a/prints/pp2/Q501974.webp
Силиконовые чехлы,OnePlus 13,A:501978,Q501978,ПП2,3346332983,2,https://s3.twcstorage.ru/35ffc2ef-1e09-463d-a2c4-c183d5deb59a/prints/pp2/Q5019781.webp
Силиконовые чехлы,OnePlus 13,A:502009,W502009,ПП2,3346340180,5,https://s3.twcstorage.ru/35ffc2ef-1e09-463d-a2c4-c183d5deb59a/prints/pp2/W502009.webp
Белые софт-тач,OnePlus 13,A:502012,W502012,ПП2,3277239968,11,https://s3.twcstorage.ru/35ffc2ef-1e09-463d-a2c4-c183d5deb59a/prints/pp2/W502012.webp
Силиконовые чехлы,OnePlus 13,A:502044,W502044,ПП2,3346333005,146,https://s3.twcstorage.ru/35ffc2ef-1e09-463d-a2c4-c183d5deb59a/prints/pp2/W502044.webp
Белые софт-тач,OnePlus 13,A:502053,W502053,ПП2,3277242057,1,https://s3.twcstorage.ru/35ffc2ef-1e09-463d-a2c4-c183d5deb59a/prints/pp2/W502053.webp
Белые софт-тач,OnePlus 13,A:502067,W502067,ПП2,3277240139,37,https://s3.twcstorage.ru/35ffc2ef-1e09-463d-a2c4-c183d5deb59a/prints/pp2/W5020671.webp
Матовые цветные чехлы для печати,OnePlus 15,A:501947,W501947,ПП2,3837295325,5,https://s3.twcstorage.ru/35ffc2ef-1e09-463d-a2c4-c183d5deb59a/prints/pp2/W501947.webp
Силиконовые чехлы,OnePlus 15,A:501957,W501957,ПП2,3858439464,17,https://s3.twcstorage.ru/35ffc2ef-1e09-463d-a2c4-c183d5deb59a/prints/pp2/W501957.webp
Силиконовые чехлы,OnePlus 15,A:501962,W501962,ПП2,3858439778,31,https://s3.twcstorage.ru/35ffc2ef-1e09-463d-a2c4-c183d5deb59a/prints/pp2/W501962.webp
Стеклянные чехлы,OnePlus 15,A:501980,Q5019801,ПП2,3836123393,1,https://s3.twcstorage.ru/35ffc2ef-1e09-463d-a2c4-c183d5deb59a/prints/pp2/Q5019801.webp
Матовые цветные чехлы для печати,OnePlus 15,A:502017,W502017,ПП2,3837295094,1000000,https://s3.twcstorage.ru/35ffc2ef-1e09-463d-a2c4-c183d5deb59a/prints/pp2/W502017.webp
Матовые цветные чехлы для печати,OnePlus 15,A:502025,W502025,ПП2,3837297658,12,https://s3.twcstorage.ru/35ffc2ef-1e09-463d-a2c4-c183d5deb59a/prints/pp2/W502025.webp
Матовые цветные чехлы для печати,OnePlus 15,A:502029,W502029,ПП2,3837298256,9,https://s3.twcstorage.ru/35ffc2ef-1e09-463d-a2c4-c183d5deb59a/prints/pp2/W502029.webp
Матовые цветные чехлы для печати,OnePlus 15,A:502031,W502031,ПП2,3837297034,84,https://s3.twcstorage.ru/35ffc2ef-1e09-463d-a2c4-c183d5deb59a/prints/pp2/W502031.webp
Силиконовые чехлы,OnePlus 15,A:502054,W502054,ПП2,3858436659,39,https://s3.twcstorage.ru/35ffc2ef-1e09-463d-a2c4-c183d5deb59a/prints/pp2/W502054.webp
Матовые цветные чехлы для печати,OnePlus 15,A:502065,W502065,ПП2,3837297655,2,https://s3.twcstorage.ru/35ffc2ef-1e09-463d-a2c4-c183d5deb59a/prints/pp2/W502065.webp
Силиконовые чехлы,OnePlus 15,A:502069,W502069,ПП2,3858436757,9,https://s3.twcstorage.ru/35ffc2ef-1e09-463d-a2c4-c183d5deb59a/prints/pp2/W502069.webp
Силиконовые чехлы,OnePlus 15,A:506329,W506329,ПП2,4896489163,43,https://s3.twcstorage.ru/35ffc2ef-1e09-463d-a2c4-c183d5deb59a/prints/pp2/W5063291.webp
Матовые цветные чехлы для печати,OnePlus 15,A:506331,W5063311,ПП2,4896675281,17,https://s3.twcstorage.ru/35ffc2ef-1e09-463d-a2c4-c183d5deb59a/prints/pp2/W5063311.webp
Матовые цветные чехлы для печати,OnePlus 15,A:506336,W5063361,ПП2,4896675032,16,https://s3.twcstorage.ru/35ffc2ef-1e09-463d-a2c4-c183d5deb59a/prints/pp2/W5063361.webp
Матовые цветные чехлы для печати,OnePlus 15,A:506337,W5063371,ПП2,4896636286,33,https://s3.twcstorage.ru/35ffc2ef-1e09-463d-a2c4-c183d5deb59a/prints/pp2/W5063371.webp
Матовые цветные чехлы для печати,OnePlus 15,A:506338,W5063381,ПП2,4896636655,86,https://s3.twcstorage.ru/35ffc2ef-1e09-463d-a2c4-c183d5deb59a/prints/pp2/W5063381.webp
Силиконовые чехлы,OnePlus 15,A:506339,W506339,ПП2,4896490419,23,https://s3.twcstorage.ru/35ffc2ef-1e09-463d-a2c4-c183d5deb59a/prints/pp2/W5063391.webp
Силиконовые чехлы,OnePlus 15,A:506364,W506364,ПП2,4896488667,58,https://s3.twcstorage.ru/35ffc2ef-1e09-463d-a2c4-c183d5deb59a/prints/pp2/W506364.webp
Матовые цветные чехлы для печати,OnePlus 15,A:506374,W506374,ПП2,4896675448,30,https://s3.twcstorage.ru/35ffc2ef-1e09-463d-a2c4-c183d5deb59a/prints/pp2/W506374.webp
Силиконовые чехлы,OnePlus Nord 5,A:501943,C501943,ПП2,3280891873,109,https://s3.twcstorage.ru/35ffc2ef-1e09-463d-a2c4-c183d5deb59a/prints/pp2/S501943.webp
Стеклянные чехлы,OnePlus Nord 5,A:501964,Q5019641,ПП2,3836131162,10,https://s3.twcstorage.ru/35ffc2ef-1e09-463d-a2c4-c183d5deb59a/prints/pp2/Q5019641.webp
Матовые цветные чехлы для печати,OnePlus Nord 5,A:502009,W502009,ПП2,3837326740,22,https://s3.twcstorage.ru/35ffc2ef-1e09-463d-a2c4-c183d5deb59a/prints/pp2/W502009.webp
Матовые цветные чехлы для печати,OnePlus Nord 5,A:502065,W502065,ПП2,3837326822,2,https://s3.twcstorage.ru/35ffc2ef-1e09-463d-a2c4-c183d5deb59a/prints/pp2/W502065.webp
Силиконовые чехлы,OnePlus Nord 5,A:502067,W502067,ПП2,3280891533,28,https://s3.twcstorage.ru/35ffc2ef-1e09-463d-a2c4-c183d5deb59a/prints/pp2/W5020671.webp
Матовые цветные чехлы для печати,OnePlus Nord 5,A:506341,W5063411,ПП2,4897149493,55,https://s3.twcstorage.ru/35ffc2ef-1e09-463d-a2c4-c183d5deb59a/prints/pp2/W5063411.webp
Матовые цветные чехлы для печати,OnePlus Nord CE 5,A:506337,W5063371,ПП2,4896567238,33,https://s3.twcstorage.ru/35ffc2ef-1e09-463d-a2c4-c183d5deb59a/prints/pp2/W5063371.webp
Матовые цветные чехлы для печати,OnePlus Nord CE 5,A:506345,W5063451,ПП2,4896567088,67,https://s3.twcstorage.ru/35ffc2ef-1e09-463d-a2c4-c183d5deb59a/prints/pp2/W5063451.webp
Матовые цветные чехлы для печати,OnePlus Nord CE 5,A:506370,W506370,ПП2,4896568279,71,https://s3.twcstorage.ru/35ffc2ef-1e09-463d-a2c4-c183d5deb59a/prints/pp2/W506370.webp
Силиконовые чехлы,Poco M7 4G,A:501971,Q501971,ПП2,3346162025,137,https://s3.twcstorage.ru/35ffc2ef-1e09-463d-a2c4-c183d5deb59a/prints/pp2/Q501971.webp
Силиконовые чехлы,Poco M7 4G,A:501974,Q501974,ПП2,3346165510,74,https://s3.twcstorage.ru/35ffc2ef-1e09-463d-a2c4-c183d5deb59a/prints/pp2/Q501974.webp
Силиконовые чехлы,Poco M7 4G,A:501983,Q501983,ПП2,3346167253,139,https://s3.twcstorage.ru/35ffc2ef-1e09-463d-a2c4-c183d5deb59a/prints/pp2/Y501983.webp
Матовые цветные чехлы для печати,Poco M7 4G,A:506331,W5063311,ПП2,4901477832,17,https://s3.twcstorage.ru/35ffc2ef-1e09-463d-a2c4-c183d5deb59a/prints/pp2/W5063311.webp
Силиконовые чехлы,Poco M7 4G,A:506340,W506340,ПП2,4896049062,15,https://s3.twcstorage.ru/35ffc2ef-1e09-463d-a2c4-c183d5deb59a/prints/pp2/W5063401.webp
Матовые цветные чехлы для печати,Poco M7 4G,A:506379,W506379,ПП2,4901478392,1000000,https://s3.twcstorage.ru/35ffc2ef-1e09-463d-a2c4-c183d5deb59a/prints/pp2/W506379.webp
Силиконовые чехлы,Poco X8 Pro Max,A:502035,W502035,ПП2,5024420127,30,https://s3.twcstorage.ru/35ffc2ef-1e09-463d-a2c4-c183d5deb59a/prints/pp2/W502035.webp
Стеклянные чехлы,Realme 10 4G,A:501978,Q5019781,ПП2,3277027703,2,https://s3.twcstorage.ru/35ffc2ef-1e09-463d-a2c4-c183d5deb59a/prints/pp2/Q5019781.webp
Стеклянные чехлы,Realme 10 4G,A:501980,Q5019801,ПП2,3277028106,1,https://s3.twcstorage.ru/35ffc2ef-1e09-463d-a2c4-c183d5deb59a/prints/pp2/Q5019801.webp
Силиконовые чехлы,Realme 10 4G,A:502010,W502010,ПП2,3345689212,3,https://s3.twcstorage.ru/35ffc2ef-1e09-463d-a2c4-c183d5deb59a/prints/pp2/W502010.webp
Белые софт-тач,Realme 10 4G,A:502013,W502013,ПП2,3837384708,59,https://s3.twcstorage.ru/35ffc2ef-1e09-463d-a2c4-c183d5deb59a/prints/pp2/W502013.webp
Силиконовые чехлы,Realme 10 4G,A:502014,W502014,ПП2,3345679887,1,https://s3.twcstorage.ru/35ffc2ef-1e09-463d-a2c4-c183d5deb59a/prints/pp2/W502014.webp
Белые софт-тач,Realme 10 4G,A:502053,W502053,ПП2,3837384287,1,https://s3.twcstorage.ru/35ffc2ef-1e09-463d-a2c4-c183d5deb59a/prints/pp2/W502053.webp
Белые софт-тач,Realme 10 4G,A:506330,W506330,ПП2,4901992450,10,https://s3.twcstorage.ru/35ffc2ef-1e09-463d-a2c4-c183d5deb59a/prints/pp2/W5063301.webp
Силиконовые чехлы,Realme 11 4G,A:501978,Q501978,ПП2,3346038785,2,https://s3.twcstorage.ru/35ffc2ef-1e09-463d-a2c4-c183d5deb59a/prints/pp2/Q5019781.webp
Силиконовые чехлы,Realme 11 4G,A:501980,Q501980,ПП2,3346038329,4,https://s3.twcstorage.ru/35ffc2ef-1e09-463d-a2c4-c183d5deb59a/prints/pp2/Q5019801.webp
Силиконовые чехлы,Realme 11 4G,A:501982,Q501982,ПП2,3346045814,138,https://s3.twcstorage.ru/35ffc2ef-1e09-463d-a2c4-c183d5deb59a/prints/pp2/Y501982.webp
Силиконовые чехлы,Realme 11 4G,A:502010,W502010,ПП2,3346037417,3,https://s3.twcstorage.ru/35ffc2ef-1e09-463d-a2c4-c183d5deb59a/prints/pp2/W502010.webp
Силиконовые чехлы,Realme 11 4G,A:502035,W502035,ПП2,3346042650,30,https://s3.twcstorage.ru/35ffc2ef-1e09-463d-a2c4-c183d5deb59a/prints/pp2/W502035.webp
Силиконовые чехлы,Realme 11 4G,A:502048,W502048,ПП2,3346037966,33,https://s3.twcstorage.ru/35ffc2ef-1e09-463d-a2c4-c183d5deb59a/prints/pp2/Y502048.webp
Силиконовые чехлы,Realme 11 4G,A:502049,W502049,ПП2,3346038149,49,https://s3.twcstorage.ru/35ffc2ef-1e09-463d-a2c4-c183d5deb59a/prints/pp2/Y502049.webp
Силиконовые чехлы,Realme 14 5G,A:502016,W502016,ПП2,3346301752,68,https://s3.twcstorage.ru/35ffc2ef-1e09-463d-a2c4-c183d5deb59a/prints/pp2/W502016.webp
Силиконовые чехлы,Realme 14 5G,A:502029,W502029,ПП2,3346301357,13,https://s3.twcstorage.ru/35ffc2ef-1e09-463d-a2c4-c183d5deb59a/prints/pp2/W502029.webp
Объемные матовые чехлы черные,Realme 14 5G,A:502032,W502032,ПП2,4998240559,20,https://s3.twcstorage.ru/35ffc2ef-1e09-463d-a2c4-c183d5deb59a/prints/pp2/W502032.webp
Белые софт-тач,Realme 14 5G,A:502053,W502053,ПП2,3277265258,1,https://s3.twcstorage.ru/35ffc2ef-1e09-463d-a2c4-c183d5deb59a/prints/pp2/W502053.webp
Силиконовые чехлы,Realme 14 5G,A:506332,W506332,ПП2,4896268793,11,https://s3.twcstorage.ru/35ffc2ef-1e09-463d-a2c4-c183d5deb59a/prints/pp2/W5063321.webp
Силиконовые чехлы,Realme 14 Pro +,A:501947,C501947,ПП2,3345791086,16,https://s3.twcstorage.ru/35ffc2ef-1e09-463d-a2c4-c183d5deb59a/prints/pp2/W501947.webp
Силиконовые чехлы,Realme 14 Pro +,A:502014,W502014,ПП2,3345790817,1,https://s3.twcstorage.ru/35ffc2ef-1e09-463d-a2c4-c183d5deb59a/prints/pp2/W502014.webp
Силиконовые чехлы,Realme 14 Pro +,A:502036,W502036,ПП2,3345791517,10,https://s3.twcstorage.ru/35ffc2ef-1e09-463d-a2c4-c183d5deb59a/prints/pp2/W502036.webp
Силиконовые чехлы,Realme 14T,A:501978,Q501978,ПП2,3346107945,2,https://s3.twcstorage.ru/35ffc2ef-1e09-463d-a2c4-c183d5deb59a/prints/pp2/Q5019781.webp
Силиконовые чехлы,Realme 14T,A:502039,W502039,ПП2,3346108557,95,https://s3.twcstorage.ru/35ffc2ef-1e09-463d-a2c4-c183d5deb59a/prints/pp2/W502039.webp
Белые софт-тач,Realme 14T,A:502053,W502053,ПП2,3277234113,1,https://s3.twcstorage.ru/35ffc2ef-1e09-463d-a2c4-c183d5deb59a/prints/pp2/W502053.webp
Силиконовые чехлы,Realme 15,A:501996,W501996,ПП2,3858503722,66,https://s3.twcstorage.ru/35ffc2ef-1e09-463d-a2c4-c183d5deb59a/prints/pp2/Y501996.webp
Силиконовые чехлы,Realme 15,A:502009,W502009,ПП2,3858503959,5,https://s3.twcstorage.ru/35ffc2ef-1e09-463d-a2c4-c183d5deb59a/prints/pp2/W502009.webp
Силиконовые чехлы,Realme 15,A:506332,W506332,ПП2,4896412230,11,https://s3.twcstorage.ru/35ffc2ef-1e09-463d-a2c4-c183d5deb59a/prints/pp2/W5063321.webp
Матовые цветные чехлы для печати,Realme 15,A:506334,W5063341,ПП2,4896958659,24,https://s3.twcstorage.ru/35ffc2ef-1e09-463d-a2c4-c183d5deb59a/prints/pp2/W5063341.webp
Силиконовые чехлы,Realme 15 Pro,A:501978,Q501978,ПП2,3858462758,2,https://s3.twcstorage.ru/35ffc2ef-1e09-463d-a2c4-c183d5deb59a/prints/pp2/Q5019781.webp
Силиконовые чехлы,Realme 15 Pro,A:501980,Q501980,ПП2,3858463389,4,https://s3.twcstorage.ru/35ffc2ef-1e09-463d-a2c4-c183d5deb59a/prints/pp2/Q5019801.webp
Силиконовые чехлы,Realme 15 Pro,A:501993,Q501993,ПП2,3858461084,21,https://s3.twcstorage.ru/35ffc2ef-1e09-463d-a2c4-c183d5deb59a/prints/pp2/Q5019931.webp
Силиконовые чехлы,Realme 15 Pro,A:502065,W502065,ПП2,3858459564,22,https://s3.twcstorage.ru/35ffc2ef-1e09-463d-a2c4-c183d5deb59a/prints/pp2/W502065.webp
Силиконовые чехлы,Realme 15 Pro,A:506340,W506340,ПП2,4896355095,15,https://s3.twcstorage.ru/35ffc2ef-1e09-463d-a2c4-c183d5deb59a/prints/pp2/W5063401.webp
Матовые цветные чехлы для печати,Realme 15 Pro,A:506373,W506373,ПП2,4898004173,34,https://s3.twcstorage.ru/35ffc2ef-1e09-463d-a2c4-c183d5deb59a/prints/pp2/W506373.webp
Силиконовые чехлы,Realme 15T,A:501947,C501947,ПП2,3345864959,16,https://s3.twcstorage.ru/35ffc2ef-1e09-463d-a2c4-c183d5deb59a/prints/pp2/W501947.webp
Силиконовые чехлы,Realme 15T,A:501949,W501949,ПП2,3345864731,60,https://s3.twcstorage.ru/35ffc2ef-1e09-463d-a2c4-c183d5deb59a/prints/pp2/W501949.webp
Силиконовые чехлы,Realme 15T,A:501990,Q501990,ПП2,3345864207,42,https://s3.twcstorage.ru/35ffc2ef-1e09-463d-a2c4-c183d5deb59a/prints/pp2/Y501990.webp
Матовые цветные чехлы для печати,Realme 15T,A:502006,W502006,ПП2,3277165195,21,https://s3.twcstorage.ru/35ffc2ef-1e09-463d-a2c4-c183d5deb59a/prints/pp2/W502006.webp
Матовые цветные чехлы для печати,Realme 15T,A:502067,W5020671,ПП2,3277165519,28,https://s3.twcstorage.ru/35ffc2ef-1e09-463d-a2c4-c183d5deb59a/prints/pp2/W5020671.webp
Матовые цветные чехлы для печати,Realme 15T,A:502068,W502068,ПП2,3277165485,85,https://s3.twcstorage.ru/35ffc2ef-1e09-463d-a2c4-c183d5deb59a/prints/pp2/W502068.webp
Матовые цветные чехлы для печати,Realme 15T,A:506331,W5063311,ПП2,4902641077,17,https://s3.twcstorage.ru/35ffc2ef-1e09-463d-a2c4-c183d5deb59a/prints/pp2/W5063311.webp
Матовые цветные чехлы для печати,Realme 15T,A:506340,W5063401,ПП2,4902506709,13,https://s3.twcstorage.ru/35ffc2ef-1e09-463d-a2c4-c183d5deb59a/prints/pp2/W5063401.webp
Силиконовые чехлы,Realme 9 Pro/9 5G,A:501938,W501938,ПП2,3346136019,130,https://s3.twcstorage.ru/35ffc2ef-1e09-463d-a2c4-c183d5deb59a/prints/pp2/W501938.webp
Силиконовые чехлы,Realme 9 Pro/9 5G,A:501947,W501947,ПП2,3346133097,16,https://s3.twcstorage.ru/35ffc2ef-1e09-463d-a2c4-c183d5deb59a/prints/pp2/W501947.webp
Силиконовые чехлы,Realme 9 Pro/9 5G,A:501980,Q501980,ПП2,3346133216,4,https://s3.twcstorage.ru/35ffc2ef-1e09-463d-a2c4-c183d5deb59a/prints/pp2/Q5019801.webp
Силиконовые чехлы,Realme 9 Pro/9 5G,A:501981,Q501981,ПП2,3346135577,1000000,https://s3.twcstorage.ru/35ffc2ef-1e09-463d-a2c4-c183d5deb59a/prints/pp2/Y501981.webp
Силиконовые чехлы,Realme 9 Pro/9 5G,A:501982,Q501982,ПП2,3346133049,138,https://s3.twcstorage.ru/35ffc2ef-1e09-463d-a2c4-c183d5deb59a/prints/pp2/Y501982.webp
Силиконовые чехлы,Realme 9 Pro/9 5G,A:502008,W502008,ПП2,3346133121,6,https://s3.twcstorage.ru/35ffc2ef-1e09-463d-a2c4-c183d5deb59a/prints/pp2/W502008.webp
Силиконовые чехлы,Realme 9/9 Pro Plus,A:501980,Q501980,ПП2,3346280679,4,https://s3.twcstorage.ru/35ffc2ef-1e09-463d-a2c4-c183d5deb59a/prints/pp2/Q5019801.webp
Силиконовые чехлы,Realme 9/9 Pro Plus,A:502029,W502029,ПП2,3346282443,13,https://s3.twcstorage.ru/35ffc2ef-1e09-463d-a2c4-c183d5deb59a/prints/pp2/W502029.webp
Силиконовые чехлы,Realme C53/C51/Note 50,A:501931,C501931,ПП2,3295450823,89,https://s3.twcstorage.ru/35ffc2ef-1e09-463d-a2c4-c183d5deb59a/prints/pp2/W501931.webp
Силиконовые чехлы,Realme C53/C51/Note 50,A:501978,Q501978,ПП2,3295448634,2,https://s3.twcstorage.ru/35ffc2ef-1e09-463d-a2c4-c183d5deb59a/prints/pp2/Q5019781.webp
Стеклянные чехлы,Realme C53/C51/Note 50,A:501980,Q5019801,ПП2,3277027656,1,https://s3.twcstorage.ru/35ffc2ef-1e09-463d-a2c4-c183d5deb59a/prints/pp2/Q5019801.webp
Силиконовые чехлы,Realme C53/C51/Note 50,A:501987,Q501987,ПП2,3295451606,114,https://s3.twcstorage.ru/35ffc2ef-1e09-463d-a2c4-c183d5deb59a/prints/pp2/Y501987.webp
Силиконовые чехлы,Realme C53/C51/Note 50,A:501997,W501997,ПП2,3295452375,67,https://s3.twcstorage.ru/35ffc2ef-1e09-463d-a2c4-c183d5deb59a/prints/pp2/Y501997.webp
Матовые цветные чехлы для печати,Realme C53/C51/Note 50,A:502004,W502004,ПП2,3277134846,1000000,https://s3.twcstorage.ru/35ffc2ef-1e09-463d-a2c4-c183d5deb59a/prints/pp2/W502004.webp
Силиконовые чехлы,Realme C53/C51/Note 50,A:502005,W502005,ПП2,3295451117,94,https://s3.twcstorage.ru/35ffc2ef-1e09-463d-a2c4-c183d5deb59a/prints/pp2/W502005.webp
Матовые цветные чехлы для печати,Realme C53/C51/Note 50,A:502009,W502009,ПП2,3277134739,22,https://s3.twcstorage.ru/35ffc2ef-1e09-463d-a2c4-c183d5deb59a/prints/pp2/W502009.webp
Силиконовые чехлы,Realme C53/C51/Note 50,A:502014,W502014,ПП2,3295448727,1,https://s3.twcstorage.ru/35ffc2ef-1e09-463d-a2c4-c183d5deb59a/prints/pp2/W502014.webp
Силиконовые чехлы,Realme C53/C51/Note 50,A:502016,W502016,ПП2,3295451588,68,https://s3.twcstorage.ru/35ffc2ef-1e09-463d-a2c4-c183d5deb59a/prints/pp2/W502016.webp
Силиконовые чехлы,Realme C53/C51/Note 50,A:502019,W502019,ПП2,3295450905,24,https://s3.twcstorage.ru/35ffc2ef-1e09-463d-a2c4-c183d5deb59a/prints/pp2/W502019.webp
Силиконовые чехлы,Realme C53/C51/Note 50,A:502031,W502031,ПП2,3295451152,27,https://s3.twcstorage.ru/35ffc2ef-1e09-463d-a2c4-c183d5deb59a/prints/pp2/W502031.webp
Матовые цветные чехлы для печати,Realme C53/C51/Note 50,A:502032,W502032,ПП2,3277134642,4,https://s3.twcstorage.ru/35ffc2ef-1e09-463d-a2c4-c183d5deb59a/prints/pp2/W502032.webp
Матовые цветные чехлы для печати,Realme C53/C51/Note 50,A:502035,W502035,ПП2,3277134976,31,https://s3.twcstorage.ru/35ffc2ef-1e09-463d-a2c4-c183d5deb59a/prints/pp2/W502035.webp
Матовые цветные чехлы для печати,Realme C53/C51/Note 50,A:502037,W502037,ПП2,3277134687,63,https://s3.twcstorage.ru/35ffc2ef-1e09-463d-a2c4-c183d5deb59a/prints/pp2/W502037.webp
Силиконовые чехлы,Realme C53/C51/Note 50,A:502046,W502046,ПП2,3295450756,119,https://s3.twcstorage.ru/35ffc2ef-1e09-463d-a2c4-c183d5deb59a/prints/pp2/W5020461.webp
Матовые цветные чехлы для печати,Realme C53/C51/Note 50,A:502049,W502049,ПП2,3277134664,45,https://s3.twcstorage.ru/35ffc2ef-1e09-463d-a2c4-c183d5deb59a/prints/pp2/Y502049.webp
Белые софт-тач,Realme C53/C51/Note 50,A:502053,W502053,ПП2,3280427111,1,https://s3.twcstorage.ru/35ffc2ef-1e09-463d-a2c4-c183d5deb59a/prints/pp2/W502053.webp
Белые софт-тач,Realme C53/C51/Note 50,A:502067,W502067,ПП2,3280385804,37,https://s3.twcstorage.ru/35ffc2ef-1e09-463d-a2c4-c183d5deb59a/prints/pp2/W5020671.webp
Белые софт-тач,Realme C53/C51/Note 50,A:502068,W502068,ПП2,3280426792,1000000,https://s3.twcstorage.ru/35ffc2ef-1e09-463d-a2c4-c183d5deb59a/prints/pp2/W502068.webp
Объемные матовые чехлы черные,Realme C53/C51/Note 50,A:506340,W5063401,ПП2,4998364529,2,https://s3.twcstorage.ru/35ffc2ef-1e09-463d-a2c4-c183d5deb59a/prints/pp2/W5063401.webp
Силиконовые чехлы,Realme C53/C51/Note 50,A:506364,W506364,ПП2,4895557394,58,https://s3.twcstorage.ru/35ffc2ef-1e09-463d-a2c4-c183d5deb59a/prints/pp2/W506364.webp
Силиконовые чехлы,Realme C53/C51/Note 50,A:506372,W506372,ПП2,4895557622,45,https://s3.twcstorage.ru/35ffc2ef-1e09-463d-a2c4-c183d5deb59a/prints/pp2/W506372.webp
Стеклянные чехлы,Realme C53/C51/Note 50,A:506382,Q5063821,ПП2,4896614079,8,https://s3.twcstorage.ru/35ffc2ef-1e09-463d-a2c4-c183d5deb59a/prints/pp2/Q5063821.webp
Силиконовые чехлы,Realme C55,A:501949,W501949,ПП2,3280876205,60,https://s3.twcstorage.ru/35ffc2ef-1e09-463d-a2c4-c183d5deb59a/prints/pp2/W501949.webp
Белые софт-тач,Realme C55,A:501957,W501957,ПП2,3280655646,27,https://s3.twcstorage.ru/35ffc2ef-1e09-463d-a2c4-c183d5deb59a/prints/pp2/W501957.webp
Силиконовые чехлы,Realme C55,A:501968,W501968,ПП2,3280871386,91,https://s3.twcstorage.ru/35ffc2ef-1e09-463d-a2c4-c183d5deb59a/prints/pp2/W501968.webp
Силиконовые чехлы,Realme C55,A:501978,Q501978,ПП2,3280870733,2,https://s3.twcstorage.ru/35ffc2ef-1e09-463d-a2c4-c183d5deb59a/prints/pp2/Q5019781.webp
Белые софт-тач,Realme C55,A:502007,W502007,ПП2,3280716087,21,https://s3.twcstorage.ru/35ffc2ef-1e09-463d-a2c4-c183d5deb59a/prints/pp2/W502007.webp
Силиконовые чехлы,Realme C55,A:502037,W502037,ПП2,3280874490,8,https://s3.twcstorage.ru/35ffc2ef-1e09-463d-a2c4-c183d5deb59a/prints/pp2/W502037.webp
Белые софт-тач,Realme C55,A:502042,W502042,ПП2,3280660058,1000000,https://s3.twcstorage.ru/35ffc2ef-1e09-463d-a2c4-c183d5deb59a/prints/pp2/Y502042.webp
Белые софт-тач,Realme C55,A:502048,W502048,ПП2,3280659466,18,https://s3.twcstorage.ru/35ffc2ef-1e09-463d-a2c4-c183d5deb59a/prints/pp2/Y502048.webp
Белые софт-тач,Realme C55,A:506332,W506332,ПП2,4899568497,56,https://s3.twcstorage.ru/35ffc2ef-1e09-463d-a2c4-c183d5deb59a/prints/pp2/W5063321.webp
Силиконовые чехлы,Realme C61 4G (Global),A:501931,C501931,ПП2,3295467460,89,https://s3.twcstorage.ru/35ffc2ef-1e09-463d-a2c4-c183d5deb59a/prints/pp2/W501931.webp
Силиконовые чехлы,Realme C61 4G (Global),A:501939,C501939,ПП2,3295470062,105,https://s3.twcstorage.ru/35ffc2ef-1e09-463d-a2c4-c183d5deb59a/prints/pp2/W501939.webp
Чёрные софт-тач,Realme C61 4G (Global),A:501949,S501949,ПП2,3277060127,4,https://s3.twcstorage.ru/35ffc2ef-1e09-463d-a2c4-c183d5deb59a/prints/pp2/W501949.webp
Силиконовые чехлы,Realme C61 4G (Global),A:501951,W501951,ПП2,3295470707,7,https://s3.twcstorage.ru/35ffc2ef-1e09-463d-a2c4-c183d5deb59a/prints/pp2/W501951.webp
Матовые цветные чехлы для печати,Realme C61 4G (Global),A:501957,W501957,ПП2,3277138742,7,https://s3.twcstorage.ru/35ffc2ef-1e09-463d-a2c4-c183d5deb59a/prints/pp2/W501957.webp
Силиконовые чехлы,Realme C61 4G (Global),A:501968,Q501968,ПП2,3295469962,91,https://s3.twcstorage.ru/35ffc2ef-1e09-463d-a2c4-c183d5deb59a/prints/pp2/W501968.webp
Силиконовые чехлы,Realme C61 4G (Global),A:501978,Q501978,ПП2,3295467456,2,https://s3.twcstorage.ru/35ffc2ef-1e09-463d-a2c4-c183d5deb59a/prints/pp2/Q5019781.webp
Силиконовые чехлы,Realme C61 4G (Global),A:501980,Q501980,ПП2,3295466996,4,https://s3.twcstorage.ru/35ffc2ef-1e09-463d-a2c4-c183d5deb59a/prints/pp2/Q5019801.webp
Силиконовые чехлы,Realme C61 4G (Global),A:501988,Q501988,ПП2,3295471498,115,https://s3.twcstorage.ru/35ffc2ef-1e09-463d-a2c4-c183d5deb59a/prints/pp2/Y501988.webp
Силиконовые чехлы,Realme C61 4G (Global),A:501993,Q501993,ПП2,3295467088,21,https://s3.twcstorage.ru/35ffc2ef-1e09-463d-a2c4-c183d5deb59a/prints/pp2/Q5019931.webp
Матовые цветные чехлы для печати,Realme C61 4G (Global),A:502030,W502030,ПП2,3277138240,35,https://s3.twcstorage.ru/35ffc2ef-1e09-463d-a2c4-c183d5deb59a/prints/pp2/W502030.webp
Матовые цветные чехлы для печати,Realme C61 4G (Global),A:502031,W502031,ПП2,3277137991,84,https://s3.twcstorage.ru/35ffc2ef-1e09-463d-a2c4-c183d5deb59a/prints/pp2/W502031.webp
Матовые цветные чехлы для печати,Realme C61 4G (Global),A:502032,W502032,ПП2,3277138858,4,https://s3.twcstorage.ru/35ffc2ef-1e09-463d-a2c4-c183d5deb59a/prints/pp2/W502032.webp
Белые софт-тач,Realme C61 4G (Global),A:502036,W502036,ПП2,3281081907,17,https://s3.twcstorage.ru/35ffc2ef-1e09-463d-a2c4-c183d5deb59a/prints/pp2/W502036.webp
Силиконовые чехлы,Realme C61 4G (Global),A:502039,W502039,ПП2,3295471164,95,https://s3.twcstorage.ru/35ffc2ef-1e09-463d-a2c4-c183d5deb59a/prints/pp2/W502039.webp
Белые софт-тач,Realme C61 4G (Global),A:502058,W502058,ПП2,3281040414,1000000,https://s3.twcstorage.ru/35ffc2ef-1e09-463d-a2c4-c183d5deb59a/prints/pp2/W502058.webp
Матовые цветные чехлы для печати,Realme C67 4G,A:506330,W5063301,ПП2,4897525244,32,https://s3.twcstorage.ru/35ffc2ef-1e09-463d-a2c4-c183d5deb59a/prints/pp2/W5063301.webp
Матовые цветные чехлы для печати,Realme C67 4G,A:506372,W506372,ПП2,4897734159,25,https://s3.twcstorage.ru/35ffc2ef-1e09-463d-a2c4-c183d5deb59a/prints/pp2/W506372.webp
Матовые цветные чехлы для печати,Realme C71/P3 Lite 4G,A:501931,W501931,ПП2,3277202649,59,https://s3.twcstorage.ru/35ffc2ef-1e09-463d-a2c4-c183d5deb59a/prints/pp2/W501931.webp
Силиконовые чехлы,Realme C71/P3 Lite 4G,A:501951,W501951,ПП2,3295413909,7,https://s3.twcstorage.ru/35ffc2ef-1e09-463d-a2c4-c183d5deb59a/prints/pp2/W501951.webp
Силиконовые чехлы,Realme C71/P3 Lite 4G,A:501953,W501953,ПП2,3295413827,133,https://s3.twcstorage.ru/35ffc2ef-1e09-463d-a2c4-c183d5deb59a/prints/pp2/W501953.webp
Матовые цветные чехлы для печати,Realme C71/P3 Lite 4G,A:501957,W501957,ПП2,3277203931,7,https://s3.twcstorage.ru/35ffc2ef-1e09-463d-a2c4-c183d5deb59a/prints/pp2/W501957.webp
Белые софт-тач,Realme C71/P3 Lite 4G,A:501961,W501961,ПП2,3277238541,26,https://s3.twcstorage.ru/35ffc2ef-1e09-463d-a2c4-c183d5deb59a/prints/pp2/W501961.webp
Силиконовые чехлы,Realme C71/P3 Lite 4G,A:501978,Q501978,ПП2,3295415029,2,https://s3.twcstorage.ru/35ffc2ef-1e09-463d-a2c4-c183d5deb59a/prints/pp2/Q5019781.webp
Стеклянные чехлы,Realme C71/P3 Lite 4G,A:501980,Q5019801,ПП2,3277026395,1,https://s3.twcstorage.ru/35ffc2ef-1e09-463d-a2c4-c183d5deb59a/prints/pp2/Q5019801.webp
Силиконовые чехлы,Realme C71/P3 Lite 4G,A:501989,Q501989,ПП2,3295415224,61,https://s3.twcstorage.ru/35ffc2ef-1e09-463d-a2c4-c183d5deb59a/prints/pp2/Y501989.webp
Силиконовые чехлы,Realme C71/P3 Lite 4G,A:502003,W502003,ПП2,3295415135,41,https://s3.twcstorage.ru/35ffc2ef-1e09-463d-a2c4-c183d5deb59a/prints/pp2/W502003.webp
Матовые цветные чехлы для печати,Realme C71/P3 Lite 4G,A:502004,W502004,ПП2,3277202797,1000000,https://s3.twcstorage.ru/35ffc2ef-1e09-463d-a2c4-c183d5deb59a/prints/pp2/W502004.webp
Силиконовые чехлы,Realme C71/P3 Lite 4G,A:502005,W502005,ПП2,3295413859,94,https://s3.twcstorage.ru/35ffc2ef-1e09-463d-a2c4-c183d5deb59a/prints/pp2/W502005.webp
Силиконовые чехлы,Realme C71/P3 Lite 4G,A:502007,W502007,ПП2,3295413822,25,https://s3.twcstorage.ru/35ffc2ef-1e09-463d-a2c4-c183d5deb59a/prints/pp2/W502007.webp
Матовые цветные чехлы для печати,Realme C71/P3 Lite 4G,A:502010,W502010,ПП2,3277202831,6,https://s3.twcstorage.ru/35ffc2ef-1e09-463d-a2c4-c183d5deb59a/prints/pp2/W502010.webp
Матовые цветные чехлы для печати,Realme C71/P3 Lite 4G,A:502013,W502013,ПП2,3277203213,80,https://s3.twcstorage.ru/35ffc2ef-1e09-463d-a2c4-c183d5deb59a/prints/pp2/W502013.webp
Белые софт-тач,Realme C71/P3 Lite 4G,A:502016,W502016,ПП2,3277236564,24,https://s3.twcstorage.ru/35ffc2ef-1e09-463d-a2c4-c183d5deb59a/prints/pp2/W502016.webp
Силиконовые чехлы,Realme C71/P3 Lite 4G,A:502031,W502031,ПП2,3295410847,27,https://s3.twcstorage.ru/35ffc2ef-1e09-463d-a2c4-c183d5deb59a/prints/pp2/W502031.webp
Матовые цветные чехлы для печати,Realme C71/P3 Lite 4G,A:502032,W502032,ПП2,3277204225,4,https://s3.twcstorage.ru/35ffc2ef-1e09-463d-a2c4-c183d5deb59a/prints/pp2/W502032.webp
Объемные матовые чехлы молочные,Realme C71/P3 Lite 4G,A:502037,W502037,ПП2,4989269509,1000000,https://s3.twcstorage.ru/35ffc2ef-1e09-463d-a2c4-c183d5deb59a/prints/pp2/W502037.webp
Белые софт-тач,Realme C71/P3 Lite 4G,A:502053,W502053,ПП2,3277238609,1,https://s3.twcstorage.ru/35ffc2ef-1e09-463d-a2c4-c183d5deb59a/prints/pp2/W502053.webp
Матовые цветные чехлы для печати,Realme C75 4G,A:501938,W501938,ПП2,3277140821,51,https://s3.twcstorage.ru/35ffc2ef-1e09-463d-a2c4-c183d5deb59a/prints/pp2/W501938.webp
Силиконовые чехлы,Realme C75 4G,A:501947,W501947,ПП2,3295489833,16,https://s3.twcstorage.ru/35ffc2ef-1e09-463d-a2c4-c183d5deb59a/prints/pp2/W501947.webp
Белые софт-тач,Realme C75 4G,A:501951,W501951,ПП2,3277261187,9,https://s3.twcstorage.ru/35ffc2ef-1e09-463d-a2c4-c183d5deb59a/prints/pp2/W501951.webp
Силиконовые чехлы,Realme C75 4G,A:501960,C501960,ПП2,3295487734,29,https://s3.twcstorage.ru/35ffc2ef-1e09-463d-a2c4-c183d5deb59a/prints/pp2/W501960.webp
Силиконовые чехлы,Realme C75 4G,A:501961,C501961,ПП2,3295490928,20,https://s3.twcstorage.ru/35ffc2ef-1e09-463d-a2c4-c183d5deb59a/prints/pp2/W501961.webp
Силиконовые чехлы,Realme C75 4G,A:501978,Q501978,ПП2,3295486024,2,https://s3.twcstorage.ru/35ffc2ef-1e09-463d-a2c4-c183d5deb59a/prints/pp2/Q5019781.webp
Стеклянные чехлы,Realme C75 4G,A:501980,Q5019801,ПП2,3277027660,1,https://s3.twcstorage.ru/35ffc2ef-1e09-463d-a2c4-c183d5deb59a/prints/pp2/Q5019801.webp
Силиконовые чехлы,Realme C75 4G,A:501981,Q501981,ПП2,3295486177,1000000,https://s3.twcstorage.ru/35ffc2ef-1e09-463d-a2c4-c183d5deb59a/prints/pp2/Y501981.webp
Белые софт-тач,Realme C75 4G,A:502005,W502005,ПП2,3277260981,54,https://s3.twcstorage.ru/35ffc2ef-1e09-463d-a2c4-c183d5deb59a/prints/pp2/W502005.webp
Матовые цветные чехлы для печати,Realme C75 4G,A:502010,W502010,ПП2,3277140154,6,https://s3.twcstorage.ru/35ffc2ef-1e09-463d-a2c4-c183d5deb59a/prints/pp2/W502010.webp
Белые софт-тач,Realme C75 4G,A:502047,W502047,ПП2,3277261264,22,https://s3.twcstorage.ru/35ffc2ef-1e09-463d-a2c4-c183d5deb59a/prints/pp2/W502047.webp
Белые софт-тач,Realme C75 4G,A:502048,W502048,ПП2,3277260943,18,https://s3.twcstorage.ru/35ffc2ef-1e09-463d-a2c4-c183d5deb59a/prints/pp2/Y502048.webp
Силиконовые чехлы,Realme C75 4G,A:506330,W506330,ПП2,4895941274,55,https://s3.twcstorage.ru/35ffc2ef-1e09-463d-a2c4-c183d5deb59a/prints/pp2/W5063301.webp
Матовые цветные чехлы для печати,Realme C75 4G,A:506332,W5063321,ПП2,4897415377,14,https://s3.twcstorage.ru/35ffc2ef-1e09-463d-a2c4-c183d5deb59a/prints/pp2/W5063321.webp
Силиконовые чехлы,Realme Note 60/Note 60X,A:501927,C501927,ПП2,3289153071,85,https://s3.twcstorage.ru/35ffc2ef-1e09-463d-a2c4-c183d5deb59a/prints/pp2/W501927.webp
Силиконовые чехлы,Realme Note 60/Note 60X,A:501931,C501931,ПП2,3289152455,89,https://s3.twcstorage.ru/35ffc2ef-1e09-463d-a2c4-c183d5deb59a/prints/pp2/W501931.webp
Белые софт-тач,Realme Note 60/Note 60X,A:501955,W501955,ПП2,3280606343,39,https://s3.twcstorage.ru/35ffc2ef-1e09-463d-a2c4-c183d5deb59a/prints/pp2/W501955.webp
Матовые цветные чехлы для печати,Realme Note 60/Note 60X,A:501957,W501957,ПП2,3277181942,7,https://s3.twcstorage.ru/35ffc2ef-1e09-463d-a2c4-c183d5deb59a/prints/pp2/W501957.webp
Силиконовые чехлы,Realme Note 60/Note 60X,A:501961,C501961,ПП2,3289162422,20,https://s3.twcstorage.ru/35ffc2ef-1e09-463d-a2c4-c183d5deb59a/prints/pp2/W501961.webp
Силиконовые чехлы,Realme Note 60/Note 60X,A:501973,Q501973,ПП2,3289156248,1000000,https://s3.twcstorage.ru/35ffc2ef-1e09-463d-a2c4-c183d5deb59a/prints/pp2/Q501973.webp
Силиконовые чехлы,Realme Note 60/Note 60X,A:501978,Q501978,ПП2,3289155827,2,https://s3.twcstorage.ru/35ffc2ef-1e09-463d-a2c4-c183d5deb59a/prints/pp2/Q5019781.webp
Стеклянные чехлы,Realme Note 60/Note 60X,A:501980,Q5019801,ПП2,3277024647,1,https://s3.twcstorage.ru/35ffc2ef-1e09-463d-a2c4-c183d5deb59a/prints/pp2/Q5019801.webp
Силиконовые чехлы,Realme Note 60/Note 60X,A:501983,Q501983,ПП2,3289157415,139,https://s3.twcstorage.ru/35ffc2ef-1e09-463d-a2c4-c183d5deb59a/prints/pp2/Y501983.webp
Силиконовые чехлы,Realme Note 60/Note 60X,A:501988,Q501988,ПП2,3289152948,115,https://s3.twcstorage.ru/35ffc2ef-1e09-463d-a2c4-c183d5deb59a/prints/pp2/Y501988.webp
Силиконовые чехлы,Realme Note 60/Note 60X,A:501993,Q501993,ПП2,3289156147,21,https://s3.twcstorage.ru/35ffc2ef-1e09-463d-a2c4-c183d5deb59a/prints/pp2/Q5019931.webp
Матовые цветные чехлы для печати,Realme Note 60/Note 60X,A:501999,W501999,ПП2,3277182069,1000000,https://s3.twcstorage.ru/35ffc2ef-1e09-463d-a2c4-c183d5deb59a/prints/pp2/W501999.webp
Матовые цветные чехлы для печати,Realme Note 60/Note 60X,A:502005,W502005,ПП2,3277183837,61,https://s3.twcstorage.ru/35ffc2ef-1e09-463d-a2c4-c183d5deb59a/prints/pp2/W502005.webp
Силиконовые чехлы,Realme Note 60/Note 60X,A:502010,W502010,ПП2,3289152229,3,https://s3.twcstorage.ru/35ffc2ef-1e09-463d-a2c4-c183d5deb59a/prints/pp2/W502010.webp
Силиконовые чехлы,Realme Note 60/Note 60X,A:502014,W502014,ПП2,3289152496,1,https://s3.twcstorage.ru/35ffc2ef-1e09-463d-a2c4-c183d5deb59a/prints/pp2/W502014.webp
Силиконовые чехлы,Realme Note 60/Note 60X,A:502020,W502020,ПП2,3289155984,88,https://s3.twcstorage.ru/35ffc2ef-1e09-463d-a2c4-c183d5deb59a/prints/pp2/W502020.webp
Силиконовые чехлы,Realme Note 60/Note 60X,A:502031,W502031,ПП2,3289156511,27,https://s3.twcstorage.ru/35ffc2ef-1e09-463d-a2c4-c183d5deb59a/prints/pp2/W502031.webp
Белые софт-тач,Realme Note 60/Note 60X,A:502035,W502035,ПП2,3280603917,48,https://s3.twcstorage.ru/35ffc2ef-1e09-463d-a2c4-c183d5deb59a/prints/pp2/W502035.webp
Белые софт-тач,Realme Note 60/Note 60X,A:502042,W502042,ПП2,3280606881,1000000,https://s3.twcstorage.ru/35ffc2ef-1e09-463d-a2c4-c183d5deb59a/prints/pp2/Y502042.webp
Белые софт-тач,Realme Note 60/Note 60X,A:502052,W502052,ПП2,3280652517,2,https://s3.twcstorage.ru/35ffc2ef-1e09-463d-a2c4-c183d5deb59a/prints/pp2/W502052.webp
Матовые цветные чехлы для печати,Realme Note 60/Note 60X,A:502058,W502058,ПП2,3277183321,1000000,https://s3.twcstorage.ru/35ffc2ef-1e09-463d-a2c4-c183d5deb59a/prints/pp2/W502058.webp
Силиконовые чехлы,Realme Note 60/Note 60X,A:502067,W502067,ПП2,3289152320,28,https://s3.twcstorage.ru/35ffc2ef-1e09-463d-a2c4-c183d5deb59a/prints/pp2/W5020671.webp
Белые софт-тач,Realme Note 60/Note 60X,A:502069,W502069,ПП2,3280653037,8,https://s3.twcstorage.ru/35ffc2ef-1e09-463d-a2c4-c183d5deb59a/prints/pp2/W502069.webp
Матовые цветные чехлы для печати,Realme Note 60/Note 60X,A:506331,W5063311,ПП2,4895770428,17,https://s3.twcstorage.ru/35ffc2ef-1e09-463d-a2c4-c183d5deb59a/prints/pp2/W5063311.webp
Белые софт-тач,Realme Note 60/Note 60X,A:506364,W506364,ПП2,4900477721,1000000,https://s3.twcstorage.ru/35ffc2ef-1e09-463d-a2c4-c183d5deb59a/prints/pp2/W506364.webp
Матовые цветные чехлы для печати,Realme Note 60/Note 60X,A:506373,W506373,ПП2,4895735922,34,https://s3.twcstorage.ru/35ffc2ef-1e09-463d-a2c4-c183d5deb59a/prints/pp2/W506373.webp
Матовые цветные чехлы для печати,Redmi Note 15 Pro 4G,A:501957,W501957,ПП2,3837312043,7,https://s3.twcstorage.ru/35ffc2ef-1e09-463d-a2c4-c183d5deb59a/prints/pp2/W501957.webp
Силиконовые чехлы,Redmi Note 15 Pro 4G,A:501962,W501962,ПП2,4844075180,31,https://s3.twcstorage.ru/35ffc2ef-1e09-463d-a2c4-c183d5deb59a/prints/pp2/W501962.webp
Силиконовые чехлы,Redmi Note 15 Pro 4G,A:501978,Q501978,ПП2,3857403600,2,https://s3.twcstorage.ru/35ffc2ef-1e09-463d-a2c4-c183d5deb59a/prints/pp2/Q5019781.webp
Силиконовые чехлы,Redmi Note 15 Pro 4G,A:501993,Q501993,ПП2,3857398632,21,https://s3.twcstorage.ru/35ffc2ef-1e09-463d-a2c4-c183d5deb59a/prints/pp2/Q5019931.webp
Матовые цветные чехлы для печати,Redmi Note 15 Pro 4G,A:502025,W502025,ПП2,3837312747,12,https://s3.twcstorage.ru/35ffc2ef-1e09-463d-a2c4-c183d5deb59a/prints/pp2/W502025.webp
Силиконовые чехлы,Redmi Note 15 Pro 4G,A:502032,W502032,ПП2,3857399006,18,https://s3.twcstorage.ru/35ffc2ef-1e09-463d-a2c4-c183d5deb59a/prints/pp2/W502032.webp
Силиконовые чехлы,Redmi Note 15 Pro 4G,A:502037,W502037,ПП2,3857397994,8,https://s3.twcstorage.ru/35ffc2ef-1e09-463d-a2c4-c183d5deb59a/prints/pp2/W502037.webp
Матовые цветные чехлы для печати,Redmi Note 15 Pro 4G,A:506340,W5063401,ПП2,4896823386,13,https://s3.twcstorage.ru/35ffc2ef-1e09-463d-a2c4-c183d5deb59a/prints/pp2/W5063401.webp
Матовые цветные чехлы для печати,Redmi Note 15 Pro 4G,A:506344,W5063441,ПП2,4896869383,88,https://s3.twcstorage.ru/35ffc2ef-1e09-463d-a2c4-c183d5deb59a/prints/pp2/W5063441.webp
Матовые цветные чехлы для печати,Redmi Note 15 Pro 5G,A:501933,W501933,ПП2,3837309893,76,https://s3.twcstorage.ru/35ffc2ef-1e09-463d-a2c4-c183d5deb59a/prints/pp2/W501933.webp
Силиконовые чехлы,Redmi Note 15 Pro 5G,A:501957,W501957,ПП2,3858520233,17,https://s3.twcstorage.ru/35ffc2ef-1e09-463d-a2c4-c183d5deb59a/prints/pp2/W501957.webp
Стеклянные чехлы,Redmi Note 15 Pro 5G,A:501965,Q5019651,ПП2,3836124078,5,https://s3.twcstorage.ru/35ffc2ef-1e09-463d-a2c4-c183d5deb59a/prints/pp2/Q5019651.webp
Силиконовые чехлы,Redmi Note 15 Pro 5G,A:501968,W501968,ПП2,3858521005,91,https://s3.twcstorage.ru/35ffc2ef-1e09-463d-a2c4-c183d5deb59a/prints/pp2/W501968.webp
Силиконовые чехлы,Redmi Note 15 Pro 5G,A:501978,Q501978,ПП2,3858520760,2,https://s3.twcstorage.ru/35ffc2ef-1e09-463d-a2c4-c183d5deb59a/prints/pp2/Q5019781.webp
Матовые цветные чехлы для печати,Redmi Note 15 Pro 5G,A:502014,W502014,ПП2,3837309232,3,https://s3.twcstorage.ru/35ffc2ef-1e09-463d-a2c4-c183d5deb59a/prints/pp2/W502014.webp
Матовые цветные чехлы для печати,Redmi Note 15 Pro 5G,A:502015,W502015,ПП2,3837310950,44,https://s3.twcstorage.ru/35ffc2ef-1e09-463d-a2c4-c183d5deb59a/prints/pp2/W502015.webp
Силиконовые чехлы,Redmi Note 15 Pro 5G,A:502036,W502036,ПП2,3858520953,10,https://s3.twcstorage.ru/35ffc2ef-1e09-463d-a2c4-c183d5deb59a/prints/pp2/W502036.webp
Силиконовые чехлы,Redmi Note 15 Pro 5G,A:502055,W502055,ПП2,3858520846,96,https://s3.twcstorage.ru/35ffc2ef-1e09-463d-a2c4-c183d5deb59a/prints/pp2/W502055.webp
Матовые цветные чехлы для печати,Samsung Galaxy A07,A:502010,W502010,ПП2,3277198232,6,https://s3.twcstorage.ru/35ffc2ef-1e09-463d-a2c4-c183d5deb59a/prints/pp2/W502010.webp
Матовые цветные чехлы для печати,Samsung Galaxy A07,A:502014,W502014,ПП2,3277198507,3,https://s3.twcstorage.ru/35ffc2ef-1e09-463d-a2c4-c183d5deb59a/prints/pp2/W502014.webp
Матовые цветные чехлы для печати,Samsung Galaxy A07,A:502025,W502025,ПП2,3277200995,12,https://s3.twcstorage.ru/35ffc2ef-1e09-463d-a2c4-c183d5deb59a/prints/pp2/W502025.webp
Белые софт-тач,Samsung Galaxy A07,A:502039,W502039,ПП2,3277230001,1000000,https://s3.twcstorage.ru/35ffc2ef-1e09-463d-a2c4-c183d5deb59a/prints/pp2/W502039.webp
Силиконовые чехлы,Samsung Galaxy A07/A08,A:501951,W501951,ПП2,3289268509,7,https://s3.twcstorage.ru/35ffc2ef-1e09-463d-a2c4-c183d5deb59a/prints/pp2/W501951.webp
Силиконовые чехлы,Samsung Galaxy A07/A08,A:502008,W502008,ПП2,3289275064,6,https://s3.twcstorage.ru/35ffc2ef-1e09-463d-a2c4-c183d5deb59a/prints/pp2/W502008.webp
Силиконовые чехлы,Samsung Galaxy A07/A08,A:506372,W506372,ПП2,4896283099,45,https://s3.twcstorage.ru/35ffc2ef-1e09-463d-a2c4-c183d5deb59a/prints/pp2/W506372.webp
Силиконовые чехлы,Samsung Galaxy A12/M12,A:501940,C501940,ПП2,3345615577,106,https://s3.twcstorage.ru/35ffc2ef-1e09-463d-a2c4-c183d5deb59a/prints/pp2/W501940.webp
Силиконовые чехлы,Samsung Galaxy A12/M12,A:501943,C501943,ПП2,3345615420,109,https://s3.twcstorage.ru/35ffc2ef-1e09-463d-a2c4-c183d5deb59a/prints/pp2/S501943.webp
Силиконовые чехлы,Samsung Galaxy A12/M12,A:501965,Q501965,ПП2,3345607988,73,https://s3.twcstorage.ru/35ffc2ef-1e09-463d-a2c4-c183d5deb59a/prints/pp2/Q5019651.webp
Стеклянные чехлы,Samsung Galaxy A12/M12,A:501978,Q5019781,ПП2,3277027711,2,https://s3.twcstorage.ru/35ffc2ef-1e09-463d-a2c4-c183d5deb59a/prints/pp2/Q5019781.webp
Матовые цветные чехлы для печати,Samsung Galaxy A12/M12,A:502009,W502009,ПП2,3277145660,22,https://s3.twcstorage.ru/35ffc2ef-1e09-463d-a2c4-c183d5deb59a/prints/pp2/W502009.webp
Матовые цветные чехлы для печати,Samsung Galaxy A12/M12,A:502010,W502010,ПП2,3277145268,6,https://s3.twcstorage.ru/35ffc2ef-1e09-463d-a2c4-c183d5deb59a/prints/pp2/W502010.webp
Матовые цветные чехлы для печати,Samsung Galaxy A12/M12,A:502014,W502014,ПП2,3277146459,3,https://s3.twcstorage.ru/35ffc2ef-1e09-463d-a2c4-c183d5deb59a/prints/pp2/W502014.webp
Матовые цветные чехлы для печати,Samsung Galaxy A12/M12,A:502027,W502027,ПП2,3277146794,11,https://s3.twcstorage.ru/35ffc2ef-1e09-463d-a2c4-c183d5deb59a/prints/pp2/W502027.webp
Белые софт-тач,Samsung Galaxy A12/M12,A:502052,W502052,ПП2,3281117737,2,https://s3.twcstorage.ru/35ffc2ef-1e09-463d-a2c4-c183d5deb59a/prints/pp2/W502052.webp
Матовые цветные чехлы для печати,Samsung Galaxy A12/M12,A:502065,W502065,ПП2,3277146385,2,https://s3.twcstorage.ru/35ffc2ef-1e09-463d-a2c4-c183d5deb59a/prints/pp2/W502065.webp
Матовые цветные чехлы для печати,Samsung Galaxy A12/M12,A:506340,W5063401,ПП2,4898256652,13,https://s3.twcstorage.ru/35ffc2ef-1e09-463d-a2c4-c183d5deb59a/prints/pp2/W5063401.webp
Силиконовые чехлы,Samsung Galaxy A12/M12,A:506382,Q506382,ПП2,4896103396,104,https://s3.twcstorage.ru/35ffc2ef-1e09-463d-a2c4-c183d5deb59a/prints/pp2/Q5063821.webp
Силиконовые чехлы,Samsung Galaxy A13 4G,A:501968,Q501968,ПП2,3346080932,91,https://s3.twcstorage.ru/35ffc2ef-1e09-463d-a2c4-c183d5deb59a/prints/pp2/W501968.webp
Силиконовые чехлы,Samsung Galaxy A13 4G,A:501978,Q501978,ПП2,3346080675,2,https://s3.twcstorage.ru/35ffc2ef-1e09-463d-a2c4-c183d5deb59a/prints/pp2/Q5019781.webp
Силиконовые чехлы,Samsung Galaxy A13 4G,A:501980,Q501980,ПП2,3346080923,4,https://s3.twcstorage.ru/35ffc2ef-1e09-463d-a2c4-c183d5deb59a/prints/pp2/Q5019801.webp
Силиконовые чехлы,Samsung Galaxy A13 4G,A:501986,Q501986,ПП2,3346080582,141,https://s3.twcstorage.ru/35ffc2ef-1e09-463d-a2c4-c183d5deb59a/prints/pp2/Y501986.webp
Силиконовые чехлы,Samsung Galaxy A13 4G,A:501989,Q501989,ПП2,3346083927,61,https://s3.twcstorage.ru/35ffc2ef-1e09-463d-a2c4-c183d5deb59a/prints/pp2/Y501989.webp
Силиконовые чехлы,Samsung Galaxy A13 4G,A:501990,Q501990,ПП2,3346081051,42,https://s3.twcstorage.ru/35ffc2ef-1e09-463d-a2c4-c183d5deb59a/prints/pp2/Y501990.webp
Силиконовые чехлы,Samsung Galaxy A13 4G,A:501993,Q501993,ПП2,3346083118,21,https://s3.twcstorage.ru/35ffc2ef-1e09-463d-a2c4-c183d5deb59a/prints/pp2/Q5019931.webp
Силиконовые чехлы,Samsung Galaxy A13 4G,A:501994,Q501994,ПП2,3346081161,1000000,https://s3.twcstorage.ru/35ffc2ef-1e09-463d-a2c4-c183d5deb59a/prints/pp2/Q501994.webp
Силиконовые чехлы,Samsung Galaxy A13 4G,A:502006,W502006,ПП2,3346080839,40,https://s3.twcstorage.ru/35ffc2ef-1e09-463d-a2c4-c183d5deb59a/prints/pp2/W502006.webp
Матовые цветные чехлы для печати,Samsung Galaxy A14 4G,A:501955,W501955,ПП2,3277165417,52,https://s3.twcstorage.ru/35ffc2ef-1e09-463d-a2c4-c183d5deb59a/prints/pp2/W501955.webp
Матовые цветные чехлы для печати,Samsung Galaxy A14 4G,A:501957,W501957,ПП2,3277166942,7,https://s3.twcstorage.ru/35ffc2ef-1e09-463d-a2c4-c183d5deb59a/prints/pp2/W501957.webp
Силиконовые чехлы,Samsung Galaxy A14 4G,A:501980,Q501980,ПП2,3345871559,4,https://s3.twcstorage.ru/35ffc2ef-1e09-463d-a2c4-c183d5deb59a/prints/pp2/Q5019801.webp
Матовые цветные чехлы для печати,Samsung Galaxy A14 4G,A:502003,W502003,ПП2,3277165498,20,https://s3.twcstorage.ru/35ffc2ef-1e09-463d-a2c4-c183d5deb59a/prints/pp2/W502003.webp
Силиконовые чехлы,Samsung Galaxy A14 4G,A:502008,W502008,ПП2,3345878039,6,https://s3.twcstorage.ru/35ffc2ef-1e09-463d-a2c4-c183d5deb59a/prints/pp2/W502008.webp
Матовые цветные чехлы для печати,Samsung Galaxy A14 4G,A:502054,W502054,ПП2,3277165587,64,https://s3.twcstorage.ru/35ffc2ef-1e09-463d-a2c4-c183d5deb59a/prints/pp2/W502054.webp
Силиконовые чехлы,Samsung Galaxy A14 4G,A:502064,W502064,ПП2,3345872655,121,https://s3.twcstorage.ru/35ffc2ef-1e09-463d-a2c4-c183d5deb59a/prints/pp2/W502064.webp
Матовые цветные чехлы для печати,Samsung Galaxy A14 4G,A:502066,W502066,ПП2,3277165669,65,https://s3.twcstorage.ru/35ffc2ef-1e09-463d-a2c4-c183d5deb59a/prints/pp2/W502066.webp
Силиконовые чехлы,Samsung Galaxy A14 4G,A:502069,W502069,ПП2,3345870719,9,https://s3.twcstorage.ru/35ffc2ef-1e09-463d-a2c4-c183d5deb59a/prints/pp2/W502069.webp
Матовые цветные чехлы для печати,Samsung Galaxy A14 4G,A:506332,W5063321,ПП2,4896485945,14,https://s3.twcstorage.ru/35ffc2ef-1e09-463d-a2c4-c183d5deb59a/prints/pp2/W5063321.webp
Силиконовые чехлы,Samsung Galaxy A15,A:501933,W501933,ПП2,3295442335,86,https://s3.twcstorage.ru/35ffc2ef-1e09-463d-a2c4-c183d5deb59a/prints/pp2/W501933.webp
Матовые цветные чехлы для печати,Samsung Galaxy A15,A:501937,W501937,ПП2,3277207883,78,https://s3.twcstorage.ru/35ffc2ef-1e09-463d-a2c4-c183d5deb59a/prints/pp2/W501937.webp
Силиконовые чехлы,Samsung Galaxy A15,A:501943,C501943,ПП2,3295442407,109,https://s3.twcstorage.ru/35ffc2ef-1e09-463d-a2c4-c183d5deb59a/prints/pp2/S501943.webp
Силиконовые чехлы,Samsung Galaxy A15,A:501944,C501944,ПП2,3295442547,65,https://s3.twcstorage.ru/35ffc2ef-1e09-463d-a2c4-c183d5deb59a/prints/pp2/S501944.webp
Матовые цветные чехлы для печати,Samsung Galaxy A15,A:501947,W501947,ПП2,3277207723,5,https://s3.twcstorage.ru/35ffc2ef-1e09-463d-a2c4-c183d5deb59a/prints/pp2/W501947.webp
Силиконовые чехлы,Samsung Galaxy A15,A:501949,C501949,ПП2,3295439680,60,https://s3.twcstorage.ru/35ffc2ef-1e09-463d-a2c4-c183d5deb59a/prints/pp2/W501949.webp
Силиконовые чехлы,Samsung Galaxy A15,A:501951,W501951,ПП2,3295442231,7,https://s3.twcstorage.ru/35ffc2ef-1e09-463d-a2c4-c183d5deb59a/prints/pp2/W501951.webp
Силиконовые чехлы,Samsung Galaxy A15,A:501954,C501954,ПП2,3295442254,1000000,https://s3.twcstorage.ru/35ffc2ef-1e09-463d-a2c4-c183d5deb59a/prints/pp2/W501954.webp
Силиконовые чехлы,Samsung Galaxy A15,A:501957,C501957,ПП2,3295442626,17,https://s3.twcstorage.ru/35ffc2ef-1e09-463d-a2c4-c183d5deb59a/prints/pp2/W501957.webp
Силиконовые чехлы,Samsung Galaxy A15,A:501961,C501961,ПП2,3295442365,20,https://s3.twcstorage.ru/35ffc2ef-1e09-463d-a2c4-c183d5deb59a/prints/pp2/W501961.webp
Белые софт-тач,Samsung Galaxy A15,A:501962,W501962,ПП2,3837380279,20,https://s3.twcstorage.ru/35ffc2ef-1e09-463d-a2c4-c183d5deb59a/prints/pp2/W501962.webp
Силиконовые чехлы,Samsung Galaxy A15,A:501978,Q501978,ПП2,3295442225,2,https://s3.twcstorage.ru/35ffc2ef-1e09-463d-a2c4-c183d5deb59a/prints/pp2/Q5019781.webp
Силиконовые чехлы,Samsung Galaxy A15,A:501980,Q501980,ПП2,3295440103,4,https://s3.twcstorage.ru/35ffc2ef-1e09-463d-a2c4-c183d5deb59a/prints/pp2/Q5019801.webp
Силиконовые чехлы,Samsung Galaxy A15,A:501984,Q501984,ПП2,3295442008,140,https://s3.twcstorage.ru/35ffc2ef-1e09-463d-a2c4-c183d5deb59a/prints/pp2/Y501984.webp
Силиконовые чехлы,Samsung Galaxy A15,A:501989,Q501989,ПП2,3295442351,61,https://s3.twcstorage.ru/35ffc2ef-1e09-463d-a2c4-c183d5deb59a/prints/pp2/Y501989.webp
Силиконовые чехлы,Samsung Galaxy A15,A:502010,W502010,ПП2,3295441940,3,https://s3.twcstorage.ru/35ffc2ef-1e09-463d-a2c4-c183d5deb59a/prints/pp2/W502010.webp
Матовые цветные чехлы для печати,Samsung Galaxy A15,A:502014,W502014,ПП2,3277207848,3,https://s3.twcstorage.ru/35ffc2ef-1e09-463d-a2c4-c183d5deb59a/prints/pp2/W502014.webp
Матовые цветные чехлы для печати,Samsung Galaxy A15,A:502015,W502015,ПП2,3277207823,44,https://s3.twcstorage.ru/35ffc2ef-1e09-463d-a2c4-c183d5deb59a/prints/pp2/W502015.webp
Матовые цветные чехлы для печати,Samsung Galaxy A15,A:502016,W502016,ПП2,3277207691,23,https://s3.twcstorage.ru/35ffc2ef-1e09-463d-a2c4-c183d5deb59a/prints/pp2/W502016.webp
Матовые цветные чехлы для печати,Samsung Galaxy A15,A:502021,W502021,ПП2,3277209459,82,https://s3.twcstorage.ru/35ffc2ef-1e09-463d-a2c4-c183d5deb59a/prints/pp2/Y502021.webp
Объемные матовые чехлы коричневые,Samsung Galaxy A15,A:502025,W502025,ПП2,4998310940,4,https://s3.twcstorage.ru/35ffc2ef-1e09-463d-a2c4-c183d5deb59a/prints/pp2/W502025.webp
Матовые цветные чехлы для печати,Samsung Galaxy A15,A:502034,W502034,ПП2,3277208881,1000000,https://s3.twcstorage.ru/35ffc2ef-1e09-463d-a2c4-c183d5deb59a/prints/pp2/W502034.webp
Белые софт-тач,Samsung Galaxy A15,A:502037,W502037,ПП2,3837379515,29,https://s3.twcstorage.ru/35ffc2ef-1e09-463d-a2c4-c183d5deb59a/prints/pp2/W502037.webp
Силиконовые чехлы,Samsung Galaxy A15,A:502048,W502048,ПП2,3295441765,33,https://s3.twcstorage.ru/35ffc2ef-1e09-463d-a2c4-c183d5deb59a/prints/pp2/Y502048.webp
Объемные матовые чехлы черные,Samsung Galaxy A15,A:502052,W502052,ПП2,4998311763,11,https://s3.twcstorage.ru/35ffc2ef-1e09-463d-a2c4-c183d5deb59a/prints/pp2/W502052.webp
Белые софт-тач,Samsung Galaxy A15,A:502053,W502053,ПП2,3837379845,1,https://s3.twcstorage.ru/35ffc2ef-1e09-463d-a2c4-c183d5deb59a/prints/pp2/W502053.webp
Матовые цветные чехлы для печати,Samsung Galaxy A15,A:502065,W502065,ПП2,3277209892,2,https://s3.twcstorage.ru/35ffc2ef-1e09-463d-a2c4-c183d5deb59a/prints/pp2/W502065.webp
Силиконовые чехлы,Samsung Galaxy A15,A:502067,W502067,ПП2,3295439456,28,https://s3.twcstorage.ru/35ffc2ef-1e09-463d-a2c4-c183d5deb59a/prints/pp2/W5020671.webp
Матовые цветные чехлы для печати,Samsung Galaxy A15,A:506332,W5063321,ПП2,4896500555,14,https://s3.twcstorage.ru/35ffc2ef-1e09-463d-a2c4-c183d5deb59a/prints/pp2/W5063321.webp
Объемные матовые чехлы коричневые,Samsung Galaxy A15,A:506333,W5063331,ПП2,4998298421,1000000,https://s3.twcstorage.ru/35ffc2ef-1e09-463d-a2c4-c183d5deb59a/prints/pp2/W5063331.webp
Объемные матовые чехлы коричневые,Samsung Galaxy A15,A:506340,W506340,ПП2,4998297687,15,https://s3.twcstorage.ru/35ffc2ef-1e09-463d-a2c4-c183d5deb59a/prints/pp2/W5063401.webp
Матовые цветные чехлы для печати,Samsung Galaxy A15,A:506372,W506372,ПП2,4896500319,25,https://s3.twcstorage.ru/35ffc2ef-1e09-463d-a2c4-c183d5deb59a/prints/pp2/W506372.webp
Матовые цветные чехлы для печати,Samsung Galaxy A16,A:501929,W501929,ПП2,3277178087,58,https://s3.twcstorage.ru/35ffc2ef-1e09-463d-a2c4-c183d5deb59a/prints/pp2/W501929.webp
Силиконовые чехлы,Samsung Galaxy A16,A:501930,C501930,ПП2,3289126510,1000000,https://s3.twcstorage.ru/35ffc2ef-1e09-463d-a2c4-c183d5deb59a/prints/pp2/W501930.webp
Матовые цветные чехлы для печати,Samsung Galaxy A16,A:501935,W501935,ПП2,3277177502,77,https://s3.twcstorage.ru/35ffc2ef-1e09-463d-a2c4-c183d5deb59a/prints/pp2/W501935.webp
Силиконовые чехлы,Samsung Galaxy A16,A:501941,C501941,ПП2,3289126490,107,https://s3.twcstorage.ru/35ffc2ef-1e09-463d-a2c4-c183d5deb59a/prints/pp2/S501941.webp
Матовые цветные чехлы для печати,Samsung Galaxy A16,A:501947,W501947,ПП2,3277178561,5,https://s3.twcstorage.ru/35ffc2ef-1e09-463d-a2c4-c183d5deb59a/prints/pp2/W501947.webp
Белые софт-тач,Samsung Galaxy A16,A:501954,W501954,ПП2,3280775760,1000000,https://s3.twcstorage.ru/35ffc2ef-1e09-463d-a2c4-c183d5deb59a/prints/pp2/W501954.webp
Матовые цветные чехлы для печати,Samsung Galaxy A16,A:501957,W501957,ПП2,3277177545,7,https://s3.twcstorage.ru/35ffc2ef-1e09-463d-a2c4-c183d5deb59a/prints/pp2/W501957.webp
Силиконовые чехлы,Samsung Galaxy A16,A:501961,W501961,ПП2,3289123909,20,https://s3.twcstorage.ru/35ffc2ef-1e09-463d-a2c4-c183d5deb59a/prints/pp2/W501961.webp
Белые софт-тач,Samsung Galaxy A16,A:501962,W501962,ПП2,3280841681,20,https://s3.twcstorage.ru/35ffc2ef-1e09-463d-a2c4-c183d5deb59a/prints/pp2/W501962.webp
Силиконовые чехлы,Samsung Galaxy A16,A:501970,Q501970,ПП2,3289124067,1000000,https://s3.twcstorage.ru/35ffc2ef-1e09-463d-a2c4-c183d5deb59a/prints/pp2/W501970.webp
Силиконовые чехлы,Samsung Galaxy A16,A:501974,Q501974,ПП2,3289123473,74,https://s3.twcstorage.ru/35ffc2ef-1e09-463d-a2c4-c183d5deb59a/prints/pp2/Q501974.webp
Силиконовые чехлы,Samsung Galaxy A16,A:501978,Q501978,ПП2,3289125888,2,https://s3.twcstorage.ru/35ffc2ef-1e09-463d-a2c4-c183d5deb59a/prints/pp2/Q5019781.webp
Силиконовые чехлы,Samsung Galaxy A16,A:501980,Q501980,ПП2,3289125905,4,https://s3.twcstorage.ru/35ffc2ef-1e09-463d-a2c4-c183d5deb59a/prints/pp2/Q5019801.webp
Стеклянные чехлы,Samsung Galaxy A16,A:501990,Y501990,ПП2,3277118082,13,https://s3.twcstorage.ru/35ffc2ef-1e09-463d-a2c4-c183d5deb59a/prints/pp2/Y501990.webp
Стеклянные чехлы,Samsung Galaxy A16,A:501993,Q5019931,ПП2,3277024997,3,https://s3.twcstorage.ru/35ffc2ef-1e09-463d-a2c4-c183d5deb59a/prints/pp2/Q5019931.webp
Силиконовые чехлы,Samsung Galaxy A16,A:501997,W501997,ПП2,3289124303,67,https://s3.twcstorage.ru/35ffc2ef-1e09-463d-a2c4-c183d5deb59a/prints/pp2/Y501997.webp
Матовые цветные чехлы для печати,Samsung Galaxy A16,A:501999,W501999,ПП2,3277177932,1000000,https://s3.twcstorage.ru/35ffc2ef-1e09-463d-a2c4-c183d5deb59a/prints/pp2/W501999.webp
Матовые цветные чехлы для печати,Samsung Galaxy A16,A:502006,W502006,ПП2,3277177920,21,https://s3.twcstorage.ru/35ffc2ef-1e09-463d-a2c4-c183d5deb59a/prints/pp2/W502006.webp
Матовые цветные чехлы для печати,Samsung Galaxy A16,A:502009,W502009,ПП2,3277178467,22,https://s3.twcstorage.ru/35ffc2ef-1e09-463d-a2c4-c183d5deb59a/prints/pp2/W502009.webp
Матовые цветные чехлы для печати,Samsung Galaxy A16,A:502010,W502010,ПП2,3277178045,6,https://s3.twcstorage.ru/35ffc2ef-1e09-463d-a2c4-c183d5deb59a/prints/pp2/W502010.webp
Силиконовые чехлы,Samsung Galaxy A16,A:502014,W502014,ПП2,3289122350,1,https://s3.twcstorage.ru/35ffc2ef-1e09-463d-a2c4-c183d5deb59a/prints/pp2/W502014.webp
Матовые цветные чехлы для печати,Samsung Galaxy A16,A:502021,W502021,ПП2,3277177732,82,https://s3.twcstorage.ru/35ffc2ef-1e09-463d-a2c4-c183d5deb59a/prints/pp2/Y502021.webp
Силиконовые чехлы,Samsung Galaxy A16,A:502024,W502024,ПП2,3289123805,117,https://s3.twcstorage.ru/35ffc2ef-1e09-463d-a2c4-c183d5deb59a/prints/pp2/W502024.webp
Белые софт-тач,Samsung Galaxy A16,A:502031,W502031,ПП2,3280716635,30,https://s3.twcstorage.ru/35ffc2ef-1e09-463d-a2c4-c183d5deb59a/prints/pp2/W502031.webp
Белые софт-тач,Samsung Galaxy A16,A:502037,W502037,ПП2,3280715297,29,https://s3.twcstorage.ru/35ffc2ef-1e09-463d-a2c4-c183d5deb59a/prints/pp2/W502037.webp
Белые софт-тач,Samsung Galaxy A16,A:502048,W502048,ПП2,3280711210,18,https://s3.twcstorage.ru/35ffc2ef-1e09-463d-a2c4-c183d5deb59a/prints/pp2/Y502048.webp
Белые софт-тач,Samsung Galaxy A16,A:502049,W502049,ПП2,3280712321,41,https://s3.twcstorage.ru/35ffc2ef-1e09-463d-a2c4-c183d5deb59a/prints/pp2/Y502049.webp
Белые софт-тач,Samsung Galaxy A16,A:502052,W502052,ПП2,3280776087,2,https://s3.twcstorage.ru/35ffc2ef-1e09-463d-a2c4-c183d5deb59a/prints/pp2/W502052.webp
Белые софт-тач,Samsung Galaxy A16,A:502053,W502053,ПП2,3280775655,1,https://s3.twcstorage.ru/35ffc2ef-1e09-463d-a2c4-c183d5deb59a/prints/pp2/W502053.webp
Матовые цветные чехлы для печати,Samsung Galaxy A16,A:502054,W502054,ПП2,3277177864,64,https://s3.twcstorage.ru/35ffc2ef-1e09-463d-a2c4-c183d5deb59a/prints/pp2/W502054.webp
Силиконовые чехлы,Samsung Galaxy A16,A:502064,W502064,ПП2,3289122125,121,https://s3.twcstorage.ru/35ffc2ef-1e09-463d-a2c4-c183d5deb59a/prints/pp2/W502064.webp
Матовые цветные чехлы для печати,Samsung Galaxy A16,A:502065,W502065,ПП2,3277178012,2,https://s3.twcstorage.ru/35ffc2ef-1e09-463d-a2c4-c183d5deb59a/prints/pp2/W502065.webp
Белые софт-тач,Samsung Galaxy A16,A:502069,W502069,ПП2,3280841544,8,https://s3.twcstorage.ru/35ffc2ef-1e09-463d-a2c4-c183d5deb59a/prints/pp2/W502069.webp
Белые софт-тач,Samsung Galaxy A16,A:506330,W506330,ПП2,4899751319,10,https://s3.twcstorage.ru/35ffc2ef-1e09-463d-a2c4-c183d5deb59a/prints/pp2/W5063301.webp
Силиконовые чехлы,Samsung Galaxy A16,A:506379,W506379,ПП2,4895585629,51,https://s3.twcstorage.ru/35ffc2ef-1e09-463d-a2c4-c183d5deb59a/prints/pp2/W506379.webp
Силиконовые чехлы,Samsung Galaxy A17/A18,A:501931,W501931,ПП2,3289161699,89,https://s3.twcstorage.ru/35ffc2ef-1e09-463d-a2c4-c183d5deb59a/prints/pp2/W501931.webp
Белые софт-тач,Samsung Galaxy A17/A18,A:501934,W501934,ПП2,3277223571,68,https://s3.twcstorage.ru/35ffc2ef-1e09-463d-a2c4-c183d5deb59a/prints/pp2/W501934.webp
Силиконовые чехлы,Samsung Galaxy A17/A18,A:501939,W501939,ПП2,3289171024,105,https://s3.twcstorage.ru/35ffc2ef-1e09-463d-a2c4-c183d5deb59a/prints/pp2/W501939.webp
Матовые цветные чехлы для печати,Samsung Galaxy A17/A18,A:501940,W501940,ПП2,3277183382,42,https://s3.twcstorage.ru/35ffc2ef-1e09-463d-a2c4-c183d5deb59a/prints/pp2/W501940.webp
Силиконовые чехлы,Samsung Galaxy A17/A18,A:501947,W501947,ПП2,3289168195,16,https://s3.twcstorage.ru/35ffc2ef-1e09-463d-a2c4-c183d5deb59a/prints/pp2/W501947.webp
Силиконовые чехлы,Samsung Galaxy A17/A18,A:501965,Q501965,ПП2,3289165772,73,https://s3.twcstorage.ru/35ffc2ef-1e09-463d-a2c4-c183d5deb59a/prints/pp2/Q5019651.webp
Силиконовые чехлы,Samsung Galaxy A17/A18,A:501966,Q501966,ПП2,3289166716,87,https://s3.twcstorage.ru/35ffc2ef-1e09-463d-a2c4-c183d5deb59a/prints/pp2/W501966.webp
Силиконовые чехлы,Samsung Galaxy A17/A18,A:501968,Q501968,ПП2,3289165605,91,https://s3.twcstorage.ru/35ffc2ef-1e09-463d-a2c4-c183d5deb59a/prints/pp2/W501968.webp
Силиконовые чехлы,Samsung Galaxy A17/A18,A:501977,Q501977,ПП2,3289171286,1000000,https://s3.twcstorage.ru/35ffc2ef-1e09-463d-a2c4-c183d5deb59a/prints/pp2/Q5019771.webp
Силиконовые чехлы,Samsung Galaxy A17/A18,A:501978,Q501978,ПП2,3289167041,2,https://s3.twcstorage.ru/35ffc2ef-1e09-463d-a2c4-c183d5deb59a/prints/pp2/Q5019781.webp
Силиконовые чехлы,Samsung Galaxy A17/A18,A:501980,Q501980,ПП2,3289166958,4,https://s3.twcstorage.ru/35ffc2ef-1e09-463d-a2c4-c183d5deb59a/prints/pp2/Q5019801.webp
Силиконовые чехлы,Samsung Galaxy A17/A18,A:501981,Q501981,ПП2,3289167794,1000000,https://s3.twcstorage.ru/35ffc2ef-1e09-463d-a2c4-c183d5deb59a/prints/pp2/Y501981.webp
Силиконовые чехлы,Samsung Galaxy A17/A18,A:501984,Q501984,ПП2,3289169141,140,https://s3.twcstorage.ru/35ffc2ef-1e09-463d-a2c4-c183d5deb59a/prints/pp2/Y501984.webp
Матовые цветные чехлы для печати,Samsung Galaxy A17/A18,A:502004,W502004,ПП2,3277184513,1000000,https://s3.twcstorage.ru/35ffc2ef-1e09-463d-a2c4-c183d5deb59a/prints/pp2/W502004.webp
Силиконовые чехлы,Samsung Galaxy A17/A18,A:502007,W502007,ПП2,3289171109,25,https://s3.twcstorage.ru/35ffc2ef-1e09-463d-a2c4-c183d5deb59a/prints/pp2/W502007.webp
Силиконовые чехлы,Samsung Galaxy A17/A18,A:502008,W502008,ПП2,3289169560,6,https://s3.twcstorage.ru/35ffc2ef-1e09-463d-a2c4-c183d5deb59a/prints/pp2/W502008.webp
Матовые цветные чехлы для печати,Samsung Galaxy A17/A18,A:502010,W502010,ПП2,3277183740,6,https://s3.twcstorage.ru/35ffc2ef-1e09-463d-a2c4-c183d5deb59a/prints/pp2/W502010.webp
Силиконовые чехлы,Samsung Galaxy A17/A18,A:502014,W502014,ПП2,3289167812,1,https://s3.twcstorage.ru/35ffc2ef-1e09-463d-a2c4-c183d5deb59a/prints/pp2/W502014.webp
Матовые цветные чехлы для печати,Samsung Galaxy A17/A18,A:502021,W502021,ПП2,3277185037,82,https://s3.twcstorage.ru/35ffc2ef-1e09-463d-a2c4-c183d5deb59a/prints/pp2/Y502021.webp
Матовые цветные чехлы для печати,Samsung Galaxy A17/A18,A:502026,W502026,ПП2,3277184932,8,https://s3.twcstorage.ru/35ffc2ef-1e09-463d-a2c4-c183d5deb59a/prints/pp2/W502026.webp
Матовые цветные чехлы для печати,Samsung Galaxy A17/A18,A:502031,W502031,ПП2,3277183471,84,https://s3.twcstorage.ru/35ffc2ef-1e09-463d-a2c4-c183d5deb59a/prints/pp2/W502031.webp
Силиконовые чехлы,Samsung Galaxy A17/A18,A:502037,W502037,ПП2,3289166865,8,https://s3.twcstorage.ru/35ffc2ef-1e09-463d-a2c4-c183d5deb59a/prints/pp2/W502037.webp
Силиконовые чехлы,Samsung Galaxy A17/A18,A:502039,W502039,ПП2,3289166936,95,https://s3.twcstorage.ru/35ffc2ef-1e09-463d-a2c4-c183d5deb59a/prints/pp2/W502039.webp
Матовые цветные чехлы для печати,Samsung Galaxy A17/A18,A:502048,W502048,ПП2,3277184565,36,https://s3.twcstorage.ru/35ffc2ef-1e09-463d-a2c4-c183d5deb59a/prints/pp2/Y502048.webp
Матовые цветные чехлы для печати,Samsung Galaxy A17/A18,A:502049,W502049,ПП2,3277183439,45,https://s3.twcstorage.ru/35ffc2ef-1e09-463d-a2c4-c183d5deb59a/prints/pp2/Y502049.webp
Силиконовые чехлы,Samsung Galaxy A17/A18,A:502054,W502054,ПП2,3289166016,39,https://s3.twcstorage.ru/35ffc2ef-1e09-463d-a2c4-c183d5deb59a/prints/pp2/W502054.webp
Матовые цветные чехлы для печати,Samsung Galaxy A17/A18,A:502055,W502055,ПП2,3277184883,1000000,https://s3.twcstorage.ru/35ffc2ef-1e09-463d-a2c4-c183d5deb59a/prints/pp2/W502055.webp
Матовые цветные чехлы для печати,Samsung Galaxy A17/A18,A:502058,W502058,ПП2,3277185720,1000000,https://s3.twcstorage.ru/35ffc2ef-1e09-463d-a2c4-c183d5deb59a/prints/pp2/W502058.webp
Матовые цветные чехлы для печати,Samsung Galaxy A17/A18,A:502059,W502059,ПП2,3277185914,1000000,https://s3.twcstorage.ru/35ffc2ef-1e09-463d-a2c4-c183d5deb59a/prints/pp2/W502059.webp
Матовые цветные чехлы для печати,Samsung Galaxy A17/A18,A:502065,W502065,ПП2,3277184804,2,https://s3.twcstorage.ru/35ffc2ef-1e09-463d-a2c4-c183d5deb59a/prints/pp2/W502065.webp
Матовые цветные чехлы для печати,Samsung Galaxy A17/A18,A:502067,W5020671,ПП2,3277183883,28,https://s3.twcstorage.ru/35ffc2ef-1e09-463d-a2c4-c183d5deb59a/prints/pp2/W5020671.webp
Силиконовые чехлы,Samsung Galaxy A17/A18,A:502069,W502069,ПП2,3289165485,9,https://s3.twcstorage.ru/35ffc2ef-1e09-463d-a2c4-c183d5deb59a/prints/pp2/W502069.webp
Белые софт-тач,Samsung Galaxy A17/A18,A:506332,W506332,ПП2,4896560418,56,https://s3.twcstorage.ru/35ffc2ef-1e09-463d-a2c4-c183d5deb59a/prints/pp2/W5063321.webp
Матовые цветные чехлы для печати,Samsung Galaxy A17/A18,A:506368,W506368,ПП2,4895794799,1000000,https://s3.twcstorage.ru/35ffc2ef-1e09-463d-a2c4-c183d5deb59a/prints/pp2/W506368.webp
Силиконовые чехлы,Samsung Galaxy A17/A18,A:506372,W506372,ПП2,4895878782,45,https://s3.twcstorage.ru/35ffc2ef-1e09-463d-a2c4-c183d5deb59a/prints/pp2/W506372.webp
Силиконовые чехлы,Samsung Galaxy A22/M32/M22,A:501978,Q501978,ПП2,3345709271,2,https://s3.twcstorage.ru/35ffc2ef-1e09-463d-a2c4-c183d5deb59a/prints/pp2/Q5019781.webp
Силиконовые чехлы,Samsung Galaxy A22/M32/M22,A:501980,Q501980,ПП2,3345717582,4,https://s3.twcstorage.ru/35ffc2ef-1e09-463d-a2c4-c183d5deb59a/prints/pp2/Q5019801.webp
Матовые цветные чехлы для печати,Samsung Galaxy A22/M32/M22,A:502010,W502010,ПП2,3837330003,6,https://s3.twcstorage.ru/35ffc2ef-1e09-463d-a2c4-c183d5deb59a/prints/pp2/W502010.webp
Силиконовые чехлы,Samsung Galaxy A22/M32/M22,A:502012,W502012,ПП2,3345710160,12,https://s3.twcstorage.ru/35ffc2ef-1e09-463d-a2c4-c183d5deb59a/prints/pp2/W502012.webp
Матовые цветные чехлы для печати,Samsung Galaxy A22/M32/M22,A:502014,W502014,ПП2,3837330018,3,https://s3.twcstorage.ru/35ffc2ef-1e09-463d-a2c4-c183d5deb59a/prints/pp2/W502014.webp
Силиконовые чехлы,Samsung Galaxy A22/M32/M22,A:502031,W502031,ПП2,3345710866,27,https://s3.twcstorage.ru/35ffc2ef-1e09-463d-a2c4-c183d5deb59a/prints/pp2/W502031.webp
Белые софт-тач,Samsung Galaxy A22/M32/M22,A:502039,W502039,ПП2,3277227944,1000000,https://s3.twcstorage.ru/35ffc2ef-1e09-463d-a2c4-c183d5deb59a/prints/pp2/W502039.webp
Белые софт-тач,Samsung Galaxy A22/M32/M22,A:502056,W502056,ПП2,3277227705,55,https://s3.twcstorage.ru/35ffc2ef-1e09-463d-a2c4-c183d5deb59a/prints/pp2/W502056.webp
Матовые цветные чехлы для печати,Samsung Galaxy A22/M32/M22,A:502069,W502069,ПП2,3837330199,37,https://s3.twcstorage.ru/35ffc2ef-1e09-463d-a2c4-c183d5deb59a/prints/pp2/W502069.webp
Силиконовые чехлы,Samsung Galaxy A22/M32/M22,A:506331,W506331,ПП2,4896305817,19,https://s3.twcstorage.ru/35ffc2ef-1e09-463d-a2c4-c183d5deb59a/prints/pp2/W5063311.webp
Матовые цветные чехлы для печати,Samsung Galaxy A22/M32/M22,A:506334,W5063341,ПП2,4897336860,24,https://s3.twcstorage.ru/35ffc2ef-1e09-463d-a2c4-c183d5deb59a/prints/pp2/W5063341.webp
Силиконовые чехлы,Samsung Galaxy A22s 5G,A:501960,C501960,ПП2,3346291222,29,https://s3.twcstorage.ru/35ffc2ef-1e09-463d-a2c4-c183d5deb59a/prints/pp2/W501960.webp
Матовые цветные чехлы для печати,Samsung Galaxy A23,A:501934,W501934,ПП2,3277161969,1000000,https://s3.twcstorage.ru/35ffc2ef-1e09-463d-a2c4-c183d5deb59a/prints/pp2/W501934.webp
Матовые цветные чехлы для печати,Samsung Galaxy A23,A:501937,W501937,ПП2,3277162215,78,https://s3.twcstorage.ru/35ffc2ef-1e09-463d-a2c4-c183d5deb59a/prints/pp2/W501937.webp
Матовые цветные чехлы для печати,Samsung Galaxy A23,A:502009,W502009,ПП2,3277162347,22,https://s3.twcstorage.ru/35ffc2ef-1e09-463d-a2c4-c183d5deb59a/prints/pp2/W502009.webp
Матовые цветные чехлы для печати,Samsung Galaxy A23,A:502014,W502014,ПП2,3277162187,3,https://s3.twcstorage.ru/35ffc2ef-1e09-463d-a2c4-c183d5deb59a/prints/pp2/W502014.webp
Матовые цветные чехлы для печати,Samsung Galaxy A23,A:502050,W502050,ПП2,3277162039,46,https://s3.twcstorage.ru/35ffc2ef-1e09-463d-a2c4-c183d5deb59a/prints/pp2/Y502050.webp
Силиконовые чехлы,Samsung Galaxy A24,A:501949,C501949,ПП2,3345650349,60,https://s3.twcstorage.ru/35ffc2ef-1e09-463d-a2c4-c183d5deb59a/prints/pp2/W501949.webp
Силиконовые чехлы,Samsung Galaxy A24,A:501978,Q501978,ПП2,3345660699,2,https://s3.twcstorage.ru/35ffc2ef-1e09-463d-a2c4-c183d5deb59a/prints/pp2/Q5019781.webp
Силиконовые чехлы,Samsung Galaxy A24,A:501980,Q501980,ПП2,3345659797,4,https://s3.twcstorage.ru/35ffc2ef-1e09-463d-a2c4-c183d5deb59a/prints/pp2/Q5019801.webp
Силиконовые чехлы,Samsung Galaxy A24,A:501986,Q501986,ПП2,3345661235,141,https://s3.twcstorage.ru/35ffc2ef-1e09-463d-a2c4-c183d5deb59a/prints/pp2/Y501986.webp
Силиконовые чехлы,Samsung Galaxy A24,A:502009,W502009,ПП2,3345666272,5,https://s3.twcstorage.ru/35ffc2ef-1e09-463d-a2c4-c183d5deb59a/prints/pp2/W502009.webp
Силиконовые чехлы,Samsung Galaxy A24,A:502023,W502023,ПП2,3345665466,69,https://s3.twcstorage.ru/35ffc2ef-1e09-463d-a2c4-c183d5deb59a/prints/pp2/W502023.webp
Силиконовые чехлы,Samsung Galaxy A24,A:502027,W502027,ПП2,3345669669,47,https://s3.twcstorage.ru/35ffc2ef-1e09-463d-a2c4-c183d5deb59a/prints/pp2/W502027.webp
Силиконовые чехлы,Samsung Galaxy A24,A:502036,W502036,ПП2,3345657265,10,https://s3.twcstorage.ru/35ffc2ef-1e09-463d-a2c4-c183d5deb59a/prints/pp2/W502036.webp
Силиконовые чехлы,Samsung Galaxy A24,A:502044,W502044,ПП2,3345660144,146,https://s3.twcstorage.ru/35ffc2ef-1e09-463d-a2c4-c183d5deb59a/prints/pp2/W502044.webp
Силиконовые чехлы,Samsung Galaxy A24,A:502069,W502069,ПП2,3345660164,9,https://s3.twcstorage.ru/35ffc2ef-1e09-463d-a2c4-c183d5deb59a/prints/pp2/W502069.webp
Силиконовые чехлы,Samsung Galaxy A25 5G,A:501971,Q501971,ПП2,3858480154,137,https://s3.twcstorage.ru/35ffc2ef-1e09-463d-a2c4-c183d5deb59a/prints/pp2/Q501971.webp
Силиконовые чехлы,Samsung Galaxy A25 5G,A:501978,Q501978,ПП2,3858477870,2,https://s3.twcstorage.ru/35ffc2ef-1e09-463d-a2c4-c183d5deb59a/prints/pp2/Q5019781.webp
Силиконовые чехлы,Samsung Galaxy A25 5G,A:501980,Q501980,ПП2,3858480288,4,https://s3.twcstorage.ru/35ffc2ef-1e09-463d-a2c4-c183d5deb59a/prints/pp2/Q5019801.webp
Силиконовые чехлы,Samsung Galaxy A25 5G,A:501993,Q501993,ПП2,3858477523,21,https://s3.twcstorage.ru/35ffc2ef-1e09-463d-a2c4-c183d5deb59a/prints/pp2/Q5019931.webp
Силиконовые чехлы,Samsung Galaxy A25 5G,A:501996,W501996,ПП2,3858477738,66,https://s3.twcstorage.ru/35ffc2ef-1e09-463d-a2c4-c183d5deb59a/prints/pp2/Y501996.webp
Силиконовые чехлы,Samsung Galaxy A25 5G,A:502065,W502065,ПП2,3858480480,22,https://s3.twcstorage.ru/35ffc2ef-1e09-463d-a2c4-c183d5deb59a/prints/pp2/W502065.webp
Силиконовые чехлы,Samsung Galaxy A25 5G,A:502067,W502067,ПП2,3858477432,28,https://s3.twcstorage.ru/35ffc2ef-1e09-463d-a2c4-c183d5deb59a/prints/pp2/W5020671.webp
Матовые цветные чехлы для печати,Samsung Galaxy A25 5G,A:506332,W5063321,ПП2,4899413725,14,https://s3.twcstorage.ru/35ffc2ef-1e09-463d-a2c4-c183d5deb59a/prints/pp2/W5063321.webp
Силиконовые чехлы,Samsung Galaxy A25 5G,A:506336,W506336,ПП2,4896377276,44,https://s3.twcstorage.ru/35ffc2ef-1e09-463d-a2c4-c183d5deb59a/prints/pp2/W5063361.webp
Силиконовые чехлы,Samsung Galaxy A25 5G,A:506339,W506339,ПП2,4896395772,23,https://s3.twcstorage.ru/35ffc2ef-1e09-463d-a2c4-c183d5deb59a/prints/pp2/W5063391.webp
Матовые цветные чехлы для печати,Samsung Galaxy A25 5G,A:506340,W5063401,ПП2,4899420333,13,https://s3.twcstorage.ru/35ffc2ef-1e09-463d-a2c4-c183d5deb59a/prints/pp2/W5063401.webp
Матовые цветные чехлы для печати,Samsung Galaxy A26 5G,A:501930,W501930,ПП2,3277164133,75,https://s3.twcstorage.ru/35ffc2ef-1e09-463d-a2c4-c183d5deb59a/prints/pp2/W501930.webp
Матовые цветные чехлы для печати,Samsung Galaxy A26 5G,A:501957,W501957,ПП2,3277164126,7,https://s3.twcstorage.ru/35ffc2ef-1e09-463d-a2c4-c183d5deb59a/prints/pp2/W501957.webp
Силиконовые чехлы,Samsung Galaxy A26 5G,A:501958,W501958,ПП2,3345863151,1000000,https://s3.twcstorage.ru/35ffc2ef-1e09-463d-a2c4-c183d5deb59a/prints/pp2/W501958.webp
Силиконовые чехлы,Samsung Galaxy A26 5G,A:501973,Q501973,ПП2,3345862312,1000000,https://s3.twcstorage.ru/35ffc2ef-1e09-463d-a2c4-c183d5deb59a/prints/pp2/Q501973.webp
Силиконовые чехлы,Samsung Galaxy A26 5G,A:501980,Q501980,ПП2,3345858299,4,https://s3.twcstorage.ru/35ffc2ef-1e09-463d-a2c4-c183d5deb59a/prints/pp2/Q5019801.webp
Силиконовые чехлы,Samsung Galaxy A26 5G,A:501989,Q501989,ПП2,3345859647,61,https://s3.twcstorage.ru/35ffc2ef-1e09-463d-a2c4-c183d5deb59a/prints/pp2/Y501989.webp
Силиконовые чехлы,Samsung Galaxy A26 5G,A:501990,Q501990,ПП2,3345859790,42,https://s3.twcstorage.ru/35ffc2ef-1e09-463d-a2c4-c183d5deb59a/prints/pp2/Y501990.webp
Силиконовые чехлы,Samsung Galaxy A26 5G,A:501993,Q501993,ПП2,3345859294,21,https://s3.twcstorage.ru/35ffc2ef-1e09-463d-a2c4-c183d5deb59a/prints/pp2/Q5019931.webp
Силиконовые чехлы,Samsung Galaxy A26 5G,A:502009,W502009,ПП2,3345865894,5,https://s3.twcstorage.ru/35ffc2ef-1e09-463d-a2c4-c183d5deb59a/prints/pp2/W502009.webp
Силиконовые чехлы,Samsung Galaxy A26 5G,A:502010,W502010,ПП2,3345858494,3,https://s3.twcstorage.ru/35ffc2ef-1e09-463d-a2c4-c183d5deb59a/prints/pp2/W502010.webp
Матовые цветные чехлы для печати,Samsung Galaxy A26 5G,A:502016,W502016,ПП2,3277164211,23,https://s3.twcstorage.ru/35ffc2ef-1e09-463d-a2c4-c183d5deb59a/prints/pp2/W502016.webp
Матовые цветные чехлы для печати,Samsung Galaxy A26 5G,A:502019,W502019,ПП2,3277164100,27,https://s3.twcstorage.ru/35ffc2ef-1e09-463d-a2c4-c183d5deb59a/prints/pp2/W502019.webp
Матовые цветные чехлы для печати,Samsung Galaxy A26 5G,A:502023,W502023,ПП2,3277165465,19,https://s3.twcstorage.ru/35ffc2ef-1e09-463d-a2c4-c183d5deb59a/prints/pp2/W502023.webp
Матовые цветные чехлы для печати,Samsung Galaxy A26 5G,A:502032,W502032,ПП2,3277165081,4,https://s3.twcstorage.ru/35ffc2ef-1e09-463d-a2c4-c183d5deb59a/prints/pp2/W502032.webp
Силиконовые чехлы,Samsung Galaxy A26 5G,A:502055,W502055,ПП2,3345858914,96,https://s3.twcstorage.ru/35ffc2ef-1e09-463d-a2c4-c183d5deb59a/prints/pp2/W502055.webp
Матовые цветные чехлы для печати,Samsung Galaxy A26 5G,A:502065,W502065,ПП2,3277165589,2,https://s3.twcstorage.ru/35ffc2ef-1e09-463d-a2c4-c183d5deb59a/prints/pp2/W502065.webp
Силиконовые чехлы,Samsung Galaxy A26 5G,A:506332,W506332,ПП2,4895399437,11,https://s3.twcstorage.ru/35ffc2ef-1e09-463d-a2c4-c183d5deb59a/prints/pp2/W5063321.webp
Матовые цветные чехлы для печати,Samsung Galaxy A26 5G,A:506339,W5063391,ПП2,4902501893,29,https://s3.twcstorage.ru/35ffc2ef-1e09-463d-a2c4-c183d5deb59a/prints/pp2/W5063391.webp
Силиконовые чехлы,Samsung Galaxy A26 5G,A:506340,W506340,ПП2,4895400363,15,https://s3.twcstorage.ru/35ffc2ef-1e09-463d-a2c4-c183d5deb59a/prints/pp2/W5063401.webp
Матовые цветные чехлы для печати,Samsung Galaxy A26 5G,A:506372,W506372,ПП2,4902505300,25,https://s3.twcstorage.ru/35ffc2ef-1e09-463d-a2c4-c183d5deb59a/prints/pp2/W506372.webp
Матовые цветные чехлы для печати,Samsung Galaxy A26 5G,A:506379,W506379,ПП2,4902500063,1000000,https://s3.twcstorage.ru/35ffc2ef-1e09-463d-a2c4-c183d5deb59a/prints/pp2/W506379.webp
Чёрные софт-тач,Samsung Galaxy A32,A:501946,S501946,ПП2,3277053066,1,https://s3.twcstorage.ru/35ffc2ef-1e09-463d-a2c4-c183d5deb59a/prints/pp2/W501946.webp
Матовые цветные чехлы для печати,Samsung Galaxy A32,A:501955,W501955,ПП2,3277200721,52,https://s3.twcstorage.ru/35ffc2ef-1e09-463d-a2c4-c183d5deb59a/prints/pp2/W501955.webp
Белые софт-тач,Samsung Galaxy A32,A:501957,W501957,ПП2,3281193301,27,https://s3.twcstorage.ru/35ffc2ef-1e09-463d-a2c4-c183d5deb59a/prints/pp2/W501957.webp
Силиконовые чехлы,Samsung Galaxy A32,A:501968,Q501968,ПП2,3295399617,91,https://s3.twcstorage.ru/35ffc2ef-1e09-463d-a2c4-c183d5deb59a/prints/pp2/W501968.webp
Силиконовые чехлы,Samsung Galaxy A32,A:501978,Q501978,ПП2,3295401912,2,https://s3.twcstorage.ru/35ffc2ef-1e09-463d-a2c4-c183d5deb59a/prints/pp2/Q5019781.webp
Матовые цветные чехлы для печати,Samsung Galaxy A32,A:502014,W502014,ПП2,3277200698,3,https://s3.twcstorage.ru/35ffc2ef-1e09-463d-a2c4-c183d5deb59a/prints/pp2/W502014.webp
Белые софт-тач,Samsung Galaxy A32,A:502053,W502053,ПП2,3281217185,1,https://s3.twcstorage.ru/35ffc2ef-1e09-463d-a2c4-c183d5deb59a/prints/pp2/W502053.webp
Матовые цветные чехлы для печати,Samsung Galaxy A32,A:506331,W5063311,ПП2,4896240665,17,https://s3.twcstorage.ru/35ffc2ef-1e09-463d-a2c4-c183d5deb59a/prints/pp2/W5063311.webp
Матовые цветные чехлы для печати,Samsung Galaxy A32,A:506336,W5063361,ПП2,4896240301,16,https://s3.twcstorage.ru/35ffc2ef-1e09-463d-a2c4-c183d5deb59a/prints/pp2/W5063361.webp
Белые софт-тач,Samsung Galaxy A32,A:506337,W506337,ПП2,4897295891,16,https://s3.twcstorage.ru/35ffc2ef-1e09-463d-a2c4-c183d5deb59a/prints/pp2/W5063371.webp
Белые софт-тач,Samsung Galaxy A32,A:506374,W506374,ПП2,4897301443,5,https://s3.twcstorage.ru/35ffc2ef-1e09-463d-a2c4-c183d5deb59a/prints/pp2/W506374.webp
Силиконовые чехлы,Samsung Galaxy A32,A:506384,Q506384,ПП2,4896299160,84,https://s3.twcstorage.ru/35ffc2ef-1e09-463d-a2c4-c183d5deb59a/prints/pp2/Q5063841.webp
Белые софт-тач,Samsung Galaxy A33 5G,A:501932,W501932,ПП2,3277247153,67,https://s3.twcstorage.ru/35ffc2ef-1e09-463d-a2c4-c183d5deb59a/prints/pp2/W501932.webp
Белые софт-тач,Samsung Galaxy A33 5G,A:501940,W501940,ПП2,3277248523,53,https://s3.twcstorage.ru/35ffc2ef-1e09-463d-a2c4-c183d5deb59a/prints/pp2/W501940.webp
Белые софт-тач,Samsung Galaxy A33 5G,A:501955,W501955,ПП2,3277247094,39,https://s3.twcstorage.ru/35ffc2ef-1e09-463d-a2c4-c183d5deb59a/prints/pp2/W501955.webp
Белые софт-тач,Samsung Galaxy A33 5G,A:501956,W501956,ПП2,3277246863,1000000,https://s3.twcstorage.ru/35ffc2ef-1e09-463d-a2c4-c183d5deb59a/prints/pp2/W501956.webp
Силиконовые чехлы,Samsung Galaxy A33 5G,A:501960,W501960,ПП2,3346269669,29,https://s3.twcstorage.ru/35ffc2ef-1e09-463d-a2c4-c183d5deb59a/prints/pp2/W501960.webp
Белые софт-тач,Samsung Galaxy A33 5G,A:501961,W501961,ПП2,3277247832,26,https://s3.twcstorage.ru/35ffc2ef-1e09-463d-a2c4-c183d5deb59a/prints/pp2/W501961.webp
Силиконовые чехлы,Samsung Galaxy A33 5G,A:501978,Q501978,ПП2,3346272117,2,https://s3.twcstorage.ru/35ffc2ef-1e09-463d-a2c4-c183d5deb59a/prints/pp2/Q5019781.webp
Силиконовые чехлы,Samsung Galaxy A33 5G,A:501980,Q501980,ПП2,3346268158,4,https://s3.twcstorage.ru/35ffc2ef-1e09-463d-a2c4-c183d5deb59a/prints/pp2/Q5019801.webp
Силиконовые чехлы,Samsung Galaxy A33 5G,A:501991,Q501991,ПП2,3346269315,1000000,https://s3.twcstorage.ru/35ffc2ef-1e09-463d-a2c4-c183d5deb59a/prints/pp2/Q501991.webp
Силиконовые чехлы,Samsung Galaxy A33 5G,A:501998,W501998,ПП2,3346269504,142,https://s3.twcstorage.ru/35ffc2ef-1e09-463d-a2c4-c183d5deb59a/prints/pp2/W501998.webp
Белые софт-тач,Samsung Galaxy A33 5G,A:502007,W502007,ПП2,3277247823,21,https://s3.twcstorage.ru/35ffc2ef-1e09-463d-a2c4-c183d5deb59a/prints/pp2/W502007.webp
Силиконовые чехлы,Samsung Galaxy A33 5G,A:502009,W502009,ПП2,3346276184,5,https://s3.twcstorage.ru/35ffc2ef-1e09-463d-a2c4-c183d5deb59a/prints/pp2/W502009.webp
Силиконовые чехлы,Samsung Galaxy A33 5G,A:502011,W502011,ПП2,3346269623,62,https://s3.twcstorage.ru/35ffc2ef-1e09-463d-a2c4-c183d5deb59a/prints/pp2/W502011.webp
Белые софт-тач,Samsung Galaxy A33 5G,A:502014,W502014,ПП2,3277247915,7,https://s3.twcstorage.ru/35ffc2ef-1e09-463d-a2c4-c183d5deb59a/prints/pp2/W502014.webp
Силиконовые чехлы,Samsung Galaxy A33 5G,A:502017,W502017,ПП2,3346269294,63,https://s3.twcstorage.ru/35ffc2ef-1e09-463d-a2c4-c183d5deb59a/prints/pp2/W502017.webp
Белые софт-тач,Samsung Galaxy A33 5G,A:502030,W502030,ПП2,3277247865,23,https://s3.twcstorage.ru/35ffc2ef-1e09-463d-a2c4-c183d5deb59a/prints/pp2/W502030.webp
Белые софт-тач,Samsung Galaxy A33 5G,A:502032,W502032,ПП2,3277247902,14,https://s3.twcstorage.ru/35ffc2ef-1e09-463d-a2c4-c183d5deb59a/prints/pp2/W502032.webp
Силиконовые чехлы,Samsung Galaxy A33 5G,A:502039,W502039,ПП2,3346268943,95,https://s3.twcstorage.ru/35ffc2ef-1e09-463d-a2c4-c183d5deb59a/prints/pp2/W502039.webp
Силиконовые чехлы,Samsung Galaxy A33 5G,A:502044,W502044,ПП2,3346269186,146,https://s3.twcstorage.ru/35ffc2ef-1e09-463d-a2c4-c183d5deb59a/prints/pp2/W502044.webp
Белые софт-тач,Samsung Galaxy A33 5G,A:502052,W502052,ПП2,3277247829,2,https://s3.twcstorage.ru/35ffc2ef-1e09-463d-a2c4-c183d5deb59a/prints/pp2/W502052.webp
Белые софт-тач,Samsung Galaxy A33 5G,A:502053,W502053,ПП2,3277247942,1,https://s3.twcstorage.ru/35ffc2ef-1e09-463d-a2c4-c183d5deb59a/prints/pp2/W502053.webp
Матовые цветные чехлы для печати,Samsung Galaxy A34 5G,A:501933,W501933,ПП2,3277137929,76,https://s3.twcstorage.ru/35ffc2ef-1e09-463d-a2c4-c183d5deb59a/prints/pp2/W501933.webp
Матовые цветные чехлы для печати,Samsung Galaxy A34 5G,A:501947,W501947,ПП2,3277137810,5,https://s3.twcstorage.ru/35ffc2ef-1e09-463d-a2c4-c183d5deb59a/prints/pp2/W501947.webp
Чёрные софт-тач,Samsung Galaxy A34 5G,A:501955,S501955,ПП2,3277060001,26,https://s3.twcstorage.ru/35ffc2ef-1e09-463d-a2c4-c183d5deb59a/prints/pp2/W501955.webp
Чёрные софт-тач,Samsung Galaxy A34 5G,A:501957,S501957,ПП2,3277059811,2,https://s3.twcstorage.ru/35ffc2ef-1e09-463d-a2c4-c183d5deb59a/prints/pp2/W501957.webp
Чёрные софт-тач,Samsung Galaxy A34 5G,A:501960,S501960,ПП2,3277059710,11,https://s3.twcstorage.ru/35ffc2ef-1e09-463d-a2c4-c183d5deb59a/prints/pp2/W501960.webp
Белые софт-тач,Samsung Galaxy A34 5G,A:501961,W501961,ПП2,3837379300,26,https://s3.twcstorage.ru/35ffc2ef-1e09-463d-a2c4-c183d5deb59a/prints/pp2/W501961.webp
Чёрные софт-тач,Samsung Galaxy A34 5G,A:501962,S501962,ПП2,3277059658,29,https://s3.twcstorage.ru/35ffc2ef-1e09-463d-a2c4-c183d5deb59a/prints/pp2/W501962.webp
Силиконовые чехлы,Samsung Galaxy A34 5G,A:501978,Q501978,ПП2,3295472032,2,https://s3.twcstorage.ru/35ffc2ef-1e09-463d-a2c4-c183d5deb59a/prints/pp2/Q5019781.webp
Силиконовые чехлы,Samsung Galaxy A34 5G,A:501980,Q501980,ПП2,3295470770,4,https://s3.twcstorage.ru/35ffc2ef-1e09-463d-a2c4-c183d5deb59a/prints/pp2/Q5019801.webp
Силиконовые чехлы,Samsung Galaxy A34 5G,A:501990,Q501990,ПП2,3295474315,42,https://s3.twcstorage.ru/35ffc2ef-1e09-463d-a2c4-c183d5deb59a/prints/pp2/Y501990.webp
Матовые цветные чехлы для печати,Samsung Galaxy A34 5G,A:502006,W502006,ПП2,3277139227,21,https://s3.twcstorage.ru/35ffc2ef-1e09-463d-a2c4-c183d5deb59a/prints/pp2/W502006.webp
Матовые цветные чехлы для печати,Samsung Galaxy A34 5G,A:502007,W502007,ПП2,3277139194,15,https://s3.twcstorage.ru/35ffc2ef-1e09-463d-a2c4-c183d5deb59a/prints/pp2/W502007.webp
Силиконовые чехлы,Samsung Galaxy A34 5G,A:502009,W502009,ПП2,3295473784,5,https://s3.twcstorage.ru/35ffc2ef-1e09-463d-a2c4-c183d5deb59a/prints/pp2/W502009.webp
Матовые цветные чехлы для печати,Samsung Galaxy A34 5G,A:502019,W502019,ПП2,3277138634,27,https://s3.twcstorage.ru/35ffc2ef-1e09-463d-a2c4-c183d5deb59a/prints/pp2/W502019.webp
Матовые цветные чехлы для печати,Samsung Galaxy A34 5G,A:502022,W502022,ПП2,3277138838,1000000,https://s3.twcstorage.ru/35ffc2ef-1e09-463d-a2c4-c183d5deb59a/prints/pp2/Y502022.webp
Матовые цветные чехлы для печати,Samsung Galaxy A34 5G,A:502030,W502030,ПП2,3277139002,35,https://s3.twcstorage.ru/35ffc2ef-1e09-463d-a2c4-c183d5deb59a/prints/pp2/W502030.webp
Белые софт-тач,Samsung Galaxy A34 5G,A:502031,W502031,ПП2,3837374842,30,https://s3.twcstorage.ru/35ffc2ef-1e09-463d-a2c4-c183d5deb59a/prints/pp2/W502031.webp
Матовые цветные чехлы для печати,Samsung Galaxy A34 5G,A:502032,W502032,ПП2,3277139074,4,https://s3.twcstorage.ru/35ffc2ef-1e09-463d-a2c4-c183d5deb59a/prints/pp2/W502032.webp
Матовые цветные чехлы для печати,Samsung Galaxy A34 5G,A:502048,W502048,ПП2,3277137922,36,https://s3.twcstorage.ru/35ffc2ef-1e09-463d-a2c4-c183d5deb59a/prints/pp2/Y502048.webp
Белые софт-тач,Samsung Galaxy A34 5G,A:502052,W502052,ПП2,3837377476,2,https://s3.twcstorage.ru/35ffc2ef-1e09-463d-a2c4-c183d5deb59a/prints/pp2/W502052.webp
Белые софт-тач,Samsung Galaxy A34 5G,A:502053,W502053,ПП2,3837379181,1,https://s3.twcstorage.ru/35ffc2ef-1e09-463d-a2c4-c183d5deb59a/prints/pp2/W502053.webp
Матовые цветные чехлы для печати,Samsung Galaxy A34 5G,A:506330,W5063301,ПП2,4896855449,32,https://s3.twcstorage.ru/35ffc2ef-1e09-463d-a2c4-c183d5deb59a/prints/pp2/W5063301.webp
Матовые цветные чехлы для печати,Samsung Galaxy A34 5G,A:506331,W5063311,ПП2,4896904326,17,https://s3.twcstorage.ru/35ffc2ef-1e09-463d-a2c4-c183d5deb59a/prints/pp2/W5063311.webp
Белые софт-тач,Samsung Galaxy A34 5G,A:506340,W506340,ПП2,4901557734,3,https://s3.twcstorage.ru/35ffc2ef-1e09-463d-a2c4-c183d5deb59a/prints/pp2/W5063401.webp
Матовые цветные чехлы для печати,Samsung Galaxy A34 5G,A:506360,W5063601,ПП2,4896853444,90,https://s3.twcstorage.ru/35ffc2ef-1e09-463d-a2c4-c183d5deb59a/prints/pp2/W5063601.webp
Матовые цветные чехлы для печати,Samsung Galaxy A34 5G,A:506372,W506372,ПП2,4896852864,25,https://s3.twcstorage.ru/35ffc2ef-1e09-463d-a2c4-c183d5deb59a/prints/pp2/W506372.webp
Силиконовые чехлы,Samsung Galaxy A34 5G,A:506374,W506374,ПП2,4895806379,34,https://s3.twcstorage.ru/35ffc2ef-1e09-463d-a2c4-c183d5deb59a/prints/pp2/W506374.webp
Матовые цветные чехлы для печати,Samsung Galaxy A35 5G,A:501935,W501935,ПП2,3277188109,77,https://s3.twcstorage.ru/35ffc2ef-1e09-463d-a2c4-c183d5deb59a/prints/pp2/W501935.webp
Силиконовые чехлы,Samsung Galaxy A35 5G,A:501942,C501942,ПП2,3289188075,108,https://s3.twcstorage.ru/35ffc2ef-1e09-463d-a2c4-c183d5deb59a/prints/pp2/S501942.webp
Белые софт-тач,Samsung Galaxy A35 5G,A:501947,W501947,ПП2,3280613261,13,https://s3.twcstorage.ru/35ffc2ef-1e09-463d-a2c4-c183d5deb59a/prints/pp2/W501947.webp
Силиконовые чехлы,Samsung Galaxy A35 5G,A:501951,W501951,ПП2,3289189212,7,https://s3.twcstorage.ru/35ffc2ef-1e09-463d-a2c4-c183d5deb59a/prints/pp2/W501951.webp
Силиконовые чехлы,Samsung Galaxy A35 5G,A:501955,C501955,ПП2,3289184108,35,https://s3.twcstorage.ru/35ffc2ef-1e09-463d-a2c4-c183d5deb59a/prints/pp2/W501955.webp
Чёрные софт-тач,Samsung Galaxy A35 5G,A:501957,S501957,ПП2,3277049980,2,https://s3.twcstorage.ru/35ffc2ef-1e09-463d-a2c4-c183d5deb59a/prints/pp2/W501957.webp
Силиконовые чехлы,Samsung Galaxy A35 5G,A:501960,C501960,ПП2,3289184492,29,https://s3.twcstorage.ru/35ffc2ef-1e09-463d-a2c4-c183d5deb59a/prints/pp2/W501960.webp
Белые софт-тач,Samsung Galaxy A35 5G,A:501962,W501962,ПП2,3280657546,20,https://s3.twcstorage.ru/35ffc2ef-1e09-463d-a2c4-c183d5deb59a/prints/pp2/W501962.webp
Силиконовые чехлы,Samsung Galaxy A35 5G,A:501978,Q501978,ПП2,3289184659,2,https://s3.twcstorage.ru/35ffc2ef-1e09-463d-a2c4-c183d5deb59a/prints/pp2/Q5019781.webp
Стеклянные чехлы,Samsung Galaxy A35 5G,A:501979,Q5019791,ПП2,3277024628,6,https://s3.twcstorage.ru/35ffc2ef-1e09-463d-a2c4-c183d5deb59a/prints/pp2/Q5019791.webp
Силиконовые чехлы,Samsung Galaxy A35 5G,A:501980,Q501980,ПП2,3289183983,4,https://s3.twcstorage.ru/35ffc2ef-1e09-463d-a2c4-c183d5deb59a/prints/pp2/Q5019801.webp
Матовые цветные чехлы для печати,Samsung Galaxy A35 5G,A:502003,W502003,ПП2,3277186377,20,https://s3.twcstorage.ru/35ffc2ef-1e09-463d-a2c4-c183d5deb59a/prints/pp2/W502003.webp
Силиконовые чехлы,Samsung Galaxy A35 5G,A:502009,W502009,ПП2,3289189429,5,https://s3.twcstorage.ru/35ffc2ef-1e09-463d-a2c4-c183d5deb59a/prints/pp2/W502009.webp
Силиконовые чехлы,Samsung Galaxy A35 5G,A:502010,W502010,ПП2,3289184346,3,https://s3.twcstorage.ru/35ffc2ef-1e09-463d-a2c4-c183d5deb59a/prints/pp2/W502010.webp
Силиконовые чехлы,Samsung Galaxy A35 5G,A:502012,W502012,ПП2,3289184358,12,https://s3.twcstorage.ru/35ffc2ef-1e09-463d-a2c4-c183d5deb59a/prints/pp2/W502012.webp
Силиконовые чехлы,Samsung Galaxy A35 5G,A:502014,W502014,ПП2,3289186919,1,https://s3.twcstorage.ru/35ffc2ef-1e09-463d-a2c4-c183d5deb59a/prints/pp2/W502014.webp
Матовые цветные чехлы для печати,Samsung Galaxy A35 5G,A:502017,W502017,ПП2,3277187996,1000000,https://s3.twcstorage.ru/35ffc2ef-1e09-463d-a2c4-c183d5deb59a/prints/pp2/W502017.webp
Матовые цветные чехлы для печати,Samsung Galaxy A35 5G,A:502019,W502019,ПП2,3277187892,27,https://s3.twcstorage.ru/35ffc2ef-1e09-463d-a2c4-c183d5deb59a/prints/pp2/W502019.webp
Силиконовые чехлы,Samsung Galaxy A35 5G,A:502030,W502030,ПП2,3289189475,26,https://s3.twcstorage.ru/35ffc2ef-1e09-463d-a2c4-c183d5deb59a/prints/pp2/W502030.webp
Белые софт-тач,Samsung Galaxy A35 5G,A:502031,W502031,ПП2,3280610384,30,https://s3.twcstorage.ru/35ffc2ef-1e09-463d-a2c4-c183d5deb59a/prints/pp2/W502031.webp
Силиконовые чехлы,Samsung Galaxy A35 5G,A:502036,W502036,ПП2,3289184374,10,https://s3.twcstorage.ru/35ffc2ef-1e09-463d-a2c4-c183d5deb59a/prints/pp2/W502036.webp
Белые софт-тач,Samsung Galaxy A35 5G,A:502052,W502052,ПП2,3280657662,2,https://s3.twcstorage.ru/35ffc2ef-1e09-463d-a2c4-c183d5deb59a/prints/pp2/W502052.webp
Белые софт-тач,Samsung Galaxy A35 5G,A:502053,W502053,ПП2,3280660993,1,https://s3.twcstorage.ru/35ffc2ef-1e09-463d-a2c4-c183d5deb59a/prints/pp2/W502053.webp
Белые софт-тач,Samsung Galaxy A35 5G,A:502056,W502056,ПП2,3280613376,55,https://s3.twcstorage.ru/35ffc2ef-1e09-463d-a2c4-c183d5deb59a/prints/pp2/W502056.webp
Матовые цветные чехлы для печати,Samsung Galaxy A35 5G,A:502062,W502062,ПП2,3277186000,48,https://s3.twcstorage.ru/35ffc2ef-1e09-463d-a2c4-c183d5deb59a/prints/pp2/W502062.webp
Силиконовые чехлы,Samsung Galaxy A35 5G,A:502067,W502067,ПП2,3289184182,28,https://s3.twcstorage.ru/35ffc2ef-1e09-463d-a2c4-c183d5deb59a/prints/pp2/W5020671.webp
Силиконовые чехлы,Samsung Galaxy A35 5G,A:502069,W502069,ПП2,3289187452,9,https://s3.twcstorage.ru/35ffc2ef-1e09-463d-a2c4-c183d5deb59a/prints/pp2/W502069.webp
Матовые цветные чехлы для печати,Samsung Galaxy A35 5G,A:506332,W5063321,ПП2,4895934177,14,https://s3.twcstorage.ru/35ffc2ef-1e09-463d-a2c4-c183d5deb59a/prints/pp2/W5063321.webp
Силиконовые чехлы,Samsung Galaxy A35 5G,A:506336,W506336,ПП2,4895996894,44,https://s3.twcstorage.ru/35ffc2ef-1e09-463d-a2c4-c183d5deb59a/prints/pp2/W5063361.webp
Силиконовые чехлы,Samsung Galaxy A35 5G,A:506340,W506340,ПП2,4895996892,15,https://s3.twcstorage.ru/35ffc2ef-1e09-463d-a2c4-c183d5deb59a/prints/pp2/W5063401.webp
Матовые цветные чехлы для печати,Samsung Galaxy A35 5G,A:506346,W506346,ПП2,4895932223,68,https://s3.twcstorage.ru/35ffc2ef-1e09-463d-a2c4-c183d5deb59a/prints/pp2/W506346.webp
Силиконовые чехлы,Samsung Galaxy A35 5G,A:506373,W506373,ПП2,4895995843,37,https://s3.twcstorage.ru/35ffc2ef-1e09-463d-a2c4-c183d5deb59a/prints/pp2/W506373.webp
Белые софт-тач,Samsung Galaxy A35 5G,A:506379,W506379,ПП2,4897959153,19,https://s3.twcstorage.ru/35ffc2ef-1e09-463d-a2c4-c183d5deb59a/prints/pp2/W506379.webp
Белые софт-тач,Samsung Galaxy A36 5G,A:501936,W501936,ПП2,3277262982,1000000,https://s3.twcstorage.ru/35ffc2ef-1e09-463d-a2c4-c183d5deb59a/prints/pp2/W501936.webp
Силиконовые чехлы,Samsung Galaxy A36 5G,A:501940,C501940,ПП2,3280875148,106,https://s3.twcstorage.ru/35ffc2ef-1e09-463d-a2c4-c183d5deb59a/prints/pp2/W501940.webp
Силиконовые чехлы,Samsung Galaxy A36 5G,A:501942,C501942,ПП2,3280874879,108,https://s3.twcstorage.ru/35ffc2ef-1e09-463d-a2c4-c183d5deb59a/prints/pp2/S501942.webp
Чёрные софт-тач,Samsung Galaxy A36 5G,A:501945,S501945,ПП2,3277080978,6,https://s3.twcstorage.ru/35ffc2ef-1e09-463d-a2c4-c183d5deb59a/prints/pp2/W501945.webp
Силиконовые чехлы,Samsung Galaxy A36 5G,A:501960,C501960,ПП2,3280875801,29,https://s3.twcstorage.ru/35ffc2ef-1e09-463d-a2c4-c183d5deb59a/prints/pp2/W501960.webp
Силиконовые чехлы,Samsung Galaxy A36 5G,A:501961,W501961,ПП2,3280879023,20,https://s3.twcstorage.ru/35ffc2ef-1e09-463d-a2c4-c183d5deb59a/prints/pp2/W501961.webp
Силиконовые чехлы,Samsung Galaxy A36 5G,A:501977,Q501977,ПП2,3280881709,1000000,https://s3.twcstorage.ru/35ffc2ef-1e09-463d-a2c4-c183d5deb59a/prints/pp2/Q5019771.webp
Силиконовые чехлы,Samsung Galaxy A36 5G,A:501978,Q501978,ПП2,3280875399,2,https://s3.twcstorage.ru/35ffc2ef-1e09-463d-a2c4-c183d5deb59a/prints/pp2/Q5019781.webp
Стеклянные чехлы,Samsung Galaxy A36 5G,A:501980,Q5019801,ПП2,3277031866,1,https://s3.twcstorage.ru/35ffc2ef-1e09-463d-a2c4-c183d5deb59a/prints/pp2/Q5019801.webp
Силиконовые чехлы,Samsung Galaxy A36 5G,A:501982,Q501982,ПП2,3280881319,138,https://s3.twcstorage.ru/35ffc2ef-1e09-463d-a2c4-c183d5deb59a/prints/pp2/Y501982.webp
Стеклянные чехлы,Samsung Galaxy A36 5G,A:501990,Y501990,ПП2,3277131537,13,https://s3.twcstorage.ru/35ffc2ef-1e09-463d-a2c4-c183d5deb59a/prints/pp2/Y501990.webp
Силиконовые чехлы,Samsung Galaxy A36 5G,A:501993,Q501993,ПП2,3280875990,21,https://s3.twcstorage.ru/35ffc2ef-1e09-463d-a2c4-c183d5deb59a/prints/pp2/Q5019931.webp
Матовые цветные чехлы для печати,Samsung Galaxy A36 5G,A:502006,W502006,ПП2,3837298275,21,https://s3.twcstorage.ru/35ffc2ef-1e09-463d-a2c4-c183d5deb59a/prints/pp2/W502006.webp
Силиконовые чехлы,Samsung Galaxy A36 5G,A:502009,W502009,ПП2,3280878996,5,https://s3.twcstorage.ru/35ffc2ef-1e09-463d-a2c4-c183d5deb59a/prints/pp2/W502009.webp
Силиконовые чехлы,Samsung Galaxy A36 5G,A:502010,W502010,ПП2,3280874966,3,https://s3.twcstorage.ru/35ffc2ef-1e09-463d-a2c4-c183d5deb59a/prints/pp2/W502010.webp
Силиконовые чехлы,Samsung Galaxy A36 5G,A:502032,W502032,ПП2,3280881731,18,https://s3.twcstorage.ru/35ffc2ef-1e09-463d-a2c4-c183d5deb59a/prints/pp2/W502032.webp
Белые софт-тач,Samsung Galaxy A36 5G,A:502033,W502033,ПП2,3277263823,15,https://s3.twcstorage.ru/35ffc2ef-1e09-463d-a2c4-c183d5deb59a/prints/pp2/W502033.webp
Белые софт-тач,Samsung Galaxy A36 5G,A:502036,W502036,ПП2,3277264067,17,https://s3.twcstorage.ru/35ffc2ef-1e09-463d-a2c4-c183d5deb59a/prints/pp2/W502036.webp
Белые софт-тач,Samsung Galaxy A36 5G,A:502048,W502048,ПП2,3277262864,18,https://s3.twcstorage.ru/35ffc2ef-1e09-463d-a2c4-c183d5deb59a/prints/pp2/Y502048.webp
Белые софт-тач,Samsung Galaxy A36 5G,A:502053,W502053,ПП2,3277264016,1,https://s3.twcstorage.ru/35ffc2ef-1e09-463d-a2c4-c183d5deb59a/prints/pp2/W502053.webp
Матовые цветные чехлы для печати,Samsung Galaxy A36 5G,A:502065,W502065,ПП2,3837298168,2,https://s3.twcstorage.ru/35ffc2ef-1e09-463d-a2c4-c183d5deb59a/prints/pp2/W502065.webp
Белые софт-тач,Samsung Galaxy A36 5G,A:502067,W502067,ПП2,3277262825,37,https://s3.twcstorage.ru/35ffc2ef-1e09-463d-a2c4-c183d5deb59a/prints/pp2/W5020671.webp
Матовые цветные чехлы для печати,Samsung Galaxy A36 5G,A:502069,W502069,ПП2,3837299683,37,https://s3.twcstorage.ru/35ffc2ef-1e09-463d-a2c4-c183d5deb59a/prints/pp2/W502069.webp
Силиконовые чехлы,Samsung Galaxy A36 5G,A:506332,W506332,ПП2,4896312690,11,https://s3.twcstorage.ru/35ffc2ef-1e09-463d-a2c4-c183d5deb59a/prints/pp2/W5063321.webp
Матовые цветные чехлы для печати,Samsung Galaxy A36 5G,A:506374,W506374,ПП2,4896735441,30,https://s3.twcstorage.ru/35ffc2ef-1e09-463d-a2c4-c183d5deb59a/prints/pp2/W506374.webp
Силиконовые чехлы,Samsung Galaxy A36 5G,A:506376,W506376,ПП2,4896310981,81,https://s3.twcstorage.ru/35ffc2ef-1e09-463d-a2c4-c183d5deb59a/prints/pp2/W506376.webp
Стеклянные чехлы,Samsung Galaxy A36 5G,A:506385,Q5063851,ПП2,4896796511,18,https://s3.twcstorage.ru/35ffc2ef-1e09-463d-a2c4-c183d5deb59a/prints/pp2/Q5063851.webp
Объемные матовые чехлы черные,Samsung Galaxy A36 5G/A56 5G,A:502029,W502029,ПП2,5010514634,18,https://s3.twcstorage.ru/35ffc2ef-1e09-463d-a2c4-c183d5deb59a/prints/pp2/W502029.webp
Объемные матовые чехлы черные,Samsung Galaxy A36 5G/A56 5G,A:502053,W502053,ПП2,4998357905,1,https://s3.twcstorage.ru/35ffc2ef-1e09-463d-a2c4-c183d5deb59a/prints/pp2/W502053.webp
Объемные матовые чехлы черные,Samsung Galaxy A36 5G/A56 5G,A:502069,W502069,ПП2,4998358986,1000000,https://s3.twcstorage.ru/35ffc2ef-1e09-463d-a2c4-c183d5deb59a/prints/pp2/W502069.webp
Объемные матовые чехлы черные,Samsung Galaxy A36 5G/A56 5G,A:506332,W5063321,ПП2,4998356095,5,https://s3.twcstorage.ru/35ffc2ef-1e09-463d-a2c4-c183d5deb59a/prints/pp2/W5063321.webp
Объемные матовые чехлы черные,Samsung Galaxy A36 5G/A56 5G,A:506334,W5063341,ПП2,4998360987,13,https://s3.twcstorage.ru/35ffc2ef-1e09-463d-a2c4-c183d5deb59a/prints/pp2/W5063341.webp
Объемные матовые чехлы коричневые,Samsung Galaxy A36 5G/A56 5G,A:506336,W5063361,ПП2,4998380210,6,https://s3.twcstorage.ru/35ffc2ef-1e09-463d-a2c4-c183d5deb59a/prints/pp2/W5063361.webp
Объемные матовые чехлы черные,Samsung Galaxy A36 5G/A56 5G,A:506372,W506372,ПП2,4998358027,8,https://s3.twcstorage.ru/35ffc2ef-1e09-463d-a2c4-c183d5deb59a/prints/pp2/W506372.webp
Белые софт-тач,Samsung Galaxy A51,A:501930,W501930,ПП2,3280485946,47,https://s3.twcstorage.ru/35ffc2ef-1e09-463d-a2c4-c183d5deb59a/prints/pp2/W501930.webp
Белые софт-тач,Samsung Galaxy A51,A:501938,W501938,ПП2,3280431087,69,https://s3.twcstorage.ru/35ffc2ef-1e09-463d-a2c4-c183d5deb59a/prints/pp2/W501938.webp
Чёрные софт-тач,Samsung Galaxy A51,A:501943,S501943,ПП2,3277064361,15,https://s3.twcstorage.ru/35ffc2ef-1e09-463d-a2c4-c183d5deb59a/prints/pp2/S501943.webp
Силиконовые чехлы,Samsung Galaxy A51,A:501962,W501962,ПП2,3345638815,31,https://s3.twcstorage.ru/35ffc2ef-1e09-463d-a2c4-c183d5deb59a/prints/pp2/W501962.webp
Силиконовые чехлы,Samsung Galaxy A51,A:501980,Q501980,ПП2,3345637763,4,https://s3.twcstorage.ru/35ffc2ef-1e09-463d-a2c4-c183d5deb59a/prints/pp2/Q5019801.webp
Стеклянные чехлы,Samsung Galaxy A51,A:501982,Y501982,ПП2,3277124610,1000000,https://s3.twcstorage.ru/35ffc2ef-1e09-463d-a2c4-c183d5deb59a/prints/pp2/Y501982.webp
Матовые цветные чехлы для печати,Samsung Galaxy A51,A:501997,W501997,ПП2,3277147783,43,https://s3.twcstorage.ru/35ffc2ef-1e09-463d-a2c4-c183d5deb59a/prints/pp2/Y501997.webp
Силиконовые чехлы,Samsung Galaxy A51,A:502003,W502003,ПП2,3345639748,41,https://s3.twcstorage.ru/35ffc2ef-1e09-463d-a2c4-c183d5deb59a/prints/pp2/W502003.webp
Силиконовые чехлы,Samsung Galaxy A51,A:502007,W502007,ПП2,3345640511,25,https://s3.twcstorage.ru/35ffc2ef-1e09-463d-a2c4-c183d5deb59a/prints/pp2/W502007.webp
Матовые цветные чехлы для печати,Samsung Galaxy A51,A:502009,W502009,ПП2,3277147558,22,https://s3.twcstorage.ru/35ffc2ef-1e09-463d-a2c4-c183d5deb59a/prints/pp2/W502009.webp
Матовые цветные чехлы для печати,Samsung Galaxy A51,A:502010,W502010,ПП2,3277147091,6,https://s3.twcstorage.ru/35ffc2ef-1e09-463d-a2c4-c183d5deb59a/prints/pp2/W502010.webp
Силиконовые чехлы,Samsung Galaxy A51,A:502014,W502014,ПП2,3345634628,1,https://s3.twcstorage.ru/35ffc2ef-1e09-463d-a2c4-c183d5deb59a/prints/pp2/W502014.webp
Белые софт-тач,Samsung Galaxy A51,A:502030,W502030,ПП2,3280431151,23,https://s3.twcstorage.ru/35ffc2ef-1e09-463d-a2c4-c183d5deb59a/prints/pp2/W502030.webp
Силиконовые чехлы,Samsung Galaxy A51,A:502035,W502035,ПП2,3345632389,30,https://s3.twcstorage.ru/35ffc2ef-1e09-463d-a2c4-c183d5deb59a/prints/pp2/W502035.webp
Белые софт-тач,Samsung Galaxy A51,A:502052,W502052,ПП2,3280429609,2,https://s3.twcstorage.ru/35ffc2ef-1e09-463d-a2c4-c183d5deb59a/prints/pp2/W502052.webp
Силиконовые чехлы,Samsung Galaxy A51,A:502058,W502058,ПП2,3345637524,1000000,https://s3.twcstorage.ru/35ffc2ef-1e09-463d-a2c4-c183d5deb59a/prints/pp2/W502058.webp
Матовые цветные чехлы для печати,Samsung Galaxy A51,A:502065,W502065,ПП2,3277147031,2,https://s3.twcstorage.ru/35ffc2ef-1e09-463d-a2c4-c183d5deb59a/prints/pp2/W502065.webp
Матовые цветные чехлы для печати,Samsung Galaxy A51,A:506330,W5063301,ПП2,4898628025,32,https://s3.twcstorage.ru/35ffc2ef-1e09-463d-a2c4-c183d5deb59a/prints/pp2/W5063301.webp
Белые софт-тач,Samsung Galaxy A51,A:506340,W506340,ПП2,4897627942,3,https://s3.twcstorage.ru/35ffc2ef-1e09-463d-a2c4-c183d5deb59a/prints/pp2/W5063401.webp
Силиконовые чехлы,Samsung Galaxy A51,A:506383,Q506383,ПП2,4896123247,59,https://s3.twcstorage.ru/35ffc2ef-1e09-463d-a2c4-c183d5deb59a/prints/pp2/Q5063831.webp
Чёрные софт-тач,Samsung Galaxy A52/A52s,A:501927,S501927,ПП2,3277072846,13,https://s3.twcstorage.ru/35ffc2ef-1e09-463d-a2c4-c183d5deb59a/prints/pp2/W501927.webp
Чёрные софт-тач,Samsung Galaxy A52/A52s,A:501951,S501951,ПП2,3277073022,5,https://s3.twcstorage.ru/35ffc2ef-1e09-463d-a2c4-c183d5deb59a/prints/pp2/W501951.webp
Чёрные софт-тач,Samsung Galaxy A52/A52s,A:501957,S501957,ПП2,3277072813,2,https://s3.twcstorage.ru/35ffc2ef-1e09-463d-a2c4-c183d5deb59a/prints/pp2/W501957.webp
Чёрные софт-тач,Samsung Galaxy A52/A52s,A:501959,S501959,ПП2,3277072874,12,https://s3.twcstorage.ru/35ffc2ef-1e09-463d-a2c4-c183d5deb59a/prints/pp2/S501959.webp
Чёрные софт-тач,Samsung Galaxy A52/A52s,A:501961,S501961,ПП2,3277072760,17,https://s3.twcstorage.ru/35ffc2ef-1e09-463d-a2c4-c183d5deb59a/prints/pp2/W501961.webp
Силиконовые чехлы,Samsung Galaxy A52/A52s,A:501965,Q501965,ПП2,3280774661,73,https://s3.twcstorage.ru/35ffc2ef-1e09-463d-a2c4-c183d5deb59a/prints/pp2/Q5019651.webp
Силиконовые чехлы,Samsung Galaxy A52/A52s,A:501968,W501968,ПП2,3280776802,91,https://s3.twcstorage.ru/35ffc2ef-1e09-463d-a2c4-c183d5deb59a/prints/pp2/W501968.webp
Силиконовые чехлы,Samsung Galaxy A52/A52s,A:501978,Q501978,ПП2,3280776374,2,https://s3.twcstorage.ru/35ffc2ef-1e09-463d-a2c4-c183d5deb59a/prints/pp2/Q5019781.webp
Силиконовые чехлы,Samsung Galaxy A52/A52s,A:501980,Q501980,ПП2,3280775026,4,https://s3.twcstorage.ru/35ffc2ef-1e09-463d-a2c4-c183d5deb59a/prints/pp2/Q5019801.webp
Силиконовые чехлы,Samsung Galaxy A52/A52s,A:501987,Q501987,ПП2,3280777384,114,https://s3.twcstorage.ru/35ffc2ef-1e09-463d-a2c4-c183d5deb59a/prints/pp2/Y501987.webp
Белые софт-тач,Samsung Galaxy A52/A52s,A:502016,W502016,ПП2,3277234437,24,https://s3.twcstorage.ru/35ffc2ef-1e09-463d-a2c4-c183d5deb59a/prints/pp2/W502016.webp
Силиконовые чехлы,Samsung Galaxy A52/A52s,A:502030,W502030,ПП2,3280781310,26,https://s3.twcstorage.ru/35ffc2ef-1e09-463d-a2c4-c183d5deb59a/prints/pp2/W502030.webp
Белые софт-тач,Samsung Galaxy A52/A52s,A:502031,W502031,ПП2,3277234157,30,https://s3.twcstorage.ru/35ffc2ef-1e09-463d-a2c4-c183d5deb59a/prints/pp2/W502031.webp
Силиконовые чехлы,Samsung Galaxy A52/A52s,A:502062,W502062,ПП2,3280774520,148,https://s3.twcstorage.ru/35ffc2ef-1e09-463d-a2c4-c183d5deb59a/prints/pp2/W502062.webp
Силиконовые чехлы,Samsung Galaxy A52/A52s,A:502064,W502064,ПП2,3280776715,121,https://s3.twcstorage.ru/35ffc2ef-1e09-463d-a2c4-c183d5deb59a/prints/pp2/W502064.webp
Силиконовые чехлы,Samsung Galaxy A52/A52s,A:506332,W506332,ПП2,4895880255,11,https://s3.twcstorage.ru/35ffc2ef-1e09-463d-a2c4-c183d5deb59a/prints/pp2/W5063321.webp
Силиконовые чехлы,Samsung Galaxy A52/A52s,A:506336,W506336,ПП2,4895855645,44,https://s3.twcstorage.ru/35ffc2ef-1e09-463d-a2c4-c183d5deb59a/prints/pp2/W5063361.webp
Силиконовые чехлы,Samsung Galaxy A52/A52s,A:506340,W506340,ПП2,4895882549,15,https://s3.twcstorage.ru/35ffc2ef-1e09-463d-a2c4-c183d5deb59a/prints/pp2/W5063401.webp
Силиконовые чехлы,Samsung Galaxy A52/A52s,A:506372,W506372,ПП2,4895880444,45,https://s3.twcstorage.ru/35ffc2ef-1e09-463d-a2c4-c183d5deb59a/prints/pp2/W506372.webp
Силиконовые чехлы,Samsung Galaxy A52/A52s,A:506374,W506374,ПП2,4895881474,34,https://s3.twcstorage.ru/35ffc2ef-1e09-463d-a2c4-c183d5deb59a/prints/pp2/W506374.webp
Силиконовые чехлы,Samsung Galaxy A52/A52s,A:506379,W506379,ПП2,4895881422,51,https://s3.twcstorage.ru/35ffc2ef-1e09-463d-a2c4-c183d5deb59a/prints/pp2/W506379.webp
Матовые цветные чехлы для печати,Samsung Galaxy A53 5G,A:501935,W501935,ПП2,3277159912,77,https://s3.twcstorage.ru/35ffc2ef-1e09-463d-a2c4-c183d5deb59a/prints/pp2/W501935.webp
Чёрные софт-тач,Samsung Galaxy A53 5G,A:501950,S501950,ПП2,3277068315,3,https://s3.twcstorage.ru/35ffc2ef-1e09-463d-a2c4-c183d5deb59a/prints/pp2/W501950.webp
Силиконовые чехлы,Samsung Galaxy A53 5G,A:501951,C501951,ПП2,3345785855,7,https://s3.twcstorage.ru/35ffc2ef-1e09-463d-a2c4-c183d5deb59a/prints/pp2/W501951.webp
Силиконовые чехлы,Samsung Galaxy A53 5G,A:501961,W501961,ПП2,3345790196,20,https://s3.twcstorage.ru/35ffc2ef-1e09-463d-a2c4-c183d5deb59a/prints/pp2/W501961.webp
Силиконовые чехлы,Samsung Galaxy A53 5G,A:501962,W501962,ПП2,3345791397,31,https://s3.twcstorage.ru/35ffc2ef-1e09-463d-a2c4-c183d5deb59a/prints/pp2/W501962.webp
Силиконовые чехлы,Samsung Galaxy A53 5G,A:501969,Q501969,ПП2,3345779567,1000000,https://s3.twcstorage.ru/35ffc2ef-1e09-463d-a2c4-c183d5deb59a/prints/pp2/W501969.webp
Силиконовые чехлы,Samsung Galaxy A53 5G,A:501978,Q501978,ПП2,3345789240,2,https://s3.twcstorage.ru/35ffc2ef-1e09-463d-a2c4-c183d5deb59a/prints/pp2/Q5019781.webp
Силиконовые чехлы,Samsung Galaxy A53 5G,A:501979,Q501979,ПП2,3345784745,32,https://s3.twcstorage.ru/35ffc2ef-1e09-463d-a2c4-c183d5deb59a/prints/pp2/Q5019791.webp
Силиконовые чехлы,Samsung Galaxy A53 5G,A:501980,Q501980,ПП2,3345785013,4,https://s3.twcstorage.ru/35ffc2ef-1e09-463d-a2c4-c183d5deb59a/prints/pp2/Q5019801.webp
Силиконовые чехлы,Samsung Galaxy A53 5G,A:501987,Q501987,ПП2,3345784790,114,https://s3.twcstorage.ru/35ffc2ef-1e09-463d-a2c4-c183d5deb59a/prints/pp2/Y501987.webp
Силиконовые чехлы,Samsung Galaxy A53 5G,A:501990,Q501990,ПП2,3345784950,42,https://s3.twcstorage.ru/35ffc2ef-1e09-463d-a2c4-c183d5deb59a/prints/pp2/Y501990.webp
Стеклянные чехлы,Samsung Galaxy A53 5G,A:501993,Q5019931,ПП2,3277029597,3,https://s3.twcstorage.ru/35ffc2ef-1e09-463d-a2c4-c183d5deb59a/prints/pp2/Q5019931.webp
Силиконовые чехлы,Samsung Galaxy A53 5G,A:501995,W501995,ПП2,3345791973,1000000,https://s3.twcstorage.ru/35ffc2ef-1e09-463d-a2c4-c183d5deb59a/prints/pp2/W501995.webp
Силиконовые чехлы,Samsung Galaxy A53 5G,A:502006,W502006,ПП2,3345785289,40,https://s3.twcstorage.ru/35ffc2ef-1e09-463d-a2c4-c183d5deb59a/prints/pp2/W502006.webp
Силиконовые чехлы,Samsung Galaxy A53 5G,A:502007,W502007,ПП2,3345785230,25,https://s3.twcstorage.ru/35ffc2ef-1e09-463d-a2c4-c183d5deb59a/prints/pp2/W502007.webp
Матовые цветные чехлы для печати,Samsung Galaxy A53 5G,A:502014,W502014,ПП2,3277158749,3,https://s3.twcstorage.ru/35ffc2ef-1e09-463d-a2c4-c183d5deb59a/prints/pp2/W502014.webp
Матовые цветные чехлы для печати,Samsung Galaxy A53 5G,A:502016,W502016,ПП2,3277160413,23,https://s3.twcstorage.ru/35ffc2ef-1e09-463d-a2c4-c183d5deb59a/prints/pp2/W502016.webp
Силиконовые чехлы,Samsung Galaxy A53 5G,A:502030,W502030,ПП2,3345786147,26,https://s3.twcstorage.ru/35ffc2ef-1e09-463d-a2c4-c183d5deb59a/prints/pp2/W502030.webp
Силиконовые чехлы,Samsung Galaxy A53 5G,A:502032,W502032,ПП2,3345785669,18,https://s3.twcstorage.ru/35ffc2ef-1e09-463d-a2c4-c183d5deb59a/prints/pp2/W502032.webp
Силиконовые чехлы,Samsung Galaxy A53 5G,A:502037,W502037,ПП2,3345785412,8,https://s3.twcstorage.ru/35ffc2ef-1e09-463d-a2c4-c183d5deb59a/prints/pp2/W502037.webp
Силиконовые чехлы,Samsung Galaxy A53 5G,A:502049,W502049,ПП2,3345789558,49,https://s3.twcstorage.ru/35ffc2ef-1e09-463d-a2c4-c183d5deb59a/prints/pp2/Y502049.webp
Силиконовые чехлы,Samsung Galaxy A53 5G,A:502054,W502054,ПП2,3345785459,39,https://s3.twcstorage.ru/35ffc2ef-1e09-463d-a2c4-c183d5deb59a/prints/pp2/W502054.webp
Силиконовые чехлы,Samsung Galaxy A53 5G,A:502064,W502064,ПП2,3345780141,121,https://s3.twcstorage.ru/35ffc2ef-1e09-463d-a2c4-c183d5deb59a/prints/pp2/W502064.webp
Матовые цветные чехлы для печати,Samsung Galaxy A53 5G,A:502067,W5020671,ПП2,3277159192,28,https://s3.twcstorage.ru/35ffc2ef-1e09-463d-a2c4-c183d5deb59a/prints/pp2/W5020671.webp
Матовые цветные чехлы для печати,Samsung Galaxy A53 5G,A:506331,W5063311,ПП2,4900773616,17,https://s3.twcstorage.ru/35ffc2ef-1e09-463d-a2c4-c183d5deb59a/prints/pp2/W5063311.webp
Матовые цветные чехлы для печати,Samsung Galaxy A53 5G,A:506338,W5063381,ПП2,4900595763,86,https://s3.twcstorage.ru/35ffc2ef-1e09-463d-a2c4-c183d5deb59a/prints/pp2/W5063381.webp
Силиконовые чехлы,Samsung Galaxy A53 5G,A:506352,W506352,ПП2,4896490826,1000000,https://s3.twcstorage.ru/35ffc2ef-1e09-463d-a2c4-c183d5deb59a/prints/pp2/W5063521.webp
Матовые цветные чехлы для печати,Samsung Galaxy A53 5G,A:506358,W5063581,ПП2,4900594997,1000000,https://s3.twcstorage.ru/35ffc2ef-1e09-463d-a2c4-c183d5deb59a/prints/pp2/W5063581.webp
Матовые цветные чехлы для печати,Samsung Galaxy A53 5G,A:506370,W506370,ПП2,4900594492,71,https://s3.twcstorage.ru/35ffc2ef-1e09-463d-a2c4-c183d5deb59a/prints/pp2/W506370.webp
Силиконовые чехлы,Samsung Galaxy A53 5G,A:506374,W506374,ПП2,4896509086,34,https://s3.twcstorage.ru/35ffc2ef-1e09-463d-a2c4-c183d5deb59a/prints/pp2/W506374.webp
Матовые цветные чехлы для печати,Samsung Galaxy A53 5G,A:506377,W506377,ПП2,4900595365,73,https://s3.twcstorage.ru/35ffc2ef-1e09-463d-a2c4-c183d5deb59a/prints/pp2/W506377.webp
Матовые цветные чехлы для печати,Samsung Galaxy A53 5G,A:506381,W506381,ПП2,4900765820,26,https://s3.twcstorage.ru/35ffc2ef-1e09-463d-a2c4-c183d5deb59a/prints/pp2/W506381.webp
Силиконовые чехлы,Samsung Galaxy A54 5G,A:501934,C501934,ПП2,3295415485,127,https://s3.twcstorage.ru/35ffc2ef-1e09-463d-a2c4-c183d5deb59a/prints/pp2/W501934.webp
Чёрные софт-тач,Samsung Galaxy A54 5G,A:501943,S501943,ПП2,3277054729,15,https://s3.twcstorage.ru/35ffc2ef-1e09-463d-a2c4-c183d5deb59a/prints/pp2/S501943.webp
Силиконовые чехлы,Samsung Galaxy A54 5G,A:501944,C501944,ПП2,3295415450,65,https://s3.twcstorage.ru/35ffc2ef-1e09-463d-a2c4-c183d5deb59a/prints/pp2/S501944.webp
Чёрные софт-тач,Samsung Galaxy A54 5G,A:501946,S501946,ПП2,3277055397,1,https://s3.twcstorage.ru/35ffc2ef-1e09-463d-a2c4-c183d5deb59a/prints/pp2/W501946.webp
Чёрные софт-тач,Samsung Galaxy A54 5G,A:501947,S501947,ПП2,3277054479,7,https://s3.twcstorage.ru/35ffc2ef-1e09-463d-a2c4-c183d5deb59a/prints/pp2/W501947.webp
Белые софт-тач,Samsung Galaxy A54 5G,A:501949,W501949,ПП2,3277265134,34,https://s3.twcstorage.ru/35ffc2ef-1e09-463d-a2c4-c183d5deb59a/prints/pp2/W501949.webp
Силиконовые чехлы,Samsung Galaxy A54 5G,A:501950,C501950,ПП2,3295416690,46,https://s3.twcstorage.ru/35ffc2ef-1e09-463d-a2c4-c183d5deb59a/prints/pp2/W501950.webp
Белые софт-тач,Samsung Galaxy A54 5G,A:501951,W501951,ПП2,3277265287,9,https://s3.twcstorage.ru/35ffc2ef-1e09-463d-a2c4-c183d5deb59a/prints/pp2/W501951.webp
Чёрные софт-тач,Samsung Galaxy A54 5G,A:501952,S501952,ПП2,3277054378,25,https://s3.twcstorage.ru/35ffc2ef-1e09-463d-a2c4-c183d5deb59a/prints/pp2/W501952.webp
Силиконовые чехлы,Samsung Galaxy A54 5G,A:501954,W501954,ПП2,3295415540,1000000,https://s3.twcstorage.ru/35ffc2ef-1e09-463d-a2c4-c183d5deb59a/prints/pp2/W501954.webp
Матовые цветные чехлы для печати,Samsung Galaxy A54 5G,A:501956,W501956,ПП2,3277204138,1000000,https://s3.twcstorage.ru/35ffc2ef-1e09-463d-a2c4-c183d5deb59a/prints/pp2/W501956.webp
Чёрные софт-тач,Samsung Galaxy A54 5G,A:501957,S501957,ПП2,3277054290,2,https://s3.twcstorage.ru/35ffc2ef-1e09-463d-a2c4-c183d5deb59a/prints/pp2/W501957.webp
Матовые цветные чехлы для печати,Samsung Galaxy A54 5G,A:501958,W501958,ПП2,3277204411,1000000,https://s3.twcstorage.ru/35ffc2ef-1e09-463d-a2c4-c183d5deb59a/prints/pp2/W501958.webp
Белые софт-тач,Samsung Galaxy A54 5G,A:501961,W501961,ПП2,3277266590,26,https://s3.twcstorage.ru/35ffc2ef-1e09-463d-a2c4-c183d5deb59a/prints/pp2/W501961.webp
Белые софт-тач,Samsung Galaxy A54 5G,A:501962,W501962,ПП2,3277266291,20,https://s3.twcstorage.ru/35ffc2ef-1e09-463d-a2c4-c183d5deb59a/prints/pp2/W501962.webp
Силиконовые чехлы,Samsung Galaxy A54 5G,A:501978,Q501978,ПП2,3295415668,2,https://s3.twcstorage.ru/35ffc2ef-1e09-463d-a2c4-c183d5deb59a/prints/pp2/Q5019781.webp
Силиконовые чехлы,Samsung Galaxy A54 5G,A:501979,Q501979,ПП2,3295416510,32,https://s3.twcstorage.ru/35ffc2ef-1e09-463d-a2c4-c183d5deb59a/prints/pp2/Q5019791.webp
Силиконовые чехлы,Samsung Galaxy A54 5G,A:501980,Q501980,ПП2,3295415761,4,https://s3.twcstorage.ru/35ffc2ef-1e09-463d-a2c4-c183d5deb59a/prints/pp2/Q5019801.webp
Силиконовые чехлы,Samsung Galaxy A54 5G,A:501990,Q501990,ПП2,3295415745,42,https://s3.twcstorage.ru/35ffc2ef-1e09-463d-a2c4-c183d5deb59a/prints/pp2/Y501990.webp
Силиконовые чехлы,Samsung Galaxy A54 5G,A:502003,W502003,ПП2,3295418722,41,https://s3.twcstorage.ru/35ffc2ef-1e09-463d-a2c4-c183d5deb59a/prints/pp2/W502003.webp
Белые софт-тач,Samsung Galaxy A54 5G,A:502006,W502006,ПП2,3277264708,28,https://s3.twcstorage.ru/35ffc2ef-1e09-463d-a2c4-c183d5deb59a/prints/pp2/W502006.webp
Белые софт-тач,Samsung Galaxy A54 5G,A:502007,W502007,ПП2,3277267484,21,https://s3.twcstorage.ru/35ffc2ef-1e09-463d-a2c4-c183d5deb59a/prints/pp2/W502007.webp
Силиконовые чехлы,Samsung Galaxy A54 5G,A:502009,W502009,ПП2,3295417298,5,https://s3.twcstorage.ru/35ffc2ef-1e09-463d-a2c4-c183d5deb59a/prints/pp2/W502009.webp
Силиконовые чехлы,Samsung Galaxy A54 5G,A:502014,W502014,ПП2,3295415032,1,https://s3.twcstorage.ru/35ffc2ef-1e09-463d-a2c4-c183d5deb59a/prints/pp2/W502014.webp
Силиконовые чехлы,Samsung Galaxy A54 5G,A:502015,W502015,ПП2,3295416598,1000000,https://s3.twcstorage.ru/35ffc2ef-1e09-463d-a2c4-c183d5deb59a/prints/pp2/W502015.webp
Белые софт-тач,Samsung Galaxy A54 5G,A:502016,W502016,ПП2,3277265818,24,https://s3.twcstorage.ru/35ffc2ef-1e09-463d-a2c4-c183d5deb59a/prints/pp2/W502016.webp
Силиконовые чехлы,Samsung Galaxy A54 5G,A:502019,W502019,ПП2,3295415692,24,https://s3.twcstorage.ru/35ffc2ef-1e09-463d-a2c4-c183d5deb59a/prints/pp2/W502019.webp
Матовые цветные чехлы для печати,Samsung Galaxy A54 5G,A:502029,W502029,ПП2,3277204320,9,https://s3.twcstorage.ru/35ffc2ef-1e09-463d-a2c4-c183d5deb59a/prints/pp2/W502029.webp
Силиконовые чехлы,Samsung Galaxy A54 5G,A:502032,W502032,ПП2,3295415804,18,https://s3.twcstorage.ru/35ffc2ef-1e09-463d-a2c4-c183d5deb59a/prints/pp2/W502032.webp
Матовые цветные чехлы для печати,Samsung Galaxy A54 5G,A:502033,W502033,ПП2,3277204119,10,https://s3.twcstorage.ru/35ffc2ef-1e09-463d-a2c4-c183d5deb59a/prints/pp2/W502033.webp
Силиконовые чехлы,Samsung Galaxy A54 5G,A:502035,W502035,ПП2,3295415801,30,https://s3.twcstorage.ru/35ffc2ef-1e09-463d-a2c4-c183d5deb59a/prints/pp2/W502035.webp
Белые софт-тач,Samsung Galaxy A54 5G,A:502047,W502047,ПП2,3277265070,22,https://s3.twcstorage.ru/35ffc2ef-1e09-463d-a2c4-c183d5deb59a/prints/pp2/W502047.webp
Силиконовые чехлы,Samsung Galaxy A54 5G,A:502050,W502050,ПП2,3295414017,77,https://s3.twcstorage.ru/35ffc2ef-1e09-463d-a2c4-c183d5deb59a/prints/pp2/Y502050.webp
Белые софт-тач,Samsung Galaxy A54 5G,A:502052,W502052,ПП2,3277266714,2,https://s3.twcstorage.ru/35ffc2ef-1e09-463d-a2c4-c183d5deb59a/prints/pp2/W502052.webp
Белые софт-тач,Samsung Galaxy A54 5G,A:502053,W502053,ПП2,3277266320,1,https://s3.twcstorage.ru/35ffc2ef-1e09-463d-a2c4-c183d5deb59a/prints/pp2/W502053.webp
Белые софт-тач,Samsung Galaxy A54 5G,A:502055,W502055,ПП2,3277264920,36,https://s3.twcstorage.ru/35ffc2ef-1e09-463d-a2c4-c183d5deb59a/prints/pp2/W502055.webp
Матовые цветные чехлы для печати,Samsung Galaxy A54 5G,A:502069,W502069,ПП2,3277203970,37,https://s3.twcstorage.ru/35ffc2ef-1e09-463d-a2c4-c183d5deb59a/prints/pp2/W502069.webp
Белые софт-тач,Samsung Galaxy A54 5G,A:506330,W506330,ПП2,4899923291,10,https://s3.twcstorage.ru/35ffc2ef-1e09-463d-a2c4-c183d5deb59a/prints/pp2/W5063301.webp
Белые софт-тач,Samsung Galaxy A54 5G,A:506331,W506331,ПП2,4899923516,4,https://s3.twcstorage.ru/35ffc2ef-1e09-463d-a2c4-c183d5deb59a/prints/pp2/W5063311.webp
Силиконовые чехлы,Samsung Galaxy A54 5G,A:506332,W506332,ПП2,4896408919,11,https://s3.twcstorage.ru/35ffc2ef-1e09-463d-a2c4-c183d5deb59a/prints/pp2/W5063321.webp
Матовые цветные чехлы для печати,Samsung Galaxy A54 5G,A:506334,W5063341,ПП2,4896320478,24,https://s3.twcstorage.ru/35ffc2ef-1e09-463d-a2c4-c183d5deb59a/prints/pp2/W5063341.webp
Матовые цветные чехлы для печати,Samsung Galaxy A54 5G,A:506335,W5063351,ПП2,4896293979,39,https://s3.twcstorage.ru/35ffc2ef-1e09-463d-a2c4-c183d5deb59a/prints/pp2/W5063351.webp
Матовые цветные чехлы для печати,Samsung Galaxy A54 5G,A:506339,W5063391,ПП2,4896321055,29,https://s3.twcstorage.ru/35ffc2ef-1e09-463d-a2c4-c183d5deb59a/prints/pp2/W5063391.webp
Силиконовые чехлы,Samsung Galaxy A54 5G,A:506340,W506340,ПП2,4896392777,15,https://s3.twcstorage.ru/35ffc2ef-1e09-463d-a2c4-c183d5deb59a/prints/pp2/W5063401.webp
Силиконовые чехлы,Samsung Galaxy A54 5G,A:506343,W506343,ПП2,4896391572,1000000,https://s3.twcstorage.ru/35ffc2ef-1e09-463d-a2c4-c183d5deb59a/prints/pp2/W5063431.webp
Матовые цветные чехлы для печати,Samsung Galaxy A54 5G,A:506348,W506348,ПП2,4896321651,1000000,https://s3.twcstorage.ru/35ffc2ef-1e09-463d-a2c4-c183d5deb59a/prints/pp2/W506348.webp
Матовые цветные чехлы для печати,Samsung Galaxy A54 5G,A:506353,W5063531,ПП2,4896320849,1000000,https://s3.twcstorage.ru/35ffc2ef-1e09-463d-a2c4-c183d5deb59a/prints/pp2/W5063531.webp
Матовые цветные чехлы для печати,Samsung Galaxy A54 5G,A:506374,W506374,ПП2,4896320524,30,https://s3.twcstorage.ru/35ffc2ef-1e09-463d-a2c4-c183d5deb59a/prints/pp2/W506374.webp
Матовые цветные чехлы для печати,Samsung Galaxy A54 5G,A:506377,W506377,ПП2,4896320840,73,https://s3.twcstorage.ru/35ffc2ef-1e09-463d-a2c4-c183d5deb59a/prints/pp2/W506377.webp
Силиконовые чехлы,Samsung Galaxy A54 5G,A:506380,W506380,ПП2,4896408877,83,https://s3.twcstorage.ru/35ffc2ef-1e09-463d-a2c4-c183d5deb59a/prints/pp2/W506380.webp
Силиконовые чехлы,Samsung Galaxy A54 5G,A:506384,Q506384,ПП2,4896391674,84,https://s3.twcstorage.ru/35ffc2ef-1e09-463d-a2c4-c183d5deb59a/prints/pp2/Q5063841.webp
Силиконовые чехлы,Samsung Galaxy A55 5G,A:501934,C501934,ПП2,3289211945,127,https://s3.twcstorage.ru/35ffc2ef-1e09-463d-a2c4-c183d5deb59a/prints/pp2/W501934.webp
Матовые цветные чехлы для печати,Samsung Galaxy A55 5G,A:501935,W501935,ПП2,3277192177,77,https://s3.twcstorage.ru/35ffc2ef-1e09-463d-a2c4-c183d5deb59a/prints/pp2/W501935.webp
Силиконовые чехлы,Samsung Galaxy A55 5G,A:501943,C501943,ПП2,3289212361,109,https://s3.twcstorage.ru/35ffc2ef-1e09-463d-a2c4-c183d5deb59a/prints/pp2/S501943.webp
Силиконовые чехлы,Samsung Galaxy A55 5G,A:501944,C501944,ПП2,3289212061,65,https://s3.twcstorage.ru/35ffc2ef-1e09-463d-a2c4-c183d5deb59a/prints/pp2/S501944.webp
Силиконовые чехлы,Samsung Galaxy A55 5G,A:501945,W501945,ПП2,3289204970,131,https://s3.twcstorage.ru/35ffc2ef-1e09-463d-a2c4-c183d5deb59a/prints/pp2/W501945.webp
Чёрные софт-тач,Samsung Galaxy A55 5G,A:501946,S501946,ПП2,3277052794,1,https://s3.twcstorage.ru/35ffc2ef-1e09-463d-a2c4-c183d5deb59a/prints/pp2/W501946.webp
Матовые цветные чехлы для печати,Samsung Galaxy A55 5G,A:501947,W501947,ПП2,3277191723,5,https://s3.twcstorage.ru/35ffc2ef-1e09-463d-a2c4-c183d5deb59a/prints/pp2/W501947.webp
Силиконовые чехлы,Samsung Galaxy A55 5G,A:501949,W501949,ПП2,3289211679,60,https://s3.twcstorage.ru/35ffc2ef-1e09-463d-a2c4-c183d5deb59a/prints/pp2/W501949.webp
Силиконовые чехлы,Samsung Galaxy A55 5G,A:501950,W501950,ПП2,3289204620,46,https://s3.twcstorage.ru/35ffc2ef-1e09-463d-a2c4-c183d5deb59a/prints/pp2/W501950.webp
Силиконовые чехлы,Samsung Galaxy A55 5G,A:501951,W501951,ПП2,3289211461,7,https://s3.twcstorage.ru/35ffc2ef-1e09-463d-a2c4-c183d5deb59a/prints/pp2/W501951.webp
Силиконовые чехлы,Samsung Galaxy A55 5G,A:501954,W501954,ПП2,3289211353,1000000,https://s3.twcstorage.ru/35ffc2ef-1e09-463d-a2c4-c183d5deb59a/prints/pp2/W501954.webp
Силиконовые чехлы,Samsung Galaxy A55 5G,A:501955,C501955,ПП2,3289211825,35,https://s3.twcstorage.ru/35ffc2ef-1e09-463d-a2c4-c183d5deb59a/prints/pp2/W501955.webp
Силиконовые чехлы,Samsung Galaxy A55 5G,A:501957,C501957,ПП2,3289212291,17,https://s3.twcstorage.ru/35ffc2ef-1e09-463d-a2c4-c183d5deb59a/prints/pp2/W501957.webp
Силиконовые чехлы,Samsung Galaxy A55 5G,A:501960,W501960,ПП2,3289220203,29,https://s3.twcstorage.ru/35ffc2ef-1e09-463d-a2c4-c183d5deb59a/prints/pp2/W501960.webp
Силиконовые чехлы,Samsung Galaxy A55 5G,A:501961,W501961,ПП2,3289216945,20,https://s3.twcstorage.ru/35ffc2ef-1e09-463d-a2c4-c183d5deb59a/prints/pp2/W501961.webp
Силиконовые чехлы,Samsung Galaxy A55 5G,A:501962,W501962,ПП2,3289220344,31,https://s3.twcstorage.ru/35ffc2ef-1e09-463d-a2c4-c183d5deb59a/prints/pp2/W501962.webp
Силиконовые чехлы,Samsung Galaxy A55 5G,A:501968,Q501968,ПП2,3289212450,91,https://s3.twcstorage.ru/35ffc2ef-1e09-463d-a2c4-c183d5deb59a/prints/pp2/W501968.webp
Силиконовые чехлы,Samsung Galaxy A55 5G,A:501969,Q501969,ПП2,3289205099,1000000,https://s3.twcstorage.ru/35ffc2ef-1e09-463d-a2c4-c183d5deb59a/prints/pp2/W501969.webp
Силиконовые чехлы,Samsung Galaxy A55 5G,A:501971,Q501971,ПП2,3289209241,137,https://s3.twcstorage.ru/35ffc2ef-1e09-463d-a2c4-c183d5deb59a/prints/pp2/Q501971.webp
Силиконовые чехлы,Samsung Galaxy A55 5G,A:501973,Q501973,ПП2,3289213059,1000000,https://s3.twcstorage.ru/35ffc2ef-1e09-463d-a2c4-c183d5deb59a/prints/pp2/Q501973.webp
Силиконовые чехлы,Samsung Galaxy A55 5G,A:501976,Q501976,ПП2,3289211584,75,https://s3.twcstorage.ru/35ffc2ef-1e09-463d-a2c4-c183d5deb59a/prints/pp2/Q501976.webp
Силиконовые чехлы,Samsung Galaxy A55 5G,A:501978,Q501978,ПП2,3289215270,2,https://s3.twcstorage.ru/35ffc2ef-1e09-463d-a2c4-c183d5deb59a/prints/pp2/Q5019781.webp
Стеклянные чехлы,Samsung Galaxy A55 5G,A:501980,Q5019801,ПП2,3277026440,1,https://s3.twcstorage.ru/35ffc2ef-1e09-463d-a2c4-c183d5deb59a/prints/pp2/Q5019801.webp
Силиконовые чехлы,Samsung Galaxy A55 5G,A:501993,Q501993,ПП2,3289212451,21,https://s3.twcstorage.ru/35ffc2ef-1e09-463d-a2c4-c183d5deb59a/prints/pp2/Q5019931.webp
Силиконовые чехлы,Samsung Galaxy A55 5G,A:501996,W501996,ПП2,3289211085,66,https://s3.twcstorage.ru/35ffc2ef-1e09-463d-a2c4-c183d5deb59a/prints/pp2/Y501996.webp
Стеклянные чехлы,Samsung Galaxy A55 5G,A:501997,Y501997,ПП2,3277120174,1000000,https://s3.twcstorage.ru/35ffc2ef-1e09-463d-a2c4-c183d5deb59a/prints/pp2/Y501997.webp
Белые софт-тач,Samsung Galaxy A55 5G,A:502005,W502005,ПП2,3280473844,54,https://s3.twcstorage.ru/35ffc2ef-1e09-463d-a2c4-c183d5deb59a/prints/pp2/W502005.webp
Белые софт-тач,Samsung Galaxy A55 5G,A:502006,W502006,ПП2,3280472972,28,https://s3.twcstorage.ru/35ffc2ef-1e09-463d-a2c4-c183d5deb59a/prints/pp2/W502006.webp
Матовые цветные чехлы для печати,Samsung Galaxy A55 5G,A:502007,W502007,ПП2,3277193326,15,https://s3.twcstorage.ru/35ffc2ef-1e09-463d-a2c4-c183d5deb59a/prints/pp2/W502007.webp
Силиконовые чехлы,Samsung Galaxy A55 5G,A:502009,W502009,ПП2,3289221073,5,https://s3.twcstorage.ru/35ffc2ef-1e09-463d-a2c4-c183d5deb59a/prints/pp2/W502009.webp
Матовые цветные чехлы для печати,Samsung Galaxy A55 5G,A:502010,W502010,ПП2,3277189762,6,https://s3.twcstorage.ru/35ffc2ef-1e09-463d-a2c4-c183d5deb59a/prints/pp2/W502010.webp
Матовые цветные чехлы для печати,Samsung Galaxy A55 5G,A:502012,W502012,ПП2,3277191771,1,https://s3.twcstorage.ru/35ffc2ef-1e09-463d-a2c4-c183d5deb59a/prints/pp2/W502012.webp
Силиконовые чехлы,Samsung Galaxy A55 5G,A:502014,W502014,ПП2,3289214632,1,https://s3.twcstorage.ru/35ffc2ef-1e09-463d-a2c4-c183d5deb59a/prints/pp2/W502014.webp
Белые софт-тач,Samsung Galaxy A55 5G,A:502015,W502015,ПП2,3280477236,1000000,https://s3.twcstorage.ru/35ffc2ef-1e09-463d-a2c4-c183d5deb59a/prints/pp2/W502015.webp
Белые софт-тач,Samsung Galaxy A55 5G,A:502016,W502016,ПП2,3280476482,24,https://s3.twcstorage.ru/35ffc2ef-1e09-463d-a2c4-c183d5deb59a/prints/pp2/W502016.webp
Силиконовые чехлы,Samsung Galaxy A55 5G,A:502018,W502018,ПП2,3289211294,38,https://s3.twcstorage.ru/35ffc2ef-1e09-463d-a2c4-c183d5deb59a/prints/pp2/W502018.webp
Матовые цветные чехлы для печати,Samsung Galaxy A55 5G,A:502023,W502023,ПП2,3277191872,19,https://s3.twcstorage.ru/35ffc2ef-1e09-463d-a2c4-c183d5deb59a/prints/pp2/W502023.webp
Силиконовые чехлы,Samsung Galaxy A55 5G,A:502024,W502024,ПП2,3289211701,117,https://s3.twcstorage.ru/35ffc2ef-1e09-463d-a2c4-c183d5deb59a/prints/pp2/W502024.webp
Силиконовые чехлы,Samsung Galaxy A55 5G,A:502025,W502025,ПП2,3289211962,54,https://s3.twcstorage.ru/35ffc2ef-1e09-463d-a2c4-c183d5deb59a/prints/pp2/W502025.webp
Силиконовые чехлы,Samsung Galaxy A55 5G,A:502030,W502030,ПП2,3289211691,26,https://s3.twcstorage.ru/35ffc2ef-1e09-463d-a2c4-c183d5deb59a/prints/pp2/W502030.webp
Матовые цветные чехлы для печати,Samsung Galaxy A55 5G,A:502031,W502031,ПП2,3277189486,84,https://s3.twcstorage.ru/35ffc2ef-1e09-463d-a2c4-c183d5deb59a/prints/pp2/W502031.webp
Матовые цветные чехлы для печати,Samsung Galaxy A55 5G,A:502032,W502032,ПП2,3277191910,4,https://s3.twcstorage.ru/35ffc2ef-1e09-463d-a2c4-c183d5deb59a/prints/pp2/W502032.webp
Белые софт-тач,Samsung Galaxy A55 5G,A:502033,W502033,ПП2,3280528158,15,https://s3.twcstorage.ru/35ffc2ef-1e09-463d-a2c4-c183d5deb59a/prints/pp2/W502033.webp
Силиконовые чехлы,Samsung Galaxy A55 5G,A:502036,W502036,ПП2,3289212275,10,https://s3.twcstorage.ru/35ffc2ef-1e09-463d-a2c4-c183d5deb59a/prints/pp2/W502036.webp
Силиконовые чехлы,Samsung Galaxy A55 5G,A:502037,W502037,ПП2,3289215863,8,https://s3.twcstorage.ru/35ffc2ef-1e09-463d-a2c4-c183d5deb59a/prints/pp2/W502037.webp
Белые софт-тач,Samsung Galaxy A55 5G,A:502047,W502047,ПП2,3280475946,22,https://s3.twcstorage.ru/35ffc2ef-1e09-463d-a2c4-c183d5deb59a/prints/pp2/W502047.webp
Силиконовые чехлы,Samsung Galaxy A55 5G,A:502048,W502048,ПП2,3289210888,33,https://s3.twcstorage.ru/35ffc2ef-1e09-463d-a2c4-c183d5deb59a/prints/pp2/Y502048.webp
Белые софт-тач,Samsung Galaxy A55 5G,A:502052,W502052,ПП2,3280528352,2,https://s3.twcstorage.ru/35ffc2ef-1e09-463d-a2c4-c183d5deb59a/prints/pp2/W502052.webp
Белые софт-тач,Samsung Galaxy A55 5G,A:502053,W502053,ПП2,3280528328,1,https://s3.twcstorage.ru/35ffc2ef-1e09-463d-a2c4-c183d5deb59a/prints/pp2/W502053.webp
Матовые цветные чехлы для печати,Samsung Galaxy A55 5G,A:502065,W502065,ПП2,3277193292,2,https://s3.twcstorage.ru/35ffc2ef-1e09-463d-a2c4-c183d5deb59a/prints/pp2/W502065.webp
Силиконовые чехлы,Samsung Galaxy A55 5G,A:502067,W502067,ПП2,3289212007,28,https://s3.twcstorage.ru/35ffc2ef-1e09-463d-a2c4-c183d5deb59a/prints/pp2/W5020671.webp
Силиконовые чехлы,Samsung Galaxy A55 5G,A:502069,W502069,ПП2,3289205147,9,https://s3.twcstorage.ru/35ffc2ef-1e09-463d-a2c4-c183d5deb59a/prints/pp2/W502069.webp
Силиконовые чехлы,Samsung Galaxy A55 5G,A:506329,W506329,ПП2,4896118570,43,https://s3.twcstorage.ru/35ffc2ef-1e09-463d-a2c4-c183d5deb59a/prints/pp2/W5063291.webp
Белые софт-тач,Samsung Galaxy A55 5G,A:506330,W506330,ПП2,4900131671,10,https://s3.twcstorage.ru/35ffc2ef-1e09-463d-a2c4-c183d5deb59a/prints/pp2/W5063301.webp
Силиконовые чехлы,Samsung Galaxy A55 5G,A:506332,W506332,ПП2,4896118354,11,https://s3.twcstorage.ru/35ffc2ef-1e09-463d-a2c4-c183d5deb59a/prints/pp2/W5063321.webp
Матовые цветные чехлы для печати,Samsung Galaxy A55 5G,A:506334,W5063341,ПП2,4896044724,24,https://s3.twcstorage.ru/35ffc2ef-1e09-463d-a2c4-c183d5deb59a/prints/pp2/W5063341.webp
Силиконовые чехлы,Samsung Galaxy A55 5G,A:506336,W506336,ПП2,4896101318,44,https://s3.twcstorage.ru/35ffc2ef-1e09-463d-a2c4-c183d5deb59a/prints/pp2/W5063361.webp
Белые софт-тач,Samsung Galaxy A55 5G,A:506337,W506337,ПП2,4900132374,16,https://s3.twcstorage.ru/35ffc2ef-1e09-463d-a2c4-c183d5deb59a/prints/pp2/W5063371.webp
Белые софт-тач,Samsung Galaxy A55 5G,A:506340,W506340,ПП2,4900133682,3,https://s3.twcstorage.ru/35ffc2ef-1e09-463d-a2c4-c183d5deb59a/prints/pp2/W5063401.webp
Матовые цветные чехлы для печати,Samsung Galaxy A55 5G,A:506350,W5063501,ПП2,4896044302,50,https://s3.twcstorage.ru/35ffc2ef-1e09-463d-a2c4-c183d5deb59a/prints/pp2/W5063501.webp
Матовые цветные чехлы для печати,Samsung Galaxy A55 5G,A:506353,W5063531,ПП2,4896044270,1000000,https://s3.twcstorage.ru/35ffc2ef-1e09-463d-a2c4-c183d5deb59a/prints/pp2/W5063531.webp
Силиконовые чехлы,Samsung Galaxy A55 5G,A:506372,W506372,ПП2,4896118530,45,https://s3.twcstorage.ru/35ffc2ef-1e09-463d-a2c4-c183d5deb59a/prints/pp2/W506372.webp
Белые софт-тач,Samsung Galaxy A55 5G,A:506373,W506373,ПП2,4900276773,6,https://s3.twcstorage.ru/35ffc2ef-1e09-463d-a2c4-c183d5deb59a/prints/pp2/W506373.webp
Белые софт-тач,Samsung Galaxy A55 5G,A:506379,W506379,ПП2,4900282007,19,https://s3.twcstorage.ru/35ffc2ef-1e09-463d-a2c4-c183d5deb59a/prints/pp2/W506379.webp
Матовые цветные чехлы для печати,Samsung Galaxy A55 5G,A:506381,W506381,ПП2,4896064946,26,https://s3.twcstorage.ru/35ffc2ef-1e09-463d-a2c4-c183d5deb59a/prints/pp2/W506381.webp
Силиконовые чехлы,Samsung Galaxy A55 5G,A:506383,Q506383,ПП2,4896118453,59,https://s3.twcstorage.ru/35ffc2ef-1e09-463d-a2c4-c183d5deb59a/prints/pp2/Q5063831.webp
Силиконовые чехлы,Samsung Galaxy A55 5G,A:506384,Q506384,ПП2,4896100998,84,https://s3.twcstorage.ru/35ffc2ef-1e09-463d-a2c4-c183d5deb59a/prints/pp2/Q5063841.webp
Силиконовые чехлы,Samsung Galaxy A56 5G,A:501927,W501927,ПП2,3289144999,85,https://s3.twcstorage.ru/35ffc2ef-1e09-463d-a2c4-c183d5deb59a/prints/pp2/W501927.webp
Силиконовые чехлы,Samsung Galaxy A56 5G,A:501928,C501928,ПП2,3289139718,1000000,https://s3.twcstorage.ru/35ffc2ef-1e09-463d-a2c4-c183d5deb59a/prints/pp2/W501928.webp
Белые софт-тач,Samsung Galaxy A56 5G,A:501930,W501930,ПП2,3277258534,47,https://s3.twcstorage.ru/35ffc2ef-1e09-463d-a2c4-c183d5deb59a/prints/pp2/W501930.webp
Матовые цветные чехлы для печати,Samsung Galaxy A56 5G,A:501933,W501933,ПП2,3277180488,76,https://s3.twcstorage.ru/35ffc2ef-1e09-463d-a2c4-c183d5deb59a/prints/pp2/W501933.webp
Силиконовые чехлы,Samsung Galaxy A56 5G,A:501935,C501935,ПП2,3289140370,128,https://s3.twcstorage.ru/35ffc2ef-1e09-463d-a2c4-c183d5deb59a/prints/pp2/W501935.webp
Силиконовые чехлы,Samsung Galaxy A56 5G,A:501940,C501940,ПП2,3289143118,106,https://s3.twcstorage.ru/35ffc2ef-1e09-463d-a2c4-c183d5deb59a/prints/pp2/W501940.webp
Чёрные софт-тач,Samsung Galaxy A56 5G,A:501946,S501946,ПП2,3277048311,1,https://s3.twcstorage.ru/35ffc2ef-1e09-463d-a2c4-c183d5deb59a/prints/pp2/W501946.webp
Матовые цветные чехлы для печати,Samsung Galaxy A56 5G,A:501947,W501947,ПП2,3277181315,5,https://s3.twcstorage.ru/35ffc2ef-1e09-463d-a2c4-c183d5deb59a/prints/pp2/W501947.webp
Чёрные софт-тач,Samsung Galaxy A56 5G,A:501950,S501950,ПП2,3277048289,3,https://s3.twcstorage.ru/35ffc2ef-1e09-463d-a2c4-c183d5deb59a/prints/pp2/W501950.webp
Силиконовые чехлы,Samsung Galaxy A56 5G,A:501951,W501951,ПП2,3289148087,7,https://s3.twcstorage.ru/35ffc2ef-1e09-463d-a2c4-c183d5deb59a/prints/pp2/W501951.webp
Белые софт-тач,Samsung Galaxy A56 5G,A:501952,W501952,ПП2,3277258339,1000000,https://s3.twcstorage.ru/35ffc2ef-1e09-463d-a2c4-c183d5deb59a/prints/pp2/W501952.webp
Чёрные софт-тач,Samsung Galaxy A56 5G,A:501953,S501953,ПП2,3277048441,16,https://s3.twcstorage.ru/35ffc2ef-1e09-463d-a2c4-c183d5deb59a/prints/pp2/W501953.webp
Силиконовые чехлы,Samsung Galaxy A56 5G,A:501955,W501955,ПП2,3289145556,35,https://s3.twcstorage.ru/35ffc2ef-1e09-463d-a2c4-c183d5deb59a/prints/pp2/W501955.webp
Чёрные софт-тач,Samsung Galaxy A56 5G,A:501956,S501956,ПП2,3277048352,27,https://s3.twcstorage.ru/35ffc2ef-1e09-463d-a2c4-c183d5deb59a/prints/pp2/W501956.webp
Силиконовые чехлы,Samsung Galaxy A56 5G,A:501960,C501960,ПП2,3289142610,29,https://s3.twcstorage.ru/35ffc2ef-1e09-463d-a2c4-c183d5deb59a/prints/pp2/W501960.webp
Силиконовые чехлы,Samsung Galaxy A56 5G,A:501961,C501961,ПП2,3289148152,20,https://s3.twcstorage.ru/35ffc2ef-1e09-463d-a2c4-c183d5deb59a/prints/pp2/W501961.webp
Силиконовые чехлы,Samsung Galaxy A56 5G,A:501962,C501962,ПП2,3289144948,31,https://s3.twcstorage.ru/35ffc2ef-1e09-463d-a2c4-c183d5deb59a/prints/pp2/W501962.webp
Силиконовые чехлы,Samsung Galaxy A56 5G,A:501978,Q501978,ПП2,3289144152,2,https://s3.twcstorage.ru/35ffc2ef-1e09-463d-a2c4-c183d5deb59a/prints/pp2/Q5019781.webp
Стеклянные чехлы,Samsung Galaxy A56 5G,A:501980,Q5019801,ПП2,3277025896,1,https://s3.twcstorage.ru/35ffc2ef-1e09-463d-a2c4-c183d5deb59a/prints/pp2/Q5019801.webp
Силиконовые чехлы,Samsung Galaxy A56 5G,A:501988,Q501988,ПП2,3289144478,115,https://s3.twcstorage.ru/35ffc2ef-1e09-463d-a2c4-c183d5deb59a/prints/pp2/Y501988.webp
Силиконовые чехлы,Samsung Galaxy A56 5G,A:501989,Q501989,ПП2,3289145817,61,https://s3.twcstorage.ru/35ffc2ef-1e09-463d-a2c4-c183d5deb59a/prints/pp2/Y501989.webp
Силиконовые чехлы,Samsung Galaxy A56 5G,A:501990,Q501990,ПП2,3289145152,42,https://s3.twcstorage.ru/35ffc2ef-1e09-463d-a2c4-c183d5deb59a/prints/pp2/Y501990.webp
Силиконовые чехлы,Samsung Galaxy A56 5G,A:501993,Q501993,ПП2,3289142769,21,https://s3.twcstorage.ru/35ffc2ef-1e09-463d-a2c4-c183d5deb59a/prints/pp2/Q5019931.webp
Матовые цветные чехлы для печати,Samsung Galaxy A56 5G,A:502005,W502005,ПП2,3277181917,61,https://s3.twcstorage.ru/35ffc2ef-1e09-463d-a2c4-c183d5deb59a/prints/pp2/W502005.webp
Матовые цветные чехлы для печати,Samsung Galaxy A56 5G,A:502007,W502007,ПП2,3277179949,15,https://s3.twcstorage.ru/35ffc2ef-1e09-463d-a2c4-c183d5deb59a/prints/pp2/W502007.webp
Силиконовые чехлы,Samsung Galaxy A56 5G,A:502008,W502008,ПП2,3289148288,6,https://s3.twcstorage.ru/35ffc2ef-1e09-463d-a2c4-c183d5deb59a/prints/pp2/W502008.webp
Силиконовые чехлы,Samsung Galaxy A56 5G,A:502009,W502009,ПП2,3289145297,5,https://s3.twcstorage.ru/35ffc2ef-1e09-463d-a2c4-c183d5deb59a/prints/pp2/W502009.webp
Силиконовые чехлы,Samsung Galaxy A56 5G,A:502010,W502010,ПП2,3289144461,3,https://s3.twcstorage.ru/35ffc2ef-1e09-463d-a2c4-c183d5deb59a/prints/pp2/W502010.webp
Белые софт-тач,Samsung Galaxy A56 5G,A:502012,W502012,ПП2,3277258273,11,https://s3.twcstorage.ru/35ffc2ef-1e09-463d-a2c4-c183d5deb59a/prints/pp2/W502012.webp
Силиконовые чехлы,Samsung Galaxy A56 5G,A:502014,W502014,ПП2,3289143249,1,https://s3.twcstorage.ru/35ffc2ef-1e09-463d-a2c4-c183d5deb59a/prints/pp2/W502014.webp
Матовые цветные чехлы для печати,Samsung Galaxy A56 5G,A:502016,W502016,ПП2,3277181456,23,https://s3.twcstorage.ru/35ffc2ef-1e09-463d-a2c4-c183d5deb59a/prints/pp2/W502016.webp
Матовые цветные чехлы для печати,Samsung Galaxy A56 5G,A:502019,W502019,ПП2,3277181552,27,https://s3.twcstorage.ru/35ffc2ef-1e09-463d-a2c4-c183d5deb59a/prints/pp2/W502019.webp
Матовые цветные чехлы для печати,Samsung Galaxy A56 5G,A:502023,W502023,ПП2,3277181708,19,https://s3.twcstorage.ru/35ffc2ef-1e09-463d-a2c4-c183d5deb59a/prints/pp2/W502023.webp
Силиконовые чехлы,Samsung Galaxy A56 5G,A:502024,W502024,ПП2,3289144058,117,https://s3.twcstorage.ru/35ffc2ef-1e09-463d-a2c4-c183d5deb59a/prints/pp2/W502024.webp
Матовые цветные чехлы для печати,Samsung Galaxy A56 5G,A:502026,W502026,ПП2,3277182757,8,https://s3.twcstorage.ru/35ffc2ef-1e09-463d-a2c4-c183d5deb59a/prints/pp2/W502026.webp
Матовые цветные чехлы для печати,Samsung Galaxy A56 5G,A:502028,W502028,ПП2,3277181780,83,https://s3.twcstorage.ru/35ffc2ef-1e09-463d-a2c4-c183d5deb59a/prints/pp2/W502028.webp
Матовые цветные чехлы для печати,Samsung Galaxy A56 5G,A:502029,W502029,ПП2,3277181867,9,https://s3.twcstorage.ru/35ffc2ef-1e09-463d-a2c4-c183d5deb59a/prints/pp2/W502029.webp
Белые софт-тач,Samsung Galaxy A56 5G,A:502030,W502030,ПП2,3277258422,23,https://s3.twcstorage.ru/35ffc2ef-1e09-463d-a2c4-c183d5deb59a/prints/pp2/W502030.webp
Матовые цветные чехлы для печати,Samsung Galaxy A56 5G,A:502032,W502032,ПП2,3277180221,4,https://s3.twcstorage.ru/35ffc2ef-1e09-463d-a2c4-c183d5deb59a/prints/pp2/W502032.webp
Силиконовые чехлы,Samsung Galaxy A56 5G,A:502033,W502033,ПП2,3289145147,53,https://s3.twcstorage.ru/35ffc2ef-1e09-463d-a2c4-c183d5deb59a/prints/pp2/W502033.webp
Матовые цветные чехлы для печати,Samsung Galaxy A56 5G,A:502034,W502034,ПП2,3277180816,1000000,https://s3.twcstorage.ru/35ffc2ef-1e09-463d-a2c4-c183d5deb59a/prints/pp2/W502034.webp
Силиконовые чехлы,Samsung Galaxy A56 5G,A:502035,W502035,ПП2,3289145735,30,https://s3.twcstorage.ru/35ffc2ef-1e09-463d-a2c4-c183d5deb59a/prints/pp2/W502035.webp
Матовые цветные чехлы для печати,Samsung Galaxy A56 5G,A:502037,W502037,ПП2,3277180301,63,https://s3.twcstorage.ru/35ffc2ef-1e09-463d-a2c4-c183d5deb59a/prints/pp2/W502037.webp
Силиконовые чехлы,Samsung Galaxy A56 5G,A:502047,W502047,ПП2,3289139752,36,https://s3.twcstorage.ru/35ffc2ef-1e09-463d-a2c4-c183d5deb59a/prints/pp2/W502047.webp
Матовые цветные чехлы для печати,Samsung Galaxy A56 5G,A:502048,W502048,ПП2,3277180076,36,https://s3.twcstorage.ru/35ffc2ef-1e09-463d-a2c4-c183d5deb59a/prints/pp2/Y502048.webp
Силиконовые чехлы,Samsung Galaxy A56 5G,A:502049,W502049,ПП2,3289140037,49,https://s3.twcstorage.ru/35ffc2ef-1e09-463d-a2c4-c183d5deb59a/prints/pp2/Y502049.webp
Силиконовые чехлы,Samsung Galaxy A56 5G,A:502050,W502050,ПП2,3289140066,77,https://s3.twcstorage.ru/35ffc2ef-1e09-463d-a2c4-c183d5deb59a/prints/pp2/Y502050.webp
Белые софт-тач,Samsung Galaxy A56 5G,A:502052,W502052,ПП2,3277258381,2,https://s3.twcstorage.ru/35ffc2ef-1e09-463d-a2c4-c183d5deb59a/prints/pp2/W502052.webp
Белые софт-тач,Samsung Galaxy A56 5G,A:502053,W502053,ПП2,3277258236,1,https://s3.twcstorage.ru/35ffc2ef-1e09-463d-a2c4-c183d5deb59a/prints/pp2/W502053.webp
Силиконовые чехлы,Samsung Galaxy A56 5G,A:502054,W502054,ПП2,3289140308,39,https://s3.twcstorage.ru/35ffc2ef-1e09-463d-a2c4-c183d5deb59a/prints/pp2/W502054.webp
Матовые цветные чехлы для печати,Samsung Galaxy A56 5G,A:502063,W502063,ПП2,3277181788,1000000,https://s3.twcstorage.ru/35ffc2ef-1e09-463d-a2c4-c183d5deb59a/prints/pp2/W502063.webp
Матовые цветные чехлы для печати,Samsung Galaxy A56 5G,A:502065,W502065,ПП2,3277180140,2,https://s3.twcstorage.ru/35ffc2ef-1e09-463d-a2c4-c183d5deb59a/prints/pp2/W502065.webp
Силиконовые чехлы,Samsung Galaxy A56 5G,A:502067,W502067,ПП2,3289143326,28,https://s3.twcstorage.ru/35ffc2ef-1e09-463d-a2c4-c183d5deb59a/prints/pp2/W5020671.webp
Белые софт-тач,Samsung Galaxy A56 5G,A:502069,W502069,ПП2,3277258163,8,https://s3.twcstorage.ru/35ffc2ef-1e09-463d-a2c4-c183d5deb59a/prints/pp2/W502069.webp
Белые софт-тач,Samsung Galaxy A56 5G,A:506331,W506331,ПП2,4898510635,4,https://s3.twcstorage.ru/35ffc2ef-1e09-463d-a2c4-c183d5deb59a/prints/pp2/W5063311.webp
Матовые цветные чехлы для печати,Samsung Galaxy A56 5G,A:506332,W5063321,ПП2,4895694918,14,https://s3.twcstorage.ru/35ffc2ef-1e09-463d-a2c4-c183d5deb59a/prints/pp2/W5063321.webp
Белые софт-тач,Samsung Galaxy A56 5G,A:506334,W506334,ПП2,4898509721,33,https://s3.twcstorage.ru/35ffc2ef-1e09-463d-a2c4-c183d5deb59a/prints/pp2/W5063341.webp
Силиконовые чехлы,Samsung Galaxy A56 5G,A:506335,W506335,ПП2,4895729140,71,https://s3.twcstorage.ru/35ffc2ef-1e09-463d-a2c4-c183d5deb59a/prints/pp2/W5063351.webp
Белые софт-тач,Samsung Galaxy A56 5G,A:506336,W506336,ПП2,4898512112,12,https://s3.twcstorage.ru/35ffc2ef-1e09-463d-a2c4-c183d5deb59a/prints/pp2/W5063361.webp
Силиконовые чехлы,Samsung Galaxy A56 5G,A:506339,W506339,ПП2,4895765495,23,https://s3.twcstorage.ru/35ffc2ef-1e09-463d-a2c4-c183d5deb59a/prints/pp2/W5063391.webp
Белые софт-тач,Samsung Galaxy A56 5G,A:506340,W506340,ПП2,4898509281,3,https://s3.twcstorage.ru/35ffc2ef-1e09-463d-a2c4-c183d5deb59a/prints/pp2/W5063401.webp
Силиконовые чехлы,Samsung Galaxy A56 5G,A:506345,W506345,ПП2,4895729366,150,https://s3.twcstorage.ru/35ffc2ef-1e09-463d-a2c4-c183d5deb59a/prints/pp2/W5063451.webp
Силиконовые чехлы,Samsung Galaxy A56 5G,A:506361,W506361,ПП2,4895730031,50,https://s3.twcstorage.ru/35ffc2ef-1e09-463d-a2c4-c183d5deb59a/prints/pp2/W506361.webp
Матовые цветные чехлы для печати,Samsung Galaxy A56 5G,A:506372,W506372,ПП2,4895697660,25,https://s3.twcstorage.ru/35ffc2ef-1e09-463d-a2c4-c183d5deb59a/prints/pp2/W506372.webp
Силиконовые чехлы,Samsung Galaxy A56 5G,A:506373,W506373,ПП2,4895729056,37,https://s3.twcstorage.ru/35ffc2ef-1e09-463d-a2c4-c183d5deb59a/prints/pp2/W506373.webp
Матовые цветные чехлы для печати,Samsung Galaxy A56 5G,A:506374,W506374,ПП2,4895695276,30,https://s3.twcstorage.ru/35ffc2ef-1e09-463d-a2c4-c183d5deb59a/prints/pp2/W506374.webp
Силиконовые чехлы,Samsung Galaxy A57 5G,A:506372,W506372,ПП2,5023402907,45,https://s3.twcstorage.ru/35ffc2ef-1e09-463d-a2c4-c183d5deb59a/prints/pp2/W506372.webp
Силиконовые чехлы,Samsung Galaxy A57 5G,A:506374,W506374,ПП2,5023507885,34,https://s3.twcstorage.ru/35ffc2ef-1e09-463d-a2c4-c183d5deb59a/prints/pp2/W506374.webp
Силиконовые чехлы,Samsung Galaxy A71 4G,A:501966,Q501966,ПП2,3345993687,87,https://s3.twcstorage.ru/35ffc2ef-1e09-463d-a2c4-c183d5deb59a/prints/pp2/W501966.webp
Силиконовые чехлы,Samsung Galaxy A71 4G,A:501968,Q501968,ПП2,3345994370,91,https://s3.twcstorage.ru/35ffc2ef-1e09-463d-a2c4-c183d5deb59a/prints/pp2/W501968.webp
Силиконовые чехлы,Samsung Galaxy A71 4G,A:501970,Q501970,ПП2,3345995320,1000000,https://s3.twcstorage.ru/35ffc2ef-1e09-463d-a2c4-c183d5deb59a/prints/pp2/W501970.webp
Силиконовые чехлы,Samsung Galaxy A71 4G,A:501980,Q501980,ПП2,3345995647,4,https://s3.twcstorage.ru/35ffc2ef-1e09-463d-a2c4-c183d5deb59a/prints/pp2/Q5019801.webp
Силиконовые чехлы,Samsung Galaxy A71 4G,A:501984,Q501984,ПП2,3345995893,140,https://s3.twcstorage.ru/35ffc2ef-1e09-463d-a2c4-c183d5deb59a/prints/pp2/Y501984.webp
Силиконовые чехлы,Samsung Galaxy A71 4G,A:501985,Q501985,ПП2,3345995080,113,https://s3.twcstorage.ru/35ffc2ef-1e09-463d-a2c4-c183d5deb59a/prints/pp2/Y501985.webp
Силиконовые чехлы,Samsung Galaxy A71 4G,A:502014,W502014,ПП2,3345993929,1,https://s3.twcstorage.ru/35ffc2ef-1e09-463d-a2c4-c183d5deb59a/prints/pp2/W502014.webp
Силиконовые чехлы,Samsung Galaxy A71 4G,A:502025,W502025,ПП2,3345995937,54,https://s3.twcstorage.ru/35ffc2ef-1e09-463d-a2c4-c183d5deb59a/prints/pp2/W502025.webp
Силиконовые чехлы,Samsung Galaxy A71 4G,A:502048,W502048,ПП2,3345993828,33,https://s3.twcstorage.ru/35ffc2ef-1e09-463d-a2c4-c183d5deb59a/prints/pp2/Y502048.webp
Силиконовые чехлы,Samsung Galaxy A72,A:502010,W502010,ПП2,3346337703,3,https://s3.twcstorage.ru/35ffc2ef-1e09-463d-a2c4-c183d5deb59a/prints/pp2/W502010.webp
Силиконовые чехлы,Samsung Galaxy A73,A:501931,W501931,ПП2,3346199145,89,https://s3.twcstorage.ru/35ffc2ef-1e09-463d-a2c4-c183d5deb59a/prints/pp2/W501931.webp
Силиконовые чехлы,Samsung Galaxy A73,A:501947,C501947,ПП2,3384651428,16,https://s3.twcstorage.ru/35ffc2ef-1e09-463d-a2c4-c183d5deb59a/prints/pp2/W501947.webp
Силиконовые чехлы,Samsung Galaxy A73,A:501975,Q501975,ПП2,3346200174,92,https://s3.twcstorage.ru/35ffc2ef-1e09-463d-a2c4-c183d5deb59a/prints/pp2/Q501975.webp
Силиконовые чехлы,Samsung Galaxy A73,A:502009,W502009,ПП2,3384729530,5,https://s3.twcstorage.ru/35ffc2ef-1e09-463d-a2c4-c183d5deb59a/prints/pp2/W502009.webp
Силиконовые чехлы,Samsung Galaxy A73,A:502010,W502010,ПП2,3346200865,3,https://s3.twcstorage.ru/35ffc2ef-1e09-463d-a2c4-c183d5deb59a/prints/pp2/W502010.webp
Силиконовые чехлы,Samsung Galaxy A73,A:502019,W502019,ПП2,3346196817,24,https://s3.twcstorage.ru/35ffc2ef-1e09-463d-a2c4-c183d5deb59a/prints/pp2/W502019.webp
Силиконовые чехлы,Samsung Galaxy A73,A:502032,W502032,ПП2,3384650300,18,https://s3.twcstorage.ru/35ffc2ef-1e09-463d-a2c4-c183d5deb59a/prints/pp2/W502032.webp
Силиконовые чехлы,Samsung Galaxy A73,A:502037,W502037,ПП2,3346197093,8,https://s3.twcstorage.ru/35ffc2ef-1e09-463d-a2c4-c183d5deb59a/prints/pp2/W502037.webp
Чёрные софт-тач,Samsung Galaxy M31,A:501954,S501954,ПП2,3277078726,8,https://s3.twcstorage.ru/35ffc2ef-1e09-463d-a2c4-c183d5deb59a/prints/pp2/W501954.webp
Силиконовые чехлы,Samsung Galaxy M31,A:502008,W502008,ПП2,3346208644,6,https://s3.twcstorage.ru/35ffc2ef-1e09-463d-a2c4-c183d5deb59a/prints/pp2/W502008.webp
Белые софт-тач,Samsung Galaxy M31,A:502053,W502053,ПП2,3277254077,1,https://s3.twcstorage.ru/35ffc2ef-1e09-463d-a2c4-c183d5deb59a/prints/pp2/W502053.webp
Силиконовые чехлы,Samsung Galaxy M31,A:502067,W502067,ПП2,3346207763,28,https://s3.twcstorage.ru/35ffc2ef-1e09-463d-a2c4-c183d5deb59a/prints/pp2/W5020671.webp
Силиконовые чехлы,Samsung Galaxy M31,A:502069,W502069,ПП2,3346207281,9,https://s3.twcstorage.ru/35ffc2ef-1e09-463d-a2c4-c183d5deb59a/prints/pp2/W502069.webp
Белые софт-тач,Samsung Galaxy M55,A:501949,W501949,ПП2,3277251057,34,https://s3.twcstorage.ru/35ffc2ef-1e09-463d-a2c4-c183d5deb59a/prints/pp2/W501949.webp
Белые софт-тач,Samsung Galaxy M55,A:501951,W501951,ПП2,3277250664,9,https://s3.twcstorage.ru/35ffc2ef-1e09-463d-a2c4-c183d5deb59a/prints/pp2/W501951.webp
Силиконовые чехлы,Samsung Galaxy M55,A:501953,C501953,ПП2,3295501129,133,https://s3.twcstorage.ru/35ffc2ef-1e09-463d-a2c4-c183d5deb59a/prints/pp2/W501953.webp
Силиконовые чехлы,Samsung Galaxy M55,A:501978,Q501978,ПП2,3295501087,2,https://s3.twcstorage.ru/35ffc2ef-1e09-463d-a2c4-c183d5deb59a/prints/pp2/Q5019781.webp
Силиконовые чехлы,Samsung Galaxy M55,A:502024,W502024,ПП2,3295503642,117,https://s3.twcstorage.ru/35ffc2ef-1e09-463d-a2c4-c183d5deb59a/prints/pp2/W502024.webp
Матовые цветные чехлы для печати,Samsung Galaxy M55,A:502029,W502029,ПП2,3277143829,9,https://s3.twcstorage.ru/35ffc2ef-1e09-463d-a2c4-c183d5deb59a/prints/pp2/W502029.webp
Белые софт-тач,Samsung Galaxy M55,A:502053,W502053,ПП2,3277251724,1,https://s3.twcstorage.ru/35ffc2ef-1e09-463d-a2c4-c183d5deb59a/prints/pp2/W502053.webp
Силиконовые чехлы,Samsung Galaxy M55,A:502059,W502059,ПП2,3295501217,1000000,https://s3.twcstorage.ru/35ffc2ef-1e09-463d-a2c4-c183d5deb59a/prints/pp2/W502059.webp
Матовые цветные чехлы для печати,Samsung Galaxy M55,A:502067,W5020671,ПП2,3277142563,28,https://s3.twcstorage.ru/35ffc2ef-1e09-463d-a2c4-c183d5deb59a/prints/pp2/W5020671.webp
Матовые цветные чехлы для печати,Samsung Galaxy M55,A:502069,W502069,ПП2,3277143967,37,https://s3.twcstorage.ru/35ffc2ef-1e09-463d-a2c4-c183d5deb59a/prints/pp2/W502069.webp
Белые софт-тач,Samsung Galaxy S20 FE,A:501947,W501947,ПП2,3277243812,13,https://s3.twcstorage.ru/35ffc2ef-1e09-463d-a2c4-c183d5deb59a/prints/pp2/W501947.webp
Силиконовые чехлы,Samsung Galaxy S20 FE,A:501948,C501948,ПП2,3346224266,132,https://s3.twcstorage.ru/35ffc2ef-1e09-463d-a2c4-c183d5deb59a/prints/pp2/W501948.webp
Чёрные софт-тач,Samsung Galaxy S20 FE,A:501950,S501950,ПП2,3277078176,3,https://s3.twcstorage.ru/35ffc2ef-1e09-463d-a2c4-c183d5deb59a/prints/pp2/W501950.webp
Чёрные софт-тач,Samsung Galaxy S20 FE,A:501959,S501959,ПП2,3277077167,12,https://s3.twcstorage.ru/35ffc2ef-1e09-463d-a2c4-c183d5deb59a/prints/pp2/S501959.webp
Силиконовые чехлы,Samsung Galaxy S20 FE,A:501960,W501960,ПП2,3346228999,29,https://s3.twcstorage.ru/35ffc2ef-1e09-463d-a2c4-c183d5deb59a/prints/pp2/W501960.webp
Силиконовые чехлы,Samsung Galaxy S20 FE,A:501965,Q501965,ПП2,3346226572,73,https://s3.twcstorage.ru/35ffc2ef-1e09-463d-a2c4-c183d5deb59a/prints/pp2/Q5019651.webp
Силиконовые чехлы,Samsung Galaxy S20 FE,A:501978,Q501978,ПП2,3346226555,2,https://s3.twcstorage.ru/35ffc2ef-1e09-463d-a2c4-c183d5deb59a/prints/pp2/Q5019781.webp
Силиконовые чехлы,Samsung Galaxy S20 FE,A:501983,Q501983,ПП2,3346224020,139,https://s3.twcstorage.ru/35ffc2ef-1e09-463d-a2c4-c183d5deb59a/prints/pp2/Y501983.webp
Белые софт-тач,Samsung Galaxy S20 FE,A:502005,W502005,ПП2,3277243840,54,https://s3.twcstorage.ru/35ffc2ef-1e09-463d-a2c4-c183d5deb59a/prints/pp2/W502005.webp
Силиконовые чехлы,Samsung Galaxy S20 FE,A:502010,W502010,ПП2,3346225101,3,https://s3.twcstorage.ru/35ffc2ef-1e09-463d-a2c4-c183d5deb59a/prints/pp2/W502010.webp
Силиконовые чехлы,Samsung Galaxy S20 FE,A:502018,W502018,ПП2,3346225236,38,https://s3.twcstorage.ru/35ffc2ef-1e09-463d-a2c4-c183d5deb59a/prints/pp2/W502018.webp
Силиконовые чехлы,Samsung Galaxy S20 FE,A:502025,W502025,ПП2,3346228735,54,https://s3.twcstorage.ru/35ffc2ef-1e09-463d-a2c4-c183d5deb59a/prints/pp2/W502025.webp
Силиконовые чехлы,Samsung Galaxy S20 FE,A:502029,W502029,ПП2,3346227824,13,https://s3.twcstorage.ru/35ffc2ef-1e09-463d-a2c4-c183d5deb59a/prints/pp2/W502029.webp
Силиконовые чехлы,Samsung Galaxy S20 FE,A:502049,W502049,ПП2,3346224005,49,https://s3.twcstorage.ru/35ffc2ef-1e09-463d-a2c4-c183d5deb59a/prints/pp2/Y502049.webp
Объемные матовые чехлы черные,Samsung Galaxy S20 FE,A:502053,W502053,ПП2,4998356774,1,https://s3.twcstorage.ru/35ffc2ef-1e09-463d-a2c4-c183d5deb59a/prints/pp2/W502053.webp
Силиконовые чехлы,Samsung Galaxy S20 FE,A:502064,W502064,ПП2,3346225203,121,https://s3.twcstorage.ru/35ffc2ef-1e09-463d-a2c4-c183d5deb59a/prints/pp2/W502064.webp
Белые софт-тач,Samsung Galaxy S20 FE,A:502068,W502068,ПП2,3277243408,1000000,https://s3.twcstorage.ru/35ffc2ef-1e09-463d-a2c4-c183d5deb59a/prints/pp2/W502068.webp
Чёрные софт-тач,Samsung Galaxy S21 FE,A:501945,S501945,ПП2,3277081090,6,https://s3.twcstorage.ru/35ffc2ef-1e09-463d-a2c4-c183d5deb59a/prints/pp2/W501945.webp
Чёрные софт-тач,Samsung Galaxy S21 FE,A:501946,S501946,ПП2,3277081292,1,https://s3.twcstorage.ru/35ffc2ef-1e09-463d-a2c4-c183d5deb59a/prints/pp2/W501946.webp
Силиконовые чехлы,Samsung Galaxy S21 FE,A:501947,W501947,ПП2,3346085191,16,https://s3.twcstorage.ru/35ffc2ef-1e09-463d-a2c4-c183d5deb59a/prints/pp2/W501947.webp
Чёрные софт-тач,Samsung Galaxy S21 FE,A:501956,S501956,ПП2,3277081315,27,https://s3.twcstorage.ru/35ffc2ef-1e09-463d-a2c4-c183d5deb59a/prints/pp2/W501956.webp
Силиконовые чехлы,Samsung Galaxy S21 FE,A:501978,Q501978,ПП2,3346088130,2,https://s3.twcstorage.ru/35ffc2ef-1e09-463d-a2c4-c183d5deb59a/prints/pp2/Q5019781.webp
Силиконовые чехлы,Samsung Galaxy S21 FE,A:501980,Q501980,ПП2,3346084852,4,https://s3.twcstorage.ru/35ffc2ef-1e09-463d-a2c4-c183d5deb59a/prints/pp2/Q5019801.webp
Силиконовые чехлы,Samsung Galaxy S21 FE,A:501985,Q501985,ПП2,3346085123,113,https://s3.twcstorage.ru/35ffc2ef-1e09-463d-a2c4-c183d5deb59a/prints/pp2/Y501985.webp
Силиконовые чехлы,Samsung Galaxy S21 FE,A:501988,Q501988,ПП2,3346085020,115,https://s3.twcstorage.ru/35ffc2ef-1e09-463d-a2c4-c183d5deb59a/prints/pp2/Y501988.webp
Силиконовые чехлы,Samsung Galaxy S21 FE,A:501993,Q501993,ПП2,3346085433,21,https://s3.twcstorage.ru/35ffc2ef-1e09-463d-a2c4-c183d5deb59a/prints/pp2/Q5019931.webp
Объемные матовые чехлы бордовые,Samsung Galaxy S21 FE,A:502010,W502010,ПП2,4998356311,1000000,https://s3.twcstorage.ru/35ffc2ef-1e09-463d-a2c4-c183d5deb59a/prints/pp2/W502010.webp
Белые софт-тач,Samsung Galaxy S21 FE,A:502014,W502014,ПП2,3277244889,7,https://s3.twcstorage.ru/35ffc2ef-1e09-463d-a2c4-c183d5deb59a/prints/pp2/W502014.webp
Силиконовые чехлы,Samsung Galaxy S21 FE,A:502023,W502023,ПП2,3346088558,69,https://s3.twcstorage.ru/35ffc2ef-1e09-463d-a2c4-c183d5deb59a/prints/pp2/W502023.webp
Объемные матовые чехлы бордовые,Samsung Galaxy S21 FE,A:502035,W502035,ПП2,4998356383,3,https://s3.twcstorage.ru/35ffc2ef-1e09-463d-a2c4-c183d5deb59a/prints/pp2/W502035.webp
Белые софт-тач,Samsung Galaxy S21 FE,A:502048,W502048,ПП2,3277244015,18,https://s3.twcstorage.ru/35ffc2ef-1e09-463d-a2c4-c183d5deb59a/prints/pp2/Y502048.webp
Силиконовые чехлы,Samsung Galaxy S21 FE,A:502050,W502050,ПП2,3346084948,77,https://s3.twcstorage.ru/35ffc2ef-1e09-463d-a2c4-c183d5deb59a/prints/pp2/Y502050.webp
Белые софт-тач,Samsung Galaxy S21 FE,A:502052,W502052,ПП2,3277244478,2,https://s3.twcstorage.ru/35ffc2ef-1e09-463d-a2c4-c183d5deb59a/prints/pp2/W502052.webp
Белые софт-тач,Samsung Galaxy S21 FE,A:502053,W502053,ПП2,3277244771,1,https://s3.twcstorage.ru/35ffc2ef-1e09-463d-a2c4-c183d5deb59a/prints/pp2/W502053.webp
Белые софт-тач,Samsung Galaxy S21 FE,A:502055,W502055,ПП2,3277243575,36,https://s3.twcstorage.ru/35ffc2ef-1e09-463d-a2c4-c183d5deb59a/prints/pp2/W502055.webp
Белые софт-тач,Samsung Galaxy S21 FE,A:502057,W502057,ПП2,3277243653,35,https://s3.twcstorage.ru/35ffc2ef-1e09-463d-a2c4-c183d5deb59a/prints/pp2/W502057.webp
Объемные матовые чехлы черные,Samsung Galaxy S21 FE,A:502065,W502065,ПП2,4998363375,12,https://s3.twcstorage.ru/35ffc2ef-1e09-463d-a2c4-c183d5deb59a/prints/pp2/W502065.webp
Белые софт-тач,Samsung Galaxy S21 FE,A:502069,W502069,ПП2,3277244624,8,https://s3.twcstorage.ru/35ffc2ef-1e09-463d-a2c4-c183d5deb59a/prints/pp2/W502069.webp
Силиконовые чехлы,Samsung Galaxy S22 Ultra,A:501946,W501946,ПП2,3346015555,48,https://s3.twcstorage.ru/35ffc2ef-1e09-463d-a2c4-c183d5deb59a/prints/pp2/W501946.webp
Чёрные софт-тач,Samsung Galaxy S22 Ultra,A:501947,S501947,ПП2,3277079834,7,https://s3.twcstorage.ru/35ffc2ef-1e09-463d-a2c4-c183d5deb59a/prints/pp2/W501947.webp
Чёрные софт-тач,Samsung Galaxy S22 Ultra,A:501950,S501950,ПП2,3277080944,3,https://s3.twcstorage.ru/35ffc2ef-1e09-463d-a2c4-c183d5deb59a/prints/pp2/W501950.webp
Чёрные софт-тач,Samsung Galaxy S22 Ultra,A:501951,S501951,ПП2,3277079659,5,https://s3.twcstorage.ru/35ffc2ef-1e09-463d-a2c4-c183d5deb59a/prints/pp2/W501951.webp
Чёрные софт-тач,Samsung Galaxy S22 Ultra,A:501954,S501954,ПП2,3277080146,8,https://s3.twcstorage.ru/35ffc2ef-1e09-463d-a2c4-c183d5deb59a/prints/pp2/W501954.webp
Силиконовые чехлы,Samsung Galaxy S22 Ultra,A:501955,C501955,ПП2,3346014514,35,https://s3.twcstorage.ru/35ffc2ef-1e09-463d-a2c4-c183d5deb59a/prints/pp2/W501955.webp
Силиконовые чехлы,Samsung Galaxy S22 Ultra,A:501980,Q501980,ПП2,3346015338,4,https://s3.twcstorage.ru/35ffc2ef-1e09-463d-a2c4-c183d5deb59a/prints/pp2/Q5019801.webp
Силиконовые чехлы,Samsung Galaxy S22 Ultra,A:501993,Q501993,ПП2,3346017618,21,https://s3.twcstorage.ru/35ffc2ef-1e09-463d-a2c4-c183d5deb59a/prints/pp2/Q5019931.webp
Силиконовые чехлы,Samsung Galaxy S22 Ultra,A:502008,W502008,ПП2,3346019109,6,https://s3.twcstorage.ru/35ffc2ef-1e09-463d-a2c4-c183d5deb59a/prints/pp2/W502008.webp
Силиконовые чехлы,Samsung Galaxy S22 Ultra,A:502014,W502014,ПП2,3346014705,1,https://s3.twcstorage.ru/35ffc2ef-1e09-463d-a2c4-c183d5deb59a/prints/pp2/W502014.webp
Силиконовые чехлы,Samsung Galaxy S22 Ultra,A:502049,W502049,ПП2,3346015247,49,https://s3.twcstorage.ru/35ffc2ef-1e09-463d-a2c4-c183d5deb59a/prints/pp2/Y502049.webp
Белые софт-тач,Samsung Galaxy S22 Ultra,A:502053,W502053,ПП2,3277229798,1,https://s3.twcstorage.ru/35ffc2ef-1e09-463d-a2c4-c183d5deb59a/prints/pp2/W502053.webp
Силиконовые чехлы,Samsung Galaxy S22 Ultra,A:502057,W502057,ПП2,3346015358,78,https://s3.twcstorage.ru/35ffc2ef-1e09-463d-a2c4-c183d5deb59a/prints/pp2/W502057.webp
Матовые цветные чехлы для печати,Samsung Galaxy S22 Ultra,A:506332,W5063321,ПП2,4897856282,14,https://s3.twcstorage.ru/35ffc2ef-1e09-463d-a2c4-c183d5deb59a/prints/pp2/W5063321.webp
Матовые цветные чехлы для печати,Samsung Galaxy S22 Ultra,A:506340,W5063401,ПП2,4897662541,13,https://s3.twcstorage.ru/35ffc2ef-1e09-463d-a2c4-c183d5deb59a/prints/pp2/W5063401.webp
Матовые цветные чехлы для печати,Samsung Galaxy S23 FE 5G,A:501934,W501934,ПП2,3277165010,1000000,https://s3.twcstorage.ru/35ffc2ef-1e09-463d-a2c4-c183d5deb59a/prints/pp2/W501934.webp
Матовые цветные чехлы для печати,Samsung Galaxy S23 FE 5G,A:501936,W501936,ПП2,3277164216,1000000,https://s3.twcstorage.ru/35ffc2ef-1e09-463d-a2c4-c183d5deb59a/prints/pp2/W501936.webp
Силиконовые чехлы,Samsung Galaxy S23 FE 5G,A:501938,W501938,ПП2,3345851882,130,https://s3.twcstorage.ru/35ffc2ef-1e09-463d-a2c4-c183d5deb59a/prints/pp2/W501938.webp
Силиконовые чехлы,Samsung Galaxy S23 FE 5G,A:501939,W501939,ПП2,3345853470,105,https://s3.twcstorage.ru/35ffc2ef-1e09-463d-a2c4-c183d5deb59a/prints/pp2/W501939.webp
Белые софт-тач,Samsung Galaxy S23 FE 5G,A:501947,W501947,ПП2,3837395148,13,https://s3.twcstorage.ru/35ffc2ef-1e09-463d-a2c4-c183d5deb59a/prints/pp2/W501947.webp
Силиконовые чехлы,Samsung Galaxy S23 FE 5G,A:501955,C501955,ПП2,3345852675,35,https://s3.twcstorage.ru/35ffc2ef-1e09-463d-a2c4-c183d5deb59a/prints/pp2/W501955.webp
Матовые цветные чехлы для печати,Samsung Galaxy S23 FE 5G,A:501957,W501957,ПП2,3277164118,7,https://s3.twcstorage.ru/35ffc2ef-1e09-463d-a2c4-c183d5deb59a/prints/pp2/W501957.webp
Силиконовые чехлы,Samsung Galaxy S23 FE 5G,A:501960,C501960,ПП2,3345853768,29,https://s3.twcstorage.ru/35ffc2ef-1e09-463d-a2c4-c183d5deb59a/prints/pp2/W501960.webp
Силиконовые чехлы,Samsung Galaxy S23 FE 5G,A:501961,C501961,ПП2,3345852407,20,https://s3.twcstorage.ru/35ffc2ef-1e09-463d-a2c4-c183d5deb59a/prints/pp2/W501961.webp
Силиконовые чехлы,Samsung Galaxy S23 FE 5G,A:501962,W501962,ПП2,3345852975,31,https://s3.twcstorage.ru/35ffc2ef-1e09-463d-a2c4-c183d5deb59a/prints/pp2/W501962.webp
Силиконовые чехлы,Samsung Galaxy S23 FE 5G,A:501966,W501966,ПП2,3345854165,87,https://s3.twcstorage.ru/35ffc2ef-1e09-463d-a2c4-c183d5deb59a/prints/pp2/W501966.webp
Силиконовые чехлы,Samsung Galaxy S23 FE 5G,A:501976,Q501976,ПП2,3345852518,75,https://s3.twcstorage.ru/35ffc2ef-1e09-463d-a2c4-c183d5deb59a/prints/pp2/Q501976.webp
Силиконовые чехлы,Samsung Galaxy S23 FE 5G,A:501978,Q501978,ПП2,3345853681,2,https://s3.twcstorage.ru/35ffc2ef-1e09-463d-a2c4-c183d5deb59a/prints/pp2/Q5019781.webp
Силиконовые чехлы,Samsung Galaxy S23 FE 5G,A:501979,Q501979,ПП2,3345853520,32,https://s3.twcstorage.ru/35ffc2ef-1e09-463d-a2c4-c183d5deb59a/prints/pp2/Q5019791.webp
Силиконовые чехлы,Samsung Galaxy S23 FE 5G,A:501991,Q501991,ПП2,3345852529,1000000,https://s3.twcstorage.ru/35ffc2ef-1e09-463d-a2c4-c183d5deb59a/prints/pp2/Q501991.webp
Белые софт-тач,Samsung Galaxy S23 FE 5G,A:502006,W502006,ПП2,3837397022,28,https://s3.twcstorage.ru/35ffc2ef-1e09-463d-a2c4-c183d5deb59a/prints/pp2/W502006.webp
Белые софт-тач,Samsung Galaxy S23 FE 5G,A:502007,W502007,ПП2,3837395329,21,https://s3.twcstorage.ru/35ffc2ef-1e09-463d-a2c4-c183d5deb59a/prints/pp2/W502007.webp
Силиконовые чехлы,Samsung Galaxy S23 FE 5G,A:502010,W502010,ПП2,3345852061,3,https://s3.twcstorage.ru/35ffc2ef-1e09-463d-a2c4-c183d5deb59a/prints/pp2/W502010.webp
Матовые цветные чехлы для печати,Samsung Galaxy S23 FE 5G,A:502012,W502012,ПП2,3277163745,1,https://s3.twcstorage.ru/35ffc2ef-1e09-463d-a2c4-c183d5deb59a/prints/pp2/W502012.webp
Белые софт-тач,Samsung Galaxy S23 FE 5G,A:502014,W502014,ПП2,3837398011,7,https://s3.twcstorage.ru/35ffc2ef-1e09-463d-a2c4-c183d5deb59a/prints/pp2/W502014.webp
Силиконовые чехлы,Samsung Galaxy S23 FE 5G,A:502018,W502018,ПП2,3345844771,38,https://s3.twcstorage.ru/35ffc2ef-1e09-463d-a2c4-c183d5deb59a/prints/pp2/W502018.webp
Силиконовые чехлы,Samsung Galaxy S23 FE 5G,A:502019,W502019,ПП2,3345856217,24,https://s3.twcstorage.ru/35ffc2ef-1e09-463d-a2c4-c183d5deb59a/prints/pp2/W502019.webp
Матовые цветные чехлы для печати,Samsung Galaxy S23 FE 5G,A:502021,W502021,ПП2,3277164057,82,https://s3.twcstorage.ru/35ffc2ef-1e09-463d-a2c4-c183d5deb59a/prints/pp2/Y502021.webp
Силиконовые чехлы,Samsung Galaxy S23 FE 5G,A:502023,W502023,ПП2,3345852734,69,https://s3.twcstorage.ru/35ffc2ef-1e09-463d-a2c4-c183d5deb59a/prints/pp2/W502023.webp
Матовые цветные чехлы для печати,Samsung Galaxy S23 FE 5G,A:502025,W502025,ПП2,3277164250,12,https://s3.twcstorage.ru/35ffc2ef-1e09-463d-a2c4-c183d5deb59a/prints/pp2/W502025.webp
Матовые цветные чехлы для печати,Samsung Galaxy S23 FE 5G,A:502027,W502027,ПП2,3277164182,11,https://s3.twcstorage.ru/35ffc2ef-1e09-463d-a2c4-c183d5deb59a/prints/pp2/W502027.webp
Матовые цветные чехлы для печати,Samsung Galaxy S23 FE 5G,A:502028,W502028,ПП2,3277164124,83,https://s3.twcstorage.ru/35ffc2ef-1e09-463d-a2c4-c183d5deb59a/prints/pp2/W502028.webp
Белые софт-тач,Samsung Galaxy S23 FE 5G,A:502032,W502032,ПП2,3837395672,14,https://s3.twcstorage.ru/35ffc2ef-1e09-463d-a2c4-c183d5deb59a/prints/pp2/W502032.webp
Белые софт-тач,Samsung Galaxy S23 FE 5G,A:502033,W502033,ПП2,3837396213,15,https://s3.twcstorage.ru/35ffc2ef-1e09-463d-a2c4-c183d5deb59a/prints/pp2/W502033.webp
Белые софт-тач,Samsung Galaxy S23 FE 5G,A:502039,W502039,ПП2,3837396509,1000000,https://s3.twcstorage.ru/35ffc2ef-1e09-463d-a2c4-c183d5deb59a/prints/pp2/W502039.webp
Силиконовые чехлы,Samsung Galaxy S23 FE 5G,A:502051,W502051,ПП2,3345845922,120,https://s3.twcstorage.ru/35ffc2ef-1e09-463d-a2c4-c183d5deb59a/prints/pp2/W502051.webp
Белые софт-тач,Samsung Galaxy S23 FE 5G,A:502052,W502052,ПП2,3837396284,2,https://s3.twcstorage.ru/35ffc2ef-1e09-463d-a2c4-c183d5deb59a/prints/pp2/W502052.webp
Белые софт-тач,Samsung Galaxy S23 FE 5G,A:502053,W502053,ПП2,3837397001,1,https://s3.twcstorage.ru/35ffc2ef-1e09-463d-a2c4-c183d5deb59a/prints/pp2/W502053.webp
Матовые цветные чехлы для печати,Samsung Galaxy S23 FE 5G,A:502065,W502065,ПП2,3277164928,2,https://s3.twcstorage.ru/35ffc2ef-1e09-463d-a2c4-c183d5deb59a/prints/pp2/W502065.webp
Белые софт-тач,Samsung Galaxy S23 FE 5G,A:502066,W502066,ПП2,3837397328,60,https://s3.twcstorage.ru/35ffc2ef-1e09-463d-a2c4-c183d5deb59a/prints/pp2/W502066.webp
Белые софт-тач,Samsung Galaxy S23 FE 5G,A:502069,W502069,ПП2,3837396500,8,https://s3.twcstorage.ru/35ffc2ef-1e09-463d-a2c4-c183d5deb59a/prints/pp2/W502069.webp
Белые софт-тач,Samsung Galaxy S23 FE 5G,A:506329,W506329,ПП2,4902175663,40,https://s3.twcstorage.ru/35ffc2ef-1e09-463d-a2c4-c183d5deb59a/prints/pp2/W5063291.webp
Матовые цветные чехлы для печати,Samsung Galaxy S23 FE 5G,A:506330,W5063301,ПП2,4902191889,32,https://s3.twcstorage.ru/35ffc2ef-1e09-463d-a2c4-c183d5deb59a/prints/pp2/W5063301.webp
Белые софт-тач,Samsung Galaxy S23 FE 5G,A:506331,W506331,ПП2,4902194733,4,https://s3.twcstorage.ru/35ffc2ef-1e09-463d-a2c4-c183d5deb59a/prints/pp2/W5063311.webp
Матовые цветные чехлы для печати,Samsung Galaxy S23 FE 5G,A:506334,W5063341,ПП2,4902342576,24,https://s3.twcstorage.ru/35ffc2ef-1e09-463d-a2c4-c183d5deb59a/prints/pp2/W5063341.webp
Силиконовые чехлы,Samsung Galaxy S23 FE 5G,A:506335,W506335,ПП2,4895365590,71,https://s3.twcstorage.ru/35ffc2ef-1e09-463d-a2c4-c183d5deb59a/prints/pp2/W5063351.webp
Силиконовые чехлы,Samsung Galaxy S23 FE 5G,A:506336,W506336,ПП2,4895366095,44,https://s3.twcstorage.ru/35ffc2ef-1e09-463d-a2c4-c183d5deb59a/prints/pp2/W5063361.webp
Матовые цветные чехлы для печати,Samsung Galaxy S23 FE 5G,A:506345,W5063451,ПП2,4902151554,67,https://s3.twcstorage.ru/35ffc2ef-1e09-463d-a2c4-c183d5deb59a/prints/pp2/W5063451.webp
Силиконовые чехлы,Samsung Galaxy S23 FE 5G,A:506350,W506350,ПП2,4895365177,72,https://s3.twcstorage.ru/35ffc2ef-1e09-463d-a2c4-c183d5deb59a/prints/pp2/W5063501.webp
Силиконовые чехлы,Samsung Galaxy S23 FE 5G,A:506363,W506363,ПП2,4895365848,101,https://s3.twcstorage.ru/35ffc2ef-1e09-463d-a2c4-c183d5deb59a/prints/pp2/W506363.webp
Матовые цветные чехлы для печати,Samsung Galaxy S23 FE 5G,A:506372,W506372,ПП2,4902336271,25,https://s3.twcstorage.ru/35ffc2ef-1e09-463d-a2c4-c183d5deb59a/prints/pp2/W506372.webp
Белые софт-тач,Samsung Galaxy S23 FE 5G,A:506373,W506373,ПП2,4902173956,6,https://s3.twcstorage.ru/35ffc2ef-1e09-463d-a2c4-c183d5deb59a/prints/pp2/W506373.webp
Белые софт-тач,Samsung Galaxy S23 FE 5G,A:506379,W506379,ПП2,4902178795,19,https://s3.twcstorage.ru/35ffc2ef-1e09-463d-a2c4-c183d5deb59a/prints/pp2/W506379.webp
Белые софт-тач,Samsung Galaxy S23 Plus 5G,A:501951,W501951,ПП2,3837382711,9,https://s3.twcstorage.ru/35ffc2ef-1e09-463d-a2c4-c183d5deb59a/prints/pp2/W501951.webp
Белые софт-тач,Samsung Galaxy S23 Plus 5G,A:501953,W501953,ПП2,3837382266,43,https://s3.twcstorage.ru/35ffc2ef-1e09-463d-a2c4-c183d5deb59a/prints/pp2/W501953.webp
Силиконовые чехлы,Samsung Galaxy S23 Plus 5G,A:501955,C501955,ПП2,3346060586,35,https://s3.twcstorage.ru/35ffc2ef-1e09-463d-a2c4-c183d5deb59a/prints/pp2/W501955.webp
Силиконовые чехлы,Samsung Galaxy S23 Plus 5G,A:501978,Q501978,ПП2,3346060189,2,https://s3.twcstorage.ru/35ffc2ef-1e09-463d-a2c4-c183d5deb59a/prints/pp2/Q5019781.webp
Силиконовые чехлы,Samsung Galaxy S23 Plus 5G,A:501980,Q501980,ПП2,3346059930,4,https://s3.twcstorage.ru/35ffc2ef-1e09-463d-a2c4-c183d5deb59a/prints/pp2/Q5019801.webp
Силиконовые чехлы,Samsung Galaxy S23 Plus 5G,A:501992,Q501992,ПП2,3346060648,93,https://s3.twcstorage.ru/35ffc2ef-1e09-463d-a2c4-c183d5deb59a/prints/pp2/Q501992.webp
Силиконовые чехлы,Samsung Galaxy S23 Plus 5G,A:502014,W502014,ПП2,3346060091,1,https://s3.twcstorage.ru/35ffc2ef-1e09-463d-a2c4-c183d5deb59a/prints/pp2/W502014.webp
Силиконовые чехлы,Samsung Galaxy S23 Plus 5G,A:502032,W502032,ПП2,3346061102,18,https://s3.twcstorage.ru/35ffc2ef-1e09-463d-a2c4-c183d5deb59a/prints/pp2/W502032.webp
Силиконовые чехлы,Samsung Galaxy S23 Plus 5G,A:502037,W502037,ПП2,3346059716,8,https://s3.twcstorage.ru/35ffc2ef-1e09-463d-a2c4-c183d5deb59a/prints/pp2/W502037.webp
Белые софт-тач,Samsung Galaxy S23 Plus 5G,A:502053,W502053,ПП2,3837387216,1,https://s3.twcstorage.ru/35ffc2ef-1e09-463d-a2c4-c183d5deb59a/prints/pp2/W502053.webp
Белые софт-тач,Samsung Galaxy S23 Plus 5G,A:502065,W502065,ПП2,3837386844,25,https://s3.twcstorage.ru/35ffc2ef-1e09-463d-a2c4-c183d5deb59a/prints/pp2/W502065.webp
Белые софт-тач,Samsung Galaxy S23 Plus 5G,A:502067,W502067,ПП2,3837383812,37,https://s3.twcstorage.ru/35ffc2ef-1e09-463d-a2c4-c183d5deb59a/prints/pp2/W5020671.webp
Силиконовые чехлы,Samsung Galaxy S23 Ultra 5G,A:501927,C501927,ПП2,3280781702,85,https://s3.twcstorage.ru/35ffc2ef-1e09-463d-a2c4-c183d5deb59a/prints/pp2/W501927.webp
Силиконовые чехлы,Samsung Galaxy S23 Ultra 5G,A:501928,C501928,ПП2,3280778089,1000000,https://s3.twcstorage.ru/35ffc2ef-1e09-463d-a2c4-c183d5deb59a/prints/pp2/W501928.webp
Чёрные софт-тач,Samsung Galaxy S23 Ultra 5G,A:501934,S501934,ПП2,3277073129,20,https://s3.twcstorage.ru/35ffc2ef-1e09-463d-a2c4-c183d5deb59a/prints/pp2/W501934.webp
Силиконовые чехлы,Samsung Galaxy S23 Ultra 5G,A:501937,C501937,ПП2,3280777623,90,https://s3.twcstorage.ru/35ffc2ef-1e09-463d-a2c4-c183d5deb59a/prints/pp2/W501937.webp
Чёрные софт-тач,Samsung Galaxy S23 Ultra 5G,A:501938,S501938,ПП2,3277072761,1000000,https://s3.twcstorage.ru/35ffc2ef-1e09-463d-a2c4-c183d5deb59a/prints/pp2/W501938.webp
Чёрные софт-тач,Samsung Galaxy S23 Ultra 5G,A:501943,S501943,ПП2,3277072995,15,https://s3.twcstorage.ru/35ffc2ef-1e09-463d-a2c4-c183d5deb59a/prints/pp2/S501943.webp
Чёрные софт-тач,Samsung Galaxy S23 Ultra 5G,A:501946,S501946,ПП2,3277072529,1,https://s3.twcstorage.ru/35ffc2ef-1e09-463d-a2c4-c183d5deb59a/prints/pp2/W501946.webp
Объемные матовые чехлы коричневые,Samsung Galaxy S23 Ultra 5G,A:501947,W501947,ПП2,4998358033,7,https://s3.twcstorage.ru/35ffc2ef-1e09-463d-a2c4-c183d5deb59a/prints/pp2/W501947.webp
Чёрные софт-тач,Samsung Galaxy S23 Ultra 5G,A:501949,S501949,ПП2,3277073028,4,https://s3.twcstorage.ru/35ffc2ef-1e09-463d-a2c4-c183d5deb59a/prints/pp2/W501949.webp
Объемные матовые чехлы коричневые,Samsung Galaxy S23 Ultra 5G,A:501951,W501951,ПП2,4998355883,3,https://s3.twcstorage.ru/35ffc2ef-1e09-463d-a2c4-c183d5deb59a/prints/pp2/W501951.webp
Чёрные софт-тач,Samsung Galaxy S23 Ultra 5G,A:501952,S501952,ПП2,3277073011,25,https://s3.twcstorage.ru/35ffc2ef-1e09-463d-a2c4-c183d5deb59a/prints/pp2/W501952.webp
Чёрные софт-тач,Samsung Galaxy S23 Ultra 5G,A:501957,S501957,ПП2,3277073158,2,https://s3.twcstorage.ru/35ffc2ef-1e09-463d-a2c4-c183d5deb59a/prints/pp2/W501957.webp
Чёрные софт-тач,Samsung Galaxy S23 Ultra 5G,A:501958,S501958,ПП2,3277072931,28,https://s3.twcstorage.ru/35ffc2ef-1e09-463d-a2c4-c183d5deb59a/prints/pp2/W501958.webp
Силиконовые чехлы,Samsung Galaxy S23 Ultra 5G,A:501960,C501960,ПП2,3280781638,29,https://s3.twcstorage.ru/35ffc2ef-1e09-463d-a2c4-c183d5deb59a/prints/pp2/W501960.webp
Белые софт-тач,Samsung Galaxy S23 Ultra 5G,A:501962,W501962,ПП2,3281044793,20,https://s3.twcstorage.ru/35ffc2ef-1e09-463d-a2c4-c183d5deb59a/prints/pp2/W501962.webp
Силиконовые чехлы,Samsung Galaxy S23 Ultra 5G,A:501978,Q501978,ПП2,3280781188,2,https://s3.twcstorage.ru/35ffc2ef-1e09-463d-a2c4-c183d5deb59a/prints/pp2/Q5019781.webp
Силиконовые чехлы,Samsung Galaxy S23 Ultra 5G,A:501980,Q501980,ПП2,3280777786,4,https://s3.twcstorage.ru/35ffc2ef-1e09-463d-a2c4-c183d5deb59a/prints/pp2/Q5019801.webp
Силиконовые чехлы,Samsung Galaxy S23 Ultra 5G,A:501988,Q501988,ПП2,3280784541,115,https://s3.twcstorage.ru/35ffc2ef-1e09-463d-a2c4-c183d5deb59a/prints/pp2/Y501988.webp
Силиконовые чехлы,Samsung Galaxy S23 Ultra 5G,A:501993,Q501993,ПП2,3280780275,21,https://s3.twcstorage.ru/35ffc2ef-1e09-463d-a2c4-c183d5deb59a/prints/pp2/Q5019931.webp
Силиконовые чехлы,Samsung Galaxy S23 Ultra 5G,A:501997,W501997,ПП2,3280783819,67,https://s3.twcstorage.ru/35ffc2ef-1e09-463d-a2c4-c183d5deb59a/prints/pp2/Y501997.webp
Силиконовые чехлы,Samsung Galaxy S23 Ultra 5G,A:502007,W502007,ПП2,3280781274,25,https://s3.twcstorage.ru/35ffc2ef-1e09-463d-a2c4-c183d5deb59a/prints/pp2/W502007.webp
Силиконовые чехлы,Samsung Galaxy S23 Ultra 5G,A:502008,W502008,ПП2,3280782786,6,https://s3.twcstorage.ru/35ffc2ef-1e09-463d-a2c4-c183d5deb59a/prints/pp2/W502008.webp
Силиконовые чехлы,Samsung Galaxy S23 Ultra 5G,A:502009,W502009,ПП2,3280782030,5,https://s3.twcstorage.ru/35ffc2ef-1e09-463d-a2c4-c183d5deb59a/prints/pp2/W502009.webp
Объемные матовые чехлы коричневые,Samsung Galaxy S23 Ultra 5G,A:502010,W502010,ПП2,4998355978,11,https://s3.twcstorage.ru/35ffc2ef-1e09-463d-a2c4-c183d5deb59a/prints/pp2/W502010.webp
Силиконовые чехлы,Samsung Galaxy S23 Ultra 5G,A:502014,W502014,ПП2,3280777835,1,https://s3.twcstorage.ru/35ffc2ef-1e09-463d-a2c4-c183d5deb59a/prints/pp2/W502014.webp
Белые софт-тач,Samsung Galaxy S23 Ultra 5G,A:502016,W502016,ПП2,3281010105,24,https://s3.twcstorage.ru/35ffc2ef-1e09-463d-a2c4-c183d5deb59a/prints/pp2/W502016.webp
Силиконовые чехлы,Samsung Galaxy S23 Ultra 5G,A:502019,W502019,ПП2,3280783881,24,https://s3.twcstorage.ru/35ffc2ef-1e09-463d-a2c4-c183d5deb59a/prints/pp2/W502019.webp
Силиконовые чехлы,Samsung Galaxy S23 Ultra 5G,A:502029,W502029,ПП2,3280782621,13,https://s3.twcstorage.ru/35ffc2ef-1e09-463d-a2c4-c183d5deb59a/prints/pp2/W502029.webp
Силиконовые чехлы,Samsung Galaxy S23 Ultra 5G,A:502031,W502031,ПП2,3280778004,27,https://s3.twcstorage.ru/35ffc2ef-1e09-463d-a2c4-c183d5deb59a/prints/pp2/W502031.webp
Силиконовые чехлы,Samsung Galaxy S23 Ultra 5G,A:502032,W502032,ПП2,3280781590,18,https://s3.twcstorage.ru/35ffc2ef-1e09-463d-a2c4-c183d5deb59a/prints/pp2/W502032.webp
Объемные матовые чехлы черные,Samsung Galaxy S23 Ultra 5G,A:502035,W502035,ПП2,4998243677,1000000,https://s3.twcstorage.ru/35ffc2ef-1e09-463d-a2c4-c183d5deb59a/prints/pp2/W502035.webp
Силиконовые чехлы,Samsung Galaxy S23 Ultra 5G,A:502037,W502037,ПП2,3280778699,8,https://s3.twcstorage.ru/35ffc2ef-1e09-463d-a2c4-c183d5deb59a/prints/pp2/W502037.webp
Белые софт-тач,Samsung Galaxy S23 Ultra 5G,A:502044,W502044,ПП2,3281013585,1000000,https://s3.twcstorage.ru/35ffc2ef-1e09-463d-a2c4-c183d5deb59a/prints/pp2/W502044.webp
Белые софт-тач,Samsung Galaxy S23 Ultra 5G,A:502048,W502048,ПП2,3280963517,18,https://s3.twcstorage.ru/35ffc2ef-1e09-463d-a2c4-c183d5deb59a/prints/pp2/Y502048.webp
Белые софт-тач,Samsung Galaxy S23 Ultra 5G,A:502049,W502049,ПП2,3280963899,41,https://s3.twcstorage.ru/35ffc2ef-1e09-463d-a2c4-c183d5deb59a/prints/pp2/Y502049.webp
Белые софт-тач,Samsung Galaxy S23 Ultra 5G,A:502052,W502052,ПП2,3281010650,2,https://s3.twcstorage.ru/35ffc2ef-1e09-463d-a2c4-c183d5deb59a/prints/pp2/W502052.webp
Белые софт-тач,Samsung Galaxy S23 Ultra 5G,A:502053,W502053,ПП2,3281012982,1,https://s3.twcstorage.ru/35ffc2ef-1e09-463d-a2c4-c183d5deb59a/prints/pp2/W502053.webp
Белые софт-тач,Samsung Galaxy S23 Ultra 5G,A:502057,W502057,ПП2,3280962418,35,https://s3.twcstorage.ru/35ffc2ef-1e09-463d-a2c4-c183d5deb59a/prints/pp2/W502057.webp
Белые софт-тач,Samsung Galaxy S23 Ultra 5G,A:502066,W502066,ПП2,3281045233,60,https://s3.twcstorage.ru/35ffc2ef-1e09-463d-a2c4-c183d5deb59a/prints/pp2/W502066.webp
Силиконовые чехлы,Samsung Galaxy S23 Ultra 5G,A:502067,W502067,ПП2,3280777111,28,https://s3.twcstorage.ru/35ffc2ef-1e09-463d-a2c4-c183d5deb59a/prints/pp2/W5020671.webp
Объемные матовые чехлы черные,Samsung Galaxy S23 Ultra 5G,A:506330,W5063301,ПП2,4998237733,1000000,https://s3.twcstorage.ru/35ffc2ef-1e09-463d-a2c4-c183d5deb59a/prints/pp2/W5063301.webp
Белые софт-тач,Samsung Galaxy S23 Ultra 5G,A:506331,W506331,ПП2,4898674638,4,https://s3.twcstorage.ru/35ffc2ef-1e09-463d-a2c4-c183d5deb59a/prints/pp2/W5063311.webp
Силиконовые чехлы,Samsung Galaxy S23 Ultra 5G,A:506332,W506332,ПП2,4895911944,11,https://s3.twcstorage.ru/35ffc2ef-1e09-463d-a2c4-c183d5deb59a/prints/pp2/W5063321.webp
Объемные матовые чехлы черные,Samsung Galaxy S23 Ultra 5G,A:506334,W5063341,ПП2,4998246867,13,https://s3.twcstorage.ru/35ffc2ef-1e09-463d-a2c4-c183d5deb59a/prints/pp2/W5063341.webp
Объемные матовые чехлы коричневые,Samsung Galaxy S23 Ultra 5G,A:506336,W5063361,ПП2,4998358111,6,https://s3.twcstorage.ru/35ffc2ef-1e09-463d-a2c4-c183d5deb59a/prints/pp2/W5063361.webp
Объемные матовые чехлы черные,Samsung Galaxy S23 Ultra 5G,A:506339,W5063391,ПП2,4998241135,23,https://s3.twcstorage.ru/35ffc2ef-1e09-463d-a2c4-c183d5deb59a/prints/pp2/W5063391.webp
Силиконовые чехлы,Samsung Galaxy S23 Ultra 5G,A:506372,W506372,ПП2,4895910315,45,https://s3.twcstorage.ru/35ffc2ef-1e09-463d-a2c4-c183d5deb59a/prints/pp2/W506372.webp
Силиконовые чехлы,Samsung Galaxy S23 Ultra 5G,A:506374,W506374,ПП2,4895910473,34,https://s3.twcstorage.ru/35ffc2ef-1e09-463d-a2c4-c183d5deb59a/prints/pp2/W506374.webp
Силиконовые чехлы,Samsung Galaxy S23 Ultra 5G,A:506380,W506380,ПП2,4895910482,83,https://s3.twcstorage.ru/35ffc2ef-1e09-463d-a2c4-c183d5deb59a/prints/pp2/W506380.webp
Белые софт-тач,Samsung Galaxy S23 Ultra 5G,A:506381,W506381,ПП2,4898672613,38,https://s3.twcstorage.ru/35ffc2ef-1e09-463d-a2c4-c183d5deb59a/prints/pp2/W506381.webp
Силиконовые чехлы,Samsung Galaxy S23 Ultra 5G,A:506383,Q506383,ПП2,4895912340,59,https://s3.twcstorage.ru/35ffc2ef-1e09-463d-a2c4-c183d5deb59a/prints/pp2/Q5063831.webp
Силиконовые чехлы,Samsung Galaxy S23 Ultra 5G,A:506384,Q506384,ПП2,4895910275,84,https://s3.twcstorage.ru/35ffc2ef-1e09-463d-a2c4-c183d5deb59a/prints/pp2/Q5063841.webp
Силиконовые чехлы,Samsung Galaxy S24,A:501946,C501946,ПП2,3295429879,48,https://s3.twcstorage.ru/35ffc2ef-1e09-463d-a2c4-c183d5deb59a/prints/pp2/W501946.webp
Силиконовые чехлы,Samsung Galaxy S24,A:501947,W501947,ПП2,3295431128,16,https://s3.twcstorage.ru/35ffc2ef-1e09-463d-a2c4-c183d5deb59a/prints/pp2/W501947.webp
Силиконовые чехлы,Samsung Galaxy S24,A:501951,W501951,ПП2,3295431767,7,https://s3.twcstorage.ru/35ffc2ef-1e09-463d-a2c4-c183d5deb59a/prints/pp2/W501951.webp
Силиконовые чехлы,Samsung Galaxy S24,A:501960,C501960,ПП2,3295430293,29,https://s3.twcstorage.ru/35ffc2ef-1e09-463d-a2c4-c183d5deb59a/prints/pp2/W501960.webp
Силиконовые чехлы,Samsung Galaxy S24,A:501963,Q501963,ПП2,3295429055,111,https://s3.twcstorage.ru/35ffc2ef-1e09-463d-a2c4-c183d5deb59a/prints/pp2/Q5019631.webp
Силиконовые чехлы,Samsung Galaxy S24,A:501978,Q501978,ПП2,3295430494,2,https://s3.twcstorage.ru/35ffc2ef-1e09-463d-a2c4-c183d5deb59a/prints/pp2/Q5019781.webp
Силиконовые чехлы,Samsung Galaxy S24,A:501979,Q501979,ПП2,3295430534,32,https://s3.twcstorage.ru/35ffc2ef-1e09-463d-a2c4-c183d5deb59a/prints/pp2/Q5019791.webp
Стеклянные чехлы,Samsung Galaxy S24,A:501980,Q5019801,ПП2,3836124113,1,https://s3.twcstorage.ru/35ffc2ef-1e09-463d-a2c4-c183d5deb59a/prints/pp2/Q5019801.webp
Силиконовые чехлы,Samsung Galaxy S24,A:501982,Q501982,ПП2,3295431879,138,https://s3.twcstorage.ru/35ffc2ef-1e09-463d-a2c4-c183d5deb59a/prints/pp2/Y501982.webp
Силиконовые чехлы,Samsung Galaxy S24,A:501988,Q501988,ПП2,3295432008,115,https://s3.twcstorage.ru/35ffc2ef-1e09-463d-a2c4-c183d5deb59a/prints/pp2/Y501988.webp
Силиконовые чехлы,Samsung Galaxy S24,A:501989,Q501989,ПП2,3295430712,61,https://s3.twcstorage.ru/35ffc2ef-1e09-463d-a2c4-c183d5deb59a/prints/pp2/Y501989.webp
Силиконовые чехлы,Samsung Galaxy S24,A:501990,Q501990,ПП2,3295430795,42,https://s3.twcstorage.ru/35ffc2ef-1e09-463d-a2c4-c183d5deb59a/prints/pp2/Y501990.webp
Стеклянные чехлы,Samsung Galaxy S24,A:501993,Q5019931,ПП2,3836124092,3,https://s3.twcstorage.ru/35ffc2ef-1e09-463d-a2c4-c183d5deb59a/prints/pp2/Q5019931.webp
Матовые цветные чехлы для печати,Samsung Galaxy S24,A:501997,W501997,ПП2,3280281423,43,https://s3.twcstorage.ru/35ffc2ef-1e09-463d-a2c4-c183d5deb59a/prints/pp2/Y501997.webp
Силиконовые чехлы,Samsung Galaxy S24,A:502003,W502003,ПП2,3295431756,41,https://s3.twcstorage.ru/35ffc2ef-1e09-463d-a2c4-c183d5deb59a/prints/pp2/W502003.webp
Матовые цветные чехлы для печати,Samsung Galaxy S24,A:502007,W502007,ПП2,3280336787,15,https://s3.twcstorage.ru/35ffc2ef-1e09-463d-a2c4-c183d5deb59a/prints/pp2/W502007.webp
Матовые цветные чехлы для печати,Samsung Galaxy S24,A:502008,W502008,ПП2,3280281337,18,https://s3.twcstorage.ru/35ffc2ef-1e09-463d-a2c4-c183d5deb59a/prints/pp2/W502008.webp
Силиконовые чехлы,Samsung Galaxy S24,A:502009,W502009,ПП2,3295430500,5,https://s3.twcstorage.ru/35ffc2ef-1e09-463d-a2c4-c183d5deb59a/prints/pp2/W502009.webp
Силиконовые чехлы,Samsung Galaxy S24,A:502010,W502010,ПП2,3295430569,3,https://s3.twcstorage.ru/35ffc2ef-1e09-463d-a2c4-c183d5deb59a/prints/pp2/W502010.webp
Силиконовые чехлы,Samsung Galaxy S24,A:502012,W502012,ПП2,3295430134,12,https://s3.twcstorage.ru/35ffc2ef-1e09-463d-a2c4-c183d5deb59a/prints/pp2/W502012.webp
Силиконовые чехлы,Samsung Galaxy S24,A:502014,W502014,ПП2,3295427717,1,https://s3.twcstorage.ru/35ffc2ef-1e09-463d-a2c4-c183d5deb59a/prints/pp2/W502014.webp
Матовые цветные чехлы для печати,Samsung Galaxy S24,A:502023,W502023,ПП2,3280336078,19,https://s3.twcstorage.ru/35ffc2ef-1e09-463d-a2c4-c183d5deb59a/prints/pp2/W502023.webp
Матовые цветные чехлы для печати,Samsung Galaxy S24,A:502025,W502025,ПП2,3280336315,12,https://s3.twcstorage.ru/35ffc2ef-1e09-463d-a2c4-c183d5deb59a/prints/pp2/W502025.webp
Силиконовые чехлы,Samsung Galaxy S24,A:502026,W502026,ПП2,3295431625,52,https://s3.twcstorage.ru/35ffc2ef-1e09-463d-a2c4-c183d5deb59a/prints/pp2/W502026.webp
Матовые цветные чехлы для печати,Samsung Galaxy S24,A:502027,W502027,ПП2,3280336766,11,https://s3.twcstorage.ru/35ffc2ef-1e09-463d-a2c4-c183d5deb59a/prints/pp2/W502027.webp
Матовые цветные чехлы для печати,Samsung Galaxy S24,A:502029,W502029,ПП2,3280337022,9,https://s3.twcstorage.ru/35ffc2ef-1e09-463d-a2c4-c183d5deb59a/prints/pp2/W502029.webp
Силиконовые чехлы,Samsung Galaxy S24,A:502030,W502030,ПП2,3295431413,26,https://s3.twcstorage.ru/35ffc2ef-1e09-463d-a2c4-c183d5deb59a/prints/pp2/W502030.webp
Силиконовые чехлы,Samsung Galaxy S24,A:502032,W502032,ПП2,3295430899,18,https://s3.twcstorage.ru/35ffc2ef-1e09-463d-a2c4-c183d5deb59a/prints/pp2/W502032.webp
Матовые цветные чехлы для печати,Samsung Galaxy S24,A:502033,W502033,ПП2,3280336071,10,https://s3.twcstorage.ru/35ffc2ef-1e09-463d-a2c4-c183d5deb59a/prints/pp2/W502033.webp
Матовые цветные чехлы для печати,Samsung Galaxy S24,A:502035,W502035,ПП2,3280281049,31,https://s3.twcstorage.ru/35ffc2ef-1e09-463d-a2c4-c183d5deb59a/prints/pp2/W502035.webp
Силиконовые чехлы,Samsung Galaxy S24,A:502037,W502037,ПП2,3295429854,8,https://s3.twcstorage.ru/35ffc2ef-1e09-463d-a2c4-c183d5deb59a/prints/pp2/W502037.webp
Силиконовые чехлы,Samsung Galaxy S24,A:502044,W502044,ПП2,3295431127,146,https://s3.twcstorage.ru/35ffc2ef-1e09-463d-a2c4-c183d5deb59a/prints/pp2/W502044.webp
Силиконовые чехлы,Samsung Galaxy S24,A:502047,W502047,ПП2,3295428021,36,https://s3.twcstorage.ru/35ffc2ef-1e09-463d-a2c4-c183d5deb59a/prints/pp2/W502047.webp
Силиконовые чехлы,Samsung Galaxy S24,A:502048,W502048,ПП2,3295428396,33,https://s3.twcstorage.ru/35ffc2ef-1e09-463d-a2c4-c183d5deb59a/prints/pp2/Y502048.webp
Силиконовые чехлы,Samsung Galaxy S24,A:502054,W502054,ПП2,3295427812,39,https://s3.twcstorage.ru/35ffc2ef-1e09-463d-a2c4-c183d5deb59a/prints/pp2/W502054.webp
Матовые цветные чехлы для печати,Samsung Galaxy S24,A:502057,W502057,ПП2,3280280103,54,https://s3.twcstorage.ru/35ffc2ef-1e09-463d-a2c4-c183d5deb59a/prints/pp2/W502057.webp
Силиконовые чехлы,Samsung Galaxy S24,A:502065,W502065,ПП2,3295430729,22,https://s3.twcstorage.ru/35ffc2ef-1e09-463d-a2c4-c183d5deb59a/prints/pp2/W502065.webp
Матовые цветные чехлы для печати,Samsung Galaxy S24,A:502066,W502066,ПП2,3280280550,65,https://s3.twcstorage.ru/35ffc2ef-1e09-463d-a2c4-c183d5deb59a/prints/pp2/W502066.webp
Силиконовые чехлы,Samsung Galaxy S24,A:502067,W502067,ПП2,3295428111,28,https://s3.twcstorage.ru/35ffc2ef-1e09-463d-a2c4-c183d5deb59a/prints/pp2/W5020671.webp
Силиконовые чехлы,Samsung Galaxy S24,A:506332,W506332,ПП2,4894982029,11,https://s3.twcstorage.ru/35ffc2ef-1e09-463d-a2c4-c183d5deb59a/prints/pp2/W5063321.webp
Силиконовые чехлы,Samsung Galaxy S24,A:506333,W506333,ПП2,4894979544,56,https://s3.twcstorage.ru/35ffc2ef-1e09-463d-a2c4-c183d5deb59a/prints/pp2/W5063331.webp
Матовые цветные чехлы для печати,Samsung Galaxy S24,A:506334,W5063341,ПП2,4896402087,24,https://s3.twcstorage.ru/35ffc2ef-1e09-463d-a2c4-c183d5deb59a/prints/pp2/W5063341.webp
Матовые цветные чехлы для печати,Samsung Galaxy S24,A:506339,W5063391,ПП2,4896402438,29,https://s3.twcstorage.ru/35ffc2ef-1e09-463d-a2c4-c183d5deb59a/prints/pp2/W5063391.webp
Матовые цветные чехлы для печати,Samsung Galaxy S24,A:506340,W5063401,ПП2,4896387482,13,https://s3.twcstorage.ru/35ffc2ef-1e09-463d-a2c4-c183d5deb59a/prints/pp2/W5063401.webp
Силиконовые чехлы,Samsung Galaxy S24,A:506348,W506348,ПП2,4894979411,99,https://s3.twcstorage.ru/35ffc2ef-1e09-463d-a2c4-c183d5deb59a/prints/pp2/W506348.webp
Силиконовые чехлы,Samsung Galaxy S24,A:506360,W506360,ПП2,4894982662,154,https://s3.twcstorage.ru/35ffc2ef-1e09-463d-a2c4-c183d5deb59a/prints/pp2/W5063601.webp
Силиконовые чехлы,Samsung Galaxy S24,A:506361,W506361,ПП2,4894979513,50,https://s3.twcstorage.ru/35ffc2ef-1e09-463d-a2c4-c183d5deb59a/prints/pp2/W506361.webp
Матовые цветные чехлы для печати,Samsung Galaxy S24,A:506372,W506372,ПП2,4896402243,25,https://s3.twcstorage.ru/35ffc2ef-1e09-463d-a2c4-c183d5deb59a/prints/pp2/W506372.webp
Матовые цветные чехлы для печати,Samsung Galaxy S24,A:506375,W506375,ПП2,4896402999,92,https://s3.twcstorage.ru/35ffc2ef-1e09-463d-a2c4-c183d5deb59a/prints/pp2/W506375.webp
Матовые цветные чехлы для печати,Samsung Galaxy S24,A:506380,W506380,ПП2,4896402251,74,https://s3.twcstorage.ru/35ffc2ef-1e09-463d-a2c4-c183d5deb59a/prints/pp2/W506380.webp
Белые софт-тач,Samsung Galaxy S24 FE 5G,A:501940,W501940,ПП2,3280792111,53,https://s3.twcstorage.ru/35ffc2ef-1e09-463d-a2c4-c183d5deb59a/prints/pp2/W501940.webp
Силиконовые чехлы,Samsung Galaxy S24 FE 5G,A:501949,C501949,ПП2,3295652053,60,https://s3.twcstorage.ru/35ffc2ef-1e09-463d-a2c4-c183d5deb59a/prints/pp2/W501949.webp
Силиконовые чехлы,Samsung Galaxy S24 FE 5G,A:501951,C501951,ПП2,3295652004,7,https://s3.twcstorage.ru/35ffc2ef-1e09-463d-a2c4-c183d5deb59a/prints/pp2/W501951.webp
Силиконовые чехлы,Samsung Galaxy S24 FE 5G,A:501955,W501955,ПП2,3295651755,35,https://s3.twcstorage.ru/35ffc2ef-1e09-463d-a2c4-c183d5deb59a/prints/pp2/W501955.webp
Белые софт-тач,Samsung Galaxy S24 FE 5G,A:501960,W501960,ПП2,3280791975,32,https://s3.twcstorage.ru/35ffc2ef-1e09-463d-a2c4-c183d5deb59a/prints/pp2/W501960.webp
Белые софт-тач,Samsung Galaxy S24 FE 5G,A:501961,W501961,ПП2,3280791154,26,https://s3.twcstorage.ru/35ffc2ef-1e09-463d-a2c4-c183d5deb59a/prints/pp2/W501961.webp
Силиконовые чехлы,Samsung Galaxy S24 FE 5G,A:501978,Q501978,ПП2,3295651316,2,https://s3.twcstorage.ru/35ffc2ef-1e09-463d-a2c4-c183d5deb59a/prints/pp2/Q5019781.webp
Стеклянные чехлы,Samsung Galaxy S24 FE 5G,A:501980,Q5019801,ПП2,3836126989,1,https://s3.twcstorage.ru/35ffc2ef-1e09-463d-a2c4-c183d5deb59a/prints/pp2/Q5019801.webp
Силиконовые чехлы,Samsung Galaxy S24 FE 5G,A:501997,W501997,ПП2,3295651627,67,https://s3.twcstorage.ru/35ffc2ef-1e09-463d-a2c4-c183d5deb59a/prints/pp2/Y501997.webp
Объемные матовые чехлы черные,Samsung Galaxy S24 FE 5G,A:502003,W502003,ПП2,4998310574,14,https://s3.twcstorage.ru/35ffc2ef-1e09-463d-a2c4-c183d5deb59a/prints/pp2/W502003.webp
Силиконовые чехлы,Samsung Galaxy S24 FE 5G,A:502006,W502006,ПП2,3295652062,40,https://s3.twcstorage.ru/35ffc2ef-1e09-463d-a2c4-c183d5deb59a/prints/pp2/W502006.webp
Силиконовые чехлы,Samsung Galaxy S24 FE 5G,A:502010,W502010,ПП2,3295651912,3,https://s3.twcstorage.ru/35ffc2ef-1e09-463d-a2c4-c183d5deb59a/prints/pp2/W502010.webp
Силиконовые чехлы,Samsung Galaxy S24 FE 5G,A:502012,W502012,ПП2,3295652122,12,https://s3.twcstorage.ru/35ffc2ef-1e09-463d-a2c4-c183d5deb59a/prints/pp2/W502012.webp
Матовые цветные чехлы для печати,Samsung Galaxy S24 FE 5G,A:502014,W502014,ПП2,3280347084,3,https://s3.twcstorage.ru/35ffc2ef-1e09-463d-a2c4-c183d5deb59a/prints/pp2/W502014.webp
Силиконовые чехлы,Samsung Galaxy S24 FE 5G,A:502020,W502020,ПП2,3295651333,88,https://s3.twcstorage.ru/35ffc2ef-1e09-463d-a2c4-c183d5deb59a/prints/pp2/W502020.webp
Матовые цветные чехлы для печати,Samsung Galaxy S24 FE 5G,A:502025,W502025,ПП2,3277225242,12,https://s3.twcstorage.ru/35ffc2ef-1e09-463d-a2c4-c183d5deb59a/prints/pp2/W502025.webp
Матовые цветные чехлы для печати,Samsung Galaxy S24 FE 5G,A:502030,W502030,ПП2,3280383375,35,https://s3.twcstorage.ru/35ffc2ef-1e09-463d-a2c4-c183d5deb59a/prints/pp2/W502030.webp
Матовые цветные чехлы для печати,Samsung Galaxy S24 FE 5G,A:502032,W502032,ПП2,3280383013,4,https://s3.twcstorage.ru/35ffc2ef-1e09-463d-a2c4-c183d5deb59a/prints/pp2/W502032.webp
Матовые цветные чехлы для печати,Samsung Galaxy S24 FE 5G,A:502033,W502033,ПП2,3277225141,10,https://s3.twcstorage.ru/35ffc2ef-1e09-463d-a2c4-c183d5deb59a/prints/pp2/W502033.webp
Силиконовые чехлы,Samsung Galaxy S24 FE 5G,A:502035,W502035,ПП2,3295651750,30,https://s3.twcstorage.ru/35ffc2ef-1e09-463d-a2c4-c183d5deb59a/prints/pp2/W502035.webp
Белые софт-тач,Samsung Galaxy S24 FE 5G,A:502047,W502047,ПП2,3280791826,22,https://s3.twcstorage.ru/35ffc2ef-1e09-463d-a2c4-c183d5deb59a/prints/pp2/W502047.webp
Силиконовые чехлы,Samsung Galaxy S24 FE 5G,A:502048,W502048,ПП2,3295652135,33,https://s3.twcstorage.ru/35ffc2ef-1e09-463d-a2c4-c183d5deb59a/prints/pp2/Y502048.webp
Объемные матовые чехлы бордовые,Samsung Galaxy S24 FE 5G,A:502050,W502050,ПП2,4998356263,1000000,https://s3.twcstorage.ru/35ffc2ef-1e09-463d-a2c4-c183d5deb59a/prints/pp2/Y502050.webp
Белые софт-тач,Samsung Galaxy S24 FE 5G,A:502052,W502052,ПП2,3280791423,2,https://s3.twcstorage.ru/35ffc2ef-1e09-463d-a2c4-c183d5deb59a/prints/pp2/W502052.webp
Белые софт-тач,Samsung Galaxy S24 FE 5G,A:502053,W502053,ПП2,3280792241,1,https://s3.twcstorage.ru/35ffc2ef-1e09-463d-a2c4-c183d5deb59a/prints/pp2/W502053.webp
Объемные матовые чехлы черные,Samsung Galaxy S24 FE 5G,A:502065,W502065,ПП2,4998308489,12,https://s3.twcstorage.ru/35ffc2ef-1e09-463d-a2c4-c183d5deb59a/prints/pp2/W502065.webp
Белые софт-тач,Samsung Galaxy S24 FE 5G,A:502066,W502066,ПП2,3280791555,60,https://s3.twcstorage.ru/35ffc2ef-1e09-463d-a2c4-c183d5deb59a/prints/pp2/W502066.webp
Силиконовые чехлы,Samsung Galaxy S24 FE 5G,A:502069,W502069,ПП2,3295651868,9,https://s3.twcstorage.ru/35ffc2ef-1e09-463d-a2c4-c183d5deb59a/prints/pp2/W502069.webp
Белые софт-тач,Samsung Galaxy S24 FE 5G,A:506330,W506330,ПП2,4898126169,10,https://s3.twcstorage.ru/35ffc2ef-1e09-463d-a2c4-c183d5deb59a/prints/pp2/W5063301.webp
Белые софт-тач,Samsung Galaxy S24 FE 5G,A:506331,W506331,ПП2,4898126743,4,https://s3.twcstorage.ru/35ffc2ef-1e09-463d-a2c4-c183d5deb59a/prints/pp2/W5063311.webp
Матовые цветные чехлы для печати,Samsung Galaxy S24 FE 5G,A:506332,W5063321,ПП2,4896416645,14,https://s3.twcstorage.ru/35ffc2ef-1e09-463d-a2c4-c183d5deb59a/prints/pp2/W5063321.webp
Матовые цветные чехлы для печати,Samsung Galaxy S24 FE 5G,A:506333,W5063331,ПП2,4896403585,66,https://s3.twcstorage.ru/35ffc2ef-1e09-463d-a2c4-c183d5deb59a/prints/pp2/W5063331.webp
Матовые цветные чехлы для печати,Samsung Galaxy S24 FE 5G,A:506334,W5063341,ПП2,4896416549,24,https://s3.twcstorage.ru/35ffc2ef-1e09-463d-a2c4-c183d5deb59a/prints/pp2/W5063341.webp
Силиконовые чехлы,Samsung Galaxy S24 FE 5G,A:506336,W506336,ПП2,4895037490,44,https://s3.twcstorage.ru/35ffc2ef-1e09-463d-a2c4-c183d5deb59a/prints/pp2/W5063361.webp
Объемные матовые чехлы черные,Samsung Galaxy S24 FE 5G,A:506340,W5063401,ПП2,4998311216,2,https://s3.twcstorage.ru/35ffc2ef-1e09-463d-a2c4-c183d5deb59a/prints/pp2/W5063401.webp
Матовые цветные чехлы для печати,Samsung Galaxy S24 FE 5G,A:506343,W5063431,ПП2,4896416098,87,https://s3.twcstorage.ru/35ffc2ef-1e09-463d-a2c4-c183d5deb59a/prints/pp2/W5063431.webp
Матовые цветные чехлы для печати,Samsung Galaxy S24 FE 5G,A:506366,W506366,ПП2,4896415629,1000000,https://s3.twcstorage.ru/35ffc2ef-1e09-463d-a2c4-c183d5deb59a/prints/pp2/W506366.webp
Силиконовые чехлы,Samsung Galaxy S24 FE 5G,A:506370,W506370,ПП2,4895036020,124,https://s3.twcstorage.ru/35ffc2ef-1e09-463d-a2c4-c183d5deb59a/prints/pp2/W506370.webp
Матовые цветные чехлы для печати,Samsung Galaxy S24 FE 5G,A:506378,W506378,ПП2,4896403536,93,https://s3.twcstorage.ru/35ffc2ef-1e09-463d-a2c4-c183d5deb59a/prints/pp2/W506378.webp
Белые софт-тач,Samsung Galaxy S24 FE 5G,A:506379,W506379,ПП2,4898126745,19,https://s3.twcstorage.ru/35ffc2ef-1e09-463d-a2c4-c183d5deb59a/prints/pp2/W506379.webp
Силиконовые чехлы,Samsung Galaxy S24 Plus,A:501937,C501937,ПП2,3280881138,90,https://s3.twcstorage.ru/35ffc2ef-1e09-463d-a2c4-c183d5deb59a/prints/pp2/W501937.webp
Силиконовые чехлы,Samsung Galaxy S24 Plus,A:501938,C501938,ПП2,3280885260,130,https://s3.twcstorage.ru/35ffc2ef-1e09-463d-a2c4-c183d5deb59a/prints/pp2/W501938.webp
Силиконовые чехлы,Samsung Galaxy S24 Plus,A:501946,W501946,ПП2,3280879116,48,https://s3.twcstorage.ru/35ffc2ef-1e09-463d-a2c4-c183d5deb59a/prints/pp2/W501946.webp
Матовые цветные чехлы для печати,Samsung Galaxy S24 Plus,A:501947,W501947,ПП2,3837334780,5,https://s3.twcstorage.ru/35ffc2ef-1e09-463d-a2c4-c183d5deb59a/prints/pp2/W501947.webp
Силиконовые чехлы,Samsung Galaxy S24 Plus,A:501961,C501961,ПП2,3280882818,20,https://s3.twcstorage.ru/35ffc2ef-1e09-463d-a2c4-c183d5deb59a/prints/pp2/W501961.webp
Силиконовые чехлы,Samsung Galaxy S24 Plus,A:501978,Q501978,ПП2,3280882014,2,https://s3.twcstorage.ru/35ffc2ef-1e09-463d-a2c4-c183d5deb59a/prints/pp2/Q5019781.webp
Силиконовые чехлы,Samsung Galaxy S24 Plus,A:501979,Q501979,ПП2,3280883293,32,https://s3.twcstorage.ru/35ffc2ef-1e09-463d-a2c4-c183d5deb59a/prints/pp2/Q5019791.webp
Стеклянные чехлы,Samsung Galaxy S24 Plus,A:501980,Q5019801,ПП2,3836132311,1,https://s3.twcstorage.ru/35ffc2ef-1e09-463d-a2c4-c183d5deb59a/prints/pp2/Q5019801.webp
Матовые цветные чехлы для печати,Samsung Galaxy S24 Plus,A:502003,W502003,ПП2,3837332844,20,https://s3.twcstorage.ru/35ffc2ef-1e09-463d-a2c4-c183d5deb59a/prints/pp2/W502003.webp
Матовые цветные чехлы для печати,Samsung Galaxy S24 Plus,A:502007,W502007,ПП2,3837334942,15,https://s3.twcstorage.ru/35ffc2ef-1e09-463d-a2c4-c183d5deb59a/prints/pp2/W502007.webp
Силиконовые чехлы,Samsung Galaxy S24 Plus,A:502009,W502009,ПП2,3280885419,5,https://s3.twcstorage.ru/35ffc2ef-1e09-463d-a2c4-c183d5deb59a/prints/pp2/W502009.webp
Силиконовые чехлы,Samsung Galaxy S24 Plus,A:502010,W502010,ПП2,3280882449,3,https://s3.twcstorage.ru/35ffc2ef-1e09-463d-a2c4-c183d5deb59a/prints/pp2/W502010.webp
Матовые цветные чехлы для печати,Samsung Galaxy S24 Plus,A:502012,W502012,ПП2,3837335015,1,https://s3.twcstorage.ru/35ffc2ef-1e09-463d-a2c4-c183d5deb59a/prints/pp2/W502012.webp
Силиконовые чехлы,Samsung Galaxy S24 Plus,A:502014,W502014,ПП2,3280879598,1,https://s3.twcstorage.ru/35ffc2ef-1e09-463d-a2c4-c183d5deb59a/prints/pp2/W502014.webp
Матовые цветные чехлы для печати,Samsung Galaxy S24 Plus,A:502016,W502016,ПП2,3837334872,23,https://s3.twcstorage.ru/35ffc2ef-1e09-463d-a2c4-c183d5deb59a/prints/pp2/W502016.webp
Силиконовые чехлы,Samsung Galaxy S24 Plus,A:502018,W502018,ПП2,3280879034,38,https://s3.twcstorage.ru/35ffc2ef-1e09-463d-a2c4-c183d5deb59a/prints/pp2/W502018.webp
Силиконовые чехлы,Samsung Galaxy S24 Plus,A:502025,W502025,ПП2,3280885049,54,https://s3.twcstorage.ru/35ffc2ef-1e09-463d-a2c4-c183d5deb59a/prints/pp2/W502025.webp
Матовые цветные чехлы для печати,Samsung Galaxy S24 Plus,A:502027,W502027,ПП2,3837339485,11,https://s3.twcstorage.ru/35ffc2ef-1e09-463d-a2c4-c183d5deb59a/prints/pp2/W502027.webp
Силиконовые чехлы,Samsung Galaxy S24 Plus,A:502029,W502029,ПП2,3280884975,13,https://s3.twcstorage.ru/35ffc2ef-1e09-463d-a2c4-c183d5deb59a/prints/pp2/W502029.webp
Матовые цветные чехлы для печати,Samsung Galaxy S24 Plus,A:502032,W502032,ПП2,3837332921,4,https://s3.twcstorage.ru/35ffc2ef-1e09-463d-a2c4-c183d5deb59a/prints/pp2/W502032.webp
Матовые цветные чехлы для печати,Samsung Galaxy S24 Plus,A:502033,W502033,ПП2,3837329582,10,https://s3.twcstorage.ru/35ffc2ef-1e09-463d-a2c4-c183d5deb59a/prints/pp2/W502033.webp
Силиконовые чехлы,Samsung Galaxy S24 Plus,A:502037,W502037,ПП2,3280882093,8,https://s3.twcstorage.ru/35ffc2ef-1e09-463d-a2c4-c183d5deb59a/prints/pp2/W502037.webp
Силиконовые чехлы,Samsung Galaxy S24 Plus,A:502047,W502047,ПП2,3280879215,36,https://s3.twcstorage.ru/35ffc2ef-1e09-463d-a2c4-c183d5deb59a/prints/pp2/W502047.webp
Объемные матовые чехлы бордовые,Samsung Galaxy S24 Plus,A:502052,W502052,ПП2,4998398233,6,https://s3.twcstorage.ru/35ffc2ef-1e09-463d-a2c4-c183d5deb59a/prints/pp2/W502052.webp
Силиконовые чехлы,Samsung Galaxy S24 Plus,A:502057,W502057,ПП2,3280882097,78,https://s3.twcstorage.ru/35ffc2ef-1e09-463d-a2c4-c183d5deb59a/prints/pp2/W502057.webp
Матовые цветные чехлы для печати,Samsung Galaxy S24 Plus,A:502065,W502065,ПП2,3837333279,2,https://s3.twcstorage.ru/35ffc2ef-1e09-463d-a2c4-c183d5deb59a/prints/pp2/W502065.webp
Силиконовые чехлы,Samsung Galaxy S24 Plus,A:502067,W502067,ПП2,3280878786,28,https://s3.twcstorage.ru/35ffc2ef-1e09-463d-a2c4-c183d5deb59a/prints/pp2/W5020671.webp
Матовые цветные чехлы для печати,Samsung Galaxy S24 Plus,A:502069,W502069,ПП2,3837334876,37,https://s3.twcstorage.ru/35ffc2ef-1e09-463d-a2c4-c183d5deb59a/prints/pp2/W502069.webp
Силиконовые чехлы,Samsung Galaxy S24 Plus,A:506329,W506329,ПП2,4896335360,43,https://s3.twcstorage.ru/35ffc2ef-1e09-463d-a2c4-c183d5deb59a/prints/pp2/W5063291.webp
Силиконовые чехлы,Samsung Galaxy S24 Plus,A:506331,W506331,ПП2,4896335201,19,https://s3.twcstorage.ru/35ffc2ef-1e09-463d-a2c4-c183d5deb59a/prints/pp2/W5063311.webp
Объемные матовые чехлы черные,Samsung Galaxy S24 Plus,A:506332,W5063321,ПП2,4998244007,5,https://s3.twcstorage.ru/35ffc2ef-1e09-463d-a2c4-c183d5deb59a/prints/pp2/W5063321.webp
Объемные матовые чехлы черные,Samsung Galaxy S24 Plus,A:506334,W5063341,ПП2,4998241216,13,https://s3.twcstorage.ru/35ffc2ef-1e09-463d-a2c4-c183d5deb59a/prints/pp2/W5063341.webp
Силиконовые чехлы,Samsung Galaxy S24 Plus,A:506335,W506335,ПП2,4896337522,71,https://s3.twcstorage.ru/35ffc2ef-1e09-463d-a2c4-c183d5deb59a/prints/pp2/W5063351.webp
Матовые цветные чехлы для печати,Samsung Galaxy S24 Plus,A:506336,W5063361,ПП2,4897490939,16,https://s3.twcstorage.ru/35ffc2ef-1e09-463d-a2c4-c183d5deb59a/prints/pp2/W5063361.webp
Силиконовые чехлы,Samsung Galaxy S24 Plus,A:506337,W506337,ПП2,4896336544,57,https://s3.twcstorage.ru/35ffc2ef-1e09-463d-a2c4-c183d5deb59a/prints/pp2/W5063371.webp
Объемные матовые чехлы бордовые,Samsung Galaxy S24 Plus,A:506339,W5063391,ПП2,4998398715,9,https://s3.twcstorage.ru/35ffc2ef-1e09-463d-a2c4-c183d5deb59a/prints/pp2/W5063391.webp
Объемные матовые чехлы черные,Samsung Galaxy S24 Plus,A:506340,W5063401,ПП2,4998240103,2,https://s3.twcstorage.ru/35ffc2ef-1e09-463d-a2c4-c183d5deb59a/prints/pp2/W5063401.webp
Матовые цветные чехлы для печати,Samsung Galaxy S24 Plus,A:506345,W5063451,ПП2,4897328131,67,https://s3.twcstorage.ru/35ffc2ef-1e09-463d-a2c4-c183d5deb59a/prints/pp2/W5063451.webp
Силиконовые чехлы,Samsung Galaxy S24 Plus,A:506346,W506346,ПП2,4896335347,79,https://s3.twcstorage.ru/35ffc2ef-1e09-463d-a2c4-c183d5deb59a/prints/pp2/W506346.webp
Силиконовые чехлы,Samsung Galaxy S24 Plus,A:506361,W506361,ПП2,4896336755,50,https://s3.twcstorage.ru/35ffc2ef-1e09-463d-a2c4-c183d5deb59a/prints/pp2/W506361.webp
Объемные матовые чехлы коричневые,Samsung Galaxy S24 Plus,A:506363,W506363,ПП2,4998357423,1000000,https://s3.twcstorage.ru/35ffc2ef-1e09-463d-a2c4-c183d5deb59a/prints/pp2/W506363.webp
Матовые цветные чехлы для печати,Samsung Galaxy S24 Plus,A:506372,W506372,ПП2,4897486749,25,https://s3.twcstorage.ru/35ffc2ef-1e09-463d-a2c4-c183d5deb59a/prints/pp2/W506372.webp
Силиконовые чехлы,Samsung Galaxy S24 Plus,A:506377,W506377,ПП2,4896336711,102,https://s3.twcstorage.ru/35ffc2ef-1e09-463d-a2c4-c183d5deb59a/prints/pp2/W506377.webp
Матовые цветные чехлы для печати,Samsung Galaxy S24 Ultra,A:501947,W501947,ПП2,3277134986,5,https://s3.twcstorage.ru/35ffc2ef-1e09-463d-a2c4-c183d5deb59a/prints/pp2/W501947.webp
Силиконовые чехлы,Samsung Galaxy S24 Ultra,A:501951,W501951,ПП2,3295450599,7,https://s3.twcstorage.ru/35ffc2ef-1e09-463d-a2c4-c183d5deb59a/prints/pp2/W501951.webp
Силиконовые чехлы,Samsung Galaxy S24 Ultra,A:501955,W501955,ПП2,3295446601,35,https://s3.twcstorage.ru/35ffc2ef-1e09-463d-a2c4-c183d5deb59a/prints/pp2/W501955.webp
Силиконовые чехлы,Samsung Galaxy S24 Ultra,A:501957,W501957,ПП2,3295447051,17,https://s3.twcstorage.ru/35ffc2ef-1e09-463d-a2c4-c183d5deb59a/prints/pp2/W501957.webp
Силиконовые чехлы,Samsung Galaxy S24 Ultra,A:501960,W501960,ПП2,3295448702,29,https://s3.twcstorage.ru/35ffc2ef-1e09-463d-a2c4-c183d5deb59a/prints/pp2/W501960.webp
Силиконовые чехлы,Samsung Galaxy S24 Ultra,A:501961,W501961,ПП2,3295450673,20,https://s3.twcstorage.ru/35ffc2ef-1e09-463d-a2c4-c183d5deb59a/prints/pp2/W501961.webp
Силиконовые чехлы,Samsung Galaxy S24 Ultra,A:501978,Q501978,ПП2,3295447048,2,https://s3.twcstorage.ru/35ffc2ef-1e09-463d-a2c4-c183d5deb59a/prints/pp2/Q5019781.webp
Силиконовые чехлы,Samsung Galaxy S24 Ultra,A:501979,Q501979,ПП2,3295447097,32,https://s3.twcstorage.ru/35ffc2ef-1e09-463d-a2c4-c183d5deb59a/prints/pp2/Q5019791.webp
Стеклянные чехлы,Samsung Galaxy S24 Ultra,A:501980,Q5019801,ПП2,3836133006,1,https://s3.twcstorage.ru/35ffc2ef-1e09-463d-a2c4-c183d5deb59a/prints/pp2/Q5019801.webp
Силиконовые чехлы,Samsung Galaxy S24 Ultra,A:501990,Q501990,ПП2,3295448495,42,https://s3.twcstorage.ru/35ffc2ef-1e09-463d-a2c4-c183d5deb59a/prints/pp2/Y501990.webp
Стеклянные чехлы,Samsung Galaxy S24 Ultra,A:501993,Q5019931,ПП2,3836130862,3,https://s3.twcstorage.ru/35ffc2ef-1e09-463d-a2c4-c183d5deb59a/prints/pp2/Q5019931.webp
Силиконовые чехлы,Samsung Galaxy S24 Ultra,A:501996,W501996,ПП2,3295447945,66,https://s3.twcstorage.ru/35ffc2ef-1e09-463d-a2c4-c183d5deb59a/prints/pp2/Y501996.webp
Силиконовые чехлы,Samsung Galaxy S24 Ultra,A:501997,W501997,ПП2,3295448732,67,https://s3.twcstorage.ru/35ffc2ef-1e09-463d-a2c4-c183d5deb59a/prints/pp2/Y501997.webp
Силиконовые чехлы,Samsung Galaxy S24 Ultra,A:502003,W502003,ПП2,3295450466,41,https://s3.twcstorage.ru/35ffc2ef-1e09-463d-a2c4-c183d5deb59a/prints/pp2/W502003.webp
Объемные матовые чехлы бордовые,Samsung Galaxy S24 Ultra,A:502006,W502006,ПП2,4989268705,1000000,https://s3.twcstorage.ru/35ffc2ef-1e09-463d-a2c4-c183d5deb59a/prints/pp2/W502006.webp
Объемные матовые чехлы черные,Samsung Galaxy S24 Ultra,A:502007,W502007,ПП2,4989268340,10,https://s3.twcstorage.ru/35ffc2ef-1e09-463d-a2c4-c183d5deb59a/prints/pp2/W502007.webp
Объемные матовые чехлы бордовые,Samsung Galaxy S24 Ultra,A:502008,W502008,ПП2,4989269526,1000000,https://s3.twcstorage.ru/35ffc2ef-1e09-463d-a2c4-c183d5deb59a/prints/pp2/W502008.webp
Силиконовые чехлы,Samsung Galaxy S24 Ultra,A:502009,W502009,ПП2,3295450212,5,https://s3.twcstorage.ru/35ffc2ef-1e09-463d-a2c4-c183d5deb59a/prints/pp2/W502009.webp
Силиконовые чехлы,Samsung Galaxy S24 Ultra,A:502010,W502010,ПП2,3295446940,3,https://s3.twcstorage.ru/35ffc2ef-1e09-463d-a2c4-c183d5deb59a/prints/pp2/W502010.webp
Силиконовые чехлы,Samsung Galaxy S24 Ultra,A:502014,W502014,ПП2,3295447907,1,https://s3.twcstorage.ru/35ffc2ef-1e09-463d-a2c4-c183d5deb59a/prints/pp2/W502014.webp
Матовые цветные чехлы для печати,Samsung Galaxy S24 Ultra,A:502016,W502016,ПП2,3277134645,23,https://s3.twcstorage.ru/35ffc2ef-1e09-463d-a2c4-c183d5deb59a/prints/pp2/W502016.webp
Матовые цветные чехлы для печати,Samsung Galaxy S24 Ultra,A:502018,W502018,ПП2,3277134844,62,https://s3.twcstorage.ru/35ffc2ef-1e09-463d-a2c4-c183d5deb59a/prints/pp2/W502018.webp
Матовые цветные чехлы для печати,Samsung Galaxy S24 Ultra,A:502023,W502023,ПП2,3277134882,19,https://s3.twcstorage.ru/35ffc2ef-1e09-463d-a2c4-c183d5deb59a/prints/pp2/W502023.webp
Матовые цветные чехлы для печати,Samsung Galaxy S24 Ultra,A:502025,W502025,ПП2,3277134797,12,https://s3.twcstorage.ru/35ffc2ef-1e09-463d-a2c4-c183d5deb59a/prints/pp2/W502025.webp
Матовые цветные чехлы для печати,Samsung Galaxy S24 Ultra,A:502026,W502026,ПП2,3277135551,8,https://s3.twcstorage.ru/35ffc2ef-1e09-463d-a2c4-c183d5deb59a/prints/pp2/W502026.webp
Матовые цветные чехлы для печати,Samsung Galaxy S24 Ultra,A:502028,W502028,ПП2,3277134678,83,https://s3.twcstorage.ru/35ffc2ef-1e09-463d-a2c4-c183d5deb59a/prints/pp2/W502028.webp
Объемные матовые чехлы коричневые,Samsung Galaxy S24 Ultra,A:502029,W502029,ПП2,4998242986,2,https://s3.twcstorage.ru/35ffc2ef-1e09-463d-a2c4-c183d5deb59a/prints/pp2/W502029.webp
Силиконовые чехлы,Samsung Galaxy S24 Ultra,A:502030,W502030,ПП2,3295450884,26,https://s3.twcstorage.ru/35ffc2ef-1e09-463d-a2c4-c183d5deb59a/prints/pp2/W502030.webp
Силиконовые чехлы,Samsung Galaxy S24 Ultra,A:502031,W502031,ПП2,3295447010,27,https://s3.twcstorage.ru/35ffc2ef-1e09-463d-a2c4-c183d5deb59a/prints/pp2/W502031.webp
Матовые цветные чехлы для печати,Samsung Galaxy S24 Ultra,A:502032,W502032,ПП2,3277134922,4,https://s3.twcstorage.ru/35ffc2ef-1e09-463d-a2c4-c183d5deb59a/prints/pp2/W502032.webp
Силиконовые чехлы,Samsung Galaxy S24 Ultra,A:502036,W502036,ПП2,3295446705,10,https://s3.twcstorage.ru/35ffc2ef-1e09-463d-a2c4-c183d5deb59a/prints/pp2/W502036.webp
Силиконовые чехлы,Samsung Galaxy S24 Ultra,A:502037,W502037,ПП2,3295447913,8,https://s3.twcstorage.ru/35ffc2ef-1e09-463d-a2c4-c183d5deb59a/prints/pp2/W502037.webp
Матовые цветные чехлы для печати,Samsung Galaxy S24 Ultra,A:502047,W502047,ПП2,3277134870,53,https://s3.twcstorage.ru/35ffc2ef-1e09-463d-a2c4-c183d5deb59a/prints/pp2/W502047.webp
Объемные матовые чехлы молочные,Samsung Galaxy S24 Ultra,A:502052,W502052,ПП2,4998365647,4,https://s3.twcstorage.ru/35ffc2ef-1e09-463d-a2c4-c183d5deb59a/prints/pp2/W502052.webp
Объемные матовые чехлы бордовые,Samsung Galaxy S24 Ultra,A:502053,W502053,ПП2,4989268628,7,https://s3.twcstorage.ru/35ffc2ef-1e09-463d-a2c4-c183d5deb59a/prints/pp2/W502053.webp
Силиконовые чехлы,Samsung Galaxy S24 Ultra,A:502061,W502061,ПП2,3295447583,147,https://s3.twcstorage.ru/35ffc2ef-1e09-463d-a2c4-c183d5deb59a/prints/pp2/Y502061.webp
Матовые цветные чехлы для печати,Samsung Galaxy S24 Ultra,A:502065,W502065,ПП2,3277134627,2,https://s3.twcstorage.ru/35ffc2ef-1e09-463d-a2c4-c183d5deb59a/prints/pp2/W502065.webp
Матовые цветные чехлы для печати,Samsung Galaxy S24 Ultra,A:502066,W502066,ПП2,3277134786,65,https://s3.twcstorage.ru/35ffc2ef-1e09-463d-a2c4-c183d5deb59a/prints/pp2/W502066.webp
Силиконовые чехлы,Samsung Galaxy S24 Ultra,A:502067,W502067,ПП2,3295447168,28,https://s3.twcstorage.ru/35ffc2ef-1e09-463d-a2c4-c183d5deb59a/prints/pp2/W5020671.webp
Силиконовые чехлы,Samsung Galaxy S24 Ultra,A:502069,W502069,ПП2,3295446977,9,https://s3.twcstorage.ru/35ffc2ef-1e09-463d-a2c4-c183d5deb59a/prints/pp2/W502069.webp
Силиконовые чехлы,Samsung Galaxy S24 Ultra,A:506330,W506330,ПП2,4895456163,55,https://s3.twcstorage.ru/35ffc2ef-1e09-463d-a2c4-c183d5deb59a/prints/pp2/W5063301.webp
Объемные матовые чехлы черные,Samsung Galaxy S24 Ultra,A:506331,W5063311,ПП2,4989271347,22,https://s3.twcstorage.ru/35ffc2ef-1e09-463d-a2c4-c183d5deb59a/prints/pp2/W5063311.webp
Силиконовые чехлы,Samsung Galaxy S24 Ultra,A:506332,W506332,ПП2,4895453455,11,https://s3.twcstorage.ru/35ffc2ef-1e09-463d-a2c4-c183d5deb59a/prints/pp2/W5063321.webp
Объемные матовые чехлы коричневые,Samsung Galaxy S24 Ultra,A:506334,W5063341,ПП2,4998247296,14,https://s3.twcstorage.ru/35ffc2ef-1e09-463d-a2c4-c183d5deb59a/prints/pp2/W5063341.webp
Объемные матовые чехлы коричневые,Samsung Galaxy S24 Ultra,A:506336,W5063361,ПП2,4998239727,6,https://s3.twcstorage.ru/35ffc2ef-1e09-463d-a2c4-c183d5deb59a/prints/pp2/W5063361.webp
Объемные матовые чехлы черные,Samsung Galaxy S24 Ultra,A:506339,W5063391,ПП2,4989231833,23,https://s3.twcstorage.ru/35ffc2ef-1e09-463d-a2c4-c183d5deb59a/prints/pp2/W5063391.webp
Объемные матовые чехлы бордовые,Samsung Galaxy S24 Ultra,A:506340,W5063401,ПП2,4989269027,10,https://s3.twcstorage.ru/35ffc2ef-1e09-463d-a2c4-c183d5deb59a/prints/pp2/W5063401.webp
Матовые цветные чехлы для печати,Samsung Galaxy S24 Ultra,A:506342,W5063421,ПП2,4896574587,1000000,https://s3.twcstorage.ru/35ffc2ef-1e09-463d-a2c4-c183d5deb59a/prints/pp2/W5063421.webp
Матовые цветные чехлы для печати,Samsung Galaxy S24 Ultra,A:506343,W5063431,ПП2,4896574670,87,https://s3.twcstorage.ru/35ffc2ef-1e09-463d-a2c4-c183d5deb59a/prints/pp2/W5063431.webp
Матовые цветные чехлы для печати,Samsung Galaxy S24 Ultra,A:506344,W5063441,ПП2,4896574988,88,https://s3.twcstorage.ru/35ffc2ef-1e09-463d-a2c4-c183d5deb59a/prints/pp2/W5063441.webp
Силиконовые чехлы,Samsung Galaxy S24 Ultra,A:506350,W506350,ПП2,4895453378,72,https://s3.twcstorage.ru/35ffc2ef-1e09-463d-a2c4-c183d5deb59a/prints/pp2/W5063501.webp
Матовые цветные чехлы для печати,Samsung Galaxy S24 Ultra,A:506365,W506365,ПП2,4896574558,1000000,https://s3.twcstorage.ru/35ffc2ef-1e09-463d-a2c4-c183d5deb59a/prints/pp2/W506365.webp
Матовые цветные чехлы для печати,Samsung Galaxy S24 Ultra,A:506366,W506366,ПП2,4896598801,1000000,https://s3.twcstorage.ru/35ffc2ef-1e09-463d-a2c4-c183d5deb59a/prints/pp2/W506366.webp
Матовые цветные чехлы для печати,Samsung Galaxy S24 Ultra,A:506368,W506368,ПП2,4896574752,1000000,https://s3.twcstorage.ru/35ffc2ef-1e09-463d-a2c4-c183d5deb59a/prints/pp2/W506368.webp
Матовые цветные чехлы для печати,Samsung Galaxy S24 Ultra,A:506371,W506371,ПП2,4896597899,72,https://s3.twcstorage.ru/35ffc2ef-1e09-463d-a2c4-c183d5deb59a/prints/pp2/W506371.webp
Силиконовые чехлы,Samsung Galaxy S24 Ultra,A:506373,W506373,ПП2,4895453030,37,https://s3.twcstorage.ru/35ffc2ef-1e09-463d-a2c4-c183d5deb59a/prints/pp2/W506373.webp
Матовые цветные чехлы для печати,Samsung Galaxy S24 Ultra,A:506379,W506379,ПП2,4896597876,1000000,https://s3.twcstorage.ru/35ffc2ef-1e09-463d-a2c4-c183d5deb59a/prints/pp2/W506379.webp
Объемные матовые чехлы черные,Samsung Galaxy S24/S25,A:502003,W502003,ПП2,4998246256,14,https://s3.twcstorage.ru/35ffc2ef-1e09-463d-a2c4-c183d5deb59a/prints/pp2/W502003.webp
Объемные матовые чехлы черные,Samsung Galaxy S24/S25,A:502032,W502032,ПП2,4998310044,20,https://s3.twcstorage.ru/35ffc2ef-1e09-463d-a2c4-c183d5deb59a/prints/pp2/W502032.webp
Объемные матовые чехлы черные,Samsung Galaxy S24/S25,A:502053,W502053,ПП2,4998239637,1,https://s3.twcstorage.ru/35ffc2ef-1e09-463d-a2c4-c183d5deb59a/prints/pp2/W502053.webp
Объемные матовые чехлы черные,Samsung Galaxy S24/S25,A:502069,W502069,ПП2,4998244758,1000000,https://s3.twcstorage.ru/35ffc2ef-1e09-463d-a2c4-c183d5deb59a/prints/pp2/W502069.webp
Объемные матовые чехлы коричневые,Samsung Galaxy S24/S25,A:506331,W5063311,ПП2,4998236675,1000000,https://s3.twcstorage.ru/35ffc2ef-1e09-463d-a2c4-c183d5deb59a/prints/pp2/W5063311.webp
Объемные матовые чехлы черные,Samsung Galaxy S24/S25,A:506340,W5063401,ПП2,4998236740,2,https://s3.twcstorage.ru/35ffc2ef-1e09-463d-a2c4-c183d5deb59a/prints/pp2/W5063401.webp
Объемные матовые чехлы коричневые,Samsung Galaxy S24/S25,A:506372,W506372,ПП2,4998238801,16,https://s3.twcstorage.ru/35ffc2ef-1e09-463d-a2c4-c183d5deb59a/prints/pp2/W506372.webp
Силиконовые чехлы,Samsung Galaxy S25,A:501927,C501927,ПП2,3289220556,85,https://s3.twcstorage.ru/35ffc2ef-1e09-463d-a2c4-c183d5deb59a/prints/pp2/W501927.webp
Силиконовые чехлы,Samsung Galaxy S25,A:501928,W501928,ПП2,3289216272,1000000,https://s3.twcstorage.ru/35ffc2ef-1e09-463d-a2c4-c183d5deb59a/prints/pp2/W501928.webp
Чёрные софт-тач,Samsung Galaxy S25,A:501944,S501944,ПП2,3277052896,9,https://s3.twcstorage.ru/35ffc2ef-1e09-463d-a2c4-c183d5deb59a/prints/pp2/S501944.webp
Силиконовые чехлы,Samsung Galaxy S25,A:501945,C501945,ПП2,3289217178,131,https://s3.twcstorage.ru/35ffc2ef-1e09-463d-a2c4-c183d5deb59a/prints/pp2/W501945.webp
Чёрные софт-тач,Samsung Galaxy S25,A:501946,S501946,ПП2,3277051382,1,https://s3.twcstorage.ru/35ffc2ef-1e09-463d-a2c4-c183d5deb59a/prints/pp2/W501946.webp
Чёрные софт-тач,Samsung Galaxy S25,A:501947,S501947,ПП2,3277053564,7,https://s3.twcstorage.ru/35ffc2ef-1e09-463d-a2c4-c183d5deb59a/prints/pp2/W501947.webp
Силиконовые чехлы,Samsung Galaxy S25,A:501948,C501948,ПП2,3289220842,132,https://s3.twcstorage.ru/35ffc2ef-1e09-463d-a2c4-c183d5deb59a/prints/pp2/W501948.webp
Силиконовые чехлы,Samsung Galaxy S25,A:501949,W501949,ПП2,3289220605,60,https://s3.twcstorage.ru/35ffc2ef-1e09-463d-a2c4-c183d5deb59a/prints/pp2/W501949.webp
Чёрные софт-тач,Samsung Galaxy S25,A:501950,S501950,ПП2,3277053376,3,https://s3.twcstorage.ru/35ffc2ef-1e09-463d-a2c4-c183d5deb59a/prints/pp2/W501950.webp
Силиконовые чехлы,Samsung Galaxy S25,A:501951,C501951,ПП2,3289220071,7,https://s3.twcstorage.ru/35ffc2ef-1e09-463d-a2c4-c183d5deb59a/prints/pp2/W501951.webp
Силиконовые чехлы,Samsung Galaxy S25,A:501952,W501952,ПП2,3289217729,110,https://s3.twcstorage.ru/35ffc2ef-1e09-463d-a2c4-c183d5deb59a/prints/pp2/W501952.webp
Силиконовые чехлы,Samsung Galaxy S25,A:501954,C501954,ПП2,3289217068,1000000,https://s3.twcstorage.ru/35ffc2ef-1e09-463d-a2c4-c183d5deb59a/prints/pp2/W501954.webp
Чёрные софт-тач,Samsung Galaxy S25,A:501955,S501955,ПП2,3277051524,26,https://s3.twcstorage.ru/35ffc2ef-1e09-463d-a2c4-c183d5deb59a/prints/pp2/W501955.webp
Чёрные софт-тач,Samsung Galaxy S25,A:501957,S501957,ПП2,3277053424,2,https://s3.twcstorage.ru/35ffc2ef-1e09-463d-a2c4-c183d5deb59a/prints/pp2/W501957.webp
Силиконовые чехлы,Samsung Galaxy S25,A:501961,C501961,ПП2,3289221783,20,https://s3.twcstorage.ru/35ffc2ef-1e09-463d-a2c4-c183d5deb59a/prints/pp2/W501961.webp
Силиконовые чехлы,Samsung Galaxy S25,A:501962,C501962,ПП2,3289222565,31,https://s3.twcstorage.ru/35ffc2ef-1e09-463d-a2c4-c183d5deb59a/prints/pp2/W501962.webp
Силиконовые чехлы,Samsung Galaxy S25,A:501968,W501968,ПП2,3289221275,91,https://s3.twcstorage.ru/35ffc2ef-1e09-463d-a2c4-c183d5deb59a/prints/pp2/W501968.webp
Силиконовые чехлы,Samsung Galaxy S25,A:501974,Q501974,ПП2,3289217328,74,https://s3.twcstorage.ru/35ffc2ef-1e09-463d-a2c4-c183d5deb59a/prints/pp2/Q501974.webp
Силиконовые чехлы,Samsung Galaxy S25,A:501978,Q501978,ПП2,3289220550,2,https://s3.twcstorage.ru/35ffc2ef-1e09-463d-a2c4-c183d5deb59a/prints/pp2/Q5019781.webp
Силиконовые чехлы,Samsung Galaxy S25,A:501980,Q501980,ПП2,3289217745,4,https://s3.twcstorage.ru/35ffc2ef-1e09-463d-a2c4-c183d5deb59a/prints/pp2/Q5019801.webp
Силиконовые чехлы,Samsung Galaxy S25,A:501993,Q501993,ПП2,3289217514,21,https://s3.twcstorage.ru/35ffc2ef-1e09-463d-a2c4-c183d5deb59a/prints/pp2/Q5019931.webp
Матовые цветные чехлы для печати,Samsung Galaxy S25,A:502003,W502003,ПП2,3277191471,20,https://s3.twcstorage.ru/35ffc2ef-1e09-463d-a2c4-c183d5deb59a/prints/pp2/W502003.webp
Матовые цветные чехлы для печати,Samsung Galaxy S25,A:502008,W502008,ПП2,3277192044,18,https://s3.twcstorage.ru/35ffc2ef-1e09-463d-a2c4-c183d5deb59a/prints/pp2/W502008.webp
Силиконовые чехлы,Samsung Galaxy S25,A:502009,W502009,ПП2,3289221824,5,https://s3.twcstorage.ru/35ffc2ef-1e09-463d-a2c4-c183d5deb59a/prints/pp2/W502009.webp
Силиконовые чехлы,Samsung Galaxy S25,A:502010,W502010,ПП2,3289216023,3,https://s3.twcstorage.ru/35ffc2ef-1e09-463d-a2c4-c183d5deb59a/prints/pp2/W502010.webp
Силиконовые чехлы,Samsung Galaxy S25,A:502011,W502011,ПП2,3289220673,62,https://s3.twcstorage.ru/35ffc2ef-1e09-463d-a2c4-c183d5deb59a/prints/pp2/W502011.webp
Силиконовые чехлы,Samsung Galaxy S25,A:502014,W502014,ПП2,3289220994,1,https://s3.twcstorage.ru/35ffc2ef-1e09-463d-a2c4-c183d5deb59a/prints/pp2/W502014.webp
Силиконовые чехлы,Samsung Galaxy S25,A:502016,W502016,ПП2,3289221950,68,https://s3.twcstorage.ru/35ffc2ef-1e09-463d-a2c4-c183d5deb59a/prints/pp2/W502016.webp
Силиконовые чехлы,Samsung Galaxy S25,A:502018,W502018,ПП2,3289220315,38,https://s3.twcstorage.ru/35ffc2ef-1e09-463d-a2c4-c183d5deb59a/prints/pp2/W502018.webp
Матовые цветные чехлы для печати,Samsung Galaxy S25,A:502023,W502023,ПП2,3277192281,19,https://s3.twcstorage.ru/35ffc2ef-1e09-463d-a2c4-c183d5deb59a/prints/pp2/W502023.webp
Матовые цветные чехлы для печати,Samsung Galaxy S25,A:502025,W502025,ПП2,3277191877,12,https://s3.twcstorage.ru/35ffc2ef-1e09-463d-a2c4-c183d5deb59a/prints/pp2/W502025.webp
Матовые цветные чехлы для печати,Samsung Galaxy S25,A:502026,W502026,ПП2,3277191885,8,https://s3.twcstorage.ru/35ffc2ef-1e09-463d-a2c4-c183d5deb59a/prints/pp2/W502026.webp
Силиконовые чехлы,Samsung Galaxy S25,A:502027,W502027,ПП2,3289221977,47,https://s3.twcstorage.ru/35ffc2ef-1e09-463d-a2c4-c183d5deb59a/prints/pp2/W502027.webp
Белые софт-тач,Samsung Galaxy S25,A:502030,W502030,ПП2,3277229478,23,https://s3.twcstorage.ru/35ffc2ef-1e09-463d-a2c4-c183d5deb59a/prints/pp2/W502030.webp
Матовые цветные чехлы для печати,Samsung Galaxy S25,A:502031,W502031,ПП2,3277191852,84,https://s3.twcstorage.ru/35ffc2ef-1e09-463d-a2c4-c183d5deb59a/prints/pp2/W502031.webp
Белые софт-тач,Samsung Galaxy S25,A:502032,W502032,ПП2,3277228967,14,https://s3.twcstorage.ru/35ffc2ef-1e09-463d-a2c4-c183d5deb59a/prints/pp2/W502032.webp
Матовые цветные чехлы для печати,Samsung Galaxy S25,A:502033,W502033,ПП2,3277193463,10,https://s3.twcstorage.ru/35ffc2ef-1e09-463d-a2c4-c183d5deb59a/prints/pp2/W502033.webp
Силиконовые чехлы,Samsung Galaxy S25,A:502035,W502035,ПП2,3289220662,30,https://s3.twcstorage.ru/35ffc2ef-1e09-463d-a2c4-c183d5deb59a/prints/pp2/W502035.webp
Белые софт-тач,Samsung Galaxy S25,A:502036,W502036,ПП2,3277228955,17,https://s3.twcstorage.ru/35ffc2ef-1e09-463d-a2c4-c183d5deb59a/prints/pp2/W502036.webp
Силиконовые чехлы,Samsung Galaxy S25,A:502039,W502039,ПП2,3289217541,95,https://s3.twcstorage.ru/35ffc2ef-1e09-463d-a2c4-c183d5deb59a/prints/pp2/W502039.webp
Белые софт-тач,Samsung Galaxy S25,A:502049,W502049,ПП2,3277228047,41,https://s3.twcstorage.ru/35ffc2ef-1e09-463d-a2c4-c183d5deb59a/prints/pp2/Y502049.webp
Белые софт-тач,Samsung Galaxy S25,A:502052,W502052,ПП2,3277228937,2,https://s3.twcstorage.ru/35ffc2ef-1e09-463d-a2c4-c183d5deb59a/prints/pp2/W502052.webp
Белые софт-тач,Samsung Galaxy S25,A:502053,W502053,ПП2,3277229657,1,https://s3.twcstorage.ru/35ffc2ef-1e09-463d-a2c4-c183d5deb59a/prints/pp2/W502053.webp
Матовые цветные чехлы для печати,Samsung Galaxy S25,A:502059,W502059,ПП2,3277192250,1000000,https://s3.twcstorage.ru/35ffc2ef-1e09-463d-a2c4-c183d5deb59a/prints/pp2/W502059.webp
Матовые цветные чехлы для печати,Samsung Galaxy S25,A:502065,W502065,ПП2,3277191609,2,https://s3.twcstorage.ru/35ffc2ef-1e09-463d-a2c4-c183d5deb59a/prints/pp2/W502065.webp
Силиконовые чехлы,Samsung Galaxy S25,A:502067,W502067,ПП2,3289216691,28,https://s3.twcstorage.ru/35ffc2ef-1e09-463d-a2c4-c183d5deb59a/prints/pp2/W5020671.webp
Белые софт-тач,Samsung Galaxy S25,A:502069,W502069,ПП2,3277228766,8,https://s3.twcstorage.ru/35ffc2ef-1e09-463d-a2c4-c183d5deb59a/prints/pp2/W502069.webp
Матовые цветные чехлы для печати,Samsung Galaxy S25,A:506329,W5063291,ПП2,4896064519,38,https://s3.twcstorage.ru/35ffc2ef-1e09-463d-a2c4-c183d5deb59a/prints/pp2/W5063291.webp
Белые софт-тач,Samsung Galaxy S25,A:506330,W506330,ПП2,4896669005,10,https://s3.twcstorage.ru/35ffc2ef-1e09-463d-a2c4-c183d5deb59a/prints/pp2/W5063301.webp
Белые софт-тач,Samsung Galaxy S25,A:506331,W506331,ПП2,4896721935,4,https://s3.twcstorage.ru/35ffc2ef-1e09-463d-a2c4-c183d5deb59a/prints/pp2/W5063311.webp
Матовые цветные чехлы для печати,Samsung Galaxy S25,A:506334,W5063341,ПП2,4896066665,24,https://s3.twcstorage.ru/35ffc2ef-1e09-463d-a2c4-c183d5deb59a/prints/pp2/W5063341.webp
Силиконовые чехлы,Samsung Galaxy S25,A:506335,W506335,ПП2,4896134196,71,https://s3.twcstorage.ru/35ffc2ef-1e09-463d-a2c4-c183d5deb59a/prints/pp2/W5063351.webp
Белые софт-тач,Samsung Galaxy S25,A:506336,W506336,ПП2,4896722036,12,https://s3.twcstorage.ru/35ffc2ef-1e09-463d-a2c4-c183d5deb59a/prints/pp2/W5063361.webp
Белые софт-тач,Samsung Galaxy S25,A:506337,W506337,ПП2,4896668656,16,https://s3.twcstorage.ru/35ffc2ef-1e09-463d-a2c4-c183d5deb59a/prints/pp2/W5063371.webp
Матовые цветные чехлы для печати,Samsung Galaxy S25,A:506339,W5063391,ПП2,4896065180,29,https://s3.twcstorage.ru/35ffc2ef-1e09-463d-a2c4-c183d5deb59a/prints/pp2/W5063391.webp
Белые софт-тач,Samsung Galaxy S25,A:506340,W506340,ПП2,4896666940,3,https://s3.twcstorage.ru/35ffc2ef-1e09-463d-a2c4-c183d5deb59a/prints/pp2/W5063401.webp
Силиконовые чехлы,Samsung Galaxy S25,A:506341,W506341,ПП2,4896117722,149,https://s3.twcstorage.ru/35ffc2ef-1e09-463d-a2c4-c183d5deb59a/prints/pp2/W5063411.webp
Силиконовые чехлы,Samsung Galaxy S25,A:506347,W506347,ПП2,4896118379,123,https://s3.twcstorage.ru/35ffc2ef-1e09-463d-a2c4-c183d5deb59a/prints/pp2/W5063471.webp
Силиконовые чехлы,Samsung Galaxy S25,A:506360,W506360,ПП2,4896133961,154,https://s3.twcstorage.ru/35ffc2ef-1e09-463d-a2c4-c183d5deb59a/prints/pp2/W5063601.webp
Силиконовые чехлы,Samsung Galaxy S25,A:506372,W506372,ПП2,4896134941,45,https://s3.twcstorage.ru/35ffc2ef-1e09-463d-a2c4-c183d5deb59a/prints/pp2/W506372.webp
Белые софт-тач,Samsung Galaxy S25,A:506373,W506373,ПП2,4896722280,6,https://s3.twcstorage.ru/35ffc2ef-1e09-463d-a2c4-c183d5deb59a/prints/pp2/W506373.webp
Белые софт-тач,Samsung Galaxy S25,A:506374,W506374,ПП2,4896668603,5,https://s3.twcstorage.ru/35ffc2ef-1e09-463d-a2c4-c183d5deb59a/prints/pp2/W506374.webp
Силиконовые чехлы,Samsung Galaxy S25 FE,A:501935,C501935,ПП2,3289135643,128,https://s3.twcstorage.ru/35ffc2ef-1e09-463d-a2c4-c183d5deb59a/prints/pp2/W501935.webp
Белые софт-тач,Samsung Galaxy S25 FE,A:501937,W501937,ПП2,3837343602,58,https://s3.twcstorage.ru/35ffc2ef-1e09-463d-a2c4-c183d5deb59a/prints/pp2/W501937.webp
Силиконовые чехлы,Samsung Galaxy S25 FE,A:501942,C501942,ПП2,3289136061,108,https://s3.twcstorage.ru/35ffc2ef-1e09-463d-a2c4-c183d5deb59a/prints/pp2/S501942.webp
Силиконовые чехлы,Samsung Galaxy S25 FE,A:501943,C501943,ПП2,3289135756,109,https://s3.twcstorage.ru/35ffc2ef-1e09-463d-a2c4-c183d5deb59a/prints/pp2/S501943.webp
Силиконовые чехлы,Samsung Galaxy S25 FE,A:501946,C501946,ПП2,3289136091,48,https://s3.twcstorage.ru/35ffc2ef-1e09-463d-a2c4-c183d5deb59a/prints/pp2/W501946.webp
Матовые цветные чехлы для печати,Samsung Galaxy S25 FE,A:501947,W501947,ПП2,3277180018,5,https://s3.twcstorage.ru/35ffc2ef-1e09-463d-a2c4-c183d5deb59a/prints/pp2/W501947.webp
Белые софт-тач,Samsung Galaxy S25 FE,A:501949,W501949,ПП2,3837344847,34,https://s3.twcstorage.ru/35ffc2ef-1e09-463d-a2c4-c183d5deb59a/prints/pp2/W501949.webp
Объемные матовые чехлы коричневые,Samsung Galaxy S25 FE,A:501951,W501951,ПП2,4998236656,3,https://s3.twcstorage.ru/35ffc2ef-1e09-463d-a2c4-c183d5deb59a/prints/pp2/W501951.webp
Матовые цветные чехлы для печати,Samsung Galaxy S25 FE,A:501957,W501957,ПП2,3277180088,7,https://s3.twcstorage.ru/35ffc2ef-1e09-463d-a2c4-c183d5deb59a/prints/pp2/W501957.webp
Силиконовые чехлы,Samsung Galaxy S25 FE,A:501960,C501960,ПП2,3289136483,29,https://s3.twcstorage.ru/35ffc2ef-1e09-463d-a2c4-c183d5deb59a/prints/pp2/W501960.webp
Силиконовые чехлы,Samsung Galaxy S25 FE,A:501961,C501961,ПП2,3289143488,20,https://s3.twcstorage.ru/35ffc2ef-1e09-463d-a2c4-c183d5deb59a/prints/pp2/W501961.webp
Белые софт-тач,Samsung Galaxy S25 FE,A:501962,W501962,ПП2,3837345252,20,https://s3.twcstorage.ru/35ffc2ef-1e09-463d-a2c4-c183d5deb59a/prints/pp2/W501962.webp
Силиконовые чехлы,Samsung Galaxy S25 FE,A:501963,Q501963,ПП2,3289138855,111,https://s3.twcstorage.ru/35ffc2ef-1e09-463d-a2c4-c183d5deb59a/prints/pp2/Q5019631.webp
Силиконовые чехлы,Samsung Galaxy S25 FE,A:501966,W501966,ПП2,3289138206,87,https://s3.twcstorage.ru/35ffc2ef-1e09-463d-a2c4-c183d5deb59a/prints/pp2/W501966.webp
Силиконовые чехлы,Samsung Galaxy S25 FE,A:501968,Q501968,ПП2,3289135823,91,https://s3.twcstorage.ru/35ffc2ef-1e09-463d-a2c4-c183d5deb59a/prints/pp2/W501968.webp
Силиконовые чехлы,Samsung Galaxy S25 FE,A:501978,Q501978,ПП2,3289136086,2,https://s3.twcstorage.ru/35ffc2ef-1e09-463d-a2c4-c183d5deb59a/prints/pp2/Q5019781.webp
Стеклянные чехлы,Samsung Galaxy S25 FE,A:501979,Q5019791,ПП2,3277024502,6,https://s3.twcstorage.ru/35ffc2ef-1e09-463d-a2c4-c183d5deb59a/prints/pp2/Q5019791.webp
Стеклянные чехлы,Samsung Galaxy S25 FE,A:501980,Q5019801,ПП2,3277024730,1,https://s3.twcstorage.ru/35ffc2ef-1e09-463d-a2c4-c183d5deb59a/prints/pp2/Q5019801.webp
Стеклянные чехлы,Samsung Galaxy S25 FE,A:501987,Y501987,ПП2,3277118140,1000000,https://s3.twcstorage.ru/35ffc2ef-1e09-463d-a2c4-c183d5deb59a/prints/pp2/Y501987.webp
Силиконовые чехлы,Samsung Galaxy S25 FE,A:501989,Q501989,ПП2,3289140133,61,https://s3.twcstorage.ru/35ffc2ef-1e09-463d-a2c4-c183d5deb59a/prints/pp2/Y501989.webp
Стеклянные чехлы,Samsung Galaxy S25 FE,A:501993,Q5019931,ПП2,3277025765,3,https://s3.twcstorage.ru/35ffc2ef-1e09-463d-a2c4-c183d5deb59a/prints/pp2/Q5019931.webp
Матовые цветные чехлы для печати,Samsung Galaxy S25 FE,A:502003,W502003,ПП2,3277180484,20,https://s3.twcstorage.ru/35ffc2ef-1e09-463d-a2c4-c183d5deb59a/prints/pp2/W502003.webp
Матовые цветные чехлы для печати,Samsung Galaxy S25 FE,A:502006,W502006,ПП2,3277180490,21,https://s3.twcstorage.ru/35ffc2ef-1e09-463d-a2c4-c183d5deb59a/prints/pp2/W502006.webp
Матовые цветные чехлы для печати,Samsung Galaxy S25 FE,A:502007,W502007,ПП2,3277180437,15,https://s3.twcstorage.ru/35ffc2ef-1e09-463d-a2c4-c183d5deb59a/prints/pp2/W502007.webp
Силиконовые чехлы,Samsung Galaxy S25 FE,A:502009,W502009,ПП2,3289143245,5,https://s3.twcstorage.ru/35ffc2ef-1e09-463d-a2c4-c183d5deb59a/prints/pp2/W502009.webp
Силиконовые чехлы,Samsung Galaxy S25 FE,A:502010,W502010,ПП2,3289136441,3,https://s3.twcstorage.ru/35ffc2ef-1e09-463d-a2c4-c183d5deb59a/prints/pp2/W502010.webp
Белые софт-тач,Samsung Galaxy S25 FE,A:502012,W502012,ПП2,3837344949,11,https://s3.twcstorage.ru/35ffc2ef-1e09-463d-a2c4-c183d5deb59a/prints/pp2/W502012.webp
Матовые цветные чехлы для печати,Samsung Galaxy S25 FE,A:502013,W502013,ПП2,3277180547,80,https://s3.twcstorage.ru/35ffc2ef-1e09-463d-a2c4-c183d5deb59a/prints/pp2/W502013.webp
Матовые цветные чехлы для печати,Samsung Galaxy S25 FE,A:502014,W502014,ПП2,3277180448,3,https://s3.twcstorage.ru/35ffc2ef-1e09-463d-a2c4-c183d5deb59a/prints/pp2/W502014.webp
Белые софт-тач,Samsung Galaxy S25 FE,A:502016,W502016,ПП2,3837343590,24,https://s3.twcstorage.ru/35ffc2ef-1e09-463d-a2c4-c183d5deb59a/prints/pp2/W502016.webp
Матовые цветные чехлы для печати,Samsung Galaxy S25 FE,A:502018,W502018,ПП2,3277180133,62,https://s3.twcstorage.ru/35ffc2ef-1e09-463d-a2c4-c183d5deb59a/prints/pp2/W502018.webp
Силиконовые чехлы,Samsung Galaxy S25 FE,A:502019,W502019,ПП2,3289135797,24,https://s3.twcstorage.ru/35ffc2ef-1e09-463d-a2c4-c183d5deb59a/prints/pp2/W502019.webp
Матовые цветные чехлы для печати,Samsung Galaxy S25 FE,A:502023,W502023,ПП2,3277181743,19,https://s3.twcstorage.ru/35ffc2ef-1e09-463d-a2c4-c183d5deb59a/prints/pp2/W502023.webp
Силиконовые чехлы,Samsung Galaxy S25 FE,A:502026,W502026,ПП2,3289140495,52,https://s3.twcstorage.ru/35ffc2ef-1e09-463d-a2c4-c183d5deb59a/prints/pp2/W502026.webp
Силиконовые чехлы,Samsung Galaxy S25 FE,A:502029,W502029,ПП2,3289139956,13,https://s3.twcstorage.ru/35ffc2ef-1e09-463d-a2c4-c183d5deb59a/prints/pp2/W502029.webp
Белые софт-тач,Samsung Galaxy S25 FE,A:502031,W502031,ПП2,3837343465,30,https://s3.twcstorage.ru/35ffc2ef-1e09-463d-a2c4-c183d5deb59a/prints/pp2/W502031.webp
Матовые цветные чехлы для печати,Samsung Galaxy S25 FE,A:502032,W502032,ПП2,3277181537,4,https://s3.twcstorage.ru/35ffc2ef-1e09-463d-a2c4-c183d5deb59a/prints/pp2/W502032.webp
Матовые цветные чехлы для печати,Samsung Galaxy S25 FE,A:502033,W502033,ПП2,3277181474,10,https://s3.twcstorage.ru/35ffc2ef-1e09-463d-a2c4-c183d5deb59a/prints/pp2/W502033.webp
Силиконовые чехлы,Samsung Galaxy S25 FE,A:502035,W502035,ПП2,3289142923,30,https://s3.twcstorage.ru/35ffc2ef-1e09-463d-a2c4-c183d5deb59a/prints/pp2/W502035.webp
Силиконовые чехлы,Samsung Galaxy S25 FE,A:502036,W502036,ПП2,3289140077,10,https://s3.twcstorage.ru/35ffc2ef-1e09-463d-a2c4-c183d5deb59a/prints/pp2/W502036.webp
Силиконовые чехлы,Samsung Galaxy S25 FE,A:502037,W502037,ПП2,3289135607,8,https://s3.twcstorage.ru/35ffc2ef-1e09-463d-a2c4-c183d5deb59a/prints/pp2/W502037.webp
Белые софт-тач,Samsung Galaxy S25 FE,A:502044,W502044,ПП2,3837343613,1000000,https://s3.twcstorage.ru/35ffc2ef-1e09-463d-a2c4-c183d5deb59a/prints/pp2/W502044.webp
Белые софт-тач,Samsung Galaxy S25 FE,A:502047,W502047,ПП2,3837343370,22,https://s3.twcstorage.ru/35ffc2ef-1e09-463d-a2c4-c183d5deb59a/prints/pp2/W502047.webp
Белые софт-тач,Samsung Galaxy S25 FE,A:502049,W502049,ПП2,3837343581,41,https://s3.twcstorage.ru/35ffc2ef-1e09-463d-a2c4-c183d5deb59a/prints/pp2/Y502049.webp
Белые софт-тач,Samsung Galaxy S25 FE,A:502052,W502052,ПП2,3837346954,2,https://s3.twcstorage.ru/35ffc2ef-1e09-463d-a2c4-c183d5deb59a/prints/pp2/W502052.webp
Белые софт-тач,Samsung Galaxy S25 FE,A:502053,W502053,ПП2,3837345508,1,https://s3.twcstorage.ru/35ffc2ef-1e09-463d-a2c4-c183d5deb59a/prints/pp2/W502053.webp
Силиконовые чехлы,Samsung Galaxy S25 FE,A:502054,W502054,ПП2,3289136065,39,https://s3.twcstorage.ru/35ffc2ef-1e09-463d-a2c4-c183d5deb59a/prints/pp2/W502054.webp
Матовые цветные чехлы для печати,Samsung Galaxy S25 FE,A:502062,W502062,ПП2,3277180128,48,https://s3.twcstorage.ru/35ffc2ef-1e09-463d-a2c4-c183d5deb59a/prints/pp2/W502062.webp
Силиконовые чехлы,Samsung Galaxy S25 FE,A:502063,W502063,ПП2,3289136250,97,https://s3.twcstorage.ru/35ffc2ef-1e09-463d-a2c4-c183d5deb59a/prints/pp2/W502063.webp
Матовые цветные чехлы для печати,Samsung Galaxy S25 FE,A:502065,W502065,ПП2,3277180430,2,https://s3.twcstorage.ru/35ffc2ef-1e09-463d-a2c4-c183d5deb59a/prints/pp2/W502065.webp
Силиконовые чехлы,Samsung Galaxy S25 FE,A:502067,W502067,ПП2,3289135630,28,https://s3.twcstorage.ru/35ffc2ef-1e09-463d-a2c4-c183d5deb59a/prints/pp2/W5020671.webp
Силиконовые чехлы,Samsung Galaxy S25 FE,A:502068,W502068,ПП2,3289134942,1000000,https://s3.twcstorage.ru/35ffc2ef-1e09-463d-a2c4-c183d5deb59a/prints/pp2/W502068.webp
Белые софт-тач,Samsung Galaxy S25 FE,A:502069,W502069,ПП2,3837345455,8,https://s3.twcstorage.ru/35ffc2ef-1e09-463d-a2c4-c183d5deb59a/prints/pp2/W502069.webp
Объемные матовые чехлы черные,Samsung Galaxy S25 FE,A:506331,W5063311,ПП2,4989268777,22,https://s3.twcstorage.ru/35ffc2ef-1e09-463d-a2c4-c183d5deb59a/prints/pp2/W5063311.webp
Объемные матовые чехлы черные,Samsung Galaxy S25 FE,A:506332,W5063321,ПП2,4989268439,5,https://s3.twcstorage.ru/35ffc2ef-1e09-463d-a2c4-c183d5deb59a/prints/pp2/W5063321.webp
Объемные матовые чехлы черные,Samsung Galaxy S25 FE,A:506333,W5063331,ПП2,4989268309,1000000,https://s3.twcstorage.ru/35ffc2ef-1e09-463d-a2c4-c183d5deb59a/prints/pp2/W5063331.webp
Силиконовые чехлы,Samsung Galaxy S25 FE,A:506334,W506334,ПП2,4895689535,14,https://s3.twcstorage.ru/35ffc2ef-1e09-463d-a2c4-c183d5deb59a/prints/pp2/W5063341.webp
Матовые цветные чехлы для печати,Samsung Galaxy S25 FE,A:506335,W5063351,ПП2,4895624326,39,https://s3.twcstorage.ru/35ffc2ef-1e09-463d-a2c4-c183d5deb59a/prints/pp2/W5063351.webp
Белые софт-тач,Samsung Galaxy S25 FE,A:506336,W506336,ПП2,4900466997,12,https://s3.twcstorage.ru/35ffc2ef-1e09-463d-a2c4-c183d5deb59a/prints/pp2/W5063361.webp
Белые софт-тач,Samsung Galaxy S25 FE,A:506337,W506337,ПП2,4900463042,16,https://s3.twcstorage.ru/35ffc2ef-1e09-463d-a2c4-c183d5deb59a/prints/pp2/W5063371.webp
Объемные матовые чехлы бордовые,Samsung Galaxy S25 FE,A:506339,W5063391,ПП2,4998361825,9,https://s3.twcstorage.ru/35ffc2ef-1e09-463d-a2c4-c183d5deb59a/prints/pp2/W5063391.webp
Белые софт-тач,Samsung Galaxy S25 FE,A:506340,W506340,ПП2,4900459939,3,https://s3.twcstorage.ru/35ffc2ef-1e09-463d-a2c4-c183d5deb59a/prints/pp2/W5063401.webp
Силиконовые чехлы,Samsung Galaxy S25 FE,A:506344,W506344,ПП2,4895688395,122,https://s3.twcstorage.ru/35ffc2ef-1e09-463d-a2c4-c183d5deb59a/prints/pp2/W5063441.webp
Силиконовые чехлы,Samsung Galaxy S25 FE,A:506345,W506345,ПП2,4895688252,150,https://s3.twcstorage.ru/35ffc2ef-1e09-463d-a2c4-c183d5deb59a/prints/pp2/W5063451.webp
Матовые цветные чехлы для печати,Samsung Galaxy S25 FE,A:506347,W5063471,ПП2,4895660069,49,https://s3.twcstorage.ru/35ffc2ef-1e09-463d-a2c4-c183d5deb59a/prints/pp2/W5063471.webp
Силиконовые чехлы,Samsung Galaxy S25 FE,A:506360,W506360,ПП2,4895687928,154,https://s3.twcstorage.ru/35ffc2ef-1e09-463d-a2c4-c183d5deb59a/prints/pp2/W5063601.webp
Объемные матовые чехлы бордовые,Samsung Galaxy S25 FE,A:506363,W506363,ПП2,4998354674,1000000,https://s3.twcstorage.ru/35ffc2ef-1e09-463d-a2c4-c183d5deb59a/prints/pp2/W506363.webp
Силиконовые чехлы,Samsung Galaxy S25 FE,A:506369,W506369,ПП2,4895729650,1000000,https://s3.twcstorage.ru/35ffc2ef-1e09-463d-a2c4-c183d5deb59a/prints/pp2/W506369.webp
Белые софт-тач,Samsung Galaxy S25 FE,A:506373,W506373,ПП2,4900642505,6,https://s3.twcstorage.ru/35ffc2ef-1e09-463d-a2c4-c183d5deb59a/prints/pp2/W506373.webp
Белые софт-тач,Samsung Galaxy S25 FE,A:506374,W506374,ПП2,4900460019,5,https://s3.twcstorage.ru/35ffc2ef-1e09-463d-a2c4-c183d5deb59a/prints/pp2/W506374.webp
Силиконовые чехлы,Samsung Galaxy S25 FE,A:506378,W506378,ПП2,4895688493,82,https://s3.twcstorage.ru/35ffc2ef-1e09-463d-a2c4-c183d5deb59a/prints/pp2/W506378.webp
Матовые цветные чехлы для печати,Samsung Galaxy S25 FE,A:506381,W506381,ПП2,4895661781,26,https://s3.twcstorage.ru/35ffc2ef-1e09-463d-a2c4-c183d5deb59a/prints/pp2/W506381.webp
Стеклянные чехлы,Samsung Galaxy S25 FE,A:506384,Q5063841,ПП2,4896590309,4,https://s3.twcstorage.ru/35ffc2ef-1e09-463d-a2c4-c183d5deb59a/prints/pp2/Q5063841.webp
Силиконовые чехлы,Samsung Galaxy S25 Plus,A:501934,W501934,ПП2,3280738609,127,https://s3.twcstorage.ru/35ffc2ef-1e09-463d-a2c4-c183d5deb59a/prints/pp2/W501934.webp
Силиконовые чехлы,Samsung Galaxy S25 Plus,A:501942,C501942,ПП2,3280737931,108,https://s3.twcstorage.ru/35ffc2ef-1e09-463d-a2c4-c183d5deb59a/prints/pp2/S501942.webp
Силиконовые чехлы,Samsung Galaxy S25 Plus,A:501947,W501947,ПП2,3280742518,16,https://s3.twcstorage.ru/35ffc2ef-1e09-463d-a2c4-c183d5deb59a/prints/pp2/W501947.webp
Силиконовые чехлы,Samsung Galaxy S25 Plus,A:501978,Q501978,ПП2,3280738972,2,https://s3.twcstorage.ru/35ffc2ef-1e09-463d-a2c4-c183d5deb59a/prints/pp2/Q5019781.webp
Силиконовые чехлы,Samsung Galaxy S25 Plus,A:501980,Q501980,ПП2,3280737492,4,https://s3.twcstorage.ru/35ffc2ef-1e09-463d-a2c4-c183d5deb59a/prints/pp2/Q5019801.webp
Силиконовые чехлы,Samsung Galaxy S25 Plus,A:501990,Q501990,ПП2,3280737761,42,https://s3.twcstorage.ru/35ffc2ef-1e09-463d-a2c4-c183d5deb59a/prints/pp2/Y501990.webp
Силиконовые чехлы,Samsung Galaxy S25 Plus,A:501993,Q501993,ПП2,3280737960,21,https://s3.twcstorage.ru/35ffc2ef-1e09-463d-a2c4-c183d5deb59a/prints/pp2/Q5019931.webp
Силиконовые чехлы,Samsung Galaxy S25 Plus,A:502010,W502010,ПП2,3280739806,3,https://s3.twcstorage.ru/35ffc2ef-1e09-463d-a2c4-c183d5deb59a/prints/pp2/W502010.webp
Силиконовые чехлы,Samsung Galaxy S25 Plus,A:502014,W502014,ПП2,3280738706,1,https://s3.twcstorage.ru/35ffc2ef-1e09-463d-a2c4-c183d5deb59a/prints/pp2/W502014.webp
Силиконовые чехлы,Samsung Galaxy S25 Plus,A:502016,W502016,ПП2,3280738235,68,https://s3.twcstorage.ru/35ffc2ef-1e09-463d-a2c4-c183d5deb59a/prints/pp2/W502016.webp
Силиконовые чехлы,Samsung Galaxy S25 Plus,A:502026,W502026,ПП2,3280742875,52,https://s3.twcstorage.ru/35ffc2ef-1e09-463d-a2c4-c183d5deb59a/prints/pp2/W502026.webp
Силиконовые чехлы,Samsung Galaxy S25 Plus,A:502029,W502029,ПП2,3280749950,13,https://s3.twcstorage.ru/35ffc2ef-1e09-463d-a2c4-c183d5deb59a/prints/pp2/W502029.webp
Силиконовые чехлы,Samsung Galaxy S25 Plus,A:502030,W502030,ПП2,3280740600,26,https://s3.twcstorage.ru/35ffc2ef-1e09-463d-a2c4-c183d5deb59a/prints/pp2/W502030.webp
Силиконовые чехлы,Samsung Galaxy S25 Plus,A:502032,W502032,ПП2,3280738031,18,https://s3.twcstorage.ru/35ffc2ef-1e09-463d-a2c4-c183d5deb59a/prints/pp2/W502032.webp
Силиконовые чехлы,Samsung Galaxy S25 Plus,A:502039,W502039,ПП2,3280737570,95,https://s3.twcstorage.ru/35ffc2ef-1e09-463d-a2c4-c183d5deb59a/prints/pp2/W502039.webp
Силиконовые чехлы,Samsung Galaxy S25 Plus,A:502063,W502063,ПП2,3280739712,97,https://s3.twcstorage.ru/35ffc2ef-1e09-463d-a2c4-c183d5deb59a/prints/pp2/W502063.webp
Чёрные софт-тач,Samsung Galaxy S25 Ultra,A:501928,S501928,ПП2,3277050578,1000000,https://s3.twcstorage.ru/35ffc2ef-1e09-463d-a2c4-c183d5deb59a/prints/pp2/W501928.webp
Силиконовые чехлы,Samsung Galaxy S25 Ultra,A:501931,C501931,ПП2,3290510413,89,https://s3.twcstorage.ru/35ffc2ef-1e09-463d-a2c4-c183d5deb59a/prints/pp2/W501931.webp
Силиконовые чехлы,Samsung Galaxy S25 Ultra,A:501935,W501935,ПП2,3290511814,128,https://s3.twcstorage.ru/35ffc2ef-1e09-463d-a2c4-c183d5deb59a/prints/pp2/W501935.webp
Белые софт-тач,Samsung Galaxy S25 Ultra,A:501940,W501940,ПП2,3279804706,53,https://s3.twcstorage.ru/35ffc2ef-1e09-463d-a2c4-c183d5deb59a/prints/pp2/W501940.webp
Силиконовые чехлы,Samsung Galaxy S25 Ultra,A:501941,C501941,ПП2,3290510958,107,https://s3.twcstorage.ru/35ffc2ef-1e09-463d-a2c4-c183d5deb59a/prints/pp2/S501941.webp
Чёрные софт-тач,Samsung Galaxy S25 Ultra,A:501945,S501945,ПП2,3277050365,6,https://s3.twcstorage.ru/35ffc2ef-1e09-463d-a2c4-c183d5deb59a/prints/pp2/W501945.webp
Силиконовые чехлы,Samsung Galaxy S25 Ultra,A:501947,C501947,ПП2,3290510277,16,https://s3.twcstorage.ru/35ffc2ef-1e09-463d-a2c4-c183d5deb59a/prints/pp2/W501947.webp
Силиконовые чехлы,Samsung Galaxy S25 Ultra,A:501948,W501948,ПП2,3290508400,132,https://s3.twcstorage.ru/35ffc2ef-1e09-463d-a2c4-c183d5deb59a/prints/pp2/W501948.webp
Силиконовые чехлы,Samsung Galaxy S25 Ultra,A:501949,W501949,ПП2,3290510759,60,https://s3.twcstorage.ru/35ffc2ef-1e09-463d-a2c4-c183d5deb59a/prints/pp2/W501949.webp
Чёрные софт-тач,Samsung Galaxy S25 Ultra,A:501950,S501950,ПП2,3277050280,3,https://s3.twcstorage.ru/35ffc2ef-1e09-463d-a2c4-c183d5deb59a/prints/pp2/W501950.webp
Силиконовые чехлы,Samsung Galaxy S25 Ultra,A:501951,C501951,ПП2,3290508464,7,https://s3.twcstorage.ru/35ffc2ef-1e09-463d-a2c4-c183d5deb59a/prints/pp2/W501951.webp
Силиконовые чехлы,Samsung Galaxy S25 Ultra,A:501954,C501954,ПП2,3290510852,1000000,https://s3.twcstorage.ru/35ffc2ef-1e09-463d-a2c4-c183d5deb59a/prints/pp2/W501954.webp
Чёрные софт-тач,Samsung Galaxy S25 Ultra,A:501955,S501955,ПП2,3277050203,26,https://s3.twcstorage.ru/35ffc2ef-1e09-463d-a2c4-c183d5deb59a/prints/pp2/W501955.webp
Силиконовые чехлы,Samsung Galaxy S25 Ultra,A:501957,W501957,ПП2,3290509516,17,https://s3.twcstorage.ru/35ffc2ef-1e09-463d-a2c4-c183d5deb59a/prints/pp2/W501957.webp
Силиконовые чехлы,Samsung Galaxy S25 Ultra,A:501960,C501960,ПП2,3290509099,29,https://s3.twcstorage.ru/35ffc2ef-1e09-463d-a2c4-c183d5deb59a/prints/pp2/W501960.webp
Силиконовые чехлы,Samsung Galaxy S25 Ultra,A:501962,C501962,ПП2,3290509011,31,https://s3.twcstorage.ru/35ffc2ef-1e09-463d-a2c4-c183d5deb59a/prints/pp2/W501962.webp
Силиконовые чехлы,Samsung Galaxy S25 Ultra,A:501978,Q501978,ПП2,3290507915,2,https://s3.twcstorage.ru/35ffc2ef-1e09-463d-a2c4-c183d5deb59a/prints/pp2/Q5019781.webp
Силиконовые чехлы,Samsung Galaxy S25 Ultra,A:501979,Q501979,ПП2,3290509449,32,https://s3.twcstorage.ru/35ffc2ef-1e09-463d-a2c4-c183d5deb59a/prints/pp2/Q5019791.webp
Стеклянные чехлы,Samsung Galaxy S25 Ultra,A:501980,Q5019801,ПП2,3277045707,1,https://s3.twcstorage.ru/35ffc2ef-1e09-463d-a2c4-c183d5deb59a/prints/pp2/Q5019801.webp
Силиконовые чехлы,Samsung Galaxy S25 Ultra,A:501985,Q501985,ПП2,3290511434,113,https://s3.twcstorage.ru/35ffc2ef-1e09-463d-a2c4-c183d5deb59a/prints/pp2/Y501985.webp
Силиконовые чехлы,Samsung Galaxy S25 Ultra,A:501989,Q501989,ПП2,3290508532,61,https://s3.twcstorage.ru/35ffc2ef-1e09-463d-a2c4-c183d5deb59a/prints/pp2/Y501989.webp
Силиконовые чехлы,Samsung Galaxy S25 Ultra,A:501990,Q501990,ПП2,3290510713,42,https://s3.twcstorage.ru/35ffc2ef-1e09-463d-a2c4-c183d5deb59a/prints/pp2/Y501990.webp
Силиконовые чехлы,Samsung Galaxy S25 Ultra,A:501993,Q501993,ПП2,3290510693,21,https://s3.twcstorage.ru/35ffc2ef-1e09-463d-a2c4-c183d5deb59a/prints/pp2/Q5019931.webp
Силиконовые чехлы,Samsung Galaxy S25 Ultra,A:502003,W502003,ПП2,3290510814,41,https://s3.twcstorage.ru/35ffc2ef-1e09-463d-a2c4-c183d5deb59a/prints/pp2/W502003.webp
Белые софт-тач,Samsung Galaxy S25 Ultra,A:502005,W502005,ПП2,3279804286,54,https://s3.twcstorage.ru/35ffc2ef-1e09-463d-a2c4-c183d5deb59a/prints/pp2/W502005.webp
Силиконовые чехлы,Samsung Galaxy S25 Ultra,A:502006,W502006,ПП2,3290510188,40,https://s3.twcstorage.ru/35ffc2ef-1e09-463d-a2c4-c183d5deb59a/prints/pp2/W502006.webp
Белые софт-тач,Samsung Galaxy S25 Ultra,A:502007,W502007,ПП2,3279804136,21,https://s3.twcstorage.ru/35ffc2ef-1e09-463d-a2c4-c183d5deb59a/prints/pp2/W502007.webp
Силиконовые чехлы,Samsung Galaxy S25 Ultra,A:502008,W502008,ПП2,3290511654,6,https://s3.twcstorage.ru/35ffc2ef-1e09-463d-a2c4-c183d5deb59a/prints/pp2/W502008.webp
Силиконовые чехлы,Samsung Galaxy S25 Ultra,A:502009,W502009,ПП2,3290508411,5,https://s3.twcstorage.ru/35ffc2ef-1e09-463d-a2c4-c183d5deb59a/prints/pp2/W502009.webp
Силиконовые чехлы,Samsung Galaxy S25 Ultra,A:502010,W502010,ПП2,3290508510,3,https://s3.twcstorage.ru/35ffc2ef-1e09-463d-a2c4-c183d5deb59a/prints/pp2/W502010.webp
Силиконовые чехлы,Samsung Galaxy S25 Ultra,A:502011,W502011,ПП2,3290511041,62,https://s3.twcstorage.ru/35ffc2ef-1e09-463d-a2c4-c183d5deb59a/prints/pp2/W502011.webp
Белые софт-тач,Samsung Galaxy S25 Ultra,A:502012,W502012,ПП2,3279804450,11,https://s3.twcstorage.ru/35ffc2ef-1e09-463d-a2c4-c183d5deb59a/prints/pp2/W502012.webp
Силиконовые чехлы,Samsung Galaxy S25 Ultra,A:502014,W502014,ПП2,3290509574,1,https://s3.twcstorage.ru/35ffc2ef-1e09-463d-a2c4-c183d5deb59a/prints/pp2/W502014.webp
Матовые цветные чехлы для печати,Samsung Galaxy S25 Ultra,A:502016,W502016,ПП2,3277203636,23,https://s3.twcstorage.ru/35ffc2ef-1e09-463d-a2c4-c183d5deb59a/prints/pp2/W502016.webp
Силиконовые чехлы,Samsung Galaxy S25 Ultra,A:502018,W502018,ПП2,3290510930,38,https://s3.twcstorage.ru/35ffc2ef-1e09-463d-a2c4-c183d5deb59a/prints/pp2/W502018.webp
Силиконовые чехлы,Samsung Galaxy S25 Ultra,A:502022,W502022,ПП2,3290510950,1000000,https://s3.twcstorage.ru/35ffc2ef-1e09-463d-a2c4-c183d5deb59a/prints/pp2/Y502022.webp
Матовые цветные чехлы для печати,Samsung Galaxy S25 Ultra,A:502023,W502023,ПП2,3277203779,19,https://s3.twcstorage.ru/35ffc2ef-1e09-463d-a2c4-c183d5deb59a/prints/pp2/W502023.webp
Матовые цветные чехлы для печати,Samsung Galaxy S25 Ultra,A:502025,W502025,ПП2,3277204204,12,https://s3.twcstorage.ru/35ffc2ef-1e09-463d-a2c4-c183d5deb59a/prints/pp2/W502025.webp
Матовые цветные чехлы для печати,Samsung Galaxy S25 Ultra,A:502026,W502026,ПП2,3277203658,8,https://s3.twcstorage.ru/35ffc2ef-1e09-463d-a2c4-c183d5deb59a/prints/pp2/W502026.webp
Матовые цветные чехлы для печати,Samsung Galaxy S25 Ultra,A:502027,W502027,ПП2,3277203727,11,https://s3.twcstorage.ru/35ffc2ef-1e09-463d-a2c4-c183d5deb59a/prints/pp2/W502027.webp
Силиконовые чехлы,Samsung Galaxy S25 Ultra,A:502029,W502029,ПП2,3290510391,13,https://s3.twcstorage.ru/35ffc2ef-1e09-463d-a2c4-c183d5deb59a/prints/pp2/W502029.webp
Матовые цветные чехлы для печати,Samsung Galaxy S25 Ultra,A:502030,W502030,ПП2,3277203682,35,https://s3.twcstorage.ru/35ffc2ef-1e09-463d-a2c4-c183d5deb59a/prints/pp2/W502030.webp
Матовые цветные чехлы для печати,Samsung Galaxy S25 Ultra,A:502031,W502031,ПП2,3277204299,84,https://s3.twcstorage.ru/35ffc2ef-1e09-463d-a2c4-c183d5deb59a/prints/pp2/W502031.webp
Матовые цветные чехлы для печати,Samsung Galaxy S25 Ultra,A:502032,W502032,ПП2,3277203739,4,https://s3.twcstorage.ru/35ffc2ef-1e09-463d-a2c4-c183d5deb59a/prints/pp2/W502032.webp
Белые софт-тач,Samsung Galaxy S25 Ultra,A:502033,W502033,ПП2,3279804044,15,https://s3.twcstorage.ru/35ffc2ef-1e09-463d-a2c4-c183d5deb59a/prints/pp2/W502033.webp
Силиконовые чехлы,Samsung Galaxy S25 Ultra,A:502036,W502036,ПП2,3290508234,10,https://s3.twcstorage.ru/35ffc2ef-1e09-463d-a2c4-c183d5deb59a/prints/pp2/W502036.webp
Силиконовые чехлы,Samsung Galaxy S25 Ultra,A:502037,W502037,ПП2,3290511745,8,https://s3.twcstorage.ru/35ffc2ef-1e09-463d-a2c4-c183d5deb59a/prints/pp2/W502037.webp
Силиконовые чехлы,Samsung Galaxy S25 Ultra,A:502039,W502039,ПП2,3290510500,95,https://s3.twcstorage.ru/35ffc2ef-1e09-463d-a2c4-c183d5deb59a/prints/pp2/W502039.webp
Силиконовые чехлы,Samsung Galaxy S25 Ultra,A:502047,W502047,ПП2,3290510841,36,https://s3.twcstorage.ru/35ffc2ef-1e09-463d-a2c4-c183d5deb59a/prints/pp2/W502047.webp
Белые софт-тач,Samsung Galaxy S25 Ultra,A:502048,W502048,ПП2,3279804534,18,https://s3.twcstorage.ru/35ffc2ef-1e09-463d-a2c4-c183d5deb59a/prints/pp2/Y502048.webp
Силиконовые чехлы,Samsung Galaxy S25 Ultra,A:502049,W502049,ПП2,3290510269,49,https://s3.twcstorage.ru/35ffc2ef-1e09-463d-a2c4-c183d5deb59a/prints/pp2/Y502049.webp
Силиконовые чехлы,Samsung Galaxy S25 Ultra,A:502051,W502051,ПП2,3290509734,120,https://s3.twcstorage.ru/35ffc2ef-1e09-463d-a2c4-c183d5deb59a/prints/pp2/W502051.webp
Белые софт-тач,Samsung Galaxy S25 Ultra,A:502052,W502052,ПП2,3279804417,2,https://s3.twcstorage.ru/35ffc2ef-1e09-463d-a2c4-c183d5deb59a/prints/pp2/W502052.webp
Белые софт-тач,Samsung Galaxy S25 Ultra,A:502053,W502053,ПП2,3279804586,1,https://s3.twcstorage.ru/35ffc2ef-1e09-463d-a2c4-c183d5deb59a/prints/pp2/W502053.webp
Силиконовые чехлы,Samsung Galaxy S25 Ultra,A:502054,W502054,ПП2,3290509850,39,https://s3.twcstorage.ru/35ffc2ef-1e09-463d-a2c4-c183d5deb59a/prints/pp2/W502054.webp
Матовые цветные чехлы для печати,Samsung Galaxy S25 Ultra,A:502065,W502065,ПП2,3277203808,2,https://s3.twcstorage.ru/35ffc2ef-1e09-463d-a2c4-c183d5deb59a/prints/pp2/W502065.webp
Белые софт-тач,Samsung Galaxy S25 Ultra,A:502069,W502069,ПП2,3279804695,8,https://s3.twcstorage.ru/35ffc2ef-1e09-463d-a2c4-c183d5deb59a/prints/pp2/W502069.webp
Матовые цветные чехлы для печати,Samsung Galaxy S25 Ultra,A:506329,W5063291,ПП2,4895733741,38,https://s3.twcstorage.ru/35ffc2ef-1e09-463d-a2c4-c183d5deb59a/prints/pp2/W5063291.webp
Силиконовые чехлы,Samsung Galaxy S25 Ultra,A:506330,W506330,ПП2,4895763538,55,https://s3.twcstorage.ru/35ffc2ef-1e09-463d-a2c4-c183d5deb59a/prints/pp2/W5063301.webp
Белые софт-тач,Samsung Galaxy S25 Ultra,A:506331,W506331,ПП2,4898327604,4,https://s3.twcstorage.ru/35ffc2ef-1e09-463d-a2c4-c183d5deb59a/prints/pp2/W5063311.webp
Силиконовые чехлы,Samsung Galaxy S25 Ultra,A:506332,W506332,ПП2,4895799233,11,https://s3.twcstorage.ru/35ffc2ef-1e09-463d-a2c4-c183d5deb59a/prints/pp2/W5063321.webp
Объемные матовые чехлы черные,Samsung Galaxy S25 Ultra,A:506334,W5063341,ПП2,4998358660,13,https://s3.twcstorage.ru/35ffc2ef-1e09-463d-a2c4-c183d5deb59a/prints/pp2/W5063341.webp
Силиконовые чехлы,Samsung Galaxy S25 Ultra,A:506335,W506335,ПП2,4895764852,71,https://s3.twcstorage.ru/35ffc2ef-1e09-463d-a2c4-c183d5deb59a/prints/pp2/W5063351.webp
Белые софт-тач,Samsung Galaxy S25 Ultra,A:506336,W506336,ПП2,4898329190,12,https://s3.twcstorage.ru/35ffc2ef-1e09-463d-a2c4-c183d5deb59a/prints/pp2/W5063361.webp
Матовые цветные чехлы для печати,Samsung Galaxy S25 Ultra,A:506337,W5063371,ПП2,4895733672,33,https://s3.twcstorage.ru/35ffc2ef-1e09-463d-a2c4-c183d5deb59a/prints/pp2/W5063371.webp
Матовые цветные чехлы для печати,Samsung Galaxy S25 Ultra,A:506338,W5063381,ПП2,4895695764,86,https://s3.twcstorage.ru/35ffc2ef-1e09-463d-a2c4-c183d5deb59a/prints/pp2/W5063381.webp
Белые софт-тач,Samsung Galaxy S25 Ultra,A:506340,W506340,ПП2,4898146559,3,https://s3.twcstorage.ru/35ffc2ef-1e09-463d-a2c4-c183d5deb59a/prints/pp2/W5063401.webp
Матовые цветные чехлы для печати,Samsung Galaxy S25 Ultra,A:506343,W5063431,ПП2,4895732883,87,https://s3.twcstorage.ru/35ffc2ef-1e09-463d-a2c4-c183d5deb59a/prints/pp2/W5063431.webp
Силиконовые чехлы,Samsung Galaxy S25 Ultra,A:506352,W506352,ПП2,4895765268,1000000,https://s3.twcstorage.ru/35ffc2ef-1e09-463d-a2c4-c183d5deb59a/prints/pp2/W5063521.webp
Силиконовые чехлы,Samsung Galaxy S25 Ultra,A:506353,W506353,ПП2,4895763955,1000000,https://s3.twcstorage.ru/35ffc2ef-1e09-463d-a2c4-c183d5deb59a/prints/pp2/W5063531.webp
Матовые цветные чехлы для печати,Samsung Galaxy S25 Ultra,A:506372,W506372,ПП2,4895735600,25,https://s3.twcstorage.ru/35ffc2ef-1e09-463d-a2c4-c183d5deb59a/prints/pp2/W506372.webp
Белые софт-тач,Samsung Galaxy S25 Ultra,A:506373,W506373,ПП2,4898339080,6,https://s3.twcstorage.ru/35ffc2ef-1e09-463d-a2c4-c183d5deb59a/prints/pp2/W506373.webp
Белые софт-тач,Samsung Galaxy S25 Ultra,A:506374,W506374,ПП2,4898331421,5,https://s3.twcstorage.ru/35ffc2ef-1e09-463d-a2c4-c183d5deb59a/prints/pp2/W506374.webp
Матовые цветные чехлы для печати,Samsung Galaxy S25 Ultra,A:506376,W506376,ПП2,4895733628,57,https://s3.twcstorage.ru/35ffc2ef-1e09-463d-a2c4-c183d5deb59a/prints/pp2/W506376.webp
Силиконовые чехлы,Samsung Galaxy S25 Ultra,A:506377,W506377,ПП2,4895798885,102,https://s3.twcstorage.ru/35ffc2ef-1e09-463d-a2c4-c183d5deb59a/prints/pp2/W506377.webp
Матовые цветные чехлы для печати,Samsung Galaxy S25 Ultra,A:506381,W506381,ПП2,4895735609,26,https://s3.twcstorage.ru/35ffc2ef-1e09-463d-a2c4-c183d5deb59a/prints/pp2/W506381.webp
Стеклянные чехлы,Samsung Galaxy S25 Ultra,A:506384,Q5063841,ПП2,4896590913,4,https://s3.twcstorage.ru/35ffc2ef-1e09-463d-a2c4-c183d5deb59a/prints/pp2/Q5063841.webp
Силиконовые чехлы,Samsung Galaxy S26,A:501947,W501947,ПП2,4978746819,16,https://s3.twcstorage.ru/35ffc2ef-1e09-463d-a2c4-c183d5deb59a/prints/pp2/W501947.webp
Силиконовые чехлы,Samsung Galaxy S26,A:501978,Q501978,ПП2,4978747721,2,https://s3.twcstorage.ru/35ffc2ef-1e09-463d-a2c4-c183d5deb59a/prints/pp2/Q5019781.webp
Силиконовые чехлы,Samsung Galaxy S26,A:501979,Q501979,ПП2,4978746041,32,https://s3.twcstorage.ru/35ffc2ef-1e09-463d-a2c4-c183d5deb59a/prints/pp2/Q5019791.webp
Силиконовые чехлы,Samsung Galaxy S26,A:502003,W502003,ПП2,4978748608,41,https://s3.twcstorage.ru/35ffc2ef-1e09-463d-a2c4-c183d5deb59a/prints/pp2/W502003.webp
Силиконовые чехлы,Samsung Galaxy S26,A:502007,W502007,ПП2,4978748252,25,https://s3.twcstorage.ru/35ffc2ef-1e09-463d-a2c4-c183d5deb59a/prints/pp2/W502007.webp
Матовые цветные чехлы для печати,Samsung Galaxy S26,A:506331,W5063311,ПП2,4978748076,17,https://s3.twcstorage.ru/35ffc2ef-1e09-463d-a2c4-c183d5deb59a/prints/pp2/W5063311.webp
Силиконовые чехлы,Samsung Galaxy S26,A:506334,W506334,ПП2,4978746133,14,https://s3.twcstorage.ru/35ffc2ef-1e09-463d-a2c4-c183d5deb59a/prints/pp2/W5063341.webp
Силиконовые чехлы,Samsung Galaxy S26 Plus,A:501962,W501962,ПП2,4978750976,31,https://s3.twcstorage.ru/35ffc2ef-1e09-463d-a2c4-c183d5deb59a/prints/pp2/W501962.webp
Силиконовые чехлы,Samsung Galaxy S26 Plus,A:502010,W502010,ПП2,4978753923,3,https://s3.twcstorage.ru/35ffc2ef-1e09-463d-a2c4-c183d5deb59a/prints/pp2/W502010.webp
Силиконовые чехлы,Samsung Galaxy S26 Plus,A:502012,W502012,ПП2,4978750139,12,https://s3.twcstorage.ru/35ffc2ef-1e09-463d-a2c4-c183d5deb59a/prints/pp2/W502012.webp
Силиконовые чехлы,Samsung Galaxy S26 Plus,A:502047,W502047,ПП2,4978751478,36,https://s3.twcstorage.ru/35ffc2ef-1e09-463d-a2c4-c183d5deb59a/prints/pp2/W502047.webp
Матовые цветные чехлы для печати,Samsung Galaxy S26 Plus,A:506332,W5063321,ПП2,4978746543,14,https://s3.twcstorage.ru/35ffc2ef-1e09-463d-a2c4-c183d5deb59a/prints/pp2/W5063321.webp
Силиконовые чехлы,Samsung Galaxy S26 Plus,A:506374,W506374,ПП2,4978748376,34,https://s3.twcstorage.ru/35ffc2ef-1e09-463d-a2c4-c183d5deb59a/prints/pp2/W506374.webp
Силиконовые чехлы,Samsung Galaxy S26 Ultra,A:501960,W501960,ПП2,4978748162,29,https://s3.twcstorage.ru/35ffc2ef-1e09-463d-a2c4-c183d5deb59a/prints/pp2/W501960.webp
Силиконовые чехлы,Samsung Galaxy S26 Ultra,A:501978,Q501978,ПП2,4978746367,2,https://s3.twcstorage.ru/35ffc2ef-1e09-463d-a2c4-c183d5deb59a/prints/pp2/Q5019781.webp
Силиконовые чехлы,Samsung Galaxy S26 Ultra,A:502005,W502005,ПП2,4978746448,94,https://s3.twcstorage.ru/35ffc2ef-1e09-463d-a2c4-c183d5deb59a/prints/pp2/W502005.webp
Матовые цветные чехлы для печати,Samsung Galaxy S26 Ultra,A:502006,W502006,ПП2,4978746143,21,https://s3.twcstorage.ru/35ffc2ef-1e09-463d-a2c4-c183d5deb59a/prints/pp2/W502006.webp
Силиконовые чехлы,Samsung Galaxy S26 Ultra,A:502007,W502007,ПП2,4978746998,25,https://s3.twcstorage.ru/35ffc2ef-1e09-463d-a2c4-c183d5deb59a/prints/pp2/W502007.webp
Силиконовые чехлы,Samsung Galaxy S26 Ultra,A:502009,W502009,ПП2,4978746349,5,https://s3.twcstorage.ru/35ffc2ef-1e09-463d-a2c4-c183d5deb59a/prints/pp2/W502009.webp
Силиконовые чехлы,Samsung Galaxy S26 Ultra,A:502010,W502010,ПП2,4978748254,3,https://s3.twcstorage.ru/35ffc2ef-1e09-463d-a2c4-c183d5deb59a/prints/pp2/W502010.webp
Силиконовые чехлы,Samsung Galaxy S26 Ultra,A:502014,W502014,ПП2,4978749169,1,https://s3.twcstorage.ru/35ffc2ef-1e09-463d-a2c4-c183d5deb59a/prints/pp2/W502014.webp
Матовые цветные чехлы для печати,Samsung Galaxy S26 Ultra,A:502029,W502029,ПП2,4978746471,9,https://s3.twcstorage.ru/35ffc2ef-1e09-463d-a2c4-c183d5deb59a/prints/pp2/W502029.webp
Силиконовые чехлы,Samsung Galaxy S26 Ultra,A:502031,W502031,ПП2,4978749512,27,https://s3.twcstorage.ru/35ffc2ef-1e09-463d-a2c4-c183d5deb59a/prints/pp2/W502031.webp
Силиконовые чехлы,Samsung Galaxy S26 Ultra,A:502033,W502033,ПП2,4978746739,53,https://s3.twcstorage.ru/35ffc2ef-1e09-463d-a2c4-c183d5deb59a/prints/pp2/W502033.webp
Силиконовые чехлы,Samsung Galaxy S26 Ultra,A:502049,W502049,ПП2,4978746442,49,https://s3.twcstorage.ru/35ffc2ef-1e09-463d-a2c4-c183d5deb59a/prints/pp2/Y502049.webp
Матовые цветные чехлы для печати,Samsung Galaxy S26 Ultra,A:502065,W502065,ПП2,4978746596,2,https://s3.twcstorage.ru/35ffc2ef-1e09-463d-a2c4-c183d5deb59a/prints/pp2/W502065.webp
Силиконовые чехлы,Samsung Galaxy S26 Ultra,A:502067,W502067,ПП2,4978747113,28,https://s3.twcstorage.ru/35ffc2ef-1e09-463d-a2c4-c183d5deb59a/prints/pp2/W5020671.webp
Силиконовые чехлы,Samsung Galaxy S26 Ultra,A:506329,W506329,ПП2,4978746964,43,https://s3.twcstorage.ru/35ffc2ef-1e09-463d-a2c4-c183d5deb59a/prints/pp2/W5063291.webp
Матовые цветные чехлы для печати,Samsung Galaxy S26 Ultra,A:506330,W5063301,ПП2,4978747139,32,https://s3.twcstorage.ru/35ffc2ef-1e09-463d-a2c4-c183d5deb59a/prints/pp2/W5063301.webp
Силиконовые чехлы,Samsung Galaxy S26 Ultra,A:506331,W506331,ПП2,4978749202,19,https://s3.twcstorage.ru/35ffc2ef-1e09-463d-a2c4-c183d5deb59a/prints/pp2/W5063311.webp
Силиконовые чехлы,Samsung Galaxy S26 Ultra,A:506332,W506332,ПП2,4978748997,11,https://s3.twcstorage.ru/35ffc2ef-1e09-463d-a2c4-c183d5deb59a/prints/pp2/W5063321.webp
Силиконовые чехлы,Samsung Galaxy S26 Ultra,A:506334,W506334,ПП2,4978746028,14,https://s3.twcstorage.ru/35ffc2ef-1e09-463d-a2c4-c183d5deb59a/prints/pp2/W5063341.webp
Матовые цветные чехлы для печати,Samsung Galaxy S26 Ultra,A:506339,W5063391,ПП2,4978747309,29,https://s3.twcstorage.ru/35ffc2ef-1e09-463d-a2c4-c183d5deb59a/prints/pp2/W5063391.webp
Силиконовые чехлы,Samsung Galaxy S26 Ultra,A:506373,W506373,ПП2,4978746903,37,https://s3.twcstorage.ru/35ffc2ef-1e09-463d-a2c4-c183d5deb59a/prints/pp2/W506373.webp
Силиконовые чехлы,Samsung Galaxy S26 Ultra,A:506374,W506374,ПП2,4978749254,34,https://s3.twcstorage.ru/35ffc2ef-1e09-463d-a2c4-c183d5deb59a/prints/pp2/W506374.webp
Силиконовые чехлы,Tecno Camon 20/20 Pro 4G,A:501951,W501951,ПП2,3346001092,7,https://s3.twcstorage.ru/35ffc2ef-1e09-463d-a2c4-c183d5deb59a/prints/pp2/W501951.webp
Силиконовые чехлы,Tecno Camon 20/20 Pro 4G,A:501968,W501968,ПП2,3346000997,91,https://s3.twcstorage.ru/35ffc2ef-1e09-463d-a2c4-c183d5deb59a/prints/pp2/W501968.webp
Силиконовые чехлы,Tecno Camon 20/20 Pro 4G,A:501974,Q501974,ПП2,3346001172,74,https://s3.twcstorage.ru/35ffc2ef-1e09-463d-a2c4-c183d5deb59a/prints/pp2/Q501974.webp
Силиконовые чехлы,Tecno Camon 20/20 Pro 4G,A:502010,W502010,ПП2,3346000925,3,https://s3.twcstorage.ru/35ffc2ef-1e09-463d-a2c4-c183d5deb59a/prints/pp2/W502010.webp
Силиконовые чехлы,Tecno Camon 20/20 Pro 4G,A:502031,W502031,ПП2,3346000819,27,https://s3.twcstorage.ru/35ffc2ef-1e09-463d-a2c4-c183d5deb59a/prints/pp2/W502031.webp
Силиконовые чехлы,Tecno Camon 30S,A:501965,Q501965,ПП2,3346127215,73,https://s3.twcstorage.ru/35ffc2ef-1e09-463d-a2c4-c183d5deb59a/prints/pp2/Q5019651.webp
Силиконовые чехлы,Tecno Camon 30S,A:501993,Q501993,ПП2,3346127044,21,https://s3.twcstorage.ru/35ffc2ef-1e09-463d-a2c4-c183d5deb59a/prints/pp2/Q5019931.webp
Матовые цветные чехлы для печати,Tecno Camon 30S,A:506372,W506372,ПП2,4897203631,25,https://s3.twcstorage.ru/35ffc2ef-1e09-463d-a2c4-c183d5deb59a/prints/pp2/W506372.webp
Силиконовые чехлы,Tecno Camon 40,A:501965,Q501965,ПП2,3280726771,73,https://s3.twcstorage.ru/35ffc2ef-1e09-463d-a2c4-c183d5deb59a/prints/pp2/Q5019651.webp
Стеклянные чехлы,Tecno Camon 40,A:501978,Q5019781,ПП2,3277030950,2,https://s3.twcstorage.ru/35ffc2ef-1e09-463d-a2c4-c183d5deb59a/prints/pp2/Q5019781.webp
Силиконовые чехлы,Tecno Camon 40,A:501993,Q501993,ПП2,3280730579,21,https://s3.twcstorage.ru/35ffc2ef-1e09-463d-a2c4-c183d5deb59a/prints/pp2/Q5019931.webp
Силиконовые чехлы,Tecno Camon 40,A:502021,W502021,ПП2,3280728460,116,https://s3.twcstorage.ru/35ffc2ef-1e09-463d-a2c4-c183d5deb59a/prints/pp2/Y502021.webp
Силиконовые чехлы,Tecno Camon 40 Pro,A:501980,Q501980,ПП2,3346282228,4,https://s3.twcstorage.ru/35ffc2ef-1e09-463d-a2c4-c183d5deb59a/prints/pp2/Q5019801.webp
Белые софт-тач,Tecno Camon 40 Pro,A:502053,W502053,ПП2,3277261109,1,https://s3.twcstorage.ru/35ffc2ef-1e09-463d-a2c4-c183d5deb59a/prints/pp2/W502053.webp
Силиконовые чехлы,Tecno Camon 40 Pro 5G,A:501980,Q501980,ПП2,3289255199,4,https://s3.twcstorage.ru/35ffc2ef-1e09-463d-a2c4-c183d5deb59a/prints/pp2/Q5019801.webp
Силиконовые чехлы,Tecno Camon 40 Pro 5G,A:501993,Q501993,ПП2,3289257805,21,https://s3.twcstorage.ru/35ffc2ef-1e09-463d-a2c4-c183d5deb59a/prints/pp2/Q5019931.webp
Матовые цветные чехлы для печати,Tecno Camon 40 Pro 5G,A:502002,W502002,ПП2,3277199962,60,https://s3.twcstorage.ru/35ffc2ef-1e09-463d-a2c4-c183d5deb59a/prints/pp2/W502002.webp
Матовые цветные чехлы для печати,Tecno Camon 40 Pro 5G,A:502048,W502048,ПП2,3277198322,36,https://s3.twcstorage.ru/35ffc2ef-1e09-463d-a2c4-c183d5deb59a/prints/pp2/Y502048.webp
Матовые цветные чехлы для печати,Tecno Pova 5,A:501935,W501935,ПП2,3277155223,77,https://s3.twcstorage.ru/35ffc2ef-1e09-463d-a2c4-c183d5deb59a/prints/pp2/W501935.webp
Матовые цветные чехлы для печати,Tecno Pova 5,A:501947,W501947,ПП2,3277155036,5,https://s3.twcstorage.ru/35ffc2ef-1e09-463d-a2c4-c183d5deb59a/prints/pp2/W501947.webp
Силиконовые чехлы,Tecno Pova 5,A:501967,Q501967,ПП2,3345728169,136,https://s3.twcstorage.ru/35ffc2ef-1e09-463d-a2c4-c183d5deb59a/prints/pp2/W501967.webp
Силиконовые чехлы,Tecno Pova 5,A:501978,Q501978,ПП2,3345728186,2,https://s3.twcstorage.ru/35ffc2ef-1e09-463d-a2c4-c183d5deb59a/prints/pp2/Q5019781.webp
Силиконовые чехлы,Tecno Pova 5,A:501982,Q501982,ПП2,3345734416,138,https://s3.twcstorage.ru/35ffc2ef-1e09-463d-a2c4-c183d5deb59a/prints/pp2/Y501982.webp
Силиконовые чехлы,Tecno Pova 5,A:501985,Q501985,ПП2,3345735153,113,https://s3.twcstorage.ru/35ffc2ef-1e09-463d-a2c4-c183d5deb59a/prints/pp2/Y501985.webp
Силиконовые чехлы,Tecno Pova 5,A:502010,W502010,ПП2,3345728370,3,https://s3.twcstorage.ru/35ffc2ef-1e09-463d-a2c4-c183d5deb59a/prints/pp2/W502010.webp
Матовые цветные чехлы для печати,Tecno Pova 5,A:502035,W502035,ПП2,3277155396,31,https://s3.twcstorage.ru/35ffc2ef-1e09-463d-a2c4-c183d5deb59a/prints/pp2/W502035.webp
Матовые цветные чехлы для печати,Tecno Pova 5,A:502048,W502048,ПП2,3277154733,36,https://s3.twcstorage.ru/35ffc2ef-1e09-463d-a2c4-c183d5deb59a/prints/pp2/Y502048.webp
Матовые цветные чехлы для печати,Tecno Pova 5,A:502055,W502055,ПП2,3277154686,1000000,https://s3.twcstorage.ru/35ffc2ef-1e09-463d-a2c4-c183d5deb59a/prints/pp2/W502055.webp
Матовые цветные чехлы для печати,Tecno Pova 5,A:502065,W502065,ПП2,3277155032,2,https://s3.twcstorage.ru/35ffc2ef-1e09-463d-a2c4-c183d5deb59a/prints/pp2/W502065.webp
Силиконовые чехлы,Tecno Pova 6,A:501951,W501951,ПП2,3346032242,7,https://s3.twcstorage.ru/35ffc2ef-1e09-463d-a2c4-c183d5deb59a/prints/pp2/W501951.webp
Силиконовые чехлы,Tecno Pova 6,A:501980,Q501980,ПП2,3346029692,4,https://s3.twcstorage.ru/35ffc2ef-1e09-463d-a2c4-c183d5deb59a/prints/pp2/Q5019801.webp
Силиконовые чехлы,Tecno Pova 6,A:502014,W502014,ПП2,3346032386,1,https://s3.twcstorage.ru/35ffc2ef-1e09-463d-a2c4-c183d5deb59a/prints/pp2/W502014.webp
Силиконовые чехлы,Tecno Pova 6 Neo,A:501946,C501946,ПП2,3295479457,48,https://s3.twcstorage.ru/35ffc2ef-1e09-463d-a2c4-c183d5deb59a/prints/pp2/W501946.webp
Силиконовые чехлы,Tecno Pova 6 Neo,A:501951,C501951,ПП2,3295479566,7,https://s3.twcstorage.ru/35ffc2ef-1e09-463d-a2c4-c183d5deb59a/prints/pp2/W501951.webp
Матовые цветные чехлы для печати,Tecno Pova 6 Neo,A:501956,W501956,ПП2,3277138860,1000000,https://s3.twcstorage.ru/35ffc2ef-1e09-463d-a2c4-c183d5deb59a/prints/pp2/W501956.webp
Силиконовые чехлы,Tecno Pova 6 Neo,A:501978,Q501978,ПП2,3295476782,2,https://s3.twcstorage.ru/35ffc2ef-1e09-463d-a2c4-c183d5deb59a/prints/pp2/Q5019781.webp
Силиконовые чехлы,Tecno Pova 6 Pro 5G,A:501931,W501931,ПП2,3280814211,89,https://s3.twcstorage.ru/35ffc2ef-1e09-463d-a2c4-c183d5deb59a/prints/pp2/W501931.webp
Силиконовые чехлы,Tecno Pova 6 Pro 5G,A:501980,Q501980,ПП2,3280813635,4,https://s3.twcstorage.ru/35ffc2ef-1e09-463d-a2c4-c183d5deb59a/prints/pp2/Q5019801.webp
Силиконовые чехлы,Tecno Pova 7 5G,A:501942,C501942,ПП2,3347047306,108,https://s3.twcstorage.ru/35ffc2ef-1e09-463d-a2c4-c183d5deb59a/prints/pp2/S501942.webp
Силиконовые чехлы,Tecno Pova 7 5G,A:501957,C501957,ПП2,3347047208,17,https://s3.twcstorage.ru/35ffc2ef-1e09-463d-a2c4-c183d5deb59a/prints/pp2/W501957.webp
Матовые цветные чехлы для печати,Tecno Pova 7 5G,A:501997,W501997,ПП2,3277159510,43,https://s3.twcstorage.ru/35ffc2ef-1e09-463d-a2c4-c183d5deb59a/prints/pp2/Y501997.webp
Матовые цветные чехлы для печати,Tecno Pova 7 5G,A:506343,W5063431,ПП2,4900419023,87,https://s3.twcstorage.ru/35ffc2ef-1e09-463d-a2c4-c183d5deb59a/prints/pp2/W5063431.webp
Силиконовые чехлы,Tecno Pova 7 Pro 5G,A:501978,Q501978,ПП2,3345671303,2,https://s3.twcstorage.ru/35ffc2ef-1e09-463d-a2c4-c183d5deb59a/prints/pp2/Q5019781.webp
Силиконовые чехлы,Tecno Pova 7 Pro 5G,A:501980,Q501980,ПП2,3345671771,4,https://s3.twcstorage.ru/35ffc2ef-1e09-463d-a2c4-c183d5deb59a/prints/pp2/Q5019801.webp
Силиконовые чехлы,Tecno Pova 7 Pro 5G,A:501988,Q501988,ПП2,3345686597,115,https://s3.twcstorage.ru/35ffc2ef-1e09-463d-a2c4-c183d5deb59a/prints/pp2/Y501988.webp
Матовые цветные чехлы для печати,Tecno Pova 7 Pro 5G,A:502006,W502006,ПП2,3277150197,21,https://s3.twcstorage.ru/35ffc2ef-1e09-463d-a2c4-c183d5deb59a/prints/pp2/W502006.webp
Матовые цветные чехлы для печати,Tecno Pova 7 Pro 5G,A:502014,W502014,ПП2,3277150170,3,https://s3.twcstorage.ru/35ffc2ef-1e09-463d-a2c4-c183d5deb59a/prints/pp2/W502014.webp
Матовые цветные чехлы для печати,Tecno Pova 7 Pro 5G,A:502029,W502029,ПП2,3277150434,9,https://s3.twcstorage.ru/35ffc2ef-1e09-463d-a2c4-c183d5deb59a/prints/pp2/W502029.webp
Матовые цветные чехлы для печати,Tecno Pova 7 Pro 5G,A:502034,W502034,ПП2,3277150728,1000000,https://s3.twcstorage.ru/35ffc2ef-1e09-463d-a2c4-c183d5deb59a/prints/pp2/W502034.webp
Матовые цветные чехлы для печати,Tecno Pova 7 Pro 5G,A:502054,W502054,ПП2,3277150343,64,https://s3.twcstorage.ru/35ffc2ef-1e09-463d-a2c4-c183d5deb59a/prints/pp2/W502054.webp
Матовые цветные чехлы для печати,Tecno Pova 7 Pro 5G,A:502063,W502063,ПП2,3277150241,1000000,https://s3.twcstorage.ru/35ffc2ef-1e09-463d-a2c4-c183d5deb59a/prints/pp2/W502063.webp
Матовые цветные чехлы для печати,Tecno Pova 7 Pro 5G,A:502067,W5020671,ПП2,3277150403,28,https://s3.twcstorage.ru/35ffc2ef-1e09-463d-a2c4-c183d5deb59a/prints/pp2/W5020671.webp
Силиконовые чехлы,Tecno Pova 7 Pro 5G,A:506346,W506346,ПП2,4896236089,79,https://s3.twcstorage.ru/35ffc2ef-1e09-463d-a2c4-c183d5deb59a/prints/pp2/W506346.webp
Объемные матовые чехлы коричневые,Tecno Pova 7/7 Neo,A:501927,W501927,ПП2,4998357590,1000000,https://s3.twcstorage.ru/35ffc2ef-1e09-463d-a2c4-c183d5deb59a/prints/pp2/W501927.webp
Матовые цветные чехлы для печати,Tecno Pova 7/7 Neo,A:502004,W502004,ПП2,3277202133,1000000,https://s3.twcstorage.ru/35ffc2ef-1e09-463d-a2c4-c183d5deb59a/prints/pp2/W502004.webp
Силиконовые чехлы,Tecno Pova 7/7 Neo,A:502008,W502008,ПП2,3295408794,6,https://s3.twcstorage.ru/35ffc2ef-1e09-463d-a2c4-c183d5deb59a/prints/pp2/W502008.webp
Матовые цветные чехлы для печати,Tecno Pova 7/7 Neo,A:502009,W502009,ПП2,3277201259,22,https://s3.twcstorage.ru/35ffc2ef-1e09-463d-a2c4-c183d5deb59a/prints/pp2/W502009.webp
Силиконовые чехлы,Tecno Pova 7/7 Neo,A:502016,W502016,ПП2,3295408521,68,https://s3.twcstorage.ru/35ffc2ef-1e09-463d-a2c4-c183d5deb59a/prints/pp2/W502016.webp
Матовые цветные чехлы для печати,Tecno Pova 7/7 Neo,A:502018,W502018,ПП2,3277202772,62,https://s3.twcstorage.ru/35ffc2ef-1e09-463d-a2c4-c183d5deb59a/prints/pp2/W502018.webp
Силиконовые чехлы,Tecno Pova 7/7 Neo,A:502035,W502035,ПП2,3295408219,30,https://s3.twcstorage.ru/35ffc2ef-1e09-463d-a2c4-c183d5deb59a/prints/pp2/W502035.webp
Объемные матовые чехлы коричневые,Tecno Pova 7/7 Neo,A:502037,W502037,ПП2,4998356206,1000000,https://s3.twcstorage.ru/35ffc2ef-1e09-463d-a2c4-c183d5deb59a/prints/pp2/W502037.webp
Матовые цветные чехлы для печати,Tecno Pova 7/7 Neo,A:506334,W5063341,ПП2,4896275465,24,https://s3.twcstorage.ru/35ffc2ef-1e09-463d-a2c4-c183d5deb59a/prints/pp2/W5063341.webp
Объемные матовые чехлы черные,Tecno Pova 7/7 Neo,A:506336,W5063361,ПП2,4998380379,6,https://s3.twcstorage.ru/35ffc2ef-1e09-463d-a2c4-c183d5deb59a/prints/pp2/W5063361.webp
Силиконовые чехлы,Tecno Pova 7/7 Neo,A:506384,Q506384,ПП2,4896353472,84,https://s3.twcstorage.ru/35ffc2ef-1e09-463d-a2c4-c183d5deb59a/prints/pp2/Q5063841.webp
Стеклянные чехлы,Tecno Spark 10 4G,A:501979,Q5019791,ПП2,3277034070,6,https://s3.twcstorage.ru/35ffc2ef-1e09-463d-a2c4-c183d5deb59a/prints/pp2/Q5019791.webp
Стеклянные чехлы,Tecno Spark 10 4G,A:501980,Q5019801,ПП2,3277034329,1,https://s3.twcstorage.ru/35ffc2ef-1e09-463d-a2c4-c183d5deb59a/prints/pp2/Q5019801.webp
Силиконовые чехлы,Tecno Spark 10 Pro,A:501980,Q501980,ПП2,3346032956,4,https://s3.twcstorage.ru/35ffc2ef-1e09-463d-a2c4-c183d5deb59a/prints/pp2/Q5019801.webp
Стеклянные чехлы,Tecno Spark 10 Pro,A:501988,Y501988,ПП2,3277132686,12,https://s3.twcstorage.ru/35ffc2ef-1e09-463d-a2c4-c183d5deb59a/prints/pp2/Y501988.webp
Силиконовые чехлы,Tecno Spark 10 Pro,A:502050,W502050,ПП2,3346033423,77,https://s3.twcstorage.ru/35ffc2ef-1e09-463d-a2c4-c183d5deb59a/prints/pp2/Y502050.webp
Силиконовые чехлы,Tecno Spark 10 Pro,A:506336,W506336,ПП2,4895220031,44,https://s3.twcstorage.ru/35ffc2ef-1e09-463d-a2c4-c183d5deb59a/prints/pp2/W5063361.webp
Силиконовые чехлы,Tecno Spark 10 Pro,A:506340,W506340,ПП2,4895273945,15,https://s3.twcstorage.ru/35ffc2ef-1e09-463d-a2c4-c183d5deb59a/prints/pp2/W5063401.webp
Матовые цветные чехлы для печати,Tecno Spark 10/10C,A:501947,W501947,ПП2,3277145347,5,https://s3.twcstorage.ru/35ffc2ef-1e09-463d-a2c4-c183d5deb59a/prints/pp2/W501947.webp
Силиконовые чехлы,Tecno Spark 10/10C,A:501993,Q501993,ПП2,3345607141,21,https://s3.twcstorage.ru/35ffc2ef-1e09-463d-a2c4-c183d5deb59a/prints/pp2/Q5019931.webp
Силиконовые чехлы,Tecno Spark 10/10C,A:502007,W502007,ПП2,3345612458,25,https://s3.twcstorage.ru/35ffc2ef-1e09-463d-a2c4-c183d5deb59a/prints/pp2/W502007.webp
Объемные матовые чехлы коричневые,Tecno Spark 10/10C,A:502053,W502053,ПП2,4998240010,1000000,https://s3.twcstorage.ru/35ffc2ef-1e09-463d-a2c4-c183d5deb59a/prints/pp2/W502053.webp
Объемные матовые чехлы коричневые,Tecno Spark 10/10C,A:502065,W502065,ПП2,4998235739,1000000,https://s3.twcstorage.ru/35ffc2ef-1e09-463d-a2c4-c183d5deb59a/prints/pp2/W502065.webp
Матовые цветные чехлы для печати,Tecno Spark 20,A:501930,W501930,ПП2,3277161928,75,https://s3.twcstorage.ru/35ffc2ef-1e09-463d-a2c4-c183d5deb59a/prints/pp2/W501930.webp
Матовые цветные чехлы для печати,Tecno Spark 20,A:501935,W501935,ПП2,3277161990,77,https://s3.twcstorage.ru/35ffc2ef-1e09-463d-a2c4-c183d5deb59a/prints/pp2/W501935.webp
Силиконовые чехлы,Tecno Spark 20,A:501959,C501959,ПП2,3345813889,134,https://s3.twcstorage.ru/35ffc2ef-1e09-463d-a2c4-c183d5deb59a/prints/pp2/S501959.webp
Силиконовые чехлы,Tecno Spark 20,A:501984,Q501984,ПП2,3345814427,140,https://s3.twcstorage.ru/35ffc2ef-1e09-463d-a2c4-c183d5deb59a/prints/pp2/Y501984.webp
Силиконовые чехлы,Tecno Spark 20,A:501987,Q501987,ПП2,3345813071,114,https://s3.twcstorage.ru/35ffc2ef-1e09-463d-a2c4-c183d5deb59a/prints/pp2/Y501987.webp
Силиконовые чехлы,Tecno Spark 20,A:501988,Q501988,ПП2,3345814726,115,https://s3.twcstorage.ru/35ffc2ef-1e09-463d-a2c4-c183d5deb59a/prints/pp2/Y501988.webp
Силиконовые чехлы,Tecno Spark 20,A:502014,W502014,ПП2,3345812006,1,https://s3.twcstorage.ru/35ffc2ef-1e09-463d-a2c4-c183d5deb59a/prints/pp2/W502014.webp
Матовые цветные чехлы для печати,Tecno Spark 20,A:502021,W502021,ПП2,3277161963,82,https://s3.twcstorage.ru/35ffc2ef-1e09-463d-a2c4-c183d5deb59a/prints/pp2/Y502021.webp
Матовые цветные чехлы для печати,Tecno Spark 20,A:502031,W502031,ПП2,3277162263,84,https://s3.twcstorage.ru/35ffc2ef-1e09-463d-a2c4-c183d5deb59a/prints/pp2/W502031.webp
Силиконовые чехлы,Tecno Spark 20,A:502034,W502034,ПП2,3345815333,118,https://s3.twcstorage.ru/35ffc2ef-1e09-463d-a2c4-c183d5deb59a/prints/pp2/W502034.webp
Силиконовые чехлы,Tecno Spark 20,A:502050,W502050,ПП2,3345808595,77,https://s3.twcstorage.ru/35ffc2ef-1e09-463d-a2c4-c183d5deb59a/prints/pp2/Y502050.webp
Матовые цветные чехлы для печати,Tecno Spark 20,A:502054,W502054,ПП2,3277162030,64,https://s3.twcstorage.ru/35ffc2ef-1e09-463d-a2c4-c183d5deb59a/prints/pp2/W502054.webp
Силиконовые чехлы,Tecno Spark 20,A:502055,W502055,ПП2,3345811485,96,https://s3.twcstorage.ru/35ffc2ef-1e09-463d-a2c4-c183d5deb59a/prints/pp2/W502055.webp
Силиконовые чехлы,Tecno Spark 20,A:502060,W502060,ПП2,3345814720,1000000,https://s3.twcstorage.ru/35ffc2ef-1e09-463d-a2c4-c183d5deb59a/prints/pp2/W502060.webp
Стеклянные чехлы,Tecno Spark 20 Pro Plus,A:501978,Q5019781,ПП2,3277031704,2,https://s3.twcstorage.ru/35ffc2ef-1e09-463d-a2c4-c183d5deb59a/prints/pp2/Q5019781.webp
Силиконовые чехлы,Tecno Spark 30,A:501931,C501931,ПП2,3295417192,89,https://s3.twcstorage.ru/35ffc2ef-1e09-463d-a2c4-c183d5deb59a/prints/pp2/W501931.webp
Силиконовые чехлы,Tecno Spark 30,A:501942,C501942,ПП2,3295419004,108,https://s3.twcstorage.ru/35ffc2ef-1e09-463d-a2c4-c183d5deb59a/prints/pp2/S501942.webp
Силиконовые чехлы,Tecno Spark 30,A:501970,Q501970,ПП2,3295418826,1000000,https://s3.twcstorage.ru/35ffc2ef-1e09-463d-a2c4-c183d5deb59a/prints/pp2/W501970.webp
Матовые цветные чехлы для печати,Tecno Spark 30,A:502005,W502005,ПП2,3277206167,61,https://s3.twcstorage.ru/35ffc2ef-1e09-463d-a2c4-c183d5deb59a/prints/pp2/W502005.webp
Силиконовые чехлы,Tecno Spark 30,A:502009,W502009,ПП2,3295421288,5,https://s3.twcstorage.ru/35ffc2ef-1e09-463d-a2c4-c183d5deb59a/prints/pp2/W502009.webp
Матовые цветные чехлы для печати,Tecno Spark 30,A:502010,W502010,ПП2,3277204285,6,https://s3.twcstorage.ru/35ffc2ef-1e09-463d-a2c4-c183d5deb59a/prints/pp2/W502010.webp
Силиконовые чехлы,Tecno Spark 30,A:502030,W502030,ПП2,3295417346,26,https://s3.twcstorage.ru/35ffc2ef-1e09-463d-a2c4-c183d5deb59a/prints/pp2/W502030.webp
Матовые цветные чехлы для печати,Tecno Spark 30,A:502031,W502031,ПП2,3277203923,84,https://s3.twcstorage.ru/35ffc2ef-1e09-463d-a2c4-c183d5deb59a/prints/pp2/W502031.webp
Матовые цветные чехлы для печати,Tecno Spark 30,A:502056,W502056,ПП2,3277204092,47,https://s3.twcstorage.ru/35ffc2ef-1e09-463d-a2c4-c183d5deb59a/prints/pp2/W502056.webp
Силиконовые чехлы,Tecno Spark 30,A:506332,W506332,ПП2,4896426940,11,https://s3.twcstorage.ru/35ffc2ef-1e09-463d-a2c4-c183d5deb59a/prints/pp2/W5063321.webp
Силиконовые чехлы,Tecno Spark 30 Pro,A:501978,Q501978,ПП2,3280886276,2,https://s3.twcstorage.ru/35ffc2ef-1e09-463d-a2c4-c183d5deb59a/prints/pp2/Q5019781.webp
Силиконовые чехлы,Tecno Spark 30C,A:501943,C501943,ПП2,3280773470,109,https://s3.twcstorage.ru/35ffc2ef-1e09-463d-a2c4-c183d5deb59a/prints/pp2/S501943.webp
Силиконовые чехлы,Tecno Spark 40,A:501960,W501960,ПП2,3346140676,29,https://s3.twcstorage.ru/35ffc2ef-1e09-463d-a2c4-c183d5deb59a/prints/pp2/W501960.webp
Силиконовые чехлы,Tecno Spark 40,A:501988,Q501988,ПП2,3346136546,115,https://s3.twcstorage.ru/35ffc2ef-1e09-463d-a2c4-c183d5deb59a/prints/pp2/Y501988.webp
Силиконовые чехлы,Tecno Spark 40 Pro,A:501938,C501938,ПП2,3280794551,130,https://s3.twcstorage.ru/35ffc2ef-1e09-463d-a2c4-c183d5deb59a/prints/pp2/W501938.webp
Силиконовые чехлы,Tecno Spark 40 Pro,A:501943,C501943,ПП2,3280794920,109,https://s3.twcstorage.ru/35ffc2ef-1e09-463d-a2c4-c183d5deb59a/prints/pp2/S501943.webp
Силиконовые чехлы,Tecno Spark 40 Pro,A:501951,W501951,ПП2,3280794221,7,https://s3.twcstorage.ru/35ffc2ef-1e09-463d-a2c4-c183d5deb59a/prints/pp2/W501951.webp
Силиконовые чехлы,Tecno Spark 40 Pro,A:502005,W502005,ПП2,3280794432,94,https://s3.twcstorage.ru/35ffc2ef-1e09-463d-a2c4-c183d5deb59a/prints/pp2/W502005.webp
Силиконовые чехлы,Tecno Spark 40 Pro,A:502006,W502006,ПП2,3280794304,40,https://s3.twcstorage.ru/35ffc2ef-1e09-463d-a2c4-c183d5deb59a/prints/pp2/W502006.webp
Силиконовые чехлы,Tecno Spark 40 Pro,A:502016,W502016,ПП2,3280794518,68,https://s3.twcstorage.ru/35ffc2ef-1e09-463d-a2c4-c183d5deb59a/prints/pp2/W502016.webp
Силиконовые чехлы,Tecno Spark 40 Pro,A:502020,W502020,ПП2,3280794461,88,https://s3.twcstorage.ru/35ffc2ef-1e09-463d-a2c4-c183d5deb59a/prints/pp2/W502020.webp
Силиконовые чехлы,Tecno Spark 40 Pro,A:502064,W502064,ПП2,3280794381,121,https://s3.twcstorage.ru/35ffc2ef-1e09-463d-a2c4-c183d5deb59a/prints/pp2/W502064.webp
Силиконовые чехлы,Tecno Spark 40 Pro+,A:501938,W501938,ПП2,3280860409,130,https://s3.twcstorage.ru/35ffc2ef-1e09-463d-a2c4-c183d5deb59a/prints/pp2/W501938.webp
Силиконовые чехлы,Tecno Spark 40 Pro+,A:501965,Q501965,ПП2,3280857604,73,https://s3.twcstorage.ru/35ffc2ef-1e09-463d-a2c4-c183d5deb59a/prints/pp2/Q5019651.webp
Силиконовые чехлы,Tecno Spark 40 Pro+,A:501993,Q501993,ПП2,3280859434,21,https://s3.twcstorage.ru/35ffc2ef-1e09-463d-a2c4-c183d5deb59a/prints/pp2/Q5019931.webp
Силиконовые чехлы,Tecno Spark 40 Pro+,A:502065,W502065,ПП2,3280857450,22,https://s3.twcstorage.ru/35ffc2ef-1e09-463d-a2c4-c183d5deb59a/prints/pp2/W502065.webp
Силиконовые чехлы,Tecno Spark 40C,A:501949,C501949,ПП2,3290509072,60,https://s3.twcstorage.ru/35ffc2ef-1e09-463d-a2c4-c183d5deb59a/prints/pp2/W501949.webp
Матовые цветные чехлы для печати,Tecno Spark 40C,A:501957,W501957,ПП2,3277203554,7,https://s3.twcstorage.ru/35ffc2ef-1e09-463d-a2c4-c183d5deb59a/prints/pp2/W501957.webp
Матовые цветные чехлы для печати,Tecno Spark 40C,A:502014,W502014,ПП2,3277203778,3,https://s3.twcstorage.ru/35ffc2ef-1e09-463d-a2c4-c183d5deb59a/prints/pp2/W502014.webp
Белые софт-тач,Tecno Spark 40C,A:502052,W502052,ПП2,3837407227,2,https://s3.twcstorage.ru/35ffc2ef-1e09-463d-a2c4-c183d5deb59a/prints/pp2/W502052.webp
Белые софт-тач,Tecno Spark 40C,A:502053,W502053,ПП2,3837407822,1,https://s3.twcstorage.ru/35ffc2ef-1e09-463d-a2c4-c183d5deb59a/prints/pp2/W502053.webp
Силиконовые чехлы,Tecno Spark 40C,A:502061,W502061,ПП2,3290511020,147,https://s3.twcstorage.ru/35ffc2ef-1e09-463d-a2c4-c183d5deb59a/prints/pp2/Y502061.webp
Матовые цветные чехлы для печати,Tecno Spark 40C,A:502067,W5020671,ПП2,3277203569,28,https://s3.twcstorage.ru/35ffc2ef-1e09-463d-a2c4-c183d5deb59a/prints/pp2/W5020671.webp
Матовые цветные чехлы для печати,Tecno Spark 40C,A:506332,W5063321,ПП2,4896152409,14,https://s3.twcstorage.ru/35ffc2ef-1e09-463d-a2c4-c183d5deb59a/prints/pp2/W5063321.webp
Силиконовые чехлы,Tecno Spark Go 1/Tecno POP 9,A:501978,Q501978,ПП2,3280750957,2,https://s3.twcstorage.ru/35ffc2ef-1e09-463d-a2c4-c183d5deb59a/prints/pp2/Q5019781.webp
Силиконовые чехлы,Tecno Spark Go 1/Tecno POP 9,A:502014,W502014,ПП2,3280744555,1,https://s3.twcstorage.ru/35ffc2ef-1e09-463d-a2c4-c183d5deb59a/prints/pp2/W502014.webp
Силиконовые чехлы,Tecno Spark Go 2,A:501957,C501957,ПП2,3295497181,17,https://s3.twcstorage.ru/35ffc2ef-1e09-463d-a2c4-c183d5deb59a/prints/pp2/W501957.webp
Матовые цветные чехлы для печати,Tecno Spark Go 2,A:501997,W501997,ПП2,3277143647,43,https://s3.twcstorage.ru/35ffc2ef-1e09-463d-a2c4-c183d5deb59a/prints/pp2/Y501997.webp
Матовые цветные чехлы для печати,Tecno Spark Go 2,A:501999,W501999,ПП2,3277142769,1000000,https://s3.twcstorage.ru/35ffc2ef-1e09-463d-a2c4-c183d5deb59a/prints/pp2/W501999.webp
Матовые цветные чехлы для печати,Tecno Spark Go 2,A:502014,W502014,ПП2,3277141586,3,https://s3.twcstorage.ru/35ffc2ef-1e09-463d-a2c4-c183d5deb59a/prints/pp2/W502014.webp
Матовые цветные чехлы для печати,Tecno Spark Go 2,A:502018,W502018,ПП2,3277143474,62,https://s3.twcstorage.ru/35ffc2ef-1e09-463d-a2c4-c183d5deb59a/prints/pp2/W502018.webp
Матовые цветные чехлы для печати,Tecno Spark Go 2,A:502032,W502032,ПП2,3277142984,4,https://s3.twcstorage.ru/35ffc2ef-1e09-463d-a2c4-c183d5deb59a/prints/pp2/W502032.webp
Матовые цветные чехлы для печати,Tecno Spark Go 2,A:502057,W502057,ПП2,3277141806,54,https://s3.twcstorage.ru/35ffc2ef-1e09-463d-a2c4-c183d5deb59a/prints/pp2/W502057.webp
Матовые цветные чехлы для печати,Tecno Spark Go 2,A:506333,W5063331,ПП2,4897588139,66,https://s3.twcstorage.ru/35ffc2ef-1e09-463d-a2c4-c183d5deb59a/prints/pp2/W5063331.webp
Силиконовые чехлы,Tecno Spark Go 2022/8C/9,A:501978,Q501978,ПП2,3346200886,2,https://s3.twcstorage.ru/35ffc2ef-1e09-463d-a2c4-c183d5deb59a/prints/pp2/Q5019781.webp
Силиконовые чехлы,Tecno Spark Go 2022/8C/9,A:501990,Q501990,ПП2,3346201092,42,https://s3.twcstorage.ru/35ffc2ef-1e09-463d-a2c4-c183d5deb59a/prints/pp2/Y501990.webp
Силиконовые чехлы,Tecno Spark Go 2022/8C/9,A:501993,Q501993,ПП2,3346200354,21,https://s3.twcstorage.ru/35ffc2ef-1e09-463d-a2c4-c183d5deb59a/prints/pp2/Q5019931.webp
Силиконовые чехлы,Tecno Spark Go 2024/Spark 20C,A:501965,Q501965,ПП2,3280844730,73,https://s3.twcstorage.ru/35ffc2ef-1e09-463d-a2c4-c183d5deb59a/prints/pp2/Q5019651.webp
Силиконовые чехлы,Tecno Spark Go 2024/Spark 20C,A:501972,Q501972,ПП2,3280853771,112,https://s3.twcstorage.ru/35ffc2ef-1e09-463d-a2c4-c183d5deb59a/prints/pp2/Q501972.webp
Силиконовые чехлы,Tecno Spark Go 2024/Spark 20C,A:501996,W501996,ПП2,3280843575,66,https://s3.twcstorage.ru/35ffc2ef-1e09-463d-a2c4-c183d5deb59a/prints/pp2/Y501996.webp
Силиконовые чехлы,Vivo IQOO Neo 10,A:501982,Q501982,ПП2,3858516193,138,https://s3.twcstorage.ru/35ffc2ef-1e09-463d-a2c4-c183d5deb59a/prints/pp2/Y501982.webp
Силиконовые чехлы,Vivo IQOO Neo 10,A:502057,W502057,ПП2,3858518086,78,https://s3.twcstorage.ru/35ffc2ef-1e09-463d-a2c4-c183d5deb59a/prints/pp2/W502057.webp
Силиконовые чехлы,Vivo IQOO Z10 5G,A:501937,C501937,ПП2,3346026353,90,https://s3.twcstorage.ru/35ffc2ef-1e09-463d-a2c4-c183d5deb59a/prints/pp2/W501937.webp
Силиконовые чехлы,Vivo IQOO Z10 5G,A:501953,W501953,ПП2,3346025941,133,https://s3.twcstorage.ru/35ffc2ef-1e09-463d-a2c4-c183d5deb59a/prints/pp2/W501953.webp
Силиконовые чехлы,Vivo IQOO Z10 5G,A:502061,W502061,ПП2,3346025400,147,https://s3.twcstorage.ru/35ffc2ef-1e09-463d-a2c4-c183d5deb59a/prints/pp2/Y502061.webp
Матовые цветные чехлы для печати,Vivo V60 lite 5G/V60 Lite 4G/V70 Lite 5G,A:506330,W5063301,ПП2,4896678823,32,https://s3.twcstorage.ru/35ffc2ef-1e09-463d-a2c4-c183d5deb59a/prints/pp2/W5063301.webp
Матовые цветные чехлы для печати,Vivo X300,A:506339,W5063391,ПП2,4901410883,29,https://s3.twcstorage.ru/35ffc2ef-1e09-463d-a2c4-c183d5deb59a/prints/pp2/W5063391.webp
Силиконовые чехлы,Vivo X300 FE,A:502010,W502010,ПП2,5026966978,3,https://s3.twcstorage.ru/35ffc2ef-1e09-463d-a2c4-c183d5deb59a/prints/pp2/W502010.webp
Силиконовые чехлы,Xiaomi 12 Lite,A:501930,W501930,ПП2,3280747088,1000000,https://s3.twcstorage.ru/35ffc2ef-1e09-463d-a2c4-c183d5deb59a/prints/pp2/W501930.webp
Чёрные софт-тач,Xiaomi 12 Lite,A:501944,S501944,ПП2,3277071579,9,https://s3.twcstorage.ru/35ffc2ef-1e09-463d-a2c4-c183d5deb59a/prints/pp2/S501944.webp
Чёрные софт-тач,Xiaomi 12 Lite,A:501946,S501946,ПП2,3277071975,1,https://s3.twcstorage.ru/35ffc2ef-1e09-463d-a2c4-c183d5deb59a/prints/pp2/W501946.webp
Силиконовые чехлы,Xiaomi 12 Lite,A:501947,W501947,ПП2,3280748789,16,https://s3.twcstorage.ru/35ffc2ef-1e09-463d-a2c4-c183d5deb59a/prints/pp2/W501947.webp
Силиконовые чехлы,Xiaomi 12 Lite,A:501977,Q501977,ПП2,3280748255,1000000,https://s3.twcstorage.ru/35ffc2ef-1e09-463d-a2c4-c183d5deb59a/prints/pp2/Q5019771.webp
Силиконовые чехлы,Xiaomi 12 Lite,A:501978,Q501978,ПП2,3280745991,2,https://s3.twcstorage.ru/35ffc2ef-1e09-463d-a2c4-c183d5deb59a/prints/pp2/Q5019781.webp
Силиконовые чехлы,Xiaomi 12 Lite,A:501980,Q501980,ПП2,3280745383,4,https://s3.twcstorage.ru/35ffc2ef-1e09-463d-a2c4-c183d5deb59a/prints/pp2/Q5019801.webp
Силиконовые чехлы,Xiaomi 12 Lite,A:501993,Q501993,ПП2,3280745335,21,https://s3.twcstorage.ru/35ffc2ef-1e09-463d-a2c4-c183d5deb59a/prints/pp2/Q5019931.webp
Силиконовые чехлы,Xiaomi 12 Lite,A:502005,W502005,ПП2,3280742712,94,https://s3.twcstorage.ru/35ffc2ef-1e09-463d-a2c4-c183d5deb59a/prints/pp2/W502005.webp
Силиконовые чехлы,Xiaomi 12 Lite,A:502028,W502028,ПП2,3280752240,76,https://s3.twcstorage.ru/35ffc2ef-1e09-463d-a2c4-c183d5deb59a/prints/pp2/W502028.webp
Силиконовые чехлы,Xiaomi 12 Lite,A:502035,W502035,ПП2,3280740330,30,https://s3.twcstorage.ru/35ffc2ef-1e09-463d-a2c4-c183d5deb59a/prints/pp2/W502035.webp
Силиконовые чехлы,Xiaomi 12 Lite,A:502056,W502056,ПП2,3280740867,70,https://s3.twcstorage.ru/35ffc2ef-1e09-463d-a2c4-c183d5deb59a/prints/pp2/W502056.webp
Силиконовые чехлы,Xiaomi 12T,A:501930,W501930,ПП2,3346307281,1000000,https://s3.twcstorage.ru/35ffc2ef-1e09-463d-a2c4-c183d5deb59a/prints/pp2/W501930.webp
Белые софт-тач,Xiaomi 12T,A:502054,W502054,ПП2,3277245798,45,https://s3.twcstorage.ru/35ffc2ef-1e09-463d-a2c4-c183d5deb59a/prints/pp2/W502054.webp
Силиконовые чехлы,Xiaomi 12T Pro,A:501942,C501942,ПП2,3346313805,108,https://s3.twcstorage.ru/35ffc2ef-1e09-463d-a2c4-c183d5deb59a/prints/pp2/S501942.webp
Белые софт-тач,Xiaomi 12T Pro,A:501957,W501957,ПП2,3277257009,27,https://s3.twcstorage.ru/35ffc2ef-1e09-463d-a2c4-c183d5deb59a/prints/pp2/W501957.webp
Белые софт-тач,Xiaomi 12T Pro,A:501960,W501960,ПП2,3277257216,32,https://s3.twcstorage.ru/35ffc2ef-1e09-463d-a2c4-c183d5deb59a/prints/pp2/W501960.webp
Белые софт-тач,Xiaomi 12T Pro,A:501981,W501981,ПП2,3277257069,1000000,https://s3.twcstorage.ru/35ffc2ef-1e09-463d-a2c4-c183d5deb59a/prints/pp2/Y501981.webp
Силиконовые чехлы,Xiaomi 12T Pro,A:502010,W502010,ПП2,3346313440,3,https://s3.twcstorage.ru/35ffc2ef-1e09-463d-a2c4-c183d5deb59a/prints/pp2/W502010.webp
Силиконовые чехлы,Xiaomi 13 Lite,A:501965,Q501965,ПП2,3346073327,73,https://s3.twcstorage.ru/35ffc2ef-1e09-463d-a2c4-c183d5deb59a/prints/pp2/Q5019651.webp
Силиконовые чехлы,Xiaomi 13 Lite,A:501978,Q501978,ПП2,3346076858,2,https://s3.twcstorage.ru/35ffc2ef-1e09-463d-a2c4-c183d5deb59a/prints/pp2/Q5019781.webp
Силиконовые чехлы,Xiaomi 13 Lite,A:501984,Q501984,ПП2,3346075574,140,https://s3.twcstorage.ru/35ffc2ef-1e09-463d-a2c4-c183d5deb59a/prints/pp2/Y501984.webp
Силиконовые чехлы,Xiaomi 13 Lite,A:501989,Q501989,ПП2,3346075403,61,https://s3.twcstorage.ru/35ffc2ef-1e09-463d-a2c4-c183d5deb59a/prints/pp2/Y501989.webp
Силиконовые чехлы,Xiaomi 13 Lite,A:501993,Q501993,ПП2,3346070309,21,https://s3.twcstorage.ru/35ffc2ef-1e09-463d-a2c4-c183d5deb59a/prints/pp2/Q5019931.webp
Силиконовые чехлы,Xiaomi 13 Lite,A:502008,W502008,ПП2,3346074856,6,https://s3.twcstorage.ru/35ffc2ef-1e09-463d-a2c4-c183d5deb59a/prints/pp2/W502008.webp
Силиконовые чехлы,Xiaomi 13 Lite,A:502017,W502017,ПП2,3346069575,63,https://s3.twcstorage.ru/35ffc2ef-1e09-463d-a2c4-c183d5deb59a/prints/pp2/W502017.webp
Силиконовые чехлы,Xiaomi 13 Lite,A:502028,W502028,ПП2,3346076447,76,https://s3.twcstorage.ru/35ffc2ef-1e09-463d-a2c4-c183d5deb59a/prints/pp2/W502028.webp
Силиконовые чехлы,Xiaomi 13 Lite,A:502036,W502036,ПП2,3346076307,10,https://s3.twcstorage.ru/35ffc2ef-1e09-463d-a2c4-c183d5deb59a/prints/pp2/W502036.webp
Силиконовые чехлы,Xiaomi 13 Lite,A:502039,W502039,ПП2,3346075496,95,https://s3.twcstorage.ru/35ffc2ef-1e09-463d-a2c4-c183d5deb59a/prints/pp2/W502039.webp
Силиконовые чехлы,Xiaomi 13 Lite,A:502049,W502049,ПП2,3346070279,49,https://s3.twcstorage.ru/35ffc2ef-1e09-463d-a2c4-c183d5deb59a/prints/pp2/Y502049.webp
Силиконовые чехлы,Xiaomi 13 Lite,A:502062,W502062,ПП2,3346070679,148,https://s3.twcstorage.ru/35ffc2ef-1e09-463d-a2c4-c183d5deb59a/prints/pp2/W502062.webp
Силиконовые чехлы,Xiaomi 13T,A:501949,W501949,ПП2,3346159287,60,https://s3.twcstorage.ru/35ffc2ef-1e09-463d-a2c4-c183d5deb59a/prints/pp2/W501949.webp
Силиконовые чехлы,Xiaomi 13T,A:501978,Q501978,ПП2,3346158892,2,https://s3.twcstorage.ru/35ffc2ef-1e09-463d-a2c4-c183d5deb59a/prints/pp2/Q5019781.webp
Силиконовые чехлы,Xiaomi 13T,A:501980,Q501980,ПП2,3346159277,4,https://s3.twcstorage.ru/35ffc2ef-1e09-463d-a2c4-c183d5deb59a/prints/pp2/Q5019801.webp
Силиконовые чехлы,Xiaomi 13T,A:502007,W502007,ПП2,3346159788,25,https://s3.twcstorage.ru/35ffc2ef-1e09-463d-a2c4-c183d5deb59a/prints/pp2/W502007.webp
Силиконовые чехлы,Xiaomi 13T,A:502027,W502027,ПП2,3346162225,47,https://s3.twcstorage.ru/35ffc2ef-1e09-463d-a2c4-c183d5deb59a/prints/pp2/W502027.webp
Силиконовые чехлы,Xiaomi 13T,A:502048,W502048,ПП2,3346159160,33,https://s3.twcstorage.ru/35ffc2ef-1e09-463d-a2c4-c183d5deb59a/prints/pp2/Y502048.webp
Силиконовые чехлы,Xiaomi 13T,A:506343,W506343,ПП2,4896029347,1000000,https://s3.twcstorage.ru/35ffc2ef-1e09-463d-a2c4-c183d5deb59a/prints/pp2/W5063431.webp
Силиконовые чехлы,Xiaomi 13T,A:506364,W506364,ПП2,4896029595,58,https://s3.twcstorage.ru/35ffc2ef-1e09-463d-a2c4-c183d5deb59a/prints/pp2/W506364.webp
Силиконовые чехлы,Xiaomi 13T,A:506372,W506372,ПП2,4896030159,45,https://s3.twcstorage.ru/35ffc2ef-1e09-463d-a2c4-c183d5deb59a/prints/pp2/W506372.webp
Чёрные софт-тач,Xiaomi 13T/13T Pro,A:501954,S501954,ПП2,3277072988,8,https://s3.twcstorage.ru/35ffc2ef-1e09-463d-a2c4-c183d5deb59a/prints/pp2/W501954.webp
Стеклянные чехлы,Xiaomi 13T/13T Pro,A:501980,Q5019801,ПП2,3277031423,1,https://s3.twcstorage.ru/35ffc2ef-1e09-463d-a2c4-c183d5deb59a/prints/pp2/Q5019801.webp
Белые софт-тач,Xiaomi 13T/13T Pro,A:502053,W502053,ПП2,3277232867,1,https://s3.twcstorage.ru/35ffc2ef-1e09-463d-a2c4-c183d5deb59a/prints/pp2/W502053.webp
Белые софт-тач,Xiaomi 13T/13T Pro,A:506334,W506334,ПП2,4896819440,33,https://s3.twcstorage.ru/35ffc2ef-1e09-463d-a2c4-c183d5deb59a/prints/pp2/W5063341.webp
Чёрные софт-тач,Xiaomi 14T,A:501946,S501946,ПП2,3277073997,1,https://s3.twcstorage.ru/35ffc2ef-1e09-463d-a2c4-c183d5deb59a/prints/pp2/W501946.webp
Силиконовые чехлы,Xiaomi 14T,A:501949,W501949,ПП2,3280846394,60,https://s3.twcstorage.ru/35ffc2ef-1e09-463d-a2c4-c183d5deb59a/prints/pp2/W501949.webp
Силиконовые чехлы,Xiaomi 14T,A:501961,W501961,ПП2,3280843933,20,https://s3.twcstorage.ru/35ffc2ef-1e09-463d-a2c4-c183d5deb59a/prints/pp2/W501961.webp
Стеклянные чехлы,Xiaomi 14T,A:501978,Q5019781,ПП2,3277031595,2,https://s3.twcstorage.ru/35ffc2ef-1e09-463d-a2c4-c183d5deb59a/prints/pp2/Q5019781.webp
Стеклянные чехлы,Xiaomi 14T,A:501980,Q5019801,ПП2,3277031643,1,https://s3.twcstorage.ru/35ffc2ef-1e09-463d-a2c4-c183d5deb59a/prints/pp2/Q5019801.webp
Белые софт-тач,Xiaomi 14T,A:502014,W502014,ПП2,3277243525,7,https://s3.twcstorage.ru/35ffc2ef-1e09-463d-a2c4-c183d5deb59a/prints/pp2/W502014.webp
Матовые цветные чехлы для печати,Xiaomi 14T,A:506336,W5063361,ПП2,4898349109,16,https://s3.twcstorage.ru/35ffc2ef-1e09-463d-a2c4-c183d5deb59a/prints/pp2/W5063361.webp
Белые софт-тач,Xiaomi 14T,A:506340,W506340,ПП2,4897137403,3,https://s3.twcstorage.ru/35ffc2ef-1e09-463d-a2c4-c183d5deb59a/prints/pp2/W5063401.webp
Силиконовые чехлы,Xiaomi 14T,A:506364,W506364,ПП2,4896138373,58,https://s3.twcstorage.ru/35ffc2ef-1e09-463d-a2c4-c183d5deb59a/prints/pp2/W506364.webp
Матовые цветные чехлы для печати,Xiaomi 14T,A:506371,W506371,ПП2,4898357749,72,https://s3.twcstorage.ru/35ffc2ef-1e09-463d-a2c4-c183d5deb59a/prints/pp2/W506371.webp
Белые софт-тач,Xiaomi 14T,A:506373,W506373,ПП2,4897134079,6,https://s3.twcstorage.ru/35ffc2ef-1e09-463d-a2c4-c183d5deb59a/prints/pp2/W506373.webp
Силиконовые чехлы,Xiaomi 14T,A:506385,Q506385,ПП2,4896137746,1000000,https://s3.twcstorage.ru/35ffc2ef-1e09-463d-a2c4-c183d5deb59a/prints/pp2/Q5063851.webp
Силиконовые чехлы,Xiaomi 14T Pro,A:501962,W501962,ПП2,3346122152,31,https://s3.twcstorage.ru/35ffc2ef-1e09-463d-a2c4-c183d5deb59a/prints/pp2/W501962.webp
Силиконовые чехлы,Xiaomi 14T Pro,A:501979,Q501979,ПП2,3346115806,32,https://s3.twcstorage.ru/35ffc2ef-1e09-463d-a2c4-c183d5deb59a/prints/pp2/Q5019791.webp
Силиконовые чехлы,Xiaomi 14T Pro,A:501984,Q501984,ПП2,3346113073,140,https://s3.twcstorage.ru/35ffc2ef-1e09-463d-a2c4-c183d5deb59a/prints/pp2/Y501984.webp
Силиконовые чехлы,Xiaomi 14T Pro,A:506332,W506332,ПП2,4895696547,11,https://s3.twcstorage.ru/35ffc2ef-1e09-463d-a2c4-c183d5deb59a/prints/pp2/W5063321.webp
Матовые цветные чехлы для печати,Xiaomi 14T Pro,A:506340,W5063401,ПП2,4896611672,13,https://s3.twcstorage.ru/35ffc2ef-1e09-463d-a2c4-c183d5deb59a/prints/pp2/W5063401.webp
Силиконовые чехлы,Xiaomi 14T Pro,A:506373,W506373,ПП2,4895696776,37,https://s3.twcstorage.ru/35ffc2ef-1e09-463d-a2c4-c183d5deb59a/prints/pp2/W506373.webp
Объемные матовые чехлы молочные,Xiaomi 15T 5G,A:501927,W501927,ПП2,4989251805,1000000,https://s3.twcstorage.ru/35ffc2ef-1e09-463d-a2c4-c183d5deb59a/prints/pp2/W501927.webp
Силиконовые чехлы,Xiaomi 15T 5G,A:501957,W501957,ПП2,3295434826,17,https://s3.twcstorage.ru/35ffc2ef-1e09-463d-a2c4-c183d5deb59a/prints/pp2/W501957.webp
Стеклянные чехлы,Xiaomi 15T 5G,A:501978,Q5019781,ПП2,3277026389,2,https://s3.twcstorage.ru/35ffc2ef-1e09-463d-a2c4-c183d5deb59a/prints/pp2/Q5019781.webp
Стеклянные чехлы,Xiaomi 15T 5G,A:501980,Q5019801,ПП2,3277026601,1,https://s3.twcstorage.ru/35ffc2ef-1e09-463d-a2c4-c183d5deb59a/prints/pp2/Q5019801.webp
Силиконовые чехлы,Xiaomi 15T 5G,A:501993,Q501993,ПП2,3295434104,21,https://s3.twcstorage.ru/35ffc2ef-1e09-463d-a2c4-c183d5deb59a/prints/pp2/Q5019931.webp
Силиконовые чехлы,Xiaomi 15T 5G,A:502010,W502010,ПП2,3295434132,3,https://s3.twcstorage.ru/35ffc2ef-1e09-463d-a2c4-c183d5deb59a/prints/pp2/W502010.webp
Матовые цветные чехлы для печати,Xiaomi 15T 5G,A:502033,W502033,ПП2,3277206510,10,https://s3.twcstorage.ru/35ffc2ef-1e09-463d-a2c4-c183d5deb59a/prints/pp2/W502033.webp
Белые софт-тач,Xiaomi 15T 5G,A:502053,W502053,ПП2,3837366918,1,https://s3.twcstorage.ru/35ffc2ef-1e09-463d-a2c4-c183d5deb59a/prints/pp2/W502053.webp
Объемные матовые чехлы молочные,Xiaomi 15T 5G,A:506372,W506372,ПП2,4989231383,1000000,https://s3.twcstorage.ru/35ffc2ef-1e09-463d-a2c4-c183d5deb59a/prints/pp2/W506372.webp
Силиконовые чехлы,Xiaomi 15T Pro 5G,A:501941,C501941,ПП2,3295504143,107,https://s3.twcstorage.ru/35ffc2ef-1e09-463d-a2c4-c183d5deb59a/prints/pp2/S501941.webp
Матовые цветные чехлы для печати,Xiaomi 15T Pro 5G,A:501947,W501947,ПП2,3277144831,5,https://s3.twcstorage.ru/35ffc2ef-1e09-463d-a2c4-c183d5deb59a/prints/pp2/W501947.webp
Силиконовые чехлы,Xiaomi 15T Pro 5G,A:501960,W501960,ПП2,3295507208,29,https://s3.twcstorage.ru/35ffc2ef-1e09-463d-a2c4-c183d5deb59a/prints/pp2/W501960.webp
Стеклянные чехлы,Xiaomi 15T Pro 5G,A:501978,Q5019781,ПП2,3277028824,2,https://s3.twcstorage.ru/35ffc2ef-1e09-463d-a2c4-c183d5deb59a/prints/pp2/Q5019781.webp
Силиконовые чехлы,Xiaomi 15T Pro 5G,A:501980,Q501980,ПП2,3295503841,4,https://s3.twcstorage.ru/35ffc2ef-1e09-463d-a2c4-c183d5deb59a/prints/pp2/Q5019801.webp
Силиконовые чехлы,Xiaomi 15T Pro 5G,A:501990,Q501990,ПП2,3295507035,42,https://s3.twcstorage.ru/35ffc2ef-1e09-463d-a2c4-c183d5deb59a/prints/pp2/Y501990.webp
Объемные матовые чехлы бордовые,Xiaomi 15T Pro 5G,A:502010,W502010,ПП2,4998380853,1000000,https://s3.twcstorage.ru/35ffc2ef-1e09-463d-a2c4-c183d5deb59a/prints/pp2/W502010.webp
Матовые цветные чехлы для печати,Xiaomi 15T Pro 5G,A:502014,W502014,ПП2,3277143735,3,https://s3.twcstorage.ru/35ffc2ef-1e09-463d-a2c4-c183d5deb59a/prints/pp2/W502014.webp
Силиконовые чехлы,Xiaomi 15T Pro 5G,A:502029,W502029,ПП2,3295508625,13,https://s3.twcstorage.ru/35ffc2ef-1e09-463d-a2c4-c183d5deb59a/prints/pp2/W502029.webp
Объемные матовые чехлы молочные,Xiaomi 15T Pro 5G,A:502032,W502032,ПП2,4998380965,1000000,https://s3.twcstorage.ru/35ffc2ef-1e09-463d-a2c4-c183d5deb59a/prints/pp2/W502032.webp
Объемные матовые чехлы молочные,Xiaomi 15T Pro 5G,A:502049,W502049,ПП2,4998381743,1000000,https://s3.twcstorage.ru/35ffc2ef-1e09-463d-a2c4-c183d5deb59a/prints/pp2/Y502049.webp
Объемные матовые чехлы молочные,Xiaomi 15T Pro 5G,A:502052,W502052,ПП2,4998381006,4,https://s3.twcstorage.ru/35ffc2ef-1e09-463d-a2c4-c183d5deb59a/prints/pp2/W502052.webp
Силиконовые чехлы,Xiaomi 15T Pro 5G,A:502057,W502057,ПП2,3295505998,78,https://s3.twcstorage.ru/35ffc2ef-1e09-463d-a2c4-c183d5deb59a/prints/pp2/W502057.webp
Матовые цветные чехлы для печати,Xiaomi 15T Pro 5G,A:502065,W502065,ПП2,3277144071,2,https://s3.twcstorage.ru/35ffc2ef-1e09-463d-a2c4-c183d5deb59a/prints/pp2/W502065.webp
Матовые цветные чехлы для печати,Xiaomi 15T Pro 5G,A:502067,W5020671,ПП2,3277143633,28,https://s3.twcstorage.ru/35ffc2ef-1e09-463d-a2c4-c183d5deb59a/prints/pp2/W5020671.webp
Силиконовые чехлы,Xiaomi 15T Pro 5G,A:506330,W506330,ПП2,4896030250,55,https://s3.twcstorage.ru/35ffc2ef-1e09-463d-a2c4-c183d5deb59a/prints/pp2/W5063301.webp
Объемные матовые чехлы черные,Xiaomi 15T Pro 5G,A:506331,W5063311,ПП2,4998359907,22,https://s3.twcstorage.ru/35ffc2ef-1e09-463d-a2c4-c183d5deb59a/prints/pp2/W5063311.webp
Объемные матовые чехлы черные,Xiaomi 15T Pro 5G,A:506333,W5063331,ПП2,4998358264,1000000,https://s3.twcstorage.ru/35ffc2ef-1e09-463d-a2c4-c183d5deb59a/prints/pp2/W5063331.webp
Объемные матовые чехлы молочные,Xiaomi 15T Pro 5G,A:506334,W506334,ПП2,4998382459,1000000,https://s3.twcstorage.ru/35ffc2ef-1e09-463d-a2c4-c183d5deb59a/prints/pp2/W5063341.webp
Объемные матовые чехлы молочные,Xiaomi 15T Pro 5G,A:506340,W506340,ПП2,4998388446,1000000,https://s3.twcstorage.ru/35ffc2ef-1e09-463d-a2c4-c183d5deb59a/prints/pp2/W5063401.webp
Силиконовые чехлы,Xiaomi 15T Pro 5G,A:506350,W506350,ПП2,4896031175,72,https://s3.twcstorage.ru/35ffc2ef-1e09-463d-a2c4-c183d5deb59a/prints/pp2/W5063501.webp
Силиконовые чехлы,Xiaomi 17T,A:502019,W502019,ПП2,5023056815,24,https://s3.twcstorage.ru/35ffc2ef-1e09-463d-a2c4-c183d5deb59a/prints/pp2/W502019.webp
Силиконовые чехлы,Xiaomi 17T,A:502065,W502065,ПП2,5023060254,22,https://s3.twcstorage.ru/35ffc2ef-1e09-463d-a2c4-c183d5deb59a/prints/pp2/W502065.webp
Силиконовые чехлы,Xiaomi 17T Pro,A:502065,W502065,ПП2,4978746328,22,https://s3.twcstorage.ru/35ffc2ef-1e09-463d-a2c4-c183d5deb59a/prints/pp2/W502065.webp
Матовые цветные чехлы для печати,Xiaomi 17T Pro,A:506340,W5063401,ПП2,4978747536,13,https://s3.twcstorage.ru/35ffc2ef-1e09-463d-a2c4-c183d5deb59a/prints/pp2/W5063401.webp
Чёрные софт-тач,Xiaomi Mi 11 Lite/5G NE,A:501949,S501949,ПП2,3277066841,4,https://s3.twcstorage.ru/35ffc2ef-1e09-463d-a2c4-c183d5deb59a/prints/pp2/W501949.webp
Чёрные софт-тач,Xiaomi Mi 11 Lite/5G NE,A:501950,S501950,ПП2,3277065742,3,https://s3.twcstorage.ru/35ffc2ef-1e09-463d-a2c4-c183d5deb59a/prints/pp2/W501950.webp
Матовые цветные чехлы для печати,Xiaomi Mi 11 Lite/5G NE,A:501958,W501958,ПП2,3277156347,1000000,https://s3.twcstorage.ru/35ffc2ef-1e09-463d-a2c4-c183d5deb59a/prints/pp2/W501958.webp
Чёрные софт-тач,Xiaomi Mi 11 Lite/5G NE,A:501961,S501961,ПП2,3277065659,17,https://s3.twcstorage.ru/35ffc2ef-1e09-463d-a2c4-c183d5deb59a/prints/pp2/W501961.webp
Силиконовые чехлы,Xiaomi Mi 11 Lite/5G NE,A:501980,Q501980,ПП2,3345722173,4,https://s3.twcstorage.ru/35ffc2ef-1e09-463d-a2c4-c183d5deb59a/prints/pp2/Q5019801.webp
Силиконовые чехлы,Xiaomi Mi 11 Lite/5G NE,A:501992,Q501992,ПП2,3345720796,93,https://s3.twcstorage.ru/35ffc2ef-1e09-463d-a2c4-c183d5deb59a/prints/pp2/Q501992.webp
Силиконовые чехлы,Xiaomi Mi 11 Lite/5G NE,A:501996,W501996,ПП2,3345720767,66,https://s3.twcstorage.ru/35ffc2ef-1e09-463d-a2c4-c183d5deb59a/prints/pp2/Y501996.webp
Силиконовые чехлы,Xiaomi Mi 11 Lite/5G NE,A:502007,W502007,ПП2,3345727668,25,https://s3.twcstorage.ru/35ffc2ef-1e09-463d-a2c4-c183d5deb59a/prints/pp2/W502007.webp
Матовые цветные чехлы для печати,Xiaomi Mi 11 Lite/5G NE,A:502008,W502008,ПП2,3277153898,18,https://s3.twcstorage.ru/35ffc2ef-1e09-463d-a2c4-c183d5deb59a/prints/pp2/W502008.webp
Матовые цветные чехлы для печати,Xiaomi Mi 11 Lite/5G NE,A:502009,W502009,ПП2,3277153480,22,https://s3.twcstorage.ru/35ffc2ef-1e09-463d-a2c4-c183d5deb59a/prints/pp2/W502009.webp
Матовые цветные чехлы для печати,Xiaomi Mi 11 Lite/5G NE,A:502010,W502010,ПП2,3277154048,6,https://s3.twcstorage.ru/35ffc2ef-1e09-463d-a2c4-c183d5deb59a/prints/pp2/W502010.webp
Матовые цветные чехлы для печати,Xiaomi Mi 11 Lite/5G NE,A:502014,W502014,ПП2,3277153315,3,https://s3.twcstorage.ru/35ffc2ef-1e09-463d-a2c4-c183d5deb59a/prints/pp2/W502014.webp
Матовые цветные чехлы для печати,Xiaomi Mi 11 Lite/5G NE,A:502021,W502021,ПП2,3277154711,82,https://s3.twcstorage.ru/35ffc2ef-1e09-463d-a2c4-c183d5deb59a/prints/pp2/Y502021.webp
Белые софт-тач,Xiaomi Mi 11 Lite/5G NE,A:502039,W502039,ПП2,3277259479,1000000,https://s3.twcstorage.ru/35ffc2ef-1e09-463d-a2c4-c183d5deb59a/prints/pp2/W502039.webp
Белые софт-тач,Xiaomi Mi 11 Lite/5G NE,A:502053,W502053,ПП2,3277260214,1,https://s3.twcstorage.ru/35ffc2ef-1e09-463d-a2c4-c183d5deb59a/prints/pp2/W502053.webp
Матовые цветные чехлы для печати,Xiaomi Mi 11 Lite/5G NE,A:506338,W5063381,ПП2,4899712936,86,https://s3.twcstorage.ru/35ffc2ef-1e09-463d-a2c4-c183d5deb59a/prints/pp2/W5063381.webp
Силиконовые чехлы,Xiaomi Mi 11T/11T Pro,A:501957,W501957,ПП2,3346151519,17,https://s3.twcstorage.ru/35ffc2ef-1e09-463d-a2c4-c183d5deb59a/prints/pp2/W501957.webp
Силиконовые чехлы,Xiaomi Mi 11T/11T Pro,A:501978,Q501978,ПП2,3346148239,2,https://s3.twcstorage.ru/35ffc2ef-1e09-463d-a2c4-c183d5deb59a/prints/pp2/Q5019781.webp
Силиконовые чехлы,Xiaomi Mi 11T/11T Pro,A:501980,Q501980,ПП2,3346144731,4,https://s3.twcstorage.ru/35ffc2ef-1e09-463d-a2c4-c183d5deb59a/prints/pp2/Q5019801.webp
Силиконовые чехлы,Xiaomi Mi 11T/11T Pro,A:501993,Q501993,ПП2,3346144348,21,https://s3.twcstorage.ru/35ffc2ef-1e09-463d-a2c4-c183d5deb59a/prints/pp2/Q5019931.webp
Силиконовые чехлы,Xiaomi Mi 11T/11T Pro,A:502014,W502014,ПП2,3346144272,1,https://s3.twcstorage.ru/35ffc2ef-1e09-463d-a2c4-c183d5deb59a/prints/pp2/W502014.webp
Силиконовые чехлы,Xiaomi Mi 11T/11T Pro,A:502025,W502025,ПП2,3346151018,54,https://s3.twcstorage.ru/35ffc2ef-1e09-463d-a2c4-c183d5deb59a/prints/pp2/W502025.webp
Белые софт-тач,Xiaomi Mi 11T/11T Pro,A:502032,W502032,ПП2,3277261522,14,https://s3.twcstorage.ru/35ffc2ef-1e09-463d-a2c4-c183d5deb59a/prints/pp2/W502032.webp
Стеклянные чехлы,Xiaomi POCO F7 Pro,A:501980,Q5019801,ПП2,3277034775,1,https://s3.twcstorage.ru/35ffc2ef-1e09-463d-a2c4-c183d5deb59a/prints/pp2/Q5019801.webp
Стеклянные чехлы,Xiaomi POCO F7 Pro,A:501993,Q5019931,ПП2,3277034554,3,https://s3.twcstorage.ru/35ffc2ef-1e09-463d-a2c4-c183d5deb59a/prints/pp2/Q5019931.webp
Чёрные софт-тач,Xiaomi POCO M4 Pro 4G,A:501949,S501949,ПП2,3277078246,4,https://s3.twcstorage.ru/35ffc2ef-1e09-463d-a2c4-c183d5deb59a/prints/pp2/W501949.webp
Силиконовые чехлы,Xiaomi POCO M4 Pro 4G,A:502032,W502032,ПП2,3346231555,18,https://s3.twcstorage.ru/35ffc2ef-1e09-463d-a2c4-c183d5deb59a/prints/pp2/W502032.webp
Силиконовые чехлы,Xiaomi POCO M4 Pro 4G,A:502063,W502063,ПП2,3346227416,97,https://s3.twcstorage.ru/35ffc2ef-1e09-463d-a2c4-c183d5deb59a/prints/pp2/W502063.webp
Матовые цветные чехлы для печати,Xiaomi POCO X7 PRO,A:501933,W501933,ПП2,3277136187,76,https://s3.twcstorage.ru/35ffc2ef-1e09-463d-a2c4-c183d5deb59a/prints/pp2/W501933.webp
Матовые цветные чехлы для печати,Xiaomi POCO X7 PRO,A:501937,W501937,ПП2,3277136658,78,https://s3.twcstorage.ru/35ffc2ef-1e09-463d-a2c4-c183d5deb59a/prints/pp2/W501937.webp
Матовые цветные чехлы для печати,Xiaomi POCO X7 PRO,A:501947,W501947,ПП2,3277136343,5,https://s3.twcstorage.ru/35ffc2ef-1e09-463d-a2c4-c183d5deb59a/prints/pp2/W501947.webp
Объемные матовые чехлы бордовые,Xiaomi POCO X7 PRO,A:501951,W501951,ПП2,4998359131,1000000,https://s3.twcstorage.ru/35ffc2ef-1e09-463d-a2c4-c183d5deb59a/prints/pp2/W501951.webp
Силиконовые чехлы,Xiaomi POCO X7 PRO,A:501978,Q501978,ПП2,3295458041,2,https://s3.twcstorage.ru/35ffc2ef-1e09-463d-a2c4-c183d5deb59a/prints/pp2/Q5019781.webp
Силиконовые чехлы,Xiaomi POCO X7 PRO,A:501980,Q501980,ПП2,3295458255,4,https://s3.twcstorage.ru/35ffc2ef-1e09-463d-a2c4-c183d5deb59a/prints/pp2/Q5019801.webp
Силиконовые чехлы,Xiaomi POCO X7 PRO,A:501990,Q501990,ПП2,3295459009,42,https://s3.twcstorage.ru/35ffc2ef-1e09-463d-a2c4-c183d5deb59a/prints/pp2/Y501990.webp
Белые софт-тач,Xiaomi POCO X7 PRO,A:502016,W502016,ПП2,3837355840,24,https://s3.twcstorage.ru/35ffc2ef-1e09-463d-a2c4-c183d5deb59a/prints/pp2/W502016.webp
Матовые цветные чехлы для печати,Xiaomi POCO X7 PRO,A:502018,W502018,ПП2,3277135930,62,https://s3.twcstorage.ru/35ffc2ef-1e09-463d-a2c4-c183d5deb59a/prints/pp2/W502018.webp
Матовые цветные чехлы для печати,Xiaomi POCO X7 PRO,A:502029,W502029,ПП2,3277136716,9,https://s3.twcstorage.ru/35ffc2ef-1e09-463d-a2c4-c183d5deb59a/prints/pp2/W502029.webp
Матовые цветные чехлы для печати,Xiaomi POCO X7 PRO,A:502031,W502031,ПП2,3277135915,84,https://s3.twcstorage.ru/35ffc2ef-1e09-463d-a2c4-c183d5deb59a/prints/pp2/W502031.webp
Силиконовые чехлы,Xiaomi POCO X7 PRO,A:502037,W502037,ПП2,3295454031,8,https://s3.twcstorage.ru/35ffc2ef-1e09-463d-a2c4-c183d5deb59a/prints/pp2/W502037.webp
Матовые цветные чехлы для печати,Xiaomi POCO X7 PRO,A:502049,W502049,ПП2,3277136115,45,https://s3.twcstorage.ru/35ffc2ef-1e09-463d-a2c4-c183d5deb59a/prints/pp2/Y502049.webp
Белые софт-тач,Xiaomi POCO X7 PRO,A:502053,W502053,ПП2,3837358351,1,https://s3.twcstorage.ru/35ffc2ef-1e09-463d-a2c4-c183d5deb59a/prints/pp2/W502053.webp
Матовые цветные чехлы для печати,Xiaomi POCO X7 PRO,A:502055,W502055,ПП2,3277135897,1000000,https://s3.twcstorage.ru/35ffc2ef-1e09-463d-a2c4-c183d5deb59a/prints/pp2/W502055.webp
Белые софт-тач,Xiaomi POCO X7 PRO,A:502063,W502063,ПП2,3837358521,1000000,https://s3.twcstorage.ru/35ffc2ef-1e09-463d-a2c4-c183d5deb59a/prints/pp2/W502063.webp
Объемные матовые чехлы черные,Xiaomi POCO X7 PRO,A:506331,W5063311,ПП2,4998366490,22,https://s3.twcstorage.ru/35ffc2ef-1e09-463d-a2c4-c183d5deb59a/prints/pp2/W5063311.webp
Белые софт-тач,Xiaomi POCO X7 PRO,A:506332,W506332,ПП2,4900810840,56,https://s3.twcstorage.ru/35ffc2ef-1e09-463d-a2c4-c183d5deb59a/prints/pp2/W5063321.webp
Матовые цветные чехлы для печати,Xiaomi POCO X7 PRO,A:506333,W5063331,ПП2,4896659687,66,https://s3.twcstorage.ru/35ffc2ef-1e09-463d-a2c4-c183d5deb59a/prints/pp2/W5063331.webp
Объемные матовые чехлы бордовые,Xiaomi POCO X7 PRO,A:506339,W5063391,ПП2,4998362925,9,https://s3.twcstorage.ru/35ffc2ef-1e09-463d-a2c4-c183d5deb59a/prints/pp2/W5063391.webp
Белые софт-тач,Xiaomi POCO X7 PRO,A:506340,W506340,ПП2,4900813633,3,https://s3.twcstorage.ru/35ffc2ef-1e09-463d-a2c4-c183d5deb59a/prints/pp2/W5063401.webp
Силиконовые чехлы,Xiaomi POCO X7 PRO,A:506384,Q506384,ПП2,4895593791,84,https://s3.twcstorage.ru/35ffc2ef-1e09-463d-a2c4-c183d5deb59a/prints/pp2/Q5063841.webp
Силиконовые чехлы,Xiaomi Poco F3/Redmi K40/Mi11i,A:501931,W501931,ПП2,3346326918,89,https://s3.twcstorage.ru/35ffc2ef-1e09-463d-a2c4-c183d5deb59a/prints/pp2/W501931.webp
Белые софт-тач,Xiaomi Poco F3/Redmi K40/Mi11i,A:501962,W501962,ПП2,3277245731,20,https://s3.twcstorage.ru/35ffc2ef-1e09-463d-a2c4-c183d5deb59a/prints/pp2/W501962.webp
Белые софт-тач,Xiaomi Poco F3/Redmi K40/Mi11i,A:502007,W502007,ПП2,3277245821,21,https://s3.twcstorage.ru/35ffc2ef-1e09-463d-a2c4-c183d5deb59a/prints/pp2/W502007.webp
Белые софт-тач,Xiaomi Poco F3/Redmi K40/Mi11i,A:502032,W502032,ПП2,3277246269,14,https://s3.twcstorage.ru/35ffc2ef-1e09-463d-a2c4-c183d5deb59a/prints/pp2/W502032.webp
Белые софт-тач,Xiaomi Poco F3/Redmi K40/Mi11i,A:502053,W502053,ПП2,3277245870,1,https://s3.twcstorage.ru/35ffc2ef-1e09-463d-a2c4-c183d5deb59a/prints/pp2/W502053.webp
Силиконовые чехлы,Xiaomi Poco F7,A:501949,W501949,ПП2,3280803319,60,https://s3.twcstorage.ru/35ffc2ef-1e09-463d-a2c4-c183d5deb59a/prints/pp2/W501949.webp
Объемные матовые чехлы коричневые,Xiaomi Poco F7,A:501950,W501950,ПП2,4998306932,1000000,https://s3.twcstorage.ru/35ffc2ef-1e09-463d-a2c4-c183d5deb59a/prints/pp2/W501950.webp
Силиконовые чехлы,Xiaomi Poco F7,A:501978,Q501978,ПП2,3280803762,2,https://s3.twcstorage.ru/35ffc2ef-1e09-463d-a2c4-c183d5deb59a/prints/pp2/Q5019781.webp
Матовые цветные чехлы для печати,Xiaomi Poco F7,A:502010,W502010,ПП2,3837316435,6,https://s3.twcstorage.ru/35ffc2ef-1e09-463d-a2c4-c183d5deb59a/prints/pp2/W502010.webp
Матовые цветные чехлы для печати,Xiaomi Poco F7,A:502014,W502014,ПП2,3837316385,3,https://s3.twcstorage.ru/35ffc2ef-1e09-463d-a2c4-c183d5deb59a/prints/pp2/W502014.webp
Матовые цветные чехлы для печати,Xiaomi Poco F7,A:502058,W502058,ПП2,3837318877,1000000,https://s3.twcstorage.ru/35ffc2ef-1e09-463d-a2c4-c183d5deb59a/prints/pp2/W502058.webp
Матовые цветные чехлы для печати,Xiaomi Poco F7,A:502065,W502065,ПП2,3837317871,2,https://s3.twcstorage.ru/35ffc2ef-1e09-463d-a2c4-c183d5deb59a/prints/pp2/W502065.webp
Матовые цветные чехлы для печати,Xiaomi Poco F7,A:502068,W502068,ПП2,3837315014,85,https://s3.twcstorage.ru/35ffc2ef-1e09-463d-a2c4-c183d5deb59a/prints/pp2/W502068.webp
Белые софт-тач,Xiaomi Poco F7,A:506336,W506336,ПП2,4901310351,12,https://s3.twcstorage.ru/35ffc2ef-1e09-463d-a2c4-c183d5deb59a/prints/pp2/W5063361.webp
Силиконовые чехлы,Xiaomi Poco F7,A:506364,W506364,ПП2,4896074415,58,https://s3.twcstorage.ru/35ffc2ef-1e09-463d-a2c4-c183d5deb59a/prints/pp2/W506364.webp
Матовые цветные чехлы для печати,Xiaomi Poco X3/X3 Pro,A:501935,W501935,ПП2,3277159103,77,https://s3.twcstorage.ru/35ffc2ef-1e09-463d-a2c4-c183d5deb59a/prints/pp2/W501935.webp
Чёрные софт-тач,Xiaomi Poco X3/X3 Pro,A:501945,S501945,ПП2,3277066866,6,https://s3.twcstorage.ru/35ffc2ef-1e09-463d-a2c4-c183d5deb59a/prints/pp2/W501945.webp
Матовые цветные чехлы для печати,Xiaomi Poco X3/X3 Pro,A:501957,W501957,ПП2,3277159042,7,https://s3.twcstorage.ru/35ffc2ef-1e09-463d-a2c4-c183d5deb59a/prints/pp2/W501957.webp
Силиконовые чехлы,Xiaomi Poco X3/X3 Pro,A:501978,Q501978,ПП2,3345779261,2,https://s3.twcstorage.ru/35ffc2ef-1e09-463d-a2c4-c183d5deb59a/prints/pp2/Q5019781.webp
Силиконовые чехлы,Xiaomi Poco X3/X3 Pro,A:501980,Q501980,ПП2,3345779569,4,https://s3.twcstorage.ru/35ffc2ef-1e09-463d-a2c4-c183d5deb59a/prints/pp2/Q5019801.webp
Силиконовые чехлы,Xiaomi Poco X3/X3 Pro,A:501987,Q501987,ПП2,3345779184,114,https://s3.twcstorage.ru/35ffc2ef-1e09-463d-a2c4-c183d5deb59a/prints/pp2/Y501987.webp
Силиконовые чехлы,Xiaomi Poco X3/X3 Pro,A:501990,Q501990,ПП2,3345779154,42,https://s3.twcstorage.ru/35ffc2ef-1e09-463d-a2c4-c183d5deb59a/prints/pp2/Y501990.webp
Силиконовые чехлы,Xiaomi Poco X3/X3 Pro,A:501993,Q501993,ПП2,3345778665,21,https://s3.twcstorage.ru/35ffc2ef-1e09-463d-a2c4-c183d5deb59a/prints/pp2/Q5019931.webp
Силиконовые чехлы,Xiaomi Poco X3/X3 Pro,A:502010,W502010,ПП2,3345779191,3,https://s3.twcstorage.ru/35ffc2ef-1e09-463d-a2c4-c183d5deb59a/prints/pp2/W502010.webp
Силиконовые чехлы,Xiaomi Poco X3/X3 Pro,A:502014,W502014,ПП2,3345773073,1,https://s3.twcstorage.ru/35ffc2ef-1e09-463d-a2c4-c183d5deb59a/prints/pp2/W502014.webp
Матовые цветные чехлы для печати,Xiaomi Poco X3/X3 Pro,A:502018,W502018,ПП2,3277159328,62,https://s3.twcstorage.ru/35ffc2ef-1e09-463d-a2c4-c183d5deb59a/prints/pp2/W502018.webp
Силиконовые чехлы,Xiaomi Poco X3/X3 Pro,A:502024,W502024,ПП2,3345783218,117,https://s3.twcstorage.ru/35ffc2ef-1e09-463d-a2c4-c183d5deb59a/prints/pp2/W502024.webp
Матовые цветные чехлы для печати,Xiaomi Poco X3/X3 Pro,A:502025,W502025,ПП2,3277158967,12,https://s3.twcstorage.ru/35ffc2ef-1e09-463d-a2c4-c183d5deb59a/prints/pp2/W502025.webp
Матовые цветные чехлы для печати,Xiaomi Poco X3/X3 Pro,A:502029,W502029,ПП2,3277158964,9,https://s3.twcstorage.ru/35ffc2ef-1e09-463d-a2c4-c183d5deb59a/prints/pp2/W502029.webp
Силиконовые чехлы,Xiaomi Poco X3/X3 Pro,A:502044,W502044,ПП2,3345779695,146,https://s3.twcstorage.ru/35ffc2ef-1e09-463d-a2c4-c183d5deb59a/prints/pp2/W502044.webp
Белые софт-тач,Xiaomi Poco X3/X3 Pro,A:502048,W502048,ПП2,3837369274,18,https://s3.twcstorage.ru/35ffc2ef-1e09-463d-a2c4-c183d5deb59a/prints/pp2/Y502048.webp
Матовые цветные чехлы для печати,Xiaomi Poco X3/X3 Pro,A:502067,W5020671,ПП2,3277158775,28,https://s3.twcstorage.ru/35ffc2ef-1e09-463d-a2c4-c183d5deb59a/prints/pp2/W5020671.webp
Силиконовые чехлы,Xiaomi Poco X4 Pro 5G,A:501993,Q501993,ПП2,3280860628,21,https://s3.twcstorage.ru/35ffc2ef-1e09-463d-a2c4-c183d5deb59a/prints/pp2/Q5019931.webp
Силиконовые чехлы,Xiaomi Poco X4 Pro 5G,A:502039,W502039,ПП2,3280864069,95,https://s3.twcstorage.ru/35ffc2ef-1e09-463d-a2c4-c183d5deb59a/prints/pp2/W502039.webp
Силиконовые чехлы,Xiaomi Poco X5 Pro 5G,A:501957,W501957,ПП2,3280867842,17,https://s3.twcstorage.ru/35ffc2ef-1e09-463d-a2c4-c183d5deb59a/prints/pp2/W501957.webp
Силиконовые чехлы,Xiaomi Poco X5 Pro 5G,A:501960,C501960,ПП2,3280871675,29,https://s3.twcstorage.ru/35ffc2ef-1e09-463d-a2c4-c183d5deb59a/prints/pp2/W501960.webp
Силиконовые чехлы,Xiaomi Poco X5 Pro 5G,A:501978,Q501978,ПП2,3384573570,2,https://s3.twcstorage.ru/35ffc2ef-1e09-463d-a2c4-c183d5deb59a/prints/pp2/Q5019781.webp
Силиконовые чехлы,Xiaomi Poco X5 Pro 5G,A:502033,W502033,ПП2,3280867871,53,https://s3.twcstorage.ru/35ffc2ef-1e09-463d-a2c4-c183d5deb59a/prints/pp2/W502033.webp
Чёрные софт-тач,Xiaomi Poco X6 PRO 5G,A:501947,S501947,ПП2,3277074070,7,https://s3.twcstorage.ru/35ffc2ef-1e09-463d-a2c4-c183d5deb59a/prints/pp2/W501947.webp
Чёрные софт-тач,Xiaomi Poco X6 PRO 5G,A:501954,S501954,ПП2,3277072847,8,https://s3.twcstorage.ru/35ffc2ef-1e09-463d-a2c4-c183d5deb59a/prints/pp2/W501954.webp
Чёрные софт-тач,Xiaomi Poco X6 PRO 5G,A:501955,S501955,ПП2,3277073248,26,https://s3.twcstorage.ru/35ffc2ef-1e09-463d-a2c4-c183d5deb59a/prints/pp2/W501955.webp
Стеклянные чехлы,Xiaomi Poco X6 PRO 5G,A:501993,Q5019931,ПП2,3277031820,3,https://s3.twcstorage.ru/35ffc2ef-1e09-463d-a2c4-c183d5deb59a/prints/pp2/Q5019931.webp
Белые софт-тач,Xiaomi Poco X6 PRO 5G,A:502001,W502001,ПП2,3280926840,1000000,https://s3.twcstorage.ru/35ffc2ef-1e09-463d-a2c4-c183d5deb59a/prints/pp2/W502001.webp
Силиконовые чехлы,Xiaomi Poco X6 PRO 5G,A:502014,W502014,ПП2,3280796355,1,https://s3.twcstorage.ru/35ffc2ef-1e09-463d-a2c4-c183d5deb59a/prints/pp2/W502014.webp
Силиконовые чехлы,Xiaomi Poco X6 PRO 5G,A:502039,W502039,ПП2,3280801948,95,https://s3.twcstorage.ru/35ffc2ef-1e09-463d-a2c4-c183d5deb59a/prints/pp2/W502039.webp
Матовые цветные чехлы для печати,Xiaomi Poco X6 PRO 5G,A:506340,W5063401,ПП2,4900139839,13,https://s3.twcstorage.ru/35ffc2ef-1e09-463d-a2c4-c183d5deb59a/prints/pp2/W5063401.webp
Силиконовые чехлы,Xiaomi Redmi 10,A:501993,Q501993,ПП2,3858512339,21,https://s3.twcstorage.ru/35ffc2ef-1e09-463d-a2c4-c183d5deb59a/prints/pp2/Q5019931.webp
Силиконовые чехлы,Xiaomi Redmi 10,A:502018,W502018,ПП2,3858514634,38,https://s3.twcstorage.ru/35ffc2ef-1e09-463d-a2c4-c183d5deb59a/prints/pp2/W502018.webp
Силиконовые чехлы,Xiaomi Redmi 10C,A:501965,Q501965,ПП2,3280751717,73,https://s3.twcstorage.ru/35ffc2ef-1e09-463d-a2c4-c183d5deb59a/prints/pp2/Q5019651.webp
Силиконовые чехлы,Xiaomi Redmi 10C,A:501972,Q501972,ПП2,3280760313,112,https://s3.twcstorage.ru/35ffc2ef-1e09-463d-a2c4-c183d5deb59a/prints/pp2/Q501972.webp
Силиконовые чехлы,Xiaomi Redmi 10C,A:501977,Q501977,ПП2,3280758139,1000000,https://s3.twcstorage.ru/35ffc2ef-1e09-463d-a2c4-c183d5deb59a/prints/pp2/Q5019771.webp
Силиконовые чехлы,Xiaomi Redmi 10C,A:501978,Q501978,ПП2,3280761271,2,https://s3.twcstorage.ru/35ffc2ef-1e09-463d-a2c4-c183d5deb59a/prints/pp2/Q5019781.webp
Силиконовые чехлы,Xiaomi Redmi 10C,A:501980,Q501980,ПП2,3280758210,4,https://s3.twcstorage.ru/35ffc2ef-1e09-463d-a2c4-c183d5deb59a/prints/pp2/Q5019801.webp
Стеклянные чехлы,Xiaomi Redmi 10C,A:501993,Q5019931,ПП2,3277030954,3,https://s3.twcstorage.ru/35ffc2ef-1e09-463d-a2c4-c183d5deb59a/prints/pp2/Q5019931.webp
Силиконовые чехлы,Xiaomi Redmi 10C,A:502019,W502019,ПП2,3280760932,24,https://s3.twcstorage.ru/35ffc2ef-1e09-463d-a2c4-c183d5deb59a/prints/pp2/W502019.webp
Чёрные софт-тач,Xiaomi Redmi 12,A:501949,S501949,ПП2,3277050946,4,https://s3.twcstorage.ru/35ffc2ef-1e09-463d-a2c4-c183d5deb59a/prints/pp2/W501949.webp
Силиконовые чехлы,Xiaomi Redmi 12,A:501971,Q501971,ПП2,3289168510,137,https://s3.twcstorage.ru/35ffc2ef-1e09-463d-a2c4-c183d5deb59a/prints/pp2/Q501971.webp
Силиконовые чехлы,Xiaomi Redmi 12,A:501978,Q501978,ПП2,3289168691,2,https://s3.twcstorage.ru/35ffc2ef-1e09-463d-a2c4-c183d5deb59a/prints/pp2/Q5019781.webp
Стеклянные чехлы,Xiaomi Redmi 12,A:501980,Q5019801,ПП2,3277025905,1,https://s3.twcstorage.ru/35ffc2ef-1e09-463d-a2c4-c183d5deb59a/prints/pp2/Q5019801.webp
Силиконовые чехлы,Xiaomi Redmi 12,A:501990,Q501990,ПП2,3289175082,42,https://s3.twcstorage.ru/35ffc2ef-1e09-463d-a2c4-c183d5deb59a/prints/pp2/Y501990.webp
Силиконовые чехлы,Xiaomi Redmi 12,A:501993,Q501993,ПП2,3289168046,21,https://s3.twcstorage.ru/35ffc2ef-1e09-463d-a2c4-c183d5deb59a/prints/pp2/Q5019931.webp
Матовые цветные чехлы для печати,Xiaomi Redmi 12,A:502010,W502010,ПП2,3277185077,6,https://s3.twcstorage.ru/35ffc2ef-1e09-463d-a2c4-c183d5deb59a/prints/pp2/W502010.webp
Силиконовые чехлы,Xiaomi Redmi 12,A:502018,W502018,ПП2,3289168940,38,https://s3.twcstorage.ru/35ffc2ef-1e09-463d-a2c4-c183d5deb59a/prints/pp2/W502018.webp
Матовые цветные чехлы для печати,Xiaomi Redmi 12,A:502046,W5020461,ПП2,3277184978,1000000,https://s3.twcstorage.ru/35ffc2ef-1e09-463d-a2c4-c183d5deb59a/prints/pp2/W5020461.webp
Белые софт-тач,Xiaomi Redmi 12,A:502052,W502052,ПП2,3281198075,2,https://s3.twcstorage.ru/35ffc2ef-1e09-463d-a2c4-c183d5deb59a/prints/pp2/W502052.webp
Белые софт-тач,Xiaomi Redmi 12,A:502053,W502053,ПП2,3281197800,1,https://s3.twcstorage.ru/35ffc2ef-1e09-463d-a2c4-c183d5deb59a/prints/pp2/W502053.webp
Матовые цветные чехлы для печати,Xiaomi Redmi 12,A:502058,W502058,ПП2,3277185544,1000000,https://s3.twcstorage.ru/35ffc2ef-1e09-463d-a2c4-c183d5deb59a/prints/pp2/W502058.webp
Белые софт-тач,Xiaomi Redmi 12,A:506339,W506339,ПП2,4900259034,72,https://s3.twcstorage.ru/35ffc2ef-1e09-463d-a2c4-c183d5deb59a/prints/pp2/W5063391.webp
Белые софт-тач,Xiaomi Redmi 12,A:506374,W506374,ПП2,4900267230,5,https://s3.twcstorage.ru/35ffc2ef-1e09-463d-a2c4-c183d5deb59a/prints/pp2/W506374.webp
Силиконовые чехлы,Xiaomi Redmi 12,A:506383,Q506383,ПП2,4895905715,59,https://s3.twcstorage.ru/35ffc2ef-1e09-463d-a2c4-c183d5deb59a/prints/pp2/Q5063831.webp
Чёрные софт-тач,Xiaomi Redmi 13C/Poco C65,A:501940,S501940,ПП2,3277051798,23,https://s3.twcstorage.ru/35ffc2ef-1e09-463d-a2c4-c183d5deb59a/prints/pp2/W501940.webp
Чёрные софт-тач,Xiaomi Redmi 13C/Poco C65,A:501945,S501945,ПП2,3277051522,6,https://s3.twcstorage.ru/35ffc2ef-1e09-463d-a2c4-c183d5deb59a/prints/pp2/W501945.webp
Белые софт-тач,Xiaomi Redmi 13C/Poco C65,A:501947,W501947,ПП2,3280840877,13,https://s3.twcstorage.ru/35ffc2ef-1e09-463d-a2c4-c183d5deb59a/prints/pp2/W501947.webp
Матовые цветные чехлы для печати,Xiaomi Redmi 13C/Poco C65,A:501955,W501955,ПП2,3277187722,52,https://s3.twcstorage.ru/35ffc2ef-1e09-463d-a2c4-c183d5deb59a/prints/pp2/W501955.webp
Чёрные софт-тач,Xiaomi Redmi 13C/Poco C65,A:501957,S501957,ПП2,3277051292,2,https://s3.twcstorage.ru/35ffc2ef-1e09-463d-a2c4-c183d5deb59a/prints/pp2/W501957.webp
Чёрные софт-тач,Xiaomi Redmi 13C/Poco C65,A:501958,S501958,ПП2,3277051832,28,https://s3.twcstorage.ru/35ffc2ef-1e09-463d-a2c4-c183d5deb59a/prints/pp2/W501958.webp
Силиконовые чехлы,Xiaomi Redmi 13C/Poco C65,A:501962,W501962,ПП2,3289197786,31,https://s3.twcstorage.ru/35ffc2ef-1e09-463d-a2c4-c183d5deb59a/prints/pp2/W501962.webp
Силиконовые чехлы,Xiaomi Redmi 13C/Poco C65,A:501969,Q501969,ПП2,3289189315,1000000,https://s3.twcstorage.ru/35ffc2ef-1e09-463d-a2c4-c183d5deb59a/prints/pp2/W501969.webp
Силиконовые чехлы,Xiaomi Redmi 13C/Poco C65,A:501978,Q501978,ПП2,3289189134,2,https://s3.twcstorage.ru/35ffc2ef-1e09-463d-a2c4-c183d5deb59a/prints/pp2/Q5019781.webp
Силиконовые чехлы,Xiaomi Redmi 13C/Poco C65,A:501980,Q501980,ПП2,3289193059,4,https://s3.twcstorage.ru/35ffc2ef-1e09-463d-a2c4-c183d5deb59a/prints/pp2/Q5019801.webp
Матовые цветные чехлы для печати,Xiaomi Redmi 13C/Poco C65,A:502003,W502003,ПП2,3277188129,20,https://s3.twcstorage.ru/35ffc2ef-1e09-463d-a2c4-c183d5deb59a/prints/pp2/W502003.webp
Силиконовые чехлы,Xiaomi Redmi 13C/Poco C65,A:502010,W502010,ПП2,3289188812,3,https://s3.twcstorage.ru/35ffc2ef-1e09-463d-a2c4-c183d5deb59a/prints/pp2/W502010.webp
Белые софт-тач,Xiaomi Redmi 13C/Poco C65,A:502014,W502014,ПП2,3280892269,7,https://s3.twcstorage.ru/35ffc2ef-1e09-463d-a2c4-c183d5deb59a/prints/pp2/W502014.webp
Матовые цветные чехлы для печати,Xiaomi Redmi 13C/Poco C65,A:502016,W502016,ПП2,3277188294,23,https://s3.twcstorage.ru/35ffc2ef-1e09-463d-a2c4-c183d5deb59a/prints/pp2/W502016.webp
Матовые цветные чехлы для печати,Xiaomi Redmi 13C/Poco C65,A:502021,W502021,ПП2,3277189106,82,https://s3.twcstorage.ru/35ffc2ef-1e09-463d-a2c4-c183d5deb59a/prints/pp2/Y502021.webp
Белые софт-тач,Xiaomi Redmi 13C/Poco C65,A:502030,W502030,ПП2,3280893098,23,https://s3.twcstorage.ru/35ffc2ef-1e09-463d-a2c4-c183d5deb59a/prints/pp2/W502030.webp
Силиконовые чехлы,Xiaomi Redmi 13C/Poco C65,A:502048,W502048,ПП2,3289189128,33,https://s3.twcstorage.ru/35ffc2ef-1e09-463d-a2c4-c183d5deb59a/prints/pp2/Y502048.webp
Матовые цветные чехлы для печати,Xiaomi Redmi 13C/Poco C65,A:502054,W502054,ПП2,3277188207,64,https://s3.twcstorage.ru/35ffc2ef-1e09-463d-a2c4-c183d5deb59a/prints/pp2/W502054.webp
Силиконовые чехлы,Xiaomi Redmi 13C/Poco C65,A:502061,W502061,ПП2,3289193650,147,https://s3.twcstorage.ru/35ffc2ef-1e09-463d-a2c4-c183d5deb59a/prints/pp2/Y502061.webp
Силиконовые чехлы,Xiaomi Redmi 13C/Poco C65,A:502066,W502066,ПП2,3289192758,98,https://s3.twcstorage.ru/35ffc2ef-1e09-463d-a2c4-c183d5deb59a/prints/pp2/W502066.webp
Матовые цветные чехлы для печати,Xiaomi Redmi 13C/Poco C65,A:502067,W5020671,ПП2,3277188326,28,https://s3.twcstorage.ru/35ffc2ef-1e09-463d-a2c4-c183d5deb59a/prints/pp2/W5020671.webp
Силиконовые чехлы,Xiaomi Redmi 13C/Poco C65,A:506330,W506330,ПП2,4896036033,55,https://s3.twcstorage.ru/35ffc2ef-1e09-463d-a2c4-c183d5deb59a/prints/pp2/W5063301.webp
Объемные матовые чехлы черные,Xiaomi Redmi 13C/Poco C65,A:506334,W5063341,ПП2,4998380077,13,https://s3.twcstorage.ru/35ffc2ef-1e09-463d-a2c4-c183d5deb59a/prints/pp2/W5063341.webp
Объемные матовые чехлы черные,Xiaomi Redmi 13C/Poco C65,A:506336,W5063361,ПП2,4998381460,6,https://s3.twcstorage.ru/35ffc2ef-1e09-463d-a2c4-c183d5deb59a/prints/pp2/W5063361.webp
Силиконовые чехлы,Xiaomi Redmi 14C/Poco C75 4G/Redmi A4 5G/Poco M7 5G,A:501927,W501927,ПП2,3295482515,85,https://s3.twcstorage.ru/35ffc2ef-1e09-463d-a2c4-c183d5deb59a/prints/pp2/W501927.webp
Силиконовые чехлы,Xiaomi Redmi 14C/Poco C75 4G/Redmi A4 5G/Poco M7 5G,A:501930,W501930,ПП2,3295485923,1000000,https://s3.twcstorage.ru/35ffc2ef-1e09-463d-a2c4-c183d5deb59a/prints/pp2/W501930.webp
Матовые цветные чехлы для печати,Xiaomi Redmi 14C/Poco C75 4G/Redmi A4 5G/Poco M7 5G,A:501931,W501931,ПП2,3277140221,59,https://s3.twcstorage.ru/35ffc2ef-1e09-463d-a2c4-c183d5deb59a/prints/pp2/W501931.webp
Чёрные софт-тач,Xiaomi Redmi 14C/Poco C75 4G/Redmi A4 5G/Poco M7 5G,A:501943,S501943,ПП2,3277059782,15,https://s3.twcstorage.ru/35ffc2ef-1e09-463d-a2c4-c183d5deb59a/prints/pp2/S501943.webp
Силиконовые чехлы,Xiaomi Redmi 14C/Poco C75 4G/Redmi A4 5G/Poco M7 5G,A:501947,C501947,ПП2,3295485378,16,https://s3.twcstorage.ru/35ffc2ef-1e09-463d-a2c4-c183d5deb59a/prints/pp2/W501947.webp
Силиконовые чехлы,Xiaomi Redmi 14C/Poco C75 4G/Redmi A4 5G/Poco M7 5G,A:501949,W501949,ПП2,3295483158,60,https://s3.twcstorage.ru/35ffc2ef-1e09-463d-a2c4-c183d5deb59a/prints/pp2/W501949.webp
Чёрные софт-тач,Xiaomi Redmi 14C/Poco C75 4G/Redmi A4 5G/Poco M7 5G,A:501952,S501952,ПП2,3277059781,25,https://s3.twcstorage.ru/35ffc2ef-1e09-463d-a2c4-c183d5deb59a/prints/pp2/W501952.webp
Силиконовые чехлы,Xiaomi Redmi 14C/Poco C75 4G/Redmi A4 5G/Poco M7 5G,A:501978,Q501978,ПП2,3295483689,2,https://s3.twcstorage.ru/35ffc2ef-1e09-463d-a2c4-c183d5deb59a/prints/pp2/Q5019781.webp
Силиконовые чехлы,Xiaomi Redmi 14C/Poco C75 4G/Redmi A4 5G/Poco M7 5G,A:501980,Q501980,ПП2,3295483049,4,https://s3.twcstorage.ru/35ffc2ef-1e09-463d-a2c4-c183d5deb59a/prints/pp2/Q5019801.webp
Силиконовые чехлы,Xiaomi Redmi 14C/Poco C75 4G/Redmi A4 5G/Poco M7 5G,A:501987,Q501987,ПП2,3295485668,114,https://s3.twcstorage.ru/35ffc2ef-1e09-463d-a2c4-c183d5deb59a/prints/pp2/Y501987.webp
Силиконовые чехлы,Xiaomi Redmi 14C/Poco C75 4G/Redmi A4 5G/Poco M7 5G,A:501988,Q501988,ПП2,3295486615,115,https://s3.twcstorage.ru/35ffc2ef-1e09-463d-a2c4-c183d5deb59a/prints/pp2/Y501988.webp
Силиконовые чехлы,Xiaomi Redmi 14C/Poco C75 4G/Redmi A4 5G/Poco M7 5G,A:501990,Q501990,ПП2,3295482424,42,https://s3.twcstorage.ru/35ffc2ef-1e09-463d-a2c4-c183d5deb59a/prints/pp2/Y501990.webp
Силиконовые чехлы,Xiaomi Redmi 14C/Poco C75 4G/Redmi A4 5G/Poco M7 5G,A:501993,Q501993,ПП2,3295482614,21,https://s3.twcstorage.ru/35ffc2ef-1e09-463d-a2c4-c183d5deb59a/prints/pp2/Q5019931.webp
Матовые цветные чехлы для печати,Xiaomi Redmi 14C/Poco C75 4G/Redmi A4 5G/Poco M7 5G,A:501996,W501996,ПП2,3277140722,79,https://s3.twcstorage.ru/35ffc2ef-1e09-463d-a2c4-c183d5deb59a/prints/pp2/Y501996.webp
Матовые цветные чехлы для печати,Xiaomi Redmi 14C/Poco C75 4G/Redmi A4 5G/Poco M7 5G,A:502001,W502001,ПП2,3277140467,1000000,https://s3.twcstorage.ru/35ffc2ef-1e09-463d-a2c4-c183d5deb59a/prints/pp2/W502001.webp
Матовые цветные чехлы для печати,Xiaomi Redmi 14C/Poco C75 4G/Redmi A4 5G/Poco M7 5G,A:502003,W502003,ПП2,3277140205,20,https://s3.twcstorage.ru/35ffc2ef-1e09-463d-a2c4-c183d5deb59a/prints/pp2/W502003.webp
Матовые цветные чехлы для печати,Xiaomi Redmi 14C/Poco C75 4G/Redmi A4 5G/Poco M7 5G,A:502008,W502008,ПП2,3277140530,18,https://s3.twcstorage.ru/35ffc2ef-1e09-463d-a2c4-c183d5deb59a/prints/pp2/W502008.webp
Матовые цветные чехлы для печати,Xiaomi Redmi 14C/Poco C75 4G/Redmi A4 5G/Poco M7 5G,A:502009,W502009,ПП2,3277140448,22,https://s3.twcstorage.ru/35ffc2ef-1e09-463d-a2c4-c183d5deb59a/prints/pp2/W502009.webp
Силиконовые чехлы,Xiaomi Redmi 14C/Poco C75 4G/Redmi A4 5G/Poco M7 5G,A:502010,W502010,ПП2,3295482889,3,https://s3.twcstorage.ru/35ffc2ef-1e09-463d-a2c4-c183d5deb59a/prints/pp2/W502010.webp
Матовые цветные чехлы для печати,Xiaomi Redmi 14C/Poco C75 4G/Redmi A4 5G/Poco M7 5G,A:502014,W502014,ПП2,3277139842,3,https://s3.twcstorage.ru/35ffc2ef-1e09-463d-a2c4-c183d5deb59a/prints/pp2/W502014.webp
Силиконовые чехлы,Xiaomi Redmi 14C/Poco C75 4G/Redmi A4 5G/Poco M7 5G,A:502036,W502036,ПП2,3295482821,10,https://s3.twcstorage.ru/35ffc2ef-1e09-463d-a2c4-c183d5deb59a/prints/pp2/W502036.webp
Матовые цветные чехлы для печати,Xiaomi Redmi 14C/Poco C75 4G/Redmi A4 5G/Poco M7 5G,A:502048,W502048,ПП2,3277140265,36,https://s3.twcstorage.ru/35ffc2ef-1e09-463d-a2c4-c183d5deb59a/prints/pp2/Y502048.webp
Объемные матовые чехлы коричневые,Xiaomi Redmi 14C/Poco C75 4G/Redmi A4 5G/Poco M7 5G,A:502049,W502049,ПП2,4998357806,1000000,https://s3.twcstorage.ru/35ffc2ef-1e09-463d-a2c4-c183d5deb59a/prints/pp2/Y502049.webp
Матовые цветные чехлы для печати,Xiaomi Redmi 14C/Poco C75 4G/Redmi A4 5G/Poco M7 5G,A:502055,W502055,ПП2,3277140218,1000000,https://s3.twcstorage.ru/35ffc2ef-1e09-463d-a2c4-c183d5deb59a/prints/pp2/W502055.webp
Матовые цветные чехлы для печати,Xiaomi Redmi 14C/Poco C75 4G/Redmi A4 5G/Poco M7 5G,A:502059,W502059,ПП2,3277140159,1000000,https://s3.twcstorage.ru/35ffc2ef-1e09-463d-a2c4-c183d5deb59a/prints/pp2/W502059.webp
Матовые цветные чехлы для печати,Xiaomi Redmi 15,A:501935,W501935,ПП2,3837300832,77,https://s3.twcstorage.ru/35ffc2ef-1e09-463d-a2c4-c183d5deb59a/prints/pp2/W501935.webp
Силиконовые чехлы,Xiaomi Redmi 15,A:501953,W501953,ПП2,3280794994,133,https://s3.twcstorage.ru/35ffc2ef-1e09-463d-a2c4-c183d5deb59a/prints/pp2/W501953.webp
Силиконовые чехлы,Xiaomi Redmi 15,A:501963,Q501963,ПП2,3280794766,111,https://s3.twcstorage.ru/35ffc2ef-1e09-463d-a2c4-c183d5deb59a/prints/pp2/Q5019631.webp
Силиконовые чехлы,Xiaomi Redmi 15,A:501964,Q501964,ПП2,3280794247,135,https://s3.twcstorage.ru/35ffc2ef-1e09-463d-a2c4-c183d5deb59a/prints/pp2/Q5019641.webp
Силиконовые чехлы,Xiaomi Redmi 15,A:501969,Q501969,ПП2,3280796111,1000000,https://s3.twcstorage.ru/35ffc2ef-1e09-463d-a2c4-c183d5deb59a/prints/pp2/W501969.webp
Силиконовые чехлы,Xiaomi Redmi 15,A:501978,Q501978,ПП2,3280794113,2,https://s3.twcstorage.ru/35ffc2ef-1e09-463d-a2c4-c183d5deb59a/prints/pp2/Q5019781.webp
Силиконовые чехлы,Xiaomi Redmi 15,A:501980,Q501980,ПП2,3280794160,4,https://s3.twcstorage.ru/35ffc2ef-1e09-463d-a2c4-c183d5deb59a/prints/pp2/Q5019801.webp
Матовые цветные чехлы для печати,Xiaomi Redmi 15,A:502009,W502009,ПП2,3837300476,22,https://s3.twcstorage.ru/35ffc2ef-1e09-463d-a2c4-c183d5deb59a/prints/pp2/W502009.webp
Силиконовые чехлы,Xiaomi Redmi 15,A:502010,W502010,ПП2,3280794642,3,https://s3.twcstorage.ru/35ffc2ef-1e09-463d-a2c4-c183d5deb59a/prints/pp2/W502010.webp
Силиконовые чехлы,Xiaomi Redmi 15,A:502014,W502014,ПП2,3280794758,1,https://s3.twcstorage.ru/35ffc2ef-1e09-463d-a2c4-c183d5deb59a/prints/pp2/W502014.webp
Силиконовые чехлы,Xiaomi Redmi 15,A:502018,W502018,ПП2,3280795029,38,https://s3.twcstorage.ru/35ffc2ef-1e09-463d-a2c4-c183d5deb59a/prints/pp2/W502018.webp
Матовые цветные чехлы для печати,Xiaomi Redmi 15,A:502030,W502030,ПП2,3837302028,35,https://s3.twcstorage.ru/35ffc2ef-1e09-463d-a2c4-c183d5deb59a/prints/pp2/W502030.webp
Силиконовые чехлы,Xiaomi Redmi 15,A:502044,W502044,ПП2,3280794269,146,https://s3.twcstorage.ru/35ffc2ef-1e09-463d-a2c4-c183d5deb59a/prints/pp2/W502044.webp
Силиконовые чехлы,Xiaomi Redmi 15C 4G /Poco C85 4G,A:501928,C501928,ПП2,3345880271,1000000,https://s3.twcstorage.ru/35ffc2ef-1e09-463d-a2c4-c183d5deb59a/prints/pp2/W501928.webp
Силиконовые чехлы,Xiaomi Redmi 15C 4G /Poco C85 4G,A:501933,W501933,ПП2,3345877821,86,https://s3.twcstorage.ru/35ffc2ef-1e09-463d-a2c4-c183d5deb59a/prints/pp2/W501933.webp
Силиконовые чехлы,Xiaomi Redmi 15C 4G /Poco C85 4G,A:501951,W501951,ПП2,3345881247,7,https://s3.twcstorage.ru/35ffc2ef-1e09-463d-a2c4-c183d5deb59a/prints/pp2/W501951.webp
Силиконовые чехлы,Xiaomi Redmi 15C 4G /Poco C85 4G,A:501956,C501956,ПП2,3345877933,1000000,https://s3.twcstorage.ru/35ffc2ef-1e09-463d-a2c4-c183d5deb59a/prints/pp2/W501956.webp
Матовые цветные чехлы для печати,Xiaomi Redmi 15C 4G /Poco C85 4G,A:501958,W501958,ПП2,3277167139,1000000,https://s3.twcstorage.ru/35ffc2ef-1e09-463d-a2c4-c183d5deb59a/prints/pp2/W501958.webp
Силиконовые чехлы,Xiaomi Redmi 15C 4G /Poco C85 4G,A:501966,W501966,ПП2,3345877841,87,https://s3.twcstorage.ru/35ffc2ef-1e09-463d-a2c4-c183d5deb59a/prints/pp2/W501966.webp
Силиконовые чехлы,Xiaomi Redmi 15C 4G /Poco C85 4G,A:501978,Q501978,ПП2,3345877173,2,https://s3.twcstorage.ru/35ffc2ef-1e09-463d-a2c4-c183d5deb59a/prints/pp2/Q5019781.webp
Силиконовые чехлы,Xiaomi Redmi 15C 4G /Poco C85 4G,A:501993,Q501993,ПП2,3345878129,21,https://s3.twcstorage.ru/35ffc2ef-1e09-463d-a2c4-c183d5deb59a/prints/pp2/Q5019931.webp
Матовые цветные чехлы для печати,Xiaomi Redmi 15C 4G /Poco C85 4G,A:502001,W502001,ПП2,3277167538,1000000,https://s3.twcstorage.ru/35ffc2ef-1e09-463d-a2c4-c183d5deb59a/prints/pp2/W502001.webp
Матовые цветные чехлы для печати,Xiaomi Redmi 15C 4G /Poco C85 4G,A:502005,W502005,ПП2,3277167563,61,https://s3.twcstorage.ru/35ffc2ef-1e09-463d-a2c4-c183d5deb59a/prints/pp2/W502005.webp
Матовые цветные чехлы для печати,Xiaomi Redmi 15C 4G /Poco C85 4G,A:502008,W502008,ПП2,3277167133,18,https://s3.twcstorage.ru/35ffc2ef-1e09-463d-a2c4-c183d5deb59a/prints/pp2/W502008.webp
Силиконовые чехлы,Xiaomi Redmi 15C 4G /Poco C85 4G,A:502010,W502010,ПП2,3345880073,3,https://s3.twcstorage.ru/35ffc2ef-1e09-463d-a2c4-c183d5deb59a/prints/pp2/W502010.webp
Силиконовые чехлы,Xiaomi Redmi 15C 4G /Poco C85 4G,A:502014,W502014,ПП2,3345877899,1,https://s3.twcstorage.ru/35ffc2ef-1e09-463d-a2c4-c183d5deb59a/prints/pp2/W502014.webp
Матовые цветные чехлы для печати,Xiaomi Redmi 15C 4G /Poco C85 4G,A:502031,W502031,ПП2,3277167225,84,https://s3.twcstorage.ru/35ffc2ef-1e09-463d-a2c4-c183d5deb59a/prints/pp2/W502031.webp
Матовые цветные чехлы для печати,Xiaomi Redmi 15C 4G /Poco C85 4G,A:502032,W502032,ПП2,3277166940,4,https://s3.twcstorage.ru/35ffc2ef-1e09-463d-a2c4-c183d5deb59a/prints/pp2/W502032.webp
Силиконовые чехлы,Xiaomi Redmi 15C 4G /Poco C85 4G,A:502039,W502039,ПП2,3345882360,95,https://s3.twcstorage.ru/35ffc2ef-1e09-463d-a2c4-c183d5deb59a/prints/pp2/W502039.webp
Матовые цветные чехлы для печати,Xiaomi Redmi 15C 4G /Poco C85 4G,A:502047,W502047,ПП2,3277167279,53,https://s3.twcstorage.ru/35ffc2ef-1e09-463d-a2c4-c183d5deb59a/prints/pp2/W502047.webp
Белые софт-тач,Xiaomi Redmi 15C 4G /Poco C85 4G,A:502058,W502058,ПП2,3277224998,1000000,https://s3.twcstorage.ru/35ffc2ef-1e09-463d-a2c4-c183d5deb59a/prints/pp2/W502058.webp
Матовые цветные чехлы для печати,Xiaomi Redmi 15C 4G /Poco C85 4G,A:502065,W502065,ПП2,3277167409,2,https://s3.twcstorage.ru/35ffc2ef-1e09-463d-a2c4-c183d5deb59a/prints/pp2/W502065.webp
Матовые цветные чехлы для печати,Xiaomi Redmi 15C 4G /Poco C85 4G,A:502068,W502068,ПП2,3277167392,85,https://s3.twcstorage.ru/35ffc2ef-1e09-463d-a2c4-c183d5deb59a/prints/pp2/W502068.webp
Белые софт-тач,Xiaomi Redmi 15C 4G /Poco C85 4G,A:502069,W502069,ПП2,3277226711,8,https://s3.twcstorage.ru/35ffc2ef-1e09-463d-a2c4-c183d5deb59a/prints/pp2/W502069.webp
Белые софт-тач,Xiaomi Redmi 15C 4G /Poco C85 4G,A:506332,W506332,ПП2,4896604496,56,https://s3.twcstorage.ru/35ffc2ef-1e09-463d-a2c4-c183d5deb59a/prints/pp2/W5063321.webp
Силиконовые чехлы,Xiaomi Redmi 9T,A:501993,Q501993,ПП2,3346154983,21,https://s3.twcstorage.ru/35ffc2ef-1e09-463d-a2c4-c183d5deb59a/prints/pp2/Q5019931.webp
Силиконовые чехлы,Xiaomi Redmi A3/A3x/Poco C61,A:501945,C501945,ПП2,3295420408,131,https://s3.twcstorage.ru/35ffc2ef-1e09-463d-a2c4-c183d5deb59a/prints/pp2/W501945.webp
Силиконовые чехлы,Xiaomi Redmi A3/A3x/Poco C61,A:501947,W501947,ПП2,3295426114,16,https://s3.twcstorage.ru/35ffc2ef-1e09-463d-a2c4-c183d5deb59a/prints/pp2/W501947.webp
Силиконовые чехлы,Xiaomi Redmi A3/A3x/Poco C61,A:501976,Q501976,ПП2,3295420823,75,https://s3.twcstorage.ru/35ffc2ef-1e09-463d-a2c4-c183d5deb59a/prints/pp2/Q501976.webp
Стеклянные чехлы,Xiaomi Redmi A3/A3x/Poco C61,A:501977,Q5019771,ПП2,3277026542,1000000,https://s3.twcstorage.ru/35ffc2ef-1e09-463d-a2c4-c183d5deb59a/prints/pp2/Q5019771.webp
Силиконовые чехлы,Xiaomi Redmi A3/A3x/Poco C61,A:501978,Q501978,ПП2,3295421734,2,https://s3.twcstorage.ru/35ffc2ef-1e09-463d-a2c4-c183d5deb59a/prints/pp2/Q5019781.webp
Силиконовые чехлы,Xiaomi Redmi A3/A3x/Poco C61,A:501982,Q501982,ПП2,3295426317,138,https://s3.twcstorage.ru/35ffc2ef-1e09-463d-a2c4-c183d5deb59a/prints/pp2/Y501982.webp
Стеклянные чехлы,Xiaomi Redmi A3/A3x/Poco C61,A:501989,Y501989,ПП2,3277122227,1000000,https://s3.twcstorage.ru/35ffc2ef-1e09-463d-a2c4-c183d5deb59a/prints/pp2/Y501989.webp
Силиконовые чехлы,Xiaomi Redmi A3/A3x/Poco C61,A:502009,W502009,ПП2,3295426428,5,https://s3.twcstorage.ru/35ffc2ef-1e09-463d-a2c4-c183d5deb59a/prints/pp2/W502009.webp
Матовые цветные чехлы для печати,Xiaomi Redmi A3/A3x/Poco C61,A:502010,W502010,ПП2,3277205189,6,https://s3.twcstorage.ru/35ffc2ef-1e09-463d-a2c4-c183d5deb59a/prints/pp2/W502010.webp
Силиконовые чехлы,Xiaomi Redmi A3/A3x/Poco C61,A:502011,W502011,ПП2,3295419315,62,https://s3.twcstorage.ru/35ffc2ef-1e09-463d-a2c4-c183d5deb59a/prints/pp2/W502011.webp
Белые софт-тач,Xiaomi Redmi A3/A3x/Poco C61,A:502013,W502013,ПП2,3280344890,59,https://s3.twcstorage.ru/35ffc2ef-1e09-463d-a2c4-c183d5deb59a/prints/pp2/W502013.webp
Силиконовые чехлы,Xiaomi Redmi A3/A3x/Poco C61,A:502014,W502014,ПП2,3295420963,1,https://s3.twcstorage.ru/35ffc2ef-1e09-463d-a2c4-c183d5deb59a/prints/pp2/W502014.webp
Стеклянные чехлы,Xiaomi Redmi A3/A3x/Poco C61,A:502022,Y502022,ПП2,3277122163,1000000,https://s3.twcstorage.ru/35ffc2ef-1e09-463d-a2c4-c183d5deb59a/prints/pp2/Y502022.webp
Матовые цветные чехлы для печати,Xiaomi Redmi A3/A3x/Poco C61,A:502047,W502047,ПП2,3277205415,53,https://s3.twcstorage.ru/35ffc2ef-1e09-463d-a2c4-c183d5deb59a/prints/pp2/W502047.webp
Силиконовые чехлы,Xiaomi Redmi A3/A3x/Poco C61,A:502050,W502050,ПП2,3295420837,77,https://s3.twcstorage.ru/35ffc2ef-1e09-463d-a2c4-c183d5deb59a/prints/pp2/Y502050.webp
Белые софт-тач,Xiaomi Redmi A3/A3x/Poco C61,A:502053,W502053,ПП2,3280345341,1,https://s3.twcstorage.ru/35ffc2ef-1e09-463d-a2c4-c183d5deb59a/prints/pp2/W502053.webp
Силиконовые чехлы,Xiaomi Redmi A5 4G/Poco C71 4G,A:501943,C501943,ПП2,3346319506,109,https://s3.twcstorage.ru/35ffc2ef-1e09-463d-a2c4-c183d5deb59a/prints/pp2/S501943.webp
Белые софт-тач,Xiaomi Redmi A5 4G/Poco C71 4G,A:501947,W501947,ПП2,3277233037,13,https://s3.twcstorage.ru/35ffc2ef-1e09-463d-a2c4-c183d5deb59a/prints/pp2/W501947.webp
Силиконовые чехлы,Xiaomi Redmi A5 4G/Poco C71 4G,A:501951,C501951,ПП2,3346322672,7,https://s3.twcstorage.ru/35ffc2ef-1e09-463d-a2c4-c183d5deb59a/prints/pp2/W501951.webp
Силиконовые чехлы,Xiaomi Redmi A5 4G/Poco C71 4G,A:501957,W501957,ПП2,3346322911,17,https://s3.twcstorage.ru/35ffc2ef-1e09-463d-a2c4-c183d5deb59a/prints/pp2/W501957.webp
Силиконовые чехлы,Xiaomi Redmi A5 4G/Poco C71 4G,A:501967,Q501967,ПП2,3346319400,136,https://s3.twcstorage.ru/35ffc2ef-1e09-463d-a2c4-c183d5deb59a/prints/pp2/W501967.webp
Силиконовые чехлы,Xiaomi Redmi A5 4G/Poco C71 4G,A:501971,Q501971,ПП2,3346318965,137,https://s3.twcstorage.ru/35ffc2ef-1e09-463d-a2c4-c183d5deb59a/prints/pp2/Q501971.webp
Силиконовые чехлы,Xiaomi Redmi A5 4G/Poco C71 4G,A:501978,Q501978,ПП2,3346319069,2,https://s3.twcstorage.ru/35ffc2ef-1e09-463d-a2c4-c183d5deb59a/prints/pp2/Q5019781.webp
Силиконовые чехлы,Xiaomi Redmi A5 4G/Poco C71 4G,A:501980,Q501980,ПП2,3346319270,4,https://s3.twcstorage.ru/35ffc2ef-1e09-463d-a2c4-c183d5deb59a/prints/pp2/Q5019801.webp
Силиконовые чехлы,Xiaomi Redmi A5 4G/Poco C71 4G,A:501993,Q501993,ПП2,3346318945,21,https://s3.twcstorage.ru/35ffc2ef-1e09-463d-a2c4-c183d5deb59a/prints/pp2/Q5019931.webp
Силиконовые чехлы,Xiaomi Redmi A5 4G/Poco C71 4G,A:502014,W502014,ПП2,3346322357,1,https://s3.twcstorage.ru/35ffc2ef-1e09-463d-a2c4-c183d5deb59a/prints/pp2/W502014.webp
Силиконовые чехлы,Xiaomi Redmi A5 4G/Poco C71 4G,A:502036,W502036,ПП2,3346323449,10,https://s3.twcstorage.ru/35ffc2ef-1e09-463d-a2c4-c183d5deb59a/prints/pp2/W502036.webp
Силиконовые чехлы,Xiaomi Redmi A5 4G/Poco C71 4G,A:502048,W502048,ПП2,3346319005,33,https://s3.twcstorage.ru/35ffc2ef-1e09-463d-a2c4-c183d5deb59a/prints/pp2/Y502048.webp
Силиконовые чехлы,Xiaomi Redmi A5 4G/Poco C71 4G,A:502049,W502049,ПП2,3346320007,49,https://s3.twcstorage.ru/35ffc2ef-1e09-463d-a2c4-c183d5deb59a/prints/pp2/Y502049.webp
Силиконовые чехлы,Xiaomi Redmi A5 4G/Poco C71 4G,A:502055,W502055,ПП2,3346319450,96,https://s3.twcstorage.ru/35ffc2ef-1e09-463d-a2c4-c183d5deb59a/prints/pp2/W502055.webp
Белые софт-тач,Xiaomi Redmi A5 4G/Poco C71 4G,A:502065,W502065,ПП2,3277234621,25,https://s3.twcstorage.ru/35ffc2ef-1e09-463d-a2c4-c183d5deb59a/prints/pp2/W502065.webp
Матовые цветные чехлы для печати,Xiaomi Redmi A5 4G/Poco C71 4G,A:506376,W506376,ПП2,4897881715,57,https://s3.twcstorage.ru/35ffc2ef-1e09-463d-a2c4-c183d5deb59a/prints/pp2/W506376.webp
Чёрные софт-тач,Xiaomi Redmi Note 10 Pro,A:501958,S501958,ПП2,3277066939,28,https://s3.twcstorage.ru/35ffc2ef-1e09-463d-a2c4-c183d5deb59a/prints/pp2/W501958.webp
Стеклянные чехлы,Xiaomi Redmi Note 10 Pro,A:501978,Q5019781,ПП2,3277027597,2,https://s3.twcstorage.ru/35ffc2ef-1e09-463d-a2c4-c183d5deb59a/prints/pp2/Q5019781.webp
Силиконовые чехлы,Xiaomi Redmi Note 10 Pro,A:502010,W502010,ПП2,3345746507,3,https://s3.twcstorage.ru/35ffc2ef-1e09-463d-a2c4-c183d5deb59a/prints/pp2/W502010.webp
Матовые цветные чехлы для печати,Xiaomi Redmi Note 10 Pro,A:502014,W502014,ПП2,3277156695,3,https://s3.twcstorage.ru/35ffc2ef-1e09-463d-a2c4-c183d5deb59a/prints/pp2/W502014.webp
Матовые цветные чехлы для печати,Xiaomi Redmi Note 10 Pro,A:502032,W502032,ПП2,3277156305,4,https://s3.twcstorage.ru/35ffc2ef-1e09-463d-a2c4-c183d5deb59a/prints/pp2/W502032.webp
Матовые цветные чехлы для печати,Xiaomi Redmi Note 10 Pro,A:502048,W502048,ПП2,3277156462,36,https://s3.twcstorage.ru/35ffc2ef-1e09-463d-a2c4-c183d5deb59a/prints/pp2/Y502048.webp
Белые софт-тач,Xiaomi Redmi Note 10 Pro,A:502053,W502053,ПП2,3280570181,1,https://s3.twcstorage.ru/35ffc2ef-1e09-463d-a2c4-c183d5deb59a/prints/pp2/W502053.webp
Матовые цветные чехлы для печати,Xiaomi Redmi Note 10 Pro,A:502059,W502059,ПП2,3277156807,1000000,https://s3.twcstorage.ru/35ffc2ef-1e09-463d-a2c4-c183d5deb59a/prints/pp2/W502059.webp
Силиконовые чехлы,Xiaomi Redmi Note 10 Pro,A:502064,W502064,ПП2,3345745261,121,https://s3.twcstorage.ru/35ffc2ef-1e09-463d-a2c4-c183d5deb59a/prints/pp2/W502064.webp
Объемные матовые чехлы черные,Xiaomi Redmi Note 10 Pro,A:506339,W5063391,ПП2,4998309422,23,https://s3.twcstorage.ru/35ffc2ef-1e09-463d-a2c4-c183d5deb59a/prints/pp2/W5063391.webp
Матовые цветные чехлы для печати,Xiaomi Redmi Note 10 Pro,A:506377,W506377,ПП2,4900098298,73,https://s3.twcstorage.ru/35ffc2ef-1e09-463d-a2c4-c183d5deb59a/prints/pp2/W506377.webp
Матовые цветные чехлы для печати,Xiaomi Redmi Note 10/Note 10S/Poco M5s,A:501930,W501930,ПП2,3277189796,75,https://s3.twcstorage.ru/35ffc2ef-1e09-463d-a2c4-c183d5deb59a/prints/pp2/W501930.webp
Матовые цветные чехлы для печати,Xiaomi Redmi Note 10/Note 10S/Poco M5s,A:501947,W501947,ПП2,3277187938,5,https://s3.twcstorage.ru/35ffc2ef-1e09-463d-a2c4-c183d5deb59a/prints/pp2/W501947.webp
Матовые цветные чехлы для печати,Xiaomi Redmi Note 10/Note 10S/Poco M5s,A:501957,W501957,ПП2,3277190180,7,https://s3.twcstorage.ru/35ffc2ef-1e09-463d-a2c4-c183d5deb59a/prints/pp2/W501957.webp
Чёрные софт-тач,Xiaomi Redmi Note 10/Note 10S/Poco M5s,A:501961,S501961,ПП2,3277051776,17,https://s3.twcstorage.ru/35ffc2ef-1e09-463d-a2c4-c183d5deb59a/prints/pp2/W501961.webp
Стеклянные чехлы,Xiaomi Redmi Note 10/Note 10S/Poco M5s,A:501963,Q5019631,ПП2,3277026563,7,https://s3.twcstorage.ru/35ffc2ef-1e09-463d-a2c4-c183d5deb59a/prints/pp2/Q5019631.webp
Силиконовые чехлы,Xiaomi Redmi Note 10/Note 10S/Poco M5s,A:501978,Q501978,ПП2,3289193912,2,https://s3.twcstorage.ru/35ffc2ef-1e09-463d-a2c4-c183d5deb59a/prints/pp2/Q5019781.webp
Силиконовые чехлы,Xiaomi Redmi Note 10/Note 10S/Poco M5s,A:501980,Q501980,ПП2,3289194263,4,https://s3.twcstorage.ru/35ffc2ef-1e09-463d-a2c4-c183d5deb59a/prints/pp2/Q5019801.webp
Силиконовые чехлы,Xiaomi Redmi Note 10/Note 10S/Poco M5s,A:501984,Q501984,ПП2,3289200452,140,https://s3.twcstorage.ru/35ffc2ef-1e09-463d-a2c4-c183d5deb59a/prints/pp2/Y501984.webp
Силиконовые чехлы,Xiaomi Redmi Note 10/Note 10S/Poco M5s,A:501993,Q501993,ПП2,3289194317,21,https://s3.twcstorage.ru/35ffc2ef-1e09-463d-a2c4-c183d5deb59a/prints/pp2/Q5019931.webp
Матовые цветные чехлы для печати,Xiaomi Redmi Note 10/Note 10S/Poco M5s,A:502006,W502006,ПП2,3277191366,21,https://s3.twcstorage.ru/35ffc2ef-1e09-463d-a2c4-c183d5deb59a/prints/pp2/W502006.webp
Матовые цветные чехлы для печати,Xiaomi Redmi Note 10/Note 10S/Poco M5s,A:502008,W502008,ПП2,3277188067,18,https://s3.twcstorage.ru/35ffc2ef-1e09-463d-a2c4-c183d5deb59a/prints/pp2/W502008.webp
Матовые цветные чехлы для печати,Xiaomi Redmi Note 10/Note 10S/Poco M5s,A:502009,W502009,ПП2,3277188148,22,https://s3.twcstorage.ru/35ffc2ef-1e09-463d-a2c4-c183d5deb59a/prints/pp2/W502009.webp
Белые софт-тач,Xiaomi Redmi Note 10/Note 10S/Poco M5s,A:502014,W502014,ПП2,3280385979,7,https://s3.twcstorage.ru/35ffc2ef-1e09-463d-a2c4-c183d5deb59a/prints/pp2/W502014.webp
Белые софт-тач,Xiaomi Redmi Note 10/Note 10S/Poco M5s,A:502015,W502015,ПП2,3280336901,1000000,https://s3.twcstorage.ru/35ffc2ef-1e09-463d-a2c4-c183d5deb59a/prints/pp2/W502015.webp
Матовые цветные чехлы для печати,Xiaomi Redmi Note 10/Note 10S/Poco M5s,A:502021,W502021,ПП2,3277189958,82,https://s3.twcstorage.ru/35ffc2ef-1e09-463d-a2c4-c183d5deb59a/prints/pp2/Y502021.webp
Матовые цветные чехлы для печати,Xiaomi Redmi Note 10/Note 10S/Poco M5s,A:502024,W502024,ПП2,3277189771,1000000,https://s3.twcstorage.ru/35ffc2ef-1e09-463d-a2c4-c183d5deb59a/prints/pp2/W502024.webp
Матовые цветные чехлы для печати,Xiaomi Redmi Note 10/Note 10S/Poco M5s,A:502025,W502025,ПП2,3277190033,12,https://s3.twcstorage.ru/35ffc2ef-1e09-463d-a2c4-c183d5deb59a/prints/pp2/W502025.webp
Силиконовые чехлы,Xiaomi Redmi Note 10/Note 10S/Poco M5s,A:502029,W502029,ПП2,3289200562,13,https://s3.twcstorage.ru/35ffc2ef-1e09-463d-a2c4-c183d5deb59a/prints/pp2/W502029.webp
Матовые цветные чехлы для печати,Xiaomi Redmi Note 10/Note 10S/Poco M5s,A:502031,W502031,ПП2,3277187822,84,https://s3.twcstorage.ru/35ffc2ef-1e09-463d-a2c4-c183d5deb59a/prints/pp2/W502031.webp
Белые софт-тач,Xiaomi Redmi Note 10/Note 10S/Poco M5s,A:502032,W502032,ПП2,3280386039,14,https://s3.twcstorage.ru/35ffc2ef-1e09-463d-a2c4-c183d5deb59a/prints/pp2/W502032.webp
Матовые цветные чехлы для печати,Xiaomi Redmi Note 10/Note 10S/Poco M5s,A:502033,W502033,ПП2,3277190032,10,https://s3.twcstorage.ru/35ffc2ef-1e09-463d-a2c4-c183d5deb59a/prints/pp2/W502033.webp
Матовые цветные чехлы для печати,Xiaomi Redmi Note 10/Note 10S/Poco M5s,A:502035,W502035,ПП2,3277188059,31,https://s3.twcstorage.ru/35ffc2ef-1e09-463d-a2c4-c183d5deb59a/prints/pp2/W502035.webp
Белые софт-тач,Xiaomi Redmi Note 10/Note 10S/Poco M5s,A:502049,W502049,ПП2,3280337059,41,https://s3.twcstorage.ru/35ffc2ef-1e09-463d-a2c4-c183d5deb59a/prints/pp2/Y502049.webp
Белые софт-тач,Xiaomi Redmi Note 10/Note 10S/Poco M5s,A:502050,W502050,ПП2,3280386643,49,https://s3.twcstorage.ru/35ffc2ef-1e09-463d-a2c4-c183d5deb59a/prints/pp2/Y502050.webp
Белые софт-тач,Xiaomi Redmi Note 10/Note 10S/Poco M5s,A:502052,W502052,ПП2,3280383531,2,https://s3.twcstorage.ru/35ffc2ef-1e09-463d-a2c4-c183d5deb59a/prints/pp2/W502052.webp
Белые софт-тач,Xiaomi Redmi Note 10/Note 10S/Poco M5s,A:502053,W502053,ПП2,3280385743,1,https://s3.twcstorage.ru/35ffc2ef-1e09-463d-a2c4-c183d5deb59a/prints/pp2/W502053.webp
Силиконовые чехлы,Xiaomi Redmi Note 10/Note 10S/Poco M5s,A:502064,W502064,ПП2,3289194336,121,https://s3.twcstorage.ru/35ffc2ef-1e09-463d-a2c4-c183d5deb59a/prints/pp2/W502064.webp
Белые софт-тач,Xiaomi Redmi Note 10/Note 10S/Poco M5s,A:502065,W502065,ПП2,3280385871,25,https://s3.twcstorage.ru/35ffc2ef-1e09-463d-a2c4-c183d5deb59a/prints/pp2/W502065.webp
Матовые цветные чехлы для печати,Xiaomi Redmi Note 10/Note 10S/Poco M5s,A:506379,W506379,ПП2,4895990065,1000000,https://s3.twcstorage.ru/35ffc2ef-1e09-463d-a2c4-c183d5deb59a/prints/pp2/W506379.webp
Белые софт-тач,Xiaomi Redmi Note 10/Note 10S/Poco M5s,A:506381,W506381,ПП2,4900051040,38,https://s3.twcstorage.ru/35ffc2ef-1e09-463d-a2c4-c183d5deb59a/prints/pp2/W506381.webp
Силиконовые чехлы,Xiaomi Redmi Note 11 4G Global/Redmi Note 11S,A:501935,C501935,ПП2,3280810599,128,https://s3.twcstorage.ru/35ffc2ef-1e09-463d-a2c4-c183d5deb59a/prints/pp2/W501935.webp
Силиконовые чехлы,Xiaomi Redmi Note 11 4G Global/Redmi Note 11S,A:501943,C501943,ПП2,3280809981,109,https://s3.twcstorage.ru/35ffc2ef-1e09-463d-a2c4-c183d5deb59a/prints/pp2/S501943.webp
Силиконовые чехлы,Xiaomi Redmi Note 11 4G Global/Redmi Note 11S,A:501957,W501957,ПП2,3280810228,17,https://s3.twcstorage.ru/35ffc2ef-1e09-463d-a2c4-c183d5deb59a/prints/pp2/W501957.webp
Силиконовые чехлы,Xiaomi Redmi Note 11 4G Global/Redmi Note 11S,A:501980,Q501980,ПП2,3280810094,4,https://s3.twcstorage.ru/35ffc2ef-1e09-463d-a2c4-c183d5deb59a/prints/pp2/Q5019801.webp
Силиконовые чехлы,Xiaomi Redmi Note 11 Pro Plus 5G,A:501971,Q501971,ПП2,3346094786,137,https://s3.twcstorage.ru/35ffc2ef-1e09-463d-a2c4-c183d5deb59a/prints/pp2/Q501971.webp
Силиконовые чехлы,Xiaomi Redmi Note 11 Pro/Note 11 Pro 5G/Note 11E Pro/Note 12 Pro 4G,A:501937,W501937,ПП2,3280888842,90,https://s3.twcstorage.ru/35ffc2ef-1e09-463d-a2c4-c183d5deb59a/prints/pp2/W501937.webp
Силиконовые чехлы,Xiaomi Redmi Note 11 Pro/Note 11 Pro 5G/Note 11E Pro/Note 12 Pro 4G,A:501938,W501938,ПП2,3280893362,130,https://s3.twcstorage.ru/35ffc2ef-1e09-463d-a2c4-c183d5deb59a/prints/pp2/W501938.webp
Силиконовые чехлы,Xiaomi Redmi Note 11 Pro/Note 11 Pro 5G/Note 11E Pro/Note 12 Pro 4G,A:501942,C501942,ПП2,3280890369,108,https://s3.twcstorage.ru/35ffc2ef-1e09-463d-a2c4-c183d5deb59a/prints/pp2/S501942.webp
Силиконовые чехлы,Xiaomi Redmi Note 11 Pro/Note 11 Pro 5G/Note 11E Pro/Note 12 Pro 4G,A:501947,W501947,ПП2,3280889005,16,https://s3.twcstorage.ru/35ffc2ef-1e09-463d-a2c4-c183d5deb59a/prints/pp2/W501947.webp
Белые софт-тач,Xiaomi Redmi Note 11 Pro/Note 11 Pro 5G/Note 11E Pro/Note 12 Pro 4G,A:501951,W501951,ПП2,3277248695,9,https://s3.twcstorage.ru/35ffc2ef-1e09-463d-a2c4-c183d5deb59a/prints/pp2/W501951.webp
Силиконовые чехлы,Xiaomi Redmi Note 11 Pro/Note 11 Pro 5G/Note 11E Pro/Note 12 Pro 4G,A:501957,W501957,ПП2,3280890576,17,https://s3.twcstorage.ru/35ffc2ef-1e09-463d-a2c4-c183d5deb59a/prints/pp2/W501957.webp
Стеклянные чехлы,Xiaomi Redmi Note 11 Pro/Note 11 Pro 5G/Note 11E Pro/Note 12 Pro 4G,A:501978,Q5019781,ПП2,3836131625,2,https://s3.twcstorage.ru/35ffc2ef-1e09-463d-a2c4-c183d5deb59a/prints/pp2/Q5019781.webp
Силиконовые чехлы,Xiaomi Redmi Note 11 Pro/Note 11 Pro 5G/Note 11E Pro/Note 12 Pro 4G,A:501988,Q501988,ПП2,3280891778,115,https://s3.twcstorage.ru/35ffc2ef-1e09-463d-a2c4-c183d5deb59a/prints/pp2/Y501988.webp
Стеклянные чехлы,Xiaomi Redmi Note 11 Pro/Note 11 Pro 5G/Note 11E Pro/Note 12 Pro 4G,A:501993,Q5019931,ПП2,3836131599,3,https://s3.twcstorage.ru/35ffc2ef-1e09-463d-a2c4-c183d5deb59a/prints/pp2/Q5019931.webp
Белые софт-тач,Xiaomi Redmi Note 11 Pro/Note 11 Pro 5G/Note 11E Pro/Note 12 Pro 4G,A:502007,W502007,ПП2,3277249646,21,https://s3.twcstorage.ru/35ffc2ef-1e09-463d-a2c4-c183d5deb59a/prints/pp2/W502007.webp
Матовые цветные чехлы для печати,Xiaomi Redmi Note 11 Pro/Note 11 Pro 5G/Note 11E Pro/Note 12 Pro 4G,A:502009,W502009,ПП2,3837342274,22,https://s3.twcstorage.ru/35ffc2ef-1e09-463d-a2c4-c183d5deb59a/prints/pp2/W502009.webp
Силиконовые чехлы,Xiaomi Redmi Note 11 Pro/Note 11 Pro 5G/Note 11E Pro/Note 12 Pro 4G,A:502010,W502010,ПП2,3280888664,3,https://s3.twcstorage.ru/35ffc2ef-1e09-463d-a2c4-c183d5deb59a/prints/pp2/W502010.webp
Силиконовые чехлы,Xiaomi Redmi Note 11 Pro/Note 11 Pro 5G/Note 11E Pro/Note 12 Pro 4G,A:502014,W502014,ПП2,3280888787,1,https://s3.twcstorage.ru/35ffc2ef-1e09-463d-a2c4-c183d5deb59a/prints/pp2/W502014.webp
Силиконовые чехлы,Xiaomi Redmi Note 11 Pro/Note 11 Pro 5G/Note 11E Pro/Note 12 Pro 4G,A:502039,W502039,ПП2,3280888975,95,https://s3.twcstorage.ru/35ffc2ef-1e09-463d-a2c4-c183d5deb59a/prints/pp2/W502039.webp
Белые софт-тач,Xiaomi Redmi Note 11 Pro/Note 11 Pro 5G/Note 11E Pro/Note 12 Pro 4G,A:502048,W502048,ПП2,3277248923,18,https://s3.twcstorage.ru/35ffc2ef-1e09-463d-a2c4-c183d5deb59a/prints/pp2/Y502048.webp
Белые софт-тач,Xiaomi Redmi Note 11 Pro/Note 11 Pro 5G/Note 11E Pro/Note 12 Pro 4G,A:502052,W502052,ПП2,3277248896,2,https://s3.twcstorage.ru/35ffc2ef-1e09-463d-a2c4-c183d5deb59a/prints/pp2/W502052.webp
Белые софт-тач,Xiaomi Redmi Note 11 Pro/Note 11 Pro 5G/Note 11E Pro/Note 12 Pro 4G,A:502053,W502053,ПП2,3277248899,1,https://s3.twcstorage.ru/35ffc2ef-1e09-463d-a2c4-c183d5deb59a/prints/pp2/W502053.webp
Белые софт-тач,Xiaomi Redmi Note 11 Pro/Note 11 Pro 5G/Note 11E Pro/Note 12 Pro 4G,A:502057,W502057,ПП2,3277248800,35,https://s3.twcstorage.ru/35ffc2ef-1e09-463d-a2c4-c183d5deb59a/prints/pp2/W502057.webp
Силиконовые чехлы,Xiaomi Redmi Note 12 4G,A:501947,W501947,ПП2,3289242354,16,https://s3.twcstorage.ru/35ffc2ef-1e09-463d-a2c4-c183d5deb59a/prints/pp2/W501947.webp
Силиконовые чехлы,Xiaomi Redmi Note 12 4G,A:501978,Q501978,ПП2,3289241753,2,https://s3.twcstorage.ru/35ffc2ef-1e09-463d-a2c4-c183d5deb59a/prints/pp2/Q5019781.webp
Силиконовые чехлы,Xiaomi Redmi Note 12 4G,A:501993,Q501993,ПП2,3289240364,21,https://s3.twcstorage.ru/35ffc2ef-1e09-463d-a2c4-c183d5deb59a/prints/pp2/Q5019931.webp
Силиконовые чехлы,Xiaomi Redmi Note 12 4G,A:501997,W501997,ПП2,3289241471,67,https://s3.twcstorage.ru/35ffc2ef-1e09-463d-a2c4-c183d5deb59a/prints/pp2/Y501997.webp
Матовые цветные чехлы для печати,Xiaomi Redmi Note 12 4G,A:502001,W502001,ПП2,3277197669,1000000,https://s3.twcstorage.ru/35ffc2ef-1e09-463d-a2c4-c183d5deb59a/prints/pp2/W502001.webp
Матовые цветные чехлы для печати,Xiaomi Redmi Note 12 4G,A:502009,W502009,ПП2,3277196434,22,https://s3.twcstorage.ru/35ffc2ef-1e09-463d-a2c4-c183d5deb59a/prints/pp2/W502009.webp
Матовые цветные чехлы для печати,Xiaomi Redmi Note 12 4G,A:502010,W502010,ПП2,3277197610,6,https://s3.twcstorage.ru/35ffc2ef-1e09-463d-a2c4-c183d5deb59a/prints/pp2/W502010.webp
Силиконовые чехлы,Xiaomi Redmi Note 12 4G,A:502014,W502014,ПП2,3289232726,1,https://s3.twcstorage.ru/35ffc2ef-1e09-463d-a2c4-c183d5deb59a/prints/pp2/W502014.webp
Матовые цветные чехлы для печати,Xiaomi Redmi Note 12 4G,A:502032,W502032,ПП2,3277196361,4,https://s3.twcstorage.ru/35ffc2ef-1e09-463d-a2c4-c183d5deb59a/prints/pp2/W502032.webp
Белые софт-тач,Xiaomi Redmi Note 12 4G,A:502048,W502048,ПП2,3280528049,18,https://s3.twcstorage.ru/35ffc2ef-1e09-463d-a2c4-c183d5deb59a/prints/pp2/Y502048.webp
Матовые цветные чехлы для печати,Xiaomi Redmi Note 12 4G,A:502062,W502062,ПП2,3277198182,48,https://s3.twcstorage.ru/35ffc2ef-1e09-463d-a2c4-c183d5deb59a/prints/pp2/W502062.webp
Матовые цветные чехлы для печати,Xiaomi Redmi Note 12 4G,A:502065,W502065,ПП2,3277196310,2,https://s3.twcstorage.ru/35ffc2ef-1e09-463d-a2c4-c183d5deb59a/prints/pp2/W502065.webp
Силиконовые чехлы,Xiaomi Redmi Note 12 4G,A:506332,W506332,ПП2,4896226247,11,https://s3.twcstorage.ru/35ffc2ef-1e09-463d-a2c4-c183d5deb59a/prints/pp2/W5063321.webp
Силиконовые чехлы,Xiaomi Redmi Note 12 4G,A:506339,W506339,ПП2,4896225252,23,https://s3.twcstorage.ru/35ffc2ef-1e09-463d-a2c4-c183d5deb59a/prints/pp2/W5063391.webp
Силиконовые чехлы,Xiaomi Redmi Note 12 4G,A:506360,W506360,ПП2,4896207928,154,https://s3.twcstorage.ru/35ffc2ef-1e09-463d-a2c4-c183d5deb59a/prints/pp2/W5063601.webp
Белые софт-тач,Xiaomi Redmi Note 12 Turbo/Poco F5,A:501947,W501947,ПП2,3277239965,13,https://s3.twcstorage.ru/35ffc2ef-1e09-463d-a2c4-c183d5deb59a/prints/pp2/W501947.webp
Белые софт-тач,Xiaomi Redmi Note 12 Turbo/Poco F5,A:501951,W501951,ПП2,3277239960,9,https://s3.twcstorage.ru/35ffc2ef-1e09-463d-a2c4-c183d5deb59a/prints/pp2/W501951.webp
Силиконовые чехлы,Xiaomi Redmi Note 12 Turbo/Poco F5,A:501976,Q501976,ПП2,3346350988,75,https://s3.twcstorage.ru/35ffc2ef-1e09-463d-a2c4-c183d5deb59a/prints/pp2/Q501976.webp
Силиконовые чехлы,Xiaomi Redmi Note 12 Turbo/Poco F5,A:501993,Q501993,ПП2,3346349745,21,https://s3.twcstorage.ru/35ffc2ef-1e09-463d-a2c4-c183d5deb59a/prints/pp2/Q5019931.webp
Белые софт-тач,Xiaomi Redmi Note 12 Turbo/Poco F5,A:502013,W502013,ПП2,3277240054,59,https://s3.twcstorage.ru/35ffc2ef-1e09-463d-a2c4-c183d5deb59a/prints/pp2/W502013.webp
Силиконовые чехлы,Xiaomi Redmi Note 12 Turbo/Poco F5,A:502014,W502014,ПП2,3346347489,1,https://s3.twcstorage.ru/35ffc2ef-1e09-463d-a2c4-c183d5deb59a/prints/pp2/W502014.webp
Белые софт-тач,Xiaomi Redmi Note 12 Turbo/Poco F5,A:502039,W502039,ПП2,3277240019,1000000,https://s3.twcstorage.ru/35ffc2ef-1e09-463d-a2c4-c183d5deb59a/prints/pp2/W502039.webp
Белые софт-тач,Xiaomi Redmi Note 12 Turbo/Poco F5,A:502051,W502051,ПП2,3277240067,44,https://s3.twcstorage.ru/35ffc2ef-1e09-463d-a2c4-c183d5deb59a/prints/pp2/W502051.webp
Белые софт-тач,Xiaomi Redmi Note 12 Turbo/Poco F5,A:502052,W502052,ПП2,3277241351,2,https://s3.twcstorage.ru/35ffc2ef-1e09-463d-a2c4-c183d5deb59a/prints/pp2/W502052.webp
Белые софт-тач,Xiaomi Redmi Note 12 Turbo/Poco F5,A:502053,W502053,ПП2,3277239970,1,https://s3.twcstorage.ru/35ffc2ef-1e09-463d-a2c4-c183d5deb59a/prints/pp2/W502053.webp
Матовые цветные чехлы для печати,Xiaomi Redmi Note 12S,A:501931,W501931,ПП2,3277141848,59,https://s3.twcstorage.ru/35ffc2ef-1e09-463d-a2c4-c183d5deb59a/prints/pp2/W501931.webp
Чёрные софт-тач,Xiaomi Redmi Note 12S,A:501947,S501947,ПП2,3277062220,7,https://s3.twcstorage.ru/35ffc2ef-1e09-463d-a2c4-c183d5deb59a/prints/pp2/W501947.webp
Силиконовые чехлы,Xiaomi Redmi Note 12S,A:501951,C501951,ПП2,3295492422,7,https://s3.twcstorage.ru/35ffc2ef-1e09-463d-a2c4-c183d5deb59a/prints/pp2/W501951.webp
Силиконовые чехлы,Xiaomi Redmi Note 12S,A:501978,Q501978,ПП2,3295491774,2,https://s3.twcstorage.ru/35ffc2ef-1e09-463d-a2c4-c183d5deb59a/prints/pp2/Q5019781.webp
Матовые цветные чехлы для печати,Xiaomi Redmi Note 12S,A:502010,W502010,ПП2,3277141484,6,https://s3.twcstorage.ru/35ffc2ef-1e09-463d-a2c4-c183d5deb59a/prints/pp2/W502010.webp
Силиконовые чехлы,Xiaomi Redmi Note 12S,A:502027,W502027,ПП2,3295492790,47,https://s3.twcstorage.ru/35ffc2ef-1e09-463d-a2c4-c183d5deb59a/prints/pp2/W502027.webp
Силиконовые чехлы,Xiaomi Redmi Note 12S,A:502057,W502057,ПП2,3295491240,78,https://s3.twcstorage.ru/35ffc2ef-1e09-463d-a2c4-c183d5deb59a/prints/pp2/W502057.webp
Белые софт-тач,Xiaomi Redmi Note 13 4G (Global),A:501953,W501953,ПП2,3281081290,43,https://s3.twcstorage.ru/35ffc2ef-1e09-463d-a2c4-c183d5deb59a/prints/pp2/W501953.webp
Чёрные софт-тач,Xiaomi Redmi Note 13 4G (Global),A:501957,S501957,ПП2,3277069918,2,https://s3.twcstorage.ru/35ffc2ef-1e09-463d-a2c4-c183d5deb59a/prints/pp2/W501957.webp
Чёрные софт-тач,Xiaomi Redmi Note 13 4G (Global),A:501958,S501958,ПП2,3277070624,28,https://s3.twcstorage.ru/35ffc2ef-1e09-463d-a2c4-c183d5deb59a/prints/pp2/W501958.webp
Силиконовые чехлы,Xiaomi Redmi Note 13 4G (Global),A:501974,Q501974,ПП2,3345844188,74,https://s3.twcstorage.ru/35ffc2ef-1e09-463d-a2c4-c183d5deb59a/prints/pp2/Q501974.webp
Стеклянные чехлы,Xiaomi Redmi Note 13 4G (Global),A:501978,Q5019781,ПП2,3836131379,2,https://s3.twcstorage.ru/35ffc2ef-1e09-463d-a2c4-c183d5deb59a/prints/pp2/Q5019781.webp
Стеклянные чехлы,Xiaomi Redmi Note 13 4G (Global),A:501980,Q5019801,ПП2,3836131155,1,https://s3.twcstorage.ru/35ffc2ef-1e09-463d-a2c4-c183d5deb59a/prints/pp2/Q5019801.webp
Силиконовые чехлы,Xiaomi Redmi Note 13 4G (Global),A:501982,Q501982,ПП2,3345845908,138,https://s3.twcstorage.ru/35ffc2ef-1e09-463d-a2c4-c183d5deb59a/prints/pp2/Y501982.webp
Стеклянные чехлы,Xiaomi Redmi Note 13 4G (Global),A:501993,Q5019931,ПП2,3836132428,3,https://s3.twcstorage.ru/35ffc2ef-1e09-463d-a2c4-c183d5deb59a/prints/pp2/Q5019931.webp
Белые софт-тач,Xiaomi Redmi Note 13 4G (Global),A:502007,W502007,ПП2,3281118552,21,https://s3.twcstorage.ru/35ffc2ef-1e09-463d-a2c4-c183d5deb59a/prints/pp2/W502007.webp
Матовые цветные чехлы для печати,Xiaomi Redmi Note 13 4G (Global),A:502010,W502010,ПП2,3277163325,6,https://s3.twcstorage.ru/35ffc2ef-1e09-463d-a2c4-c183d5deb59a/prints/pp2/W502010.webp
Матовые цветные чехлы для печати,Xiaomi Redmi Note 13 4G (Global),A:502014,W502014,ПП2,3277163194,3,https://s3.twcstorage.ru/35ffc2ef-1e09-463d-a2c4-c183d5deb59a/prints/pp2/W502014.webp
Матовые цветные чехлы для печати,Xiaomi Redmi Note 13 4G (Global),A:502015,W502015,ПП2,3277163808,44,https://s3.twcstorage.ru/35ffc2ef-1e09-463d-a2c4-c183d5deb59a/prints/pp2/W502015.webp
Матовые цветные чехлы для печати,Xiaomi Redmi Note 13 4G (Global),A:502016,W502016,ПП2,3277163040,23,https://s3.twcstorage.ru/35ffc2ef-1e09-463d-a2c4-c183d5deb59a/prints/pp2/W502016.webp
Силиконовые чехлы,Xiaomi Redmi Note 13 4G (Global),A:502020,W502020,ПП2,3345838850,88,https://s3.twcstorage.ru/35ffc2ef-1e09-463d-a2c4-c183d5deb59a/prints/pp2/W502020.webp
Белые софт-тач,Xiaomi Redmi Note 13 4G (Global),A:502052,W502052,ПП2,3281118445,2,https://s3.twcstorage.ru/35ffc2ef-1e09-463d-a2c4-c183d5deb59a/prints/pp2/W502052.webp
Матовые цветные чехлы для печати,Xiaomi Redmi Note 13 4G (Global),A:502054,W502054,ПП2,3277163349,64,https://s3.twcstorage.ru/35ffc2ef-1e09-463d-a2c4-c183d5deb59a/prints/pp2/W502054.webp
Силиконовые чехлы,Xiaomi Redmi Note 13 4G (Global),A:502065,W502065,ПП2,3345845450,22,https://s3.twcstorage.ru/35ffc2ef-1e09-463d-a2c4-c183d5deb59a/prints/pp2/W502065.webp
Силиконовые чехлы,Xiaomi Redmi Note 13 4G (Global),A:506378,W506378,ПП2,4895312156,82,https://s3.twcstorage.ru/35ffc2ef-1e09-463d-a2c4-c183d5deb59a/prints/pp2/W506378.webp
Белые софт-тач,Xiaomi Redmi Note 13 Pro 4G/POCO M6 Pro 4G,A:501931,W501931,ПП2,3280963466,1000000,https://s3.twcstorage.ru/35ffc2ef-1e09-463d-a2c4-c183d5deb59a/prints/pp2/W501931.webp
Чёрные софт-тач,Xiaomi Redmi Note 13 Pro 4G/POCO M6 Pro 4G,A:501949,S501949,ПП2,3277057528,4,https://s3.twcstorage.ru/35ffc2ef-1e09-463d-a2c4-c183d5deb59a/prints/pp2/W501949.webp
Чёрные софт-тач,Xiaomi Redmi Note 13 Pro 4G/POCO M6 Pro 4G,A:501951,S501951,ПП2,3277057755,5,https://s3.twcstorage.ru/35ffc2ef-1e09-463d-a2c4-c183d5deb59a/prints/pp2/W501951.webp
Силиконовые чехлы,Xiaomi Redmi Note 13 Pro 4G/POCO M6 Pro 4G,A:501955,C501955,ПП2,3295466838,35,https://s3.twcstorage.ru/35ffc2ef-1e09-463d-a2c4-c183d5deb59a/prints/pp2/W501955.webp
Силиконовые чехлы,Xiaomi Redmi Note 13 Pro 4G/POCO M6 Pro 4G,A:501960,W501960,ПП2,3295470333,29,https://s3.twcstorage.ru/35ffc2ef-1e09-463d-a2c4-c183d5deb59a/prints/pp2/W501960.webp
Силиконовые чехлы,Xiaomi Redmi Note 13 Pro 4G/POCO M6 Pro 4G,A:501961,W501961,ПП2,3295466676,20,https://s3.twcstorage.ru/35ffc2ef-1e09-463d-a2c4-c183d5deb59a/prints/pp2/W501961.webp
Силиконовые чехлы,Xiaomi Redmi Note 13 Pro 4G/POCO M6 Pro 4G,A:501962,W501962,ПП2,3295466568,31,https://s3.twcstorage.ru/35ffc2ef-1e09-463d-a2c4-c183d5deb59a/prints/pp2/W501962.webp
Силиконовые чехлы,Xiaomi Redmi Note 13 Pro 4G/POCO M6 Pro 4G,A:501965,Q501965,ПП2,3295465700,73,https://s3.twcstorage.ru/35ffc2ef-1e09-463d-a2c4-c183d5deb59a/prints/pp2/Q5019651.webp
Силиконовые чехлы,Xiaomi Redmi Note 13 Pro 4G/POCO M6 Pro 4G,A:501978,Q501978,ПП2,3295466376,2,https://s3.twcstorage.ru/35ffc2ef-1e09-463d-a2c4-c183d5deb59a/prints/pp2/Q5019781.webp
Силиконовые чехлы,Xiaomi Redmi Note 13 Pro 4G/POCO M6 Pro 4G,A:501979,Q501979,ПП2,3295466282,32,https://s3.twcstorage.ru/35ffc2ef-1e09-463d-a2c4-c183d5deb59a/prints/pp2/Q5019791.webp
Стеклянные чехлы,Xiaomi Redmi Note 13 Pro 4G/POCO M6 Pro 4G,A:501980,Q5019801,ПП2,3836123347,1,https://s3.twcstorage.ru/35ffc2ef-1e09-463d-a2c4-c183d5deb59a/prints/pp2/Q5019801.webp
Силиконовые чехлы,Xiaomi Redmi Note 13 Pro 4G/POCO M6 Pro 4G,A:501984,Q501984,ПП2,3295469789,140,https://s3.twcstorage.ru/35ffc2ef-1e09-463d-a2c4-c183d5deb59a/prints/pp2/Y501984.webp
Силиконовые чехлы,Xiaomi Redmi Note 13 Pro 4G/POCO M6 Pro 4G,A:501986,Q501986,ПП2,3295469691,141,https://s3.twcstorage.ru/35ffc2ef-1e09-463d-a2c4-c183d5deb59a/prints/pp2/Y501986.webp
Силиконовые чехлы,Xiaomi Redmi Note 13 Pro 4G/POCO M6 Pro 4G,A:501989,Q501989,ПП2,3295466866,61,https://s3.twcstorage.ru/35ffc2ef-1e09-463d-a2c4-c183d5deb59a/prints/pp2/Y501989.webp
Стеклянные чехлы,Xiaomi Redmi Note 13 Pro 4G/POCO M6 Pro 4G,A:501993,Q5019931,ПП2,3836124079,3,https://s3.twcstorage.ru/35ffc2ef-1e09-463d-a2c4-c183d5deb59a/prints/pp2/Q5019931.webp
Белые софт-тач,Xiaomi Redmi Note 13 Pro 4G/POCO M6 Pro 4G,A:502005,W502005,ПП2,3281012517,54,https://s3.twcstorage.ru/35ffc2ef-1e09-463d-a2c4-c183d5deb59a/prints/pp2/W502005.webp
Белые софт-тач,Xiaomi Redmi Note 13 Pro 4G/POCO M6 Pro 4G,A:502007,W502007,ПП2,3281012007,21,https://s3.twcstorage.ru/35ffc2ef-1e09-463d-a2c4-c183d5deb59a/prints/pp2/W502007.webp
Матовые цветные чехлы для печати,Xiaomi Redmi Note 13 Pro 4G/POCO M6 Pro 4G,A:502008,W502008,ПП2,3277136903,18,https://s3.twcstorage.ru/35ffc2ef-1e09-463d-a2c4-c183d5deb59a/prints/pp2/W502008.webp
Белые софт-тач,Xiaomi Redmi Note 13 Pro 4G/POCO M6 Pro 4G,A:502012,W502012,ПП2,3281010093,11,https://s3.twcstorage.ru/35ffc2ef-1e09-463d-a2c4-c183d5deb59a/prints/pp2/W502012.webp
Силиконовые чехлы,Xiaomi Redmi Note 13 Pro 4G/POCO M6 Pro 4G,A:502014,W502014,ПП2,3295463489,1,https://s3.twcstorage.ru/35ffc2ef-1e09-463d-a2c4-c183d5deb59a/prints/pp2/W502014.webp
Силиконовые чехлы,Xiaomi Redmi Note 13 Pro 4G/POCO M6 Pro 4G,A:502025,W502025,ПП2,3295469741,54,https://s3.twcstorage.ru/35ffc2ef-1e09-463d-a2c4-c183d5deb59a/prints/pp2/W502025.webp
Силиконовые чехлы,Xiaomi Redmi Note 13 Pro 4G/POCO M6 Pro 4G,A:502026,W502026,ПП2,3295470527,52,https://s3.twcstorage.ru/35ffc2ef-1e09-463d-a2c4-c183d5deb59a/prints/pp2/W502026.webp
Силиконовые чехлы,Xiaomi Redmi Note 13 Pro 4G/POCO M6 Pro 4G,A:502028,W502028,ПП2,3295470501,76,https://s3.twcstorage.ru/35ffc2ef-1e09-463d-a2c4-c183d5deb59a/prints/pp2/W502028.webp
Силиконовые чехлы,Xiaomi Redmi Note 13 Pro 4G/POCO M6 Pro 4G,A:502029,W502029,ПП2,3295470067,13,https://s3.twcstorage.ru/35ffc2ef-1e09-463d-a2c4-c183d5deb59a/prints/pp2/W502029.webp
Белые софт-тач,Xiaomi Redmi Note 13 Pro 4G/POCO M6 Pro 4G,A:502030,W502030,ПП2,3281012820,23,https://s3.twcstorage.ru/35ffc2ef-1e09-463d-a2c4-c183d5deb59a/prints/pp2/W502030.webp
Силиконовые чехлы,Xiaomi Redmi Note 13 Pro 4G/POCO M6 Pro 4G,A:502031,W502031,ПП2,3295464304,27,https://s3.twcstorage.ru/35ffc2ef-1e09-463d-a2c4-c183d5deb59a/prints/pp2/W502031.webp
Белые софт-тач,Xiaomi Redmi Note 13 Pro 4G/POCO M6 Pro 4G,A:502047,W502047,ПП2,3280963772,22,https://s3.twcstorage.ru/35ffc2ef-1e09-463d-a2c4-c183d5deb59a/prints/pp2/W502047.webp
Белые софт-тач,Xiaomi Redmi Note 13 Pro 4G/POCO M6 Pro 4G,A:502048,W502048,ПП2,3280963322,18,https://s3.twcstorage.ru/35ffc2ef-1e09-463d-a2c4-c183d5deb59a/prints/pp2/Y502048.webp
Белые софт-тач,Xiaomi Redmi Note 13 Pro 4G/POCO M6 Pro 4G,A:502052,W502052,ПП2,3281012768,2,https://s3.twcstorage.ru/35ffc2ef-1e09-463d-a2c4-c183d5deb59a/prints/pp2/W502052.webp
Белые софт-тач,Xiaomi Redmi Note 13 Pro 4G/POCO M6 Pro 4G,A:502053,W502053,ПП2,3281012384,1,https://s3.twcstorage.ru/35ffc2ef-1e09-463d-a2c4-c183d5deb59a/prints/pp2/W502053.webp
Белые софт-тач,Xiaomi Redmi Note 13 Pro 4G/POCO M6 Pro 4G,A:502057,W502057,ПП2,3280963975,35,https://s3.twcstorage.ru/35ffc2ef-1e09-463d-a2c4-c183d5deb59a/prints/pp2/W502057.webp
Матовые цветные чехлы для печати,Xiaomi Redmi Note 13 Pro 4G/POCO M6 Pro 4G,A:502065,W502065,ПП2,3277138360,2,https://s3.twcstorage.ru/35ffc2ef-1e09-463d-a2c4-c183d5deb59a/prints/pp2/W502065.webp
Белые софт-тач,Xiaomi Redmi Note 13 Pro 4G/POCO M6 Pro 4G,A:502068,W502068,ПП2,3281013306,1000000,https://s3.twcstorage.ru/35ffc2ef-1e09-463d-a2c4-c183d5deb59a/prints/pp2/W502068.webp
Белые софт-тач,Xiaomi Redmi Note 13 Pro 4G/POCO M6 Pro 4G,A:502069,W502069,ПП2,3281009338,8,https://s3.twcstorage.ru/35ffc2ef-1e09-463d-a2c4-c183d5deb59a/prints/pp2/W502069.webp
Белые софт-тач,Xiaomi Redmi Note 13 Pro 4G/POCO M6 Pro 4G,A:506329,W506329,ПП2,4900028307,40,https://s3.twcstorage.ru/35ffc2ef-1e09-463d-a2c4-c183d5deb59a/prints/pp2/W5063291.webp
Силиконовые чехлы,Xiaomi Redmi Note 13 Pro 4G/POCO M6 Pro 4G,A:506334,W506334,ПП2,4895707619,14,https://s3.twcstorage.ru/35ffc2ef-1e09-463d-a2c4-c183d5deb59a/prints/pp2/W5063341.webp
Белые софт-тач,Xiaomi Redmi Note 13 Pro 4G/POCO M6 Pro 4G,A:506340,W506340,ПП2,4900028697,3,https://s3.twcstorage.ru/35ffc2ef-1e09-463d-a2c4-c183d5deb59a/prints/pp2/W5063401.webp
Матовые цветные чехлы для печати,Xiaomi Redmi Note 13 Pro 4G/POCO M6 Pro 4G,A:506345,W5063451,ПП2,4896762119,67,https://s3.twcstorage.ru/35ffc2ef-1e09-463d-a2c4-c183d5deb59a/prints/pp2/W5063451.webp
Матовые цветные чехлы для печати,Xiaomi Redmi Note 13 Pro 4G/POCO M6 Pro 4G,A:506372,W506372,ПП2,4896764404,25,https://s3.twcstorage.ru/35ffc2ef-1e09-463d-a2c4-c183d5deb59a/prints/pp2/W506372.webp
Матовые цветные чехлы для печати,Xiaomi Redmi Note 13 Pro 4G/POCO M6 Pro 4G,A:506373,W506373,ПП2,4896764078,34,https://s3.twcstorage.ru/35ffc2ef-1e09-463d-a2c4-c183d5deb59a/prints/pp2/W506373.webp
Белые софт-тач,Xiaomi Redmi Note 13 Pro 4G/POCO M6 Pro 4G,A:506374,W506374,ПП2,4900029283,5,https://s3.twcstorage.ru/35ffc2ef-1e09-463d-a2c4-c183d5deb59a/prints/pp2/W506374.webp
Силиконовые чехлы,Xiaomi Redmi Note 13 Pro 4G/POCO M6 Pro 4G,A:506377,W506377,ПП2,4895707266,102,https://s3.twcstorage.ru/35ffc2ef-1e09-463d-a2c4-c183d5deb59a/prints/pp2/W506377.webp
Силиконовые чехлы,Xiaomi Redmi Note 13 Pro 4G/POCO M6 Pro 4G,A:506382,Q506382,ПП2,4895707361,104,https://s3.twcstorage.ru/35ffc2ef-1e09-463d-a2c4-c183d5deb59a/prints/pp2/Q5063821.webp
Силиконовые чехлы,Xiaomi Redmi Note 13 Pro 4G/POCO M6 Pro 4G,A:506384,Q506384,ПП2,4895708738,84,https://s3.twcstorage.ru/35ffc2ef-1e09-463d-a2c4-c183d5deb59a/prints/pp2/Q5063841.webp
Силиконовые чехлы,Xiaomi Redmi Note 13R/Redmi 13/Poco M6 4G/Poco M6 Plus,A:501993,Q501993,ПП2,3346125118,21,https://s3.twcstorage.ru/35ffc2ef-1e09-463d-a2c4-c183d5deb59a/prints/pp2/Q5019931.webp
Силиконовые чехлы,Xiaomi Redmi Note 13R/Redmi 13/Poco M6 4G/Poco M6 Plus,A:502005,W502005,ПП2,3346126767,94,https://s3.twcstorage.ru/35ffc2ef-1e09-463d-a2c4-c183d5deb59a/prints/pp2/W502005.webp
Силиконовые чехлы,Xiaomi Redmi Note 13R/Redmi 13/Poco M6 4G/Poco M6 Plus,A:502009,W502009,ПП2,3346126877,5,https://s3.twcstorage.ru/35ffc2ef-1e09-463d-a2c4-c183d5deb59a/prints/pp2/W502009.webp
Силиконовые чехлы,Xiaomi Redmi Note 13R/Redmi 13/Poco M6 4G/Poco M6 Plus,A:502044,W502044,ПП2,3346129226,146,https://s3.twcstorage.ru/35ffc2ef-1e09-463d-a2c4-c183d5deb59a/prints/pp2/W502044.webp
Чёрные софт-тач,Xiaomi Redmi Note 14 4G,A:501934,S501934,ПП2,3277053018,20,https://s3.twcstorage.ru/35ffc2ef-1e09-463d-a2c4-c183d5deb59a/prints/pp2/W501934.webp
Силиконовые чехлы,Xiaomi Redmi Note 14 4G,A:501951,W501951,ПП2,3295411057,7,https://s3.twcstorage.ru/35ffc2ef-1e09-463d-a2c4-c183d5deb59a/prints/pp2/W501951.webp
Силиконовые чехлы,Xiaomi Redmi Note 14 4G,A:501953,W501953,ПП2,3295410667,133,https://s3.twcstorage.ru/35ffc2ef-1e09-463d-a2c4-c183d5deb59a/prints/pp2/W501953.webp
Силиконовые чехлы,Xiaomi Redmi Note 14 4G,A:501957,C501957,ПП2,3295408931,17,https://s3.twcstorage.ru/35ffc2ef-1e09-463d-a2c4-c183d5deb59a/prints/pp2/W501957.webp
Стеклянные чехлы,Xiaomi Redmi Note 14 4G,A:501978,Q5019781,ПП2,3277026373,2,https://s3.twcstorage.ru/35ffc2ef-1e09-463d-a2c4-c183d5deb59a/prints/pp2/Q5019781.webp
Силиконовые чехлы,Xiaomi Redmi Note 14 4G,A:501980,Q501980,ПП2,3295410529,4,https://s3.twcstorage.ru/35ffc2ef-1e09-463d-a2c4-c183d5deb59a/prints/pp2/Q5019801.webp
Силиконовые чехлы,Xiaomi Redmi Note 14 4G,A:501984,Q501984,ПП2,3295413464,140,https://s3.twcstorage.ru/35ffc2ef-1e09-463d-a2c4-c183d5deb59a/prints/pp2/Y501984.webp
Стеклянные чехлы,Xiaomi Redmi Note 14 4G,A:501993,Q5019931,ПП2,3277026413,3,https://s3.twcstorage.ru/35ffc2ef-1e09-463d-a2c4-c183d5deb59a/prints/pp2/Q5019931.webp
Матовые цветные чехлы для печати,Xiaomi Redmi Note 14 4G,A:502009,W502009,ПП2,3277203037,22,https://s3.twcstorage.ru/35ffc2ef-1e09-463d-a2c4-c183d5deb59a/prints/pp2/W502009.webp
Матовые цветные чехлы для печати,Xiaomi Redmi Note 14 4G,A:502010,W502010,ПП2,3277202848,6,https://s3.twcstorage.ru/35ffc2ef-1e09-463d-a2c4-c183d5deb59a/prints/pp2/W502010.webp
Матовые цветные чехлы для печати,Xiaomi Redmi Note 14 4G,A:502014,W502014,ПП2,3277202763,3,https://s3.twcstorage.ru/35ffc2ef-1e09-463d-a2c4-c183d5deb59a/prints/pp2/W502014.webp
Матовые цветные чехлы для печати,Xiaomi Redmi Note 14 4G,A:502023,W502023,ПП2,3277202755,19,https://s3.twcstorage.ru/35ffc2ef-1e09-463d-a2c4-c183d5deb59a/prints/pp2/W502023.webp
Матовые цветные чехлы для печати,Xiaomi Redmi Note 14 4G,A:502025,W502025,ПП2,3277202974,12,https://s3.twcstorage.ru/35ffc2ef-1e09-463d-a2c4-c183d5deb59a/prints/pp2/W502025.webp
Матовые цветные чехлы для печати,Xiaomi Redmi Note 14 4G,A:502031,W502031,ПП2,3277202892,84,https://s3.twcstorage.ru/35ffc2ef-1e09-463d-a2c4-c183d5deb59a/prints/pp2/W502031.webp
Матовые цветные чехлы для печати,Xiaomi Redmi Note 14 4G,A:502048,W502048,ПП2,3277202911,36,https://s3.twcstorage.ru/35ffc2ef-1e09-463d-a2c4-c183d5deb59a/prints/pp2/Y502048.webp
Белые софт-тач,Xiaomi Redmi Note 14 4G,A:502053,W502053,ПП2,3277239891,1,https://s3.twcstorage.ru/35ffc2ef-1e09-463d-a2c4-c183d5deb59a/prints/pp2/W502053.webp
Матовые цветные чехлы для печати,Xiaomi Redmi Note 14 4G,A:502065,W502065,ПП2,3277202869,2,https://s3.twcstorage.ru/35ffc2ef-1e09-463d-a2c4-c183d5deb59a/prints/pp2/W502065.webp
Белые софт-тач,Xiaomi Redmi Note 14 4G,A:506330,W506330,ПП2,4897001050,10,https://s3.twcstorage.ru/35ffc2ef-1e09-463d-a2c4-c183d5deb59a/prints/pp2/W5063301.webp
Объемные матовые чехлы черные,Xiaomi Redmi Note 14 4G,A:506332,W5063321,ПП2,4998237529,5,https://s3.twcstorage.ru/35ffc2ef-1e09-463d-a2c4-c183d5deb59a/prints/pp2/W5063321.webp
Матовые цветные чехлы для печати,Xiaomi Redmi Note 14 4G,A:506334,W5063341,ПП2,4896293345,24,https://s3.twcstorage.ru/35ffc2ef-1e09-463d-a2c4-c183d5deb59a/prints/pp2/W5063341.webp
Матовые цветные чехлы для печати,Xiaomi Redmi Note 14 4G,A:506372,W506372,ПП2,4896293995,25,https://s3.twcstorage.ru/35ffc2ef-1e09-463d-a2c4-c183d5deb59a/prints/pp2/W506372.webp
Белые софт-тач,Xiaomi Redmi Note 14 4G,A:506373,W506373,ПП2,4896999990,6,https://s3.twcstorage.ru/35ffc2ef-1e09-463d-a2c4-c183d5deb59a/prints/pp2/W506373.webp
Силиконовые чехлы,Xiaomi Redmi Note 14 4G,A:506374,W506374,ПП2,4896391177,34,https://s3.twcstorage.ru/35ffc2ef-1e09-463d-a2c4-c183d5deb59a/prints/pp2/W506374.webp
Матовые цветные чехлы для печати,Xiaomi Redmi Note 14 Pro 4G,A:501929,W501929,ПП2,3277191876,58,https://s3.twcstorage.ru/35ffc2ef-1e09-463d-a2c4-c183d5deb59a/prints/pp2/W501929.webp
Матовые цветные чехлы для печати,Xiaomi Redmi Note 14 Pro 4G,A:501947,W501947,ПП2,3277195939,5,https://s3.twcstorage.ru/35ffc2ef-1e09-463d-a2c4-c183d5deb59a/prints/pp2/W501947.webp
Силиконовые чехлы,Xiaomi Redmi Note 14 Pro 4G,A:501993,Q501993,ПП2,3289221768,21,https://s3.twcstorage.ru/35ffc2ef-1e09-463d-a2c4-c183d5deb59a/prints/pp2/Q5019931.webp
Матовые цветные чехлы для печати,Xiaomi Redmi Note 14 Pro 4G,A:502003,W502003,ПП2,3277191784,20,https://s3.twcstorage.ru/35ffc2ef-1e09-463d-a2c4-c183d5deb59a/prints/pp2/W502003.webp
Белые софт-тач,Xiaomi Redmi Note 14 Pro 4G,A:502015,W502015,ПП2,3837401580,1000000,https://s3.twcstorage.ru/35ffc2ef-1e09-463d-a2c4-c183d5deb59a/prints/pp2/W502015.webp
Матовые цветные чехлы для печати,Xiaomi Redmi Note 14 Pro 4G,A:502016,W502016,ПП2,3277194451,23,https://s3.twcstorage.ru/35ffc2ef-1e09-463d-a2c4-c183d5deb59a/prints/pp2/W502016.webp
Объемные матовые чехлы коричневые,Xiaomi Redmi Note 14 Pro 4G,A:502025,W502025,ПП2,4989232143,4,https://s3.twcstorage.ru/35ffc2ef-1e09-463d-a2c4-c183d5deb59a/prints/pp2/W502025.webp
Матовые цветные чехлы для печати,Xiaomi Redmi Note 14 Pro 4G,A:502028,W502028,ПП2,3277194364,83,https://s3.twcstorage.ru/35ffc2ef-1e09-463d-a2c4-c183d5deb59a/prints/pp2/W502028.webp
Матовые цветные чехлы для печати,Xiaomi Redmi Note 14 Pro 4G,A:502032,W502032,ПП2,3277194261,4,https://s3.twcstorage.ru/35ffc2ef-1e09-463d-a2c4-c183d5deb59a/prints/pp2/W502032.webp
Матовые цветные чехлы для печати,Xiaomi Redmi Note 14 Pro 4G,A:502047,W502047,ПП2,3277195931,53,https://s3.twcstorage.ru/35ffc2ef-1e09-463d-a2c4-c183d5deb59a/prints/pp2/W502047.webp
Белые софт-тач,Xiaomi Redmi Note 14 Pro 4G,A:502053,W502053,ПП2,3837403235,1,https://s3.twcstorage.ru/35ffc2ef-1e09-463d-a2c4-c183d5deb59a/prints/pp2/W502053.webp
Матовые цветные чехлы для печати,Xiaomi Redmi Note 14 Pro 4G,A:502059,W502059,ПП2,3277196036,1000000,https://s3.twcstorage.ru/35ffc2ef-1e09-463d-a2c4-c183d5deb59a/prints/pp2/W502059.webp
Белые софт-тач,Xiaomi Redmi Note 14 Pro 4G,A:502065,W502065,ПП2,3837403165,25,https://s3.twcstorage.ru/35ffc2ef-1e09-463d-a2c4-c183d5deb59a/prints/pp2/W502065.webp
Объемные матовые чехлы бордовые,Xiaomi Redmi Note 14 Pro 4G,A:506334,W5063341,ПП2,4998306421,1000000,https://s3.twcstorage.ru/35ffc2ef-1e09-463d-a2c4-c183d5deb59a/prints/pp2/W5063341.webp
Матовые цветные чехлы для печати,Xiaomi Redmi Note 14 Pro 4G,A:506366,W506366,ПП2,4896113476,1000000,https://s3.twcstorage.ru/35ffc2ef-1e09-463d-a2c4-c183d5deb59a/prints/pp2/W506366.webp
Силиконовые чехлы,Xiaomi Redmi Note 14S 4G,A:501960,W501960,ПП2,3295482520,29,https://s3.twcstorage.ru/35ffc2ef-1e09-463d-a2c4-c183d5deb59a/prints/pp2/W501960.webp
Силиконовые чехлы,Xiaomi Redmi Note 14S 4G,A:501961,C501961,ПП2,3295480449,20,https://s3.twcstorage.ru/35ffc2ef-1e09-463d-a2c4-c183d5deb59a/prints/pp2/W501961.webp
Силиконовые чехлы,Xiaomi Redmi Note 14S 4G,A:501962,C501962,ПП2,3295480347,31,https://s3.twcstorage.ru/35ffc2ef-1e09-463d-a2c4-c183d5deb59a/prints/pp2/W501962.webp
Силиконовые чехлы,Xiaomi Redmi Note 14S 4G,A:501978,Q501978,ПП2,3295480108,2,https://s3.twcstorage.ru/35ffc2ef-1e09-463d-a2c4-c183d5deb59a/prints/pp2/Q5019781.webp
Матовые цветные чехлы для печати,Xiaomi Redmi Note 14S 4G,A:502010,W502010,ПП2,3277138586,6,https://s3.twcstorage.ru/35ffc2ef-1e09-463d-a2c4-c183d5deb59a/prints/pp2/W502010.webp
Матовые цветные чехлы для печати,Xiaomi Redmi Note 14S 4G,A:502029,W502029,ПП2,3277140444,9,https://s3.twcstorage.ru/35ffc2ef-1e09-463d-a2c4-c183d5deb59a/prints/pp2/W502029.webp
Матовые цветные чехлы для печати,Xiaomi Redmi Note 14S 4G,A:502049,W502049,ПП2,3277138963,45,https://s3.twcstorage.ru/35ffc2ef-1e09-463d-a2c4-c183d5deb59a/prints/pp2/Y502049.webp
Матовые цветные чехлы для печати,Xiaomi Redmi Note 8 Pro,A:501934,W501934,ПП2,3277153353,1000000,https://s3.twcstorage.ru/35ffc2ef-1e09-463d-a2c4-c183d5deb59a/prints/pp2/W501934.webp
Матовые цветные чехлы для печати,Xiaomi Redmi Note 8 Pro,A:501947,W501947,ПП2,3277153471,5,https://s3.twcstorage.ru/35ffc2ef-1e09-463d-a2c4-c183d5deb59a/prints/pp2/W501947.webp
Объемные матовые чехлы бордовые,Xiaomi Redmi Note 8 Pro,A:501951,W501951,ПП2,4998384363,1000000,https://s3.twcstorage.ru/35ffc2ef-1e09-463d-a2c4-c183d5deb59a/prints/pp2/W501951.webp
Силиконовые чехлы,Xiaomi Redmi Note 8 Pro,A:501971,Q501971,ПП2,3345694986,137,https://s3.twcstorage.ru/35ffc2ef-1e09-463d-a2c4-c183d5deb59a/prints/pp2/Q501971.webp
Силиконовые чехлы,Xiaomi Redmi Note 8 Pro,A:501980,Q501980,ПП2,3345710119,4,https://s3.twcstorage.ru/35ffc2ef-1e09-463d-a2c4-c183d5deb59a/prints/pp2/Q5019801.webp
Силиконовые чехлы,Xiaomi Redmi Note 8 Pro,A:501988,Q501988,ПП2,3345706515,115,https://s3.twcstorage.ru/35ffc2ef-1e09-463d-a2c4-c183d5deb59a/prints/pp2/Y501988.webp
Силиконовые чехлы,Xiaomi Redmi Note 8 Pro,A:501993,Q501993,ПП2,3345705436,21,https://s3.twcstorage.ru/35ffc2ef-1e09-463d-a2c4-c183d5deb59a/prints/pp2/Q5019931.webp
Матовые цветные чехлы для печати,Xiaomi Redmi Note 8 Pro,A:502010,W502010,ПП2,3277153357,6,https://s3.twcstorage.ru/35ffc2ef-1e09-463d-a2c4-c183d5deb59a/prints/pp2/W502010.webp
Силиконовые чехлы,Xiaomi Redmi Note 8 Pro,A:502014,W502014,ПП2,3345706984,1,https://s3.twcstorage.ru/35ffc2ef-1e09-463d-a2c4-c183d5deb59a/prints/pp2/W502014.webp
Белые софт-тач,Xiaomi Redmi Note 8 Pro,A:502048,W502048,ПП2,3281219769,18,https://s3.twcstorage.ru/35ffc2ef-1e09-463d-a2c4-c183d5deb59a/prints/pp2/Y502048.webp
Матовые цветные чехлы для печати,Xiaomi Redmi Note 8 Pro,A:502049,W502049,ПП2,3277153062,45,https://s3.twcstorage.ru/35ffc2ef-1e09-463d-a2c4-c183d5deb59a/prints/pp2/Y502049.webp
Белые софт-тач,Xiaomi Redmi Note 8 Pro,A:502052,W502052,ПП2,3281242966,2,https://s3.twcstorage.ru/35ffc2ef-1e09-463d-a2c4-c183d5deb59a/prints/pp2/W502052.webp
Чёрные софт-тач,Xiaomi Redmi Note 8T,A:501945,S501945,ПП2,3277082619,6,https://s3.twcstorage.ru/35ffc2ef-1e09-463d-a2c4-c183d5deb59a/prints/pp2/W501945.webp
Чёрные софт-тач,Xiaomi Redmi Note 8T,A:501949,S501949,ПП2,3277084886,4,https://s3.twcstorage.ru/35ffc2ef-1e09-463d-a2c4-c183d5deb59a/prints/pp2/W501949.webp
Матовые цветные чехлы для печати,Xiaomi Redmi Note 9S/Note 9 Pro,A:501930,W501930,ПП2,3277159828,75,https://s3.twcstorage.ru/35ffc2ef-1e09-463d-a2c4-c183d5deb59a/prints/pp2/W501930.webp
Силиконовые чехлы,Xiaomi Redmi Note 9S/Note 9 Pro,A:501983,Q501983,ПП2,3345773008,139,https://s3.twcstorage.ru/35ffc2ef-1e09-463d-a2c4-c183d5deb59a/prints/pp2/Y501983.webp
Силиконовые чехлы,Xiaomi Redmi Note 9S/Note 9 Pro,A:502007,W502007,ПП2,3345773508,25,https://s3.twcstorage.ru/35ffc2ef-1e09-463d-a2c4-c183d5deb59a/prints/pp2/W502007.webp
Силиконовые чехлы,Xiaomi Redmi Note 9S/Note 9 Pro,A:502008,W502008,ПП2,3345773487,6,https://s3.twcstorage.ru/35ffc2ef-1e09-463d-a2c4-c183d5deb59a/prints/pp2/W502008.webp
Матовые цветные чехлы для печати,Xiaomi Redmi Note 9S/Note 9 Pro,A:502009,W502009,ПП2,3277158495,22,https://s3.twcstorage.ru/35ffc2ef-1e09-463d-a2c4-c183d5deb59a/prints/pp2/W502009.webp
Матовые цветные чехлы для печати,Xiaomi Redmi Note 9S/Note 9 Pro,A:502012,W502012,ПП2,3277158867,1,https://s3.twcstorage.ru/35ffc2ef-1e09-463d-a2c4-c183d5deb59a/prints/pp2/W502012.webp
Белые софт-тач,Xiaomi Redmi Note 9S/Note 9 Pro,A:502014,W502014,ПП2,3277223531,7,https://s3.twcstorage.ru/35ffc2ef-1e09-463d-a2c4-c183d5deb59a/prints/pp2/W502014.webp
Матовые цветные чехлы для печати,Xiaomi Redmi Note 9S/Note 9 Pro,A:502020,W502020,ПП2,3277158898,81,https://s3.twcstorage.ru/35ffc2ef-1e09-463d-a2c4-c183d5deb59a/prints/pp2/W502020.webp
Белые софт-тач,Xiaomi Redmi Note 9S/Note 9 Pro,A:502061,W502061,ПП2,3277223386,1000000,https://s3.twcstorage.ru/35ffc2ef-1e09-463d-a2c4-c183d5deb59a/prints/pp2/Y502061.webp
Матовые цветные чехлы для печати,Xiaomi Redmi Turbo 3/Poco F6,A:506374,W506374,ПП2,4898409424,30,https://s3.twcstorage.ru/35ffc2ef-1e09-463d-a2c4-c183d5deb59a/prints/pp2/W506374.webp
Чёрные софт-тач,iPhone 11,A:501927,S501927,ПП2,3277078081,13,https://s3.twcstorage.ru/35ffc2ef-1e09-463d-a2c4-c183d5deb59a/prints/pp2/W501927.webp
Чёрные софт-тач,iPhone 11,A:501931,S501931,ПП2,3277077427,18,https://s3.twcstorage.ru/35ffc2ef-1e09-463d-a2c4-c183d5deb59a/prints/pp2/W501931.webp
Чёрные софт-тач,iPhone 11,A:501933,S501933,ПП2,3277077390,19,https://s3.twcstorage.ru/35ffc2ef-1e09-463d-a2c4-c183d5deb59a/prints/pp2/W501933.webp
Чёрные софт-тач,iPhone 11,A:501934,S501934,ПП2,3277078135,20,https://s3.twcstorage.ru/35ffc2ef-1e09-463d-a2c4-c183d5deb59a/prints/pp2/W501934.webp
Белые софт-тач,iPhone 11,A:501935,W501935,ПП2,3280933236,52,https://s3.twcstorage.ru/35ffc2ef-1e09-463d-a2c4-c183d5deb59a/prints/pp2/W501935.webp
Силиконовые чехлы,iPhone 11,A:501937,W501937,ПП2,3289101258,90,https://s3.twcstorage.ru/35ffc2ef-1e09-463d-a2c4-c183d5deb59a/prints/pp2/W501937.webp
Силиконовые чехлы,iPhone 11,A:501938,W501938,ПП2,3289106603,130,https://s3.twcstorage.ru/35ffc2ef-1e09-463d-a2c4-c183d5deb59a/prints/pp2/W501938.webp
Чёрные софт-тач,iPhone 11,A:501941,S501941,ПП2,3277078187,24,https://s3.twcstorage.ru/35ffc2ef-1e09-463d-a2c4-c183d5deb59a/prints/pp2/S501941.webp
Чёрные софт-тач,iPhone 11,A:501942,S501942,ПП2,3277077222,10,https://s3.twcstorage.ru/35ffc2ef-1e09-463d-a2c4-c183d5deb59a/prints/pp2/S501942.webp
Чёрные софт-тач,iPhone 11,A:501943,S501943,ПП2,3277076862,15,https://s3.twcstorage.ru/35ffc2ef-1e09-463d-a2c4-c183d5deb59a/prints/pp2/S501943.webp
Чёрные софт-тач,iPhone 11,A:501944,S501944,ПП2,3277077294,9,https://s3.twcstorage.ru/35ffc2ef-1e09-463d-a2c4-c183d5deb59a/prints/pp2/S501944.webp
Чёрные софт-тач,iPhone 11,A:501946,S501946,ПП2,3277077308,1,https://s3.twcstorage.ru/35ffc2ef-1e09-463d-a2c4-c183d5deb59a/prints/pp2/W501946.webp
Матовые цветные чехлы для печати,iPhone 11,A:501947,W501947,ПП2,3277174801,5,https://s3.twcstorage.ru/35ffc2ef-1e09-463d-a2c4-c183d5deb59a/prints/pp2/W501947.webp
Силиконовые чехлы,iPhone 11,A:501948,W501948,ПП2,3289101770,132,https://s3.twcstorage.ru/35ffc2ef-1e09-463d-a2c4-c183d5deb59a/prints/pp2/W501948.webp
Силиконовые чехлы,iPhone 11,A:501949,W501949,ПП2,3289101848,60,https://s3.twcstorage.ru/35ffc2ef-1e09-463d-a2c4-c183d5deb59a/prints/pp2/W501949.webp
Силиконовые чехлы,iPhone 11,A:501950,W501950,ПП2,3289104066,46,https://s3.twcstorage.ru/35ffc2ef-1e09-463d-a2c4-c183d5deb59a/prints/pp2/W501950.webp
Объемные матовые чехлы коричневые,iPhone 11,A:501951,W501951,ПП2,4998236885,3,https://s3.twcstorage.ru/35ffc2ef-1e09-463d-a2c4-c183d5deb59a/prints/pp2/W501951.webp
Белые софт-тач,iPhone 11,A:501953,W501953,ПП2,3280931455,43,https://s3.twcstorage.ru/35ffc2ef-1e09-463d-a2c4-c183d5deb59a/prints/pp2/W501953.webp
Чёрные софт-тач,iPhone 11,A:501954,S501954,ПП2,3277076837,8,https://s3.twcstorage.ru/35ffc2ef-1e09-463d-a2c4-c183d5deb59a/prints/pp2/W501954.webp
Белые софт-тач,iPhone 11,A:501955,W501955,ПП2,3280933374,39,https://s3.twcstorage.ru/35ffc2ef-1e09-463d-a2c4-c183d5deb59a/prints/pp2/W501955.webp
Чёрные софт-тач,iPhone 11,A:501957,S501957,ПП2,3277077183,2,https://s3.twcstorage.ru/35ffc2ef-1e09-463d-a2c4-c183d5deb59a/prints/pp2/W501957.webp
Белые софт-тач,iPhone 11,A:501958,W501958,ПП2,3280933539,1000000,https://s3.twcstorage.ru/35ffc2ef-1e09-463d-a2c4-c183d5deb59a/prints/pp2/W501958.webp
Чёрные софт-тач,iPhone 11,A:501959,S501959,ПП2,3277077277,12,https://s3.twcstorage.ru/35ffc2ef-1e09-463d-a2c4-c183d5deb59a/prints/pp2/S501959.webp
Чёрные софт-тач,iPhone 11,A:501960,S501960,ПП2,3277078002,11,https://s3.twcstorage.ru/35ffc2ef-1e09-463d-a2c4-c183d5deb59a/prints/pp2/W501960.webp
Чёрные софт-тач,iPhone 11,A:501961,S501961,ПП2,3277078423,17,https://s3.twcstorage.ru/35ffc2ef-1e09-463d-a2c4-c183d5deb59a/prints/pp2/W501961.webp
Чёрные софт-тач,iPhone 11,A:501962,S501962,ПП2,3277077258,29,https://s3.twcstorage.ru/35ffc2ef-1e09-463d-a2c4-c183d5deb59a/prints/pp2/W501962.webp
Стеклянные чехлы,iPhone 11,A:501965,Q5019651,ПП2,3277024554,5,https://s3.twcstorage.ru/35ffc2ef-1e09-463d-a2c4-c183d5deb59a/prints/pp2/Q5019651.webp
Силиконовые чехлы,iPhone 11,A:501967,Q501967,ПП2,3289101709,136,https://s3.twcstorage.ru/35ffc2ef-1e09-463d-a2c4-c183d5deb59a/prints/pp2/W501967.webp
Силиконовые чехлы,iPhone 11,A:501972,Q501972,ПП2,3289104359,112,https://s3.twcstorage.ru/35ffc2ef-1e09-463d-a2c4-c183d5deb59a/prints/pp2/Q501972.webp
Силиконовые чехлы,iPhone 11,A:501978,Q501978,ПП2,3289101611,2,https://s3.twcstorage.ru/35ffc2ef-1e09-463d-a2c4-c183d5deb59a/prints/pp2/Q5019781.webp
Стеклянные чехлы,iPhone 11,A:501979,Q5019791,ПП2,3277024715,6,https://s3.twcstorage.ru/35ffc2ef-1e09-463d-a2c4-c183d5deb59a/prints/pp2/Q5019791.webp
Стеклянные чехлы,iPhone 11,A:501980,Q5019801,ПП2,3277024517,1,https://s3.twcstorage.ru/35ffc2ef-1e09-463d-a2c4-c183d5deb59a/prints/pp2/Q5019801.webp
Силиконовые чехлы,iPhone 11,A:501983,Q501983,ПП2,3289101487,139,https://s3.twcstorage.ru/35ffc2ef-1e09-463d-a2c4-c183d5deb59a/prints/pp2/Y501983.webp
Силиконовые чехлы,iPhone 11,A:501985,Q501985,ПП2,3289106207,113,https://s3.twcstorage.ru/35ffc2ef-1e09-463d-a2c4-c183d5deb59a/prints/pp2/Y501985.webp
Силиконовые чехлы,iPhone 11,A:501987,Q501987,ПП2,3289101033,114,https://s3.twcstorage.ru/35ffc2ef-1e09-463d-a2c4-c183d5deb59a/prints/pp2/Y501987.webp
Силиконовые чехлы,iPhone 11,A:501990,Q501990,ПП2,3289100690,42,https://s3.twcstorage.ru/35ffc2ef-1e09-463d-a2c4-c183d5deb59a/prints/pp2/Y501990.webp
Стеклянные чехлы,iPhone 11,A:501993,Q5019931,ПП2,3277025855,3,https://s3.twcstorage.ru/35ffc2ef-1e09-463d-a2c4-c183d5deb59a/prints/pp2/Q5019931.webp
Матовые цветные чехлы для печати,iPhone 11,A:502003,W502003,ПП2,3277175895,20,https://s3.twcstorage.ru/35ffc2ef-1e09-463d-a2c4-c183d5deb59a/prints/pp2/W502003.webp
Белые софт-тач,iPhone 11,A:502005,W502005,ПП2,3280933218,54,https://s3.twcstorage.ru/35ffc2ef-1e09-463d-a2c4-c183d5deb59a/prints/pp2/W502005.webp
Матовые цветные чехлы для печати,iPhone 11,A:502006,W502006,ПП2,3277174883,21,https://s3.twcstorage.ru/35ffc2ef-1e09-463d-a2c4-c183d5deb59a/prints/pp2/W502006.webp
Матовые цветные чехлы для печати,iPhone 11,A:502007,W502007,ПП2,3277174912,15,https://s3.twcstorage.ru/35ffc2ef-1e09-463d-a2c4-c183d5deb59a/prints/pp2/W502007.webp
Силиконовые чехлы,iPhone 11,A:502008,W502008,ПП2,3289100947,6,https://s3.twcstorage.ru/35ffc2ef-1e09-463d-a2c4-c183d5deb59a/prints/pp2/W502008.webp
Силиконовые чехлы,iPhone 11,A:502009,W502009,ПП2,3289108322,5,https://s3.twcstorage.ru/35ffc2ef-1e09-463d-a2c4-c183d5deb59a/prints/pp2/W502009.webp
Силиконовые чехлы,iPhone 11,A:502010,W502010,ПП2,3289100905,3,https://s3.twcstorage.ru/35ffc2ef-1e09-463d-a2c4-c183d5deb59a/prints/pp2/W502010.webp
Матовые цветные чехлы для печати,iPhone 11,A:502012,W502012,ПП2,3277175802,1,https://s3.twcstorage.ru/35ffc2ef-1e09-463d-a2c4-c183d5deb59a/prints/pp2/W502012.webp
Силиконовые чехлы,iPhone 11,A:502014,W502014,ПП2,3289101230,1,https://s3.twcstorage.ru/35ffc2ef-1e09-463d-a2c4-c183d5deb59a/prints/pp2/W502014.webp
Матовые цветные чехлы для печати,iPhone 11,A:502016,W502016,ПП2,3277175735,23,https://s3.twcstorage.ru/35ffc2ef-1e09-463d-a2c4-c183d5deb59a/prints/pp2/W502016.webp
Силиконовые чехлы,iPhone 11,A:502018,W502018,ПП2,3289101474,38,https://s3.twcstorage.ru/35ffc2ef-1e09-463d-a2c4-c183d5deb59a/prints/pp2/W502018.webp
Матовые цветные чехлы для печати,iPhone 11,A:502020,W502020,ПП2,3277174798,81,https://s3.twcstorage.ru/35ffc2ef-1e09-463d-a2c4-c183d5deb59a/prints/pp2/W502020.webp
Силиконовые чехлы,iPhone 11,A:502023,W502023,ПП2,3289106162,69,https://s3.twcstorage.ru/35ffc2ef-1e09-463d-a2c4-c183d5deb59a/prints/pp2/W502023.webp
Матовые цветные чехлы для печати,iPhone 11,A:502024,W502024,ПП2,3277175782,1000000,https://s3.twcstorage.ru/35ffc2ef-1e09-463d-a2c4-c183d5deb59a/prints/pp2/W502024.webp
Силиконовые чехлы,iPhone 11,A:502025,W502025,ПП2,3289105924,54,https://s3.twcstorage.ru/35ffc2ef-1e09-463d-a2c4-c183d5deb59a/prints/pp2/W502025.webp
Матовые цветные чехлы для печати,iPhone 11,A:502026,W502026,ПП2,3277175042,8,https://s3.twcstorage.ru/35ffc2ef-1e09-463d-a2c4-c183d5deb59a/prints/pp2/W502026.webp
Матовые цветные чехлы для печати,iPhone 11,A:502027,W502027,ПП2,3277175652,11,https://s3.twcstorage.ru/35ffc2ef-1e09-463d-a2c4-c183d5deb59a/prints/pp2/W502027.webp
Объемные матовые чехлы коричневые,iPhone 11,A:502029,W502029,ПП2,4998240884,2,https://s3.twcstorage.ru/35ffc2ef-1e09-463d-a2c4-c183d5deb59a/prints/pp2/W502029.webp
Белые софт-тач,iPhone 11,A:502030,W502030,ПП2,3280932849,23,https://s3.twcstorage.ru/35ffc2ef-1e09-463d-a2c4-c183d5deb59a/prints/pp2/W502030.webp
Силиконовые чехлы,iPhone 11,A:502031,W502031,ПП2,3289101606,27,https://s3.twcstorage.ru/35ffc2ef-1e09-463d-a2c4-c183d5deb59a/prints/pp2/W502031.webp
Матовые цветные чехлы для печати,iPhone 11,A:502032,W502032,ПП2,3277175028,4,https://s3.twcstorage.ru/35ffc2ef-1e09-463d-a2c4-c183d5deb59a/prints/pp2/W502032.webp
Матовые цветные чехлы для печати,iPhone 11,A:502035,W502035,ПП2,3277174660,31,https://s3.twcstorage.ru/35ffc2ef-1e09-463d-a2c4-c183d5deb59a/prints/pp2/W502035.webp
Силиконовые чехлы,iPhone 11,A:502036,W502036,ПП2,3289101672,10,https://s3.twcstorage.ru/35ffc2ef-1e09-463d-a2c4-c183d5deb59a/prints/pp2/W502036.webp
Силиконовые чехлы,iPhone 11,A:502037,W502037,ПП2,3289101683,8,https://s3.twcstorage.ru/35ffc2ef-1e09-463d-a2c4-c183d5deb59a/prints/pp2/W502037.webp
Матовые цветные чехлы для печати,iPhone 11,A:502038,W502038,ПП2,3277175731,1000000,https://s3.twcstorage.ru/35ffc2ef-1e09-463d-a2c4-c183d5deb59a/prints/pp2/Y502038.webp
Силиконовые чехлы,iPhone 11,A:502044,W502044,ПП2,3289101459,146,https://s3.twcstorage.ru/35ffc2ef-1e09-463d-a2c4-c183d5deb59a/prints/pp2/W502044.webp
Белые софт-тач,iPhone 11,A:502047,W502047,ПП2,3280893890,22,https://s3.twcstorage.ru/35ffc2ef-1e09-463d-a2c4-c183d5deb59a/prints/pp2/W502047.webp
Белые софт-тач,iPhone 11,A:502048,W502048,ПП2,3280891968,18,https://s3.twcstorage.ru/35ffc2ef-1e09-463d-a2c4-c183d5deb59a/prints/pp2/Y502048.webp
Белые софт-тач,iPhone 11,A:502049,W502049,ПП2,3280892381,41,https://s3.twcstorage.ru/35ffc2ef-1e09-463d-a2c4-c183d5deb59a/prints/pp2/Y502049.webp
Матовые цветные чехлы для печати,iPhone 11,A:502050,W502050,ПП2,3277174443,46,https://s3.twcstorage.ru/35ffc2ef-1e09-463d-a2c4-c183d5deb59a/prints/pp2/Y502050.webp
Белые софт-тач,iPhone 11,A:502051,W502051,ПП2,3280891642,44,https://s3.twcstorage.ru/35ffc2ef-1e09-463d-a2c4-c183d5deb59a/prints/pp2/W502051.webp
Белые софт-тач,iPhone 11,A:502052,W502052,ПП2,3280931858,2,https://s3.twcstorage.ru/35ffc2ef-1e09-463d-a2c4-c183d5deb59a/prints/pp2/W502052.webp
Белые софт-тач,iPhone 11,A:502053,W502053,ПП2,3280931347,1,https://s3.twcstorage.ru/35ffc2ef-1e09-463d-a2c4-c183d5deb59a/prints/pp2/W502053.webp
Силиконовые чехлы,iPhone 11,A:502055,W502055,ПП2,3289104058,96,https://s3.twcstorage.ru/35ffc2ef-1e09-463d-a2c4-c183d5deb59a/prints/pp2/W502055.webp
Белые софт-тач,iPhone 11,A:502057,W502057,ПП2,3280892155,35,https://s3.twcstorage.ru/35ffc2ef-1e09-463d-a2c4-c183d5deb59a/prints/pp2/W502057.webp
Матовые цветные чехлы для печати,iPhone 11,A:502065,W502065,ПП2,3277175003,2,https://s3.twcstorage.ru/35ffc2ef-1e09-463d-a2c4-c183d5deb59a/prints/pp2/W502065.webp
Силиконовые чехлы,iPhone 11,A:502067,W502067,ПП2,3289102000,28,https://s3.twcstorage.ru/35ffc2ef-1e09-463d-a2c4-c183d5deb59a/prints/pp2/W5020671.webp
Белые софт-тач,iPhone 11,A:502069,W502069,ПП2,3280962498,8,https://s3.twcstorage.ru/35ffc2ef-1e09-463d-a2c4-c183d5deb59a/prints/pp2/W502069.webp
Матовые цветные чехлы для печати,iPhone 11,A:506329,W5063291,ПП2,4895351685,38,https://s3.twcstorage.ru/35ffc2ef-1e09-463d-a2c4-c183d5deb59a/prints/pp2/W5063291.webp
Матовые цветные чехлы для печати,iPhone 11,A:506330,W5063301,ПП2,4895295964,32,https://s3.twcstorage.ru/35ffc2ef-1e09-463d-a2c4-c183d5deb59a/prints/pp2/W5063301.webp
Белые софт-тач,iPhone 11,A:506331,W506331,ПП2,4900029078,4,https://s3.twcstorage.ru/35ffc2ef-1e09-463d-a2c4-c183d5deb59a/prints/pp2/W5063311.webp
Силиконовые чехлы,iPhone 11,A:506332,W506332,ПП2,4895346003,11,https://s3.twcstorage.ru/35ffc2ef-1e09-463d-a2c4-c183d5deb59a/prints/pp2/W5063321.webp
Силиконовые чехлы,iPhone 11,A:506334,W506334,ПП2,4895391150,14,https://s3.twcstorage.ru/35ffc2ef-1e09-463d-a2c4-c183d5deb59a/prints/pp2/W5063341.webp
Силиконовые чехлы,iPhone 11,A:506335,W506335,ПП2,4895346499,71,https://s3.twcstorage.ru/35ffc2ef-1e09-463d-a2c4-c183d5deb59a/prints/pp2/W5063351.webp
Матовые цветные чехлы для печати,iPhone 11,A:506336,W5063361,ПП2,4895350812,16,https://s3.twcstorage.ru/35ffc2ef-1e09-463d-a2c4-c183d5deb59a/prints/pp2/W5063361.webp
Белые софт-тач,iPhone 11,A:506337,W506337,ПП2,4899911895,16,https://s3.twcstorage.ru/35ffc2ef-1e09-463d-a2c4-c183d5deb59a/prints/pp2/W5063371.webp
Матовые цветные чехлы для печати,iPhone 11,A:506338,W5063381,ПП2,4895297533,86,https://s3.twcstorage.ru/35ffc2ef-1e09-463d-a2c4-c183d5deb59a/prints/pp2/W5063381.webp
Силиконовые чехлы,iPhone 11,A:506339,W506339,ПП2,4895391189,23,https://s3.twcstorage.ru/35ffc2ef-1e09-463d-a2c4-c183d5deb59a/prints/pp2/W5063391.webp
Белые софт-тач,iPhone 11,A:506340,W506340,ПП2,4899911741,3,https://s3.twcstorage.ru/35ffc2ef-1e09-463d-a2c4-c183d5deb59a/prints/pp2/W5063401.webp
Силиконовые чехлы,iPhone 11,A:506342,W506342,ПП2,4895346546,1000000,https://s3.twcstorage.ru/35ffc2ef-1e09-463d-a2c4-c183d5deb59a/prints/pp2/W5063421.webp
Силиконовые чехлы,iPhone 11,A:506343,W506343,ПП2,4895346683,1000000,https://s3.twcstorage.ru/35ffc2ef-1e09-463d-a2c4-c183d5deb59a/prints/pp2/W5063431.webp
Матовые цветные чехлы для печати,iPhone 11,A:506345,W5063451,ПП2,4895295365,67,https://s3.twcstorage.ru/35ffc2ef-1e09-463d-a2c4-c183d5deb59a/prints/pp2/W5063451.webp
Матовые цветные чехлы для печати,iPhone 11,A:506346,W506346,ПП2,4895300381,68,https://s3.twcstorage.ru/35ffc2ef-1e09-463d-a2c4-c183d5deb59a/prints/pp2/W506346.webp
Силиконовые чехлы,iPhone 11,A:506348,W506348,ПП2,4895346364,99,https://s3.twcstorage.ru/35ffc2ef-1e09-463d-a2c4-c183d5deb59a/prints/pp2/W506348.webp
Силиконовые чехлы,iPhone 11,A:506349,W506349,ПП2,4895345921,100,https://s3.twcstorage.ru/35ffc2ef-1e09-463d-a2c4-c183d5deb59a/prints/pp2/W506349.webp
Матовые цветные чехлы для печати,iPhone 11,A:506354,W5063541,ПП2,4895295809,1000000,https://s3.twcstorage.ru/35ffc2ef-1e09-463d-a2c4-c183d5deb59a/prints/pp2/W5063541.webp
Матовые цветные чехлы для печати,iPhone 11,A:506364,W506364,ПП2,4895350407,56,https://s3.twcstorage.ru/35ffc2ef-1e09-463d-a2c4-c183d5deb59a/prints/pp2/W506364.webp
Силиконовые чехлы,iPhone 11,A:506368,W506368,ПП2,4895346422,1000000,https://s3.twcstorage.ru/35ffc2ef-1e09-463d-a2c4-c183d5deb59a/prints/pp2/W506368.webp
Силиконовые чехлы,iPhone 11,A:506369,W506369,ПП2,4895392106,1000000,https://s3.twcstorage.ru/35ffc2ef-1e09-463d-a2c4-c183d5deb59a/prints/pp2/W506369.webp
Матовые цветные чехлы для печати,iPhone 11,A:506373,W506373,ПП2,4895295503,34,https://s3.twcstorage.ru/35ffc2ef-1e09-463d-a2c4-c183d5deb59a/prints/pp2/W506373.webp
Белые софт-тач,iPhone 11,A:506374,W506374,ПП2,4899912785,5,https://s3.twcstorage.ru/35ffc2ef-1e09-463d-a2c4-c183d5deb59a/prints/pp2/W506374.webp
Силиконовые чехлы,iPhone 11,A:506376,W506376,ПП2,4895346691,81,https://s3.twcstorage.ru/35ffc2ef-1e09-463d-a2c4-c183d5deb59a/prints/pp2/W506376.webp
Матовые цветные чехлы для печати,iPhone 11,A:506378,W506378,ПП2,4895295326,93,https://s3.twcstorage.ru/35ffc2ef-1e09-463d-a2c4-c183d5deb59a/prints/pp2/W506378.webp
Белые софт-тач,iPhone 11,A:506379,W506379,ПП2,4899914163,19,https://s3.twcstorage.ru/35ffc2ef-1e09-463d-a2c4-c183d5deb59a/prints/pp2/W506379.webp
Матовые цветные чехлы для печати,iPhone 11,A:506381,W506381,ПП2,4895351103,26,https://s3.twcstorage.ru/35ffc2ef-1e09-463d-a2c4-c183d5deb59a/prints/pp2/W506381.webp
Стеклянные чехлы,iPhone 11,A:506382,Q5063821,ПП2,4896566333,8,https://s3.twcstorage.ru/35ffc2ef-1e09-463d-a2c4-c183d5deb59a/prints/pp2/Q5063821.webp
Стеклянные чехлы,iPhone 11,A:506383,Q5063831,ПП2,4896565676,9,https://s3.twcstorage.ru/35ffc2ef-1e09-463d-a2c4-c183d5deb59a/prints/pp2/Q5063831.webp
Стеклянные чехлы,iPhone 11,A:506384,Q5063841,ПП2,4896565531,4,https://s3.twcstorage.ru/35ffc2ef-1e09-463d-a2c4-c183d5deb59a/prints/pp2/Q5063841.webp
Силиконовые чехлы,iPhone 11 Pro,A:501935,W501935,ПП2,3346235684,128,https://s3.twcstorage.ru/35ffc2ef-1e09-463d-a2c4-c183d5deb59a/prints/pp2/W501935.webp
Матовые цветные чехлы для печати,iPhone 11 Pro,A:501937,W501937,ПП2,3277171083,78,https://s3.twcstorage.ru/35ffc2ef-1e09-463d-a2c4-c183d5deb59a/prints/pp2/W501937.webp
Чёрные софт-тач,iPhone 11 Pro,A:501944,S501944,ПП2,3277073977,9,https://s3.twcstorage.ru/35ffc2ef-1e09-463d-a2c4-c183d5deb59a/prints/pp2/S501944.webp
Силиконовые чехлы,iPhone 11 Pro,A:501947,W501947,ПП2,3346235673,16,https://s3.twcstorage.ru/35ffc2ef-1e09-463d-a2c4-c183d5deb59a/prints/pp2/W501947.webp
Белые софт-тач,iPhone 11 Pro,A:501951,W501951,ПП2,3277251928,9,https://s3.twcstorage.ru/35ffc2ef-1e09-463d-a2c4-c183d5deb59a/prints/pp2/W501951.webp
Чёрные софт-тач,iPhone 11 Pro,A:501953,S501953,ПП2,3277074101,16,https://s3.twcstorage.ru/35ffc2ef-1e09-463d-a2c4-c183d5deb59a/prints/pp2/W501953.webp
Матовые цветные чехлы для печати,iPhone 11 Pro,A:501956,W501956,ПП2,3277171054,1000000,https://s3.twcstorage.ru/35ffc2ef-1e09-463d-a2c4-c183d5deb59a/prints/pp2/W501956.webp
Силиконовые чехлы,iPhone 11 Pro,A:501960,W501960,ПП2,3346239131,29,https://s3.twcstorage.ru/35ffc2ef-1e09-463d-a2c4-c183d5deb59a/prints/pp2/W501960.webp
Белые софт-тач,iPhone 11 Pro,A:501962,W501962,ПП2,3277252012,20,https://s3.twcstorage.ru/35ffc2ef-1e09-463d-a2c4-c183d5deb59a/prints/pp2/W501962.webp
Силиконовые чехлы,iPhone 11 Pro,A:501978,Q501978,ПП2,3346231849,2,https://s3.twcstorage.ru/35ffc2ef-1e09-463d-a2c4-c183d5deb59a/prints/pp2/Q5019781.webp
Силиконовые чехлы,iPhone 11 Pro,A:501979,Q501979,ПП2,3346238581,32,https://s3.twcstorage.ru/35ffc2ef-1e09-463d-a2c4-c183d5deb59a/prints/pp2/Q5019791.webp
Силиконовые чехлы,iPhone 11 Pro,A:501980,Q501980,ПП2,3346232352,4,https://s3.twcstorage.ru/35ffc2ef-1e09-463d-a2c4-c183d5deb59a/prints/pp2/Q5019801.webp
Силиконовые чехлы,iPhone 11 Pro,A:501982,Q501982,ПП2,3346235530,138,https://s3.twcstorage.ru/35ffc2ef-1e09-463d-a2c4-c183d5deb59a/prints/pp2/Y501982.webp
Силиконовые чехлы,iPhone 11 Pro,A:501990,Q501990,ПП2,3346235872,42,https://s3.twcstorage.ru/35ffc2ef-1e09-463d-a2c4-c183d5deb59a/prints/pp2/Y501990.webp
Силиконовые чехлы,iPhone 11 Pro,A:501993,Q501993,ПП2,3346231552,21,https://s3.twcstorage.ru/35ffc2ef-1e09-463d-a2c4-c183d5deb59a/prints/pp2/Q5019931.webp
Силиконовые чехлы,iPhone 11 Pro,A:501997,W501997,ПП2,3346235235,67,https://s3.twcstorage.ru/35ffc2ef-1e09-463d-a2c4-c183d5deb59a/prints/pp2/Y501997.webp
Матовые цветные чехлы для печати,iPhone 11 Pro,A:502005,W502005,ПП2,3277171061,61,https://s3.twcstorage.ru/35ffc2ef-1e09-463d-a2c4-c183d5deb59a/prints/pp2/W502005.webp
Белые софт-тач,iPhone 11 Pro,A:502006,W502006,ПП2,3277253077,28,https://s3.twcstorage.ru/35ffc2ef-1e09-463d-a2c4-c183d5deb59a/prints/pp2/W502006.webp
Силиконовые чехлы,iPhone 11 Pro,A:502009,W502009,ПП2,3346235770,5,https://s3.twcstorage.ru/35ffc2ef-1e09-463d-a2c4-c183d5deb59a/prints/pp2/W502009.webp
Силиконовые чехлы,iPhone 11 Pro,A:502010,W502010,ПП2,3346231675,3,https://s3.twcstorage.ru/35ffc2ef-1e09-463d-a2c4-c183d5deb59a/prints/pp2/W502010.webp
Силиконовые чехлы,iPhone 11 Pro,A:502014,W502014,ПП2,3346231727,1,https://s3.twcstorage.ru/35ffc2ef-1e09-463d-a2c4-c183d5deb59a/prints/pp2/W502014.webp
Матовые цветные чехлы для печати,iPhone 11 Pro,A:502025,W502025,ПП2,3277171068,12,https://s3.twcstorage.ru/35ffc2ef-1e09-463d-a2c4-c183d5deb59a/prints/pp2/W502025.webp
Силиконовые чехлы,iPhone 11 Pro,A:502048,W502048,ПП2,3346231719,33,https://s3.twcstorage.ru/35ffc2ef-1e09-463d-a2c4-c183d5deb59a/prints/pp2/Y502048.webp
Белые софт-тач,iPhone 11 Pro,A:502053,W502053,ПП2,3277251774,1,https://s3.twcstorage.ru/35ffc2ef-1e09-463d-a2c4-c183d5deb59a/prints/pp2/W502053.webp
Объемные матовые чехлы коричневые,iPhone 11 Pro,A:502069,W502069,ПП2,4998241565,1000000,https://s3.twcstorage.ru/35ffc2ef-1e09-463d-a2c4-c183d5deb59a/prints/pp2/W502069.webp
Матовые цветные чехлы для печати,iPhone 11 Pro,A:506363,W506363,ПП2,4896562463,40,https://s3.twcstorage.ru/35ffc2ef-1e09-463d-a2c4-c183d5deb59a/prints/pp2/W506363.webp
Силиконовые чехлы,iPhone 11 Pro Max,A:501930,W501930,ПП2,3346255287,1000000,https://s3.twcstorage.ru/35ffc2ef-1e09-463d-a2c4-c183d5deb59a/prints/pp2/W501930.webp
Чёрные софт-тач,iPhone 11 Pro Max,A:501946,S501946,ПП2,3277075569,1,https://s3.twcstorage.ru/35ffc2ef-1e09-463d-a2c4-c183d5deb59a/prints/pp2/W501946.webp
Матовые цветные чехлы для печати,iPhone 11 Pro Max,A:501957,W501957,ПП2,3280596441,7,https://s3.twcstorage.ru/35ffc2ef-1e09-463d-a2c4-c183d5deb59a/prints/pp2/W501957.webp
Силиконовые чехлы,iPhone 11 Pro Max,A:501960,W501960,ПП2,3346255203,29,https://s3.twcstorage.ru/35ffc2ef-1e09-463d-a2c4-c183d5deb59a/prints/pp2/W501960.webp
Силиконовые чехлы,iPhone 11 Pro Max,A:501978,Q501978,ПП2,3346251485,2,https://s3.twcstorage.ru/35ffc2ef-1e09-463d-a2c4-c183d5deb59a/prints/pp2/Q5019781.webp
Силиконовые чехлы,iPhone 11 Pro Max,A:501980,Q501980,ПП2,3346251328,4,https://s3.twcstorage.ru/35ffc2ef-1e09-463d-a2c4-c183d5deb59a/prints/pp2/Q5019801.webp
Силиконовые чехлы,iPhone 11 Pro Max,A:501982,Q501982,ПП2,3346255877,138,https://s3.twcstorage.ru/35ffc2ef-1e09-463d-a2c4-c183d5deb59a/prints/pp2/Y501982.webp
Силиконовые чехлы,iPhone 11 Pro Max,A:501983,Q501983,ПП2,3346259330,139,https://s3.twcstorage.ru/35ffc2ef-1e09-463d-a2c4-c183d5deb59a/prints/pp2/Y501983.webp
Силиконовые чехлы,iPhone 11 Pro Max,A:501988,Q501988,ПП2,3346255499,115,https://s3.twcstorage.ru/35ffc2ef-1e09-463d-a2c4-c183d5deb59a/prints/pp2/Y501988.webp
Силиконовые чехлы,iPhone 11 Pro Max,A:501993,Q501993,ПП2,3346251889,21,https://s3.twcstorage.ru/35ffc2ef-1e09-463d-a2c4-c183d5deb59a/prints/pp2/Q5019931.webp
Силиконовые чехлы,iPhone 11 Pro Max,A:501997,W501997,ПП2,3346256793,67,https://s3.twcstorage.ru/35ffc2ef-1e09-463d-a2c4-c183d5deb59a/prints/pp2/Y501997.webp
Матовые цветные чехлы для печати,iPhone 11 Pro Max,A:501999,W501999,ПП2,3280596357,1000000,https://s3.twcstorage.ru/35ffc2ef-1e09-463d-a2c4-c183d5deb59a/prints/pp2/W501999.webp
Силиконовые чехлы,iPhone 11 Pro Max,A:502001,W502001,ПП2,3346254713,143,https://s3.twcstorage.ru/35ffc2ef-1e09-463d-a2c4-c183d5deb59a/prints/pp2/W502001.webp
Силиконовые чехлы,iPhone 11 Pro Max,A:502005,W502005,ПП2,3346255463,94,https://s3.twcstorage.ru/35ffc2ef-1e09-463d-a2c4-c183d5deb59a/prints/pp2/W502005.webp
Силиконовые чехлы,iPhone 11 Pro Max,A:502006,W502006,ПП2,3346256082,40,https://s3.twcstorage.ru/35ffc2ef-1e09-463d-a2c4-c183d5deb59a/prints/pp2/W502006.webp
Силиконовые чехлы,iPhone 11 Pro Max,A:502008,W502008,ПП2,3346256117,6,https://s3.twcstorage.ru/35ffc2ef-1e09-463d-a2c4-c183d5deb59a/prints/pp2/W502008.webp
Матовые цветные чехлы для печати,iPhone 11 Pro Max,A:502009,W502009,ПП2,3280558062,22,https://s3.twcstorage.ru/35ffc2ef-1e09-463d-a2c4-c183d5deb59a/prints/pp2/W502009.webp
Силиконовые чехлы,iPhone 11 Pro Max,A:502010,W502010,ПП2,3346251801,3,https://s3.twcstorage.ru/35ffc2ef-1e09-463d-a2c4-c183d5deb59a/prints/pp2/W502010.webp
Матовые цветные чехлы для печати,iPhone 11 Pro Max,A:502012,W502012,ПП2,3280596233,1,https://s3.twcstorage.ru/35ffc2ef-1e09-463d-a2c4-c183d5deb59a/prints/pp2/W502012.webp
Силиконовые чехлы,iPhone 11 Pro Max,A:502014,W502014,ПП2,3346251441,1,https://s3.twcstorage.ru/35ffc2ef-1e09-463d-a2c4-c183d5deb59a/prints/pp2/W502014.webp
Силиконовые чехлы,iPhone 11 Pro Max,A:502031,W502031,ПП2,3346254084,27,https://s3.twcstorage.ru/35ffc2ef-1e09-463d-a2c4-c183d5deb59a/prints/pp2/W502031.webp
Матовые цветные чехлы для печати,iPhone 11 Pro Max,A:502032,W502032,ПП2,3280596124,4,https://s3.twcstorage.ru/35ffc2ef-1e09-463d-a2c4-c183d5deb59a/prints/pp2/W502032.webp
Матовые цветные чехлы для печати,iPhone 11 Pro Max,A:502048,W502048,ПП2,3280559850,36,https://s3.twcstorage.ru/35ffc2ef-1e09-463d-a2c4-c183d5deb59a/prints/pp2/Y502048.webp
Матовые цветные чехлы для печати,iPhone 11 Pro Max,A:502049,W502049,ПП2,3280559662,45,https://s3.twcstorage.ru/35ffc2ef-1e09-463d-a2c4-c183d5deb59a/prints/pp2/Y502049.webp
Матовые цветные чехлы для печати,iPhone 11 Pro Max,A:502054,W502054,ПП2,3280596262,64,https://s3.twcstorage.ru/35ffc2ef-1e09-463d-a2c4-c183d5deb59a/prints/pp2/W502054.webp
Матовые цветные чехлы для печати,iPhone 11 Pro Max,A:502065,W502065,ПП2,3280596182,2,https://s3.twcstorage.ru/35ffc2ef-1e09-463d-a2c4-c183d5deb59a/prints/pp2/W502065.webp
Силиконовые чехлы,iPhone 11 Pro Max,A:506332,W506332,ПП2,4896251267,11,https://s3.twcstorage.ru/35ffc2ef-1e09-463d-a2c4-c183d5deb59a/prints/pp2/W5063321.webp
Матовые цветные чехлы для печати,iPhone 11 Pro Max,A:506336,W5063361,ПП2,4896634925,16,https://s3.twcstorage.ru/35ffc2ef-1e09-463d-a2c4-c183d5deb59a/prints/pp2/W5063361.webp
Матовые цветные чехлы для печати,iPhone 11 Pro Max,A:506340,W5063401,ПП2,4896606318,13,https://s3.twcstorage.ru/35ffc2ef-1e09-463d-a2c4-c183d5deb59a/prints/pp2/W5063401.webp
Силиконовые чехлы,iPhone 11 Pro Max,A:506372,W506372,ПП2,4896250523,45,https://s3.twcstorage.ru/35ffc2ef-1e09-463d-a2c4-c183d5deb59a/prints/pp2/W506372.webp
Матовые цветные чехлы для печати,iPhone 11 Pro Max,A:506381,W506381,ПП2,4896635228,26,https://s3.twcstorage.ru/35ffc2ef-1e09-463d-a2c4-c183d5deb59a/prints/pp2/W506381.webp
Силиконовые чехлы,iPhone 11 Pro Max,A:506383,Q506383,ПП2,4896250474,59,https://s3.twcstorage.ru/35ffc2ef-1e09-463d-a2c4-c183d5deb59a/prints/pp2/Q5063831.webp
Белые софт-тач,iPhone 12,A:501930,W501930,ПП2,3277238265,47,https://s3.twcstorage.ru/35ffc2ef-1e09-463d-a2c4-c183d5deb59a/prints/pp2/W501930.webp
Чёрные софт-тач,iPhone 12,A:501941,S501941,ПП2,3277072942,24,https://s3.twcstorage.ru/35ffc2ef-1e09-463d-a2c4-c183d5deb59a/prints/pp2/S501941.webp
Чёрные софт-тач,iPhone 12,A:501943,S501943,ПП2,3277072711,15,https://s3.twcstorage.ru/35ffc2ef-1e09-463d-a2c4-c183d5deb59a/prints/pp2/S501943.webp
Чёрные софт-тач,iPhone 12,A:501945,S501945,ПП2,3277072551,6,https://s3.twcstorage.ru/35ffc2ef-1e09-463d-a2c4-c183d5deb59a/prints/pp2/W501945.webp
Белые софт-тач,iPhone 12,A:501947,W501947,ПП2,3277238268,13,https://s3.twcstorage.ru/35ffc2ef-1e09-463d-a2c4-c183d5deb59a/prints/pp2/W501947.webp
Чёрные софт-тач,iPhone 12,A:501951,S501951,ПП2,3277072929,5,https://s3.twcstorage.ru/35ffc2ef-1e09-463d-a2c4-c183d5deb59a/prints/pp2/W501951.webp
Белые софт-тач,iPhone 12,A:501953,W501953,ПП2,3277238433,43,https://s3.twcstorage.ru/35ffc2ef-1e09-463d-a2c4-c183d5deb59a/prints/pp2/W501953.webp
Чёрные софт-тач,iPhone 12,A:501957,S501957,ПП2,3277072896,2,https://s3.twcstorage.ru/35ffc2ef-1e09-463d-a2c4-c183d5deb59a/prints/pp2/W501957.webp
Чёрные софт-тач,iPhone 12,A:501959,S501959,ПП2,3277072654,12,https://s3.twcstorage.ru/35ffc2ef-1e09-463d-a2c4-c183d5deb59a/prints/pp2/S501959.webp
Чёрные софт-тач,iPhone 12,A:501960,S501960,ПП2,3277073010,11,https://s3.twcstorage.ru/35ffc2ef-1e09-463d-a2c4-c183d5deb59a/prints/pp2/W501960.webp
Белые софт-тач,iPhone 12,A:501961,W501961,ПП2,3277239371,26,https://s3.twcstorage.ru/35ffc2ef-1e09-463d-a2c4-c183d5deb59a/prints/pp2/W501961.webp
Белые софт-тач,iPhone 12,A:501962,W501962,ПП2,3277239464,20,https://s3.twcstorage.ru/35ffc2ef-1e09-463d-a2c4-c183d5deb59a/prints/pp2/W501962.webp
Объемные матовые чехлы черные,iPhone 12,A:502003,W502003,ПП2,4998356072,14,https://s3.twcstorage.ru/35ffc2ef-1e09-463d-a2c4-c183d5deb59a/prints/pp2/W502003.webp
Белые софт-тач,iPhone 12,A:502006,W502006,ПП2,3277238465,28,https://s3.twcstorage.ru/35ffc2ef-1e09-463d-a2c4-c183d5deb59a/prints/pp2/W502006.webp
Белые софт-тач,iPhone 12,A:502007,W502007,ПП2,3277238408,21,https://s3.twcstorage.ru/35ffc2ef-1e09-463d-a2c4-c183d5deb59a/prints/pp2/W502007.webp
Белые софт-тач,iPhone 12,A:502012,W502012,ПП2,3277239358,11,https://s3.twcstorage.ru/35ffc2ef-1e09-463d-a2c4-c183d5deb59a/prints/pp2/W502012.webp
Белые софт-тач,iPhone 12,A:502014,W502014,ПП2,3277238365,7,https://s3.twcstorage.ru/35ffc2ef-1e09-463d-a2c4-c183d5deb59a/prints/pp2/W502014.webp
Объемные матовые чехлы коричневые,iPhone 12,A:502032,W502032,ПП2,4989268989,12,https://s3.twcstorage.ru/35ffc2ef-1e09-463d-a2c4-c183d5deb59a/prints/pp2/W502032.webp
Белые софт-тач,iPhone 12,A:502033,W502033,ПП2,3277238428,15,https://s3.twcstorage.ru/35ffc2ef-1e09-463d-a2c4-c183d5deb59a/prints/pp2/W502033.webp
Белые софт-тач,iPhone 12,A:502037,W502037,ПП2,3277238397,29,https://s3.twcstorage.ru/35ffc2ef-1e09-463d-a2c4-c183d5deb59a/prints/pp2/W502037.webp
Белые софт-тач,iPhone 12,A:502047,W502047,ПП2,3277238240,22,https://s3.twcstorage.ru/35ffc2ef-1e09-463d-a2c4-c183d5deb59a/prints/pp2/W502047.webp
Белые софт-тач,iPhone 12,A:502052,W502052,ПП2,3277238279,2,https://s3.twcstorage.ru/35ffc2ef-1e09-463d-a2c4-c183d5deb59a/prints/pp2/W502052.webp
Белые софт-тач,iPhone 12,A:502053,W502053,ПП2,3277238431,1,https://s3.twcstorage.ru/35ffc2ef-1e09-463d-a2c4-c183d5deb59a/prints/pp2/W502053.webp
Белые софт-тач,iPhone 12,A:502065,W502065,ПП2,3277239516,25,https://s3.twcstorage.ru/35ffc2ef-1e09-463d-a2c4-c183d5deb59a/prints/pp2/W502065.webp
Белые софт-тач,iPhone 12,A:502069,W502069,ПП2,3277238266,8,https://s3.twcstorage.ru/35ffc2ef-1e09-463d-a2c4-c183d5deb59a/prints/pp2/W502069.webp
Белые софт-тач,iPhone 12,A:506331,W506331,ПП2,4896921805,4,https://s3.twcstorage.ru/35ffc2ef-1e09-463d-a2c4-c183d5deb59a/prints/pp2/W5063311.webp
Объемные матовые чехлы коричневые,iPhone 12,A:506332,W5063321,ПП2,4989267776,1000000,https://s3.twcstorage.ru/35ffc2ef-1e09-463d-a2c4-c183d5deb59a/prints/pp2/W5063321.webp
Объемные матовые чехлы коричневые,iPhone 12,A:506333,W5063331,ПП2,4989268688,1000000,https://s3.twcstorage.ru/35ffc2ef-1e09-463d-a2c4-c183d5deb59a/prints/pp2/W5063331.webp
Объемные матовые чехлы черные,iPhone 12,A:506334,W5063341,ПП2,4998362123,13,https://s3.twcstorage.ru/35ffc2ef-1e09-463d-a2c4-c183d5deb59a/prints/pp2/W5063341.webp
Объемные матовые чехлы коричневые,iPhone 12,A:506336,W5063361,ПП2,4989268072,6,https://s3.twcstorage.ru/35ffc2ef-1e09-463d-a2c4-c183d5deb59a/prints/pp2/W5063361.webp
Белые софт-тач,iPhone 12,A:506340,W506340,ПП2,4896925481,3,https://s3.twcstorage.ru/35ffc2ef-1e09-463d-a2c4-c183d5deb59a/prints/pp2/W5063401.webp
Белые софт-тач,iPhone 12,A:506370,W506370,ПП2,4896921286,65,https://s3.twcstorage.ru/35ffc2ef-1e09-463d-a2c4-c183d5deb59a/prints/pp2/W506370.webp
Объемные матовые чехлы черные,iPhone 12,A:506372,W506372,ПП2,4998355358,8,https://s3.twcstorage.ru/35ffc2ef-1e09-463d-a2c4-c183d5deb59a/prints/pp2/W506372.webp
Белые софт-тач,iPhone 12,A:506373,W506373,ПП2,4896921945,6,https://s3.twcstorage.ru/35ffc2ef-1e09-463d-a2c4-c183d5deb59a/prints/pp2/W506373.webp
Белые софт-тач,iPhone 12,A:506374,W506374,ПП2,4896922007,5,https://s3.twcstorage.ru/35ffc2ef-1e09-463d-a2c4-c183d5deb59a/prints/pp2/W506374.webp
Белые софт-тач,iPhone 12,A:506378,W506378,ПП2,4896924761,46,https://s3.twcstorage.ru/35ffc2ef-1e09-463d-a2c4-c183d5deb59a/prints/pp2/W506378.webp
Белые софт-тач,iPhone 12,A:506379,W506379,ПП2,4896921557,19,https://s3.twcstorage.ru/35ffc2ef-1e09-463d-a2c4-c183d5deb59a/prints/pp2/W506379.webp
Белые софт-тач,iPhone 12,A:506381,W506381,ПП2,4896921877,38,https://s3.twcstorage.ru/35ffc2ef-1e09-463d-a2c4-c183d5deb59a/prints/pp2/W506381.webp
Силиконовые чехлы,iPhone 12 Mini,A:501933,W501933,ПП2,3295445076,86,https://s3.twcstorage.ru/35ffc2ef-1e09-463d-a2c4-c183d5deb59a/prints/pp2/W501933.webp
Матовые цветные чехлы для печати,iPhone 12 Mini,A:501934,W501934,ПП2,3277209586,1000000,https://s3.twcstorage.ru/35ffc2ef-1e09-463d-a2c4-c183d5deb59a/prints/pp2/W501934.webp
Матовые цветные чехлы для печати,iPhone 12 Mini,A:501938,W501938,ПП2,3277208649,51,https://s3.twcstorage.ru/35ffc2ef-1e09-463d-a2c4-c183d5deb59a/prints/pp2/W501938.webp
Чёрные софт-тач,iPhone 12 Mini,A:501944,S501944,ПП2,3277056975,9,https://s3.twcstorage.ru/35ffc2ef-1e09-463d-a2c4-c183d5deb59a/prints/pp2/S501944.webp
Чёрные софт-тач,iPhone 12 Mini,A:501946,S501946,ПП2,3277056304,1,https://s3.twcstorage.ru/35ffc2ef-1e09-463d-a2c4-c183d5deb59a/prints/pp2/W501946.webp
Чёрные софт-тач,iPhone 12 Mini,A:501950,S501950,ПП2,3277056822,3,https://s3.twcstorage.ru/35ffc2ef-1e09-463d-a2c4-c183d5deb59a/prints/pp2/W501950.webp
Белые софт-тач,iPhone 12 Mini,A:501951,W501951,ПП2,3837345322,9,https://s3.twcstorage.ru/35ffc2ef-1e09-463d-a2c4-c183d5deb59a/prints/pp2/W501951.webp
Чёрные софт-тач,iPhone 12 Mini,A:501952,S501952,ПП2,3277056322,25,https://s3.twcstorage.ru/35ffc2ef-1e09-463d-a2c4-c183d5deb59a/prints/pp2/W501952.webp
Чёрные софт-тач,iPhone 12 Mini,A:501955,S501955,ПП2,3277056309,26,https://s3.twcstorage.ru/35ffc2ef-1e09-463d-a2c4-c183d5deb59a/prints/pp2/W501955.webp
Матовые цветные чехлы для печати,iPhone 12 Mini,A:501956,W501956,ПП2,3277209765,1000000,https://s3.twcstorage.ru/35ffc2ef-1e09-463d-a2c4-c183d5deb59a/prints/pp2/W501956.webp
Матовые цветные чехлы для печати,iPhone 12 Mini,A:501957,W501957,ПП2,3277209820,7,https://s3.twcstorage.ru/35ffc2ef-1e09-463d-a2c4-c183d5deb59a/prints/pp2/W501957.webp
Белые софт-тач,iPhone 12 Mini,A:501958,W501958,ПП2,3837347854,1000000,https://s3.twcstorage.ru/35ffc2ef-1e09-463d-a2c4-c183d5deb59a/prints/pp2/W501958.webp
Чёрные софт-тач,iPhone 12 Mini,A:501959,S501959,ПП2,3277056809,12,https://s3.twcstorage.ru/35ffc2ef-1e09-463d-a2c4-c183d5deb59a/prints/pp2/S501959.webp
Чёрные софт-тач,iPhone 12 Mini,A:501960,S501960,ПП2,3277056424,11,https://s3.twcstorage.ru/35ffc2ef-1e09-463d-a2c4-c183d5deb59a/prints/pp2/W501960.webp
Чёрные софт-тач,iPhone 12 Mini,A:501961,S501961,ПП2,3277057216,17,https://s3.twcstorage.ru/35ffc2ef-1e09-463d-a2c4-c183d5deb59a/prints/pp2/W501961.webp
Силиконовые чехлы,iPhone 12 Mini,A:501968,Q501968,ПП2,3295446643,91,https://s3.twcstorage.ru/35ffc2ef-1e09-463d-a2c4-c183d5deb59a/prints/pp2/W501968.webp
Силиконовые чехлы,iPhone 12 Mini,A:501974,Q501974,ПП2,3295444947,74,https://s3.twcstorage.ru/35ffc2ef-1e09-463d-a2c4-c183d5deb59a/prints/pp2/Q501974.webp
Силиконовые чехлы,iPhone 12 Mini,A:501978,Q501978,ПП2,3295445148,2,https://s3.twcstorage.ru/35ffc2ef-1e09-463d-a2c4-c183d5deb59a/prints/pp2/Q5019781.webp
Силиконовые чехлы,iPhone 12 Mini,A:501980,Q501980,ПП2,3295445373,4,https://s3.twcstorage.ru/35ffc2ef-1e09-463d-a2c4-c183d5deb59a/prints/pp2/Q5019801.webp
Силиконовые чехлы,iPhone 12 Mini,A:501990,Q501990,ПП2,3295446163,42,https://s3.twcstorage.ru/35ffc2ef-1e09-463d-a2c4-c183d5deb59a/prints/pp2/Y501990.webp
Силиконовые чехлы,iPhone 12 Mini,A:501994,Q501994,ПП2,3295445392,1000000,https://s3.twcstorage.ru/35ffc2ef-1e09-463d-a2c4-c183d5deb59a/prints/pp2/Q501994.webp
Силиконовые чехлы,iPhone 12 Mini,A:501997,W501997,ПП2,3295445377,67,https://s3.twcstorage.ru/35ffc2ef-1e09-463d-a2c4-c183d5deb59a/prints/pp2/Y501997.webp
Силиконовые чехлы,iPhone 12 Mini,A:502004,W502004,ПП2,3295448316,144,https://s3.twcstorage.ru/35ffc2ef-1e09-463d-a2c4-c183d5deb59a/prints/pp2/W502004.webp
Матовые цветные чехлы для печати,iPhone 12 Mini,A:502005,W502005,ПП2,3277210043,61,https://s3.twcstorage.ru/35ffc2ef-1e09-463d-a2c4-c183d5deb59a/prints/pp2/W502005.webp
Матовые цветные чехлы для печати,iPhone 12 Mini,A:502006,W502006,ПП2,3277209721,21,https://s3.twcstorage.ru/35ffc2ef-1e09-463d-a2c4-c183d5deb59a/prints/pp2/W502006.webp
Белые софт-тач,iPhone 12 Mini,A:502007,W502007,ПП2,3837347818,21,https://s3.twcstorage.ru/35ffc2ef-1e09-463d-a2c4-c183d5deb59a/prints/pp2/W502007.webp
Силиконовые чехлы,iPhone 12 Mini,A:502008,W502008,ПП2,3295445190,6,https://s3.twcstorage.ru/35ffc2ef-1e09-463d-a2c4-c183d5deb59a/prints/pp2/W502008.webp
Матовые цветные чехлы для печати,iPhone 12 Mini,A:502009,W502009,ПП2,3277209677,22,https://s3.twcstorage.ru/35ffc2ef-1e09-463d-a2c4-c183d5deb59a/prints/pp2/W502009.webp
Силиконовые чехлы,iPhone 12 Mini,A:502010,W502010,ПП2,3295445269,3,https://s3.twcstorage.ru/35ffc2ef-1e09-463d-a2c4-c183d5deb59a/prints/pp2/W502010.webp
Силиконовые чехлы,iPhone 12 Mini,A:502011,W502011,ПП2,3295445487,62,https://s3.twcstorage.ru/35ffc2ef-1e09-463d-a2c4-c183d5deb59a/prints/pp2/W502011.webp
Матовые цветные чехлы для печати,iPhone 12 Mini,A:502012,W502012,ПП2,3277210190,1,https://s3.twcstorage.ru/35ffc2ef-1e09-463d-a2c4-c183d5deb59a/prints/pp2/W502012.webp
Силиконовые чехлы,iPhone 12 Mini,A:502014,W502014,ПП2,3295446664,1,https://s3.twcstorage.ru/35ffc2ef-1e09-463d-a2c4-c183d5deb59a/prints/pp2/W502014.webp
Матовые цветные чехлы для печати,iPhone 12 Mini,A:502024,W502024,ПП2,3277211245,1000000,https://s3.twcstorage.ru/35ffc2ef-1e09-463d-a2c4-c183d5deb59a/prints/pp2/W502024.webp
Белые софт-тач,iPhone 12 Mini,A:502030,W502030,ПП2,3837347679,23,https://s3.twcstorage.ru/35ffc2ef-1e09-463d-a2c4-c183d5deb59a/prints/pp2/W502030.webp
Силиконовые чехлы,iPhone 12 Mini,A:502031,W502031,ПП2,3295445275,27,https://s3.twcstorage.ru/35ffc2ef-1e09-463d-a2c4-c183d5deb59a/prints/pp2/W502031.webp
Матовые цветные чехлы для печати,iPhone 12 Mini,A:502032,W502032,ПП2,3277210157,4,https://s3.twcstorage.ru/35ffc2ef-1e09-463d-a2c4-c183d5deb59a/prints/pp2/W502032.webp
Силиконовые чехлы,iPhone 12 Mini,A:502047,W502047,ПП2,3295446299,36,https://s3.twcstorage.ru/35ffc2ef-1e09-463d-a2c4-c183d5deb59a/prints/pp2/W502047.webp
Белые софт-тач,iPhone 12 Mini,A:502048,W502048,ПП2,3837346051,18,https://s3.twcstorage.ru/35ffc2ef-1e09-463d-a2c4-c183d5deb59a/prints/pp2/Y502048.webp
Белые софт-тач,iPhone 12 Mini,A:502052,W502052,ПП2,3837347805,2,https://s3.twcstorage.ru/35ffc2ef-1e09-463d-a2c4-c183d5deb59a/prints/pp2/W502052.webp
Белые софт-тач,iPhone 12 Mini,A:502053,W502053,ПП2,3837347862,1,https://s3.twcstorage.ru/35ffc2ef-1e09-463d-a2c4-c183d5deb59a/prints/pp2/W502053.webp
Матовые цветные чехлы для печати,iPhone 12 Mini,A:502054,W502054,ПП2,3277208838,64,https://s3.twcstorage.ru/35ffc2ef-1e09-463d-a2c4-c183d5deb59a/prints/pp2/W502054.webp
Силиконовые чехлы,iPhone 12 Mini,A:502055,W502055,ПП2,3295445584,96,https://s3.twcstorage.ru/35ffc2ef-1e09-463d-a2c4-c183d5deb59a/prints/pp2/W502055.webp
Силиконовые чехлы,iPhone 12 Mini,A:502065,W502065,ПП2,3295444999,22,https://s3.twcstorage.ru/35ffc2ef-1e09-463d-a2c4-c183d5deb59a/prints/pp2/W502065.webp
Матовые цветные чехлы для печати,iPhone 12 Mini,A:502066,W502066,ПП2,3277208893,65,https://s3.twcstorage.ru/35ffc2ef-1e09-463d-a2c4-c183d5deb59a/prints/pp2/W502066.webp
Матовые цветные чехлы для печати,iPhone 12 Mini,A:502069,W502069,ПП2,3277209733,37,https://s3.twcstorage.ru/35ffc2ef-1e09-463d-a2c4-c183d5deb59a/prints/pp2/W502069.webp
Матовые цветные чехлы для печати,iPhone 12 Mini,A:506329,W5063291,ПП2,4896550420,38,https://s3.twcstorage.ru/35ffc2ef-1e09-463d-a2c4-c183d5deb59a/prints/pp2/W5063291.webp
Белые софт-тач,iPhone 12 Mini,A:506330,W506330,ПП2,4900643183,10,https://s3.twcstorage.ru/35ffc2ef-1e09-463d-a2c4-c183d5deb59a/prints/pp2/W5063301.webp
Силиконовые чехлы,iPhone 12 Mini,A:506332,W506332,ПП2,4895365596,11,https://s3.twcstorage.ru/35ffc2ef-1e09-463d-a2c4-c183d5deb59a/prints/pp2/W5063321.webp
Матовые цветные чехлы для печати,iPhone 12 Mini,A:506334,W5063341,ПП2,4896551238,24,https://s3.twcstorage.ru/35ffc2ef-1e09-463d-a2c4-c183d5deb59a/prints/pp2/W5063341.webp
Силиконовые чехлы,iPhone 12 Mini,A:506340,W506340,ПП2,4895364919,15,https://s3.twcstorage.ru/35ffc2ef-1e09-463d-a2c4-c183d5deb59a/prints/pp2/W5063401.webp
Матовые цветные чехлы для печати,iPhone 12 Mini,A:506341,W5063411,ПП2,4896575602,55,https://s3.twcstorage.ru/35ffc2ef-1e09-463d-a2c4-c183d5deb59a/prints/pp2/W5063411.webp
Матовые цветные чехлы для печати,iPhone 12 Mini,A:506350,W5063501,ПП2,4896551217,50,https://s3.twcstorage.ru/35ffc2ef-1e09-463d-a2c4-c183d5deb59a/prints/pp2/W5063501.webp
Матовые цветные чехлы для печати,iPhone 12 Mini,A:506351,W5063511,ПП2,4896550820,1000000,https://s3.twcstorage.ru/35ffc2ef-1e09-463d-a2c4-c183d5deb59a/prints/pp2/W5063511.webp
Матовые цветные чехлы для печати,iPhone 12 Mini,A:506372,W506372,ПП2,4896551057,25,https://s3.twcstorage.ru/35ffc2ef-1e09-463d-a2c4-c183d5deb59a/prints/pp2/W506372.webp
Матовые цветные чехлы для печати,iPhone 12 Mini,A:506374,W506374,ПП2,4896550973,30,https://s3.twcstorage.ru/35ffc2ef-1e09-463d-a2c4-c183d5deb59a/prints/pp2/W506374.webp
Матовые цветные чехлы для печати,iPhone 12 Mini,A:506377,W506377,ПП2,4896550927,73,https://s3.twcstorage.ru/35ffc2ef-1e09-463d-a2c4-c183d5deb59a/prints/pp2/W506377.webp
Белые софт-тач,iPhone 12 Mini,A:506379,W506379,ПП2,4900644458,19,https://s3.twcstorage.ru/35ffc2ef-1e09-463d-a2c4-c183d5deb59a/prints/pp2/W506379.webp
Чёрные софт-тач,iPhone 12 Pro,A:501944,S501944,ПП2,3277074929,9,https://s3.twcstorage.ru/35ffc2ef-1e09-463d-a2c4-c183d5deb59a/prints/pp2/S501944.webp
Стеклянные чехлы,iPhone 12 Pro,A:501978,Q5019781,ПП2,3277033169,2,https://s3.twcstorage.ru/35ffc2ef-1e09-463d-a2c4-c183d5deb59a/prints/pp2/Q5019781.webp
Объемные матовые чехлы черные,iPhone 12 Pro,A:502008,W502008,ПП2,4998310473,1000000,https://s3.twcstorage.ru/35ffc2ef-1e09-463d-a2c4-c183d5deb59a/prints/pp2/W502008.webp
Объемные матовые чехлы черные,iPhone 12 Pro,A:502010,W502010,ПП2,4998307899,15,https://s3.twcstorage.ru/35ffc2ef-1e09-463d-a2c4-c183d5deb59a/prints/pp2/W502010.webp
Объемные матовые чехлы черные,iPhone 12 Pro,A:502053,W502053,ПП2,4998310894,1,https://s3.twcstorage.ru/35ffc2ef-1e09-463d-a2c4-c183d5deb59a/prints/pp2/W502053.webp
Объемные матовые чехлы черные,iPhone 12 Pro,A:506340,W5063401,ПП2,4998309581,2,https://s3.twcstorage.ru/35ffc2ef-1e09-463d-a2c4-c183d5deb59a/prints/pp2/W5063401.webp
Стеклянные чехлы,iPhone 12 Pro,A:506383,Q5063831,ПП2,4896796566,9,https://s3.twcstorage.ru/35ffc2ef-1e09-463d-a2c4-c183d5deb59a/prints/pp2/Q5063831.webp
Стеклянные чехлы,iPhone 12 Pro,A:506384,Q5063841,ПП2,4896795971,4,https://s3.twcstorage.ru/35ffc2ef-1e09-463d-a2c4-c183d5deb59a/prints/pp2/Q5063841.webp
Чёрные софт-тач,iPhone 12 Pro Max,A:501927,S501927,ПП2,3277069539,13,https://s3.twcstorage.ru/35ffc2ef-1e09-463d-a2c4-c183d5deb59a/prints/pp2/W501927.webp
Чёрные софт-тач,iPhone 12 Pro Max,A:501942,S501942,ПП2,3277069118,10,https://s3.twcstorage.ru/35ffc2ef-1e09-463d-a2c4-c183d5deb59a/prints/pp2/S501942.webp
Чёрные софт-тач,iPhone 12 Pro Max,A:501943,S501943,ПП2,3277068534,15,https://s3.twcstorage.ru/35ffc2ef-1e09-463d-a2c4-c183d5deb59a/prints/pp2/S501943.webp
Чёрные софт-тач,iPhone 12 Pro Max,A:501944,S501944,ПП2,3277068057,9,https://s3.twcstorage.ru/35ffc2ef-1e09-463d-a2c4-c183d5deb59a/prints/pp2/S501944.webp
Чёрные софт-тач,iPhone 12 Pro Max,A:501946,S501946,ПП2,3277068072,1,https://s3.twcstorage.ru/35ffc2ef-1e09-463d-a2c4-c183d5deb59a/prints/pp2/W501946.webp
Силиконовые чехлы,iPhone 12 Pro Max,A:501947,W501947,ПП2,3345805378,16,https://s3.twcstorage.ru/35ffc2ef-1e09-463d-a2c4-c183d5deb59a/prints/pp2/W501947.webp
Чёрные софт-тач,iPhone 12 Pro Max,A:501949,S501949,ПП2,3277068345,4,https://s3.twcstorage.ru/35ffc2ef-1e09-463d-a2c4-c183d5deb59a/prints/pp2/W501949.webp
Чёрные софт-тач,iPhone 12 Pro Max,A:501951,S501951,ПП2,3277068047,5,https://s3.twcstorage.ru/35ffc2ef-1e09-463d-a2c4-c183d5deb59a/prints/pp2/W501951.webp
Чёрные софт-тач,iPhone 12 Pro Max,A:501957,S501957,ПП2,3277068229,2,https://s3.twcstorage.ru/35ffc2ef-1e09-463d-a2c4-c183d5deb59a/prints/pp2/W501957.webp
Силиконовые чехлы,iPhone 12 Pro Max,A:501960,W501960,ПП2,3345802090,29,https://s3.twcstorage.ru/35ffc2ef-1e09-463d-a2c4-c183d5deb59a/prints/pp2/W501960.webp
Силиконовые чехлы,iPhone 12 Pro Max,A:501961,W501961,ПП2,3345802861,20,https://s3.twcstorage.ru/35ffc2ef-1e09-463d-a2c4-c183d5deb59a/prints/pp2/W501961.webp
Белые софт-тач,iPhone 12 Pro Max,A:501962,W501962,ПП2,3277262809,20,https://s3.twcstorage.ru/35ffc2ef-1e09-463d-a2c4-c183d5deb59a/prints/pp2/W501962.webp
Силиконовые чехлы,iPhone 12 Pro Max,A:501978,Q501978,ПП2,3345797862,2,https://s3.twcstorage.ru/35ffc2ef-1e09-463d-a2c4-c183d5deb59a/prints/pp2/Q5019781.webp
Силиконовые чехлы,iPhone 12 Pro Max,A:501980,Q501980,ПП2,3345797654,4,https://s3.twcstorage.ru/35ffc2ef-1e09-463d-a2c4-c183d5deb59a/prints/pp2/Q5019801.webp
Силиконовые чехлы,iPhone 12 Pro Max,A:501985,Q501985,ПП2,3345805633,113,https://s3.twcstorage.ru/35ffc2ef-1e09-463d-a2c4-c183d5deb59a/prints/pp2/Y501985.webp
Силиконовые чехлы,iPhone 12 Pro Max,A:501993,Q501993,ПП2,3345797214,21,https://s3.twcstorage.ru/35ffc2ef-1e09-463d-a2c4-c183d5deb59a/prints/pp2/Q5019931.webp
Белые софт-тач,iPhone 12 Pro Max,A:502007,W502007,ПП2,3277263051,21,https://s3.twcstorage.ru/35ffc2ef-1e09-463d-a2c4-c183d5deb59a/prints/pp2/W502007.webp
Силиконовые чехлы,iPhone 12 Pro Max,A:502009,W502009,ПП2,3345803120,5,https://s3.twcstorage.ru/35ffc2ef-1e09-463d-a2c4-c183d5deb59a/prints/pp2/W502009.webp
Силиконовые чехлы,iPhone 12 Pro Max,A:502010,W502010,ПП2,3345797643,3,https://s3.twcstorage.ru/35ffc2ef-1e09-463d-a2c4-c183d5deb59a/prints/pp2/W502010.webp
Белые софт-тач,iPhone 12 Pro Max,A:502012,W502012,ПП2,3277262285,11,https://s3.twcstorage.ru/35ffc2ef-1e09-463d-a2c4-c183d5deb59a/prints/pp2/W502012.webp
Силиконовые чехлы,iPhone 12 Pro Max,A:502014,W502014,ПП2,3345798160,1,https://s3.twcstorage.ru/35ffc2ef-1e09-463d-a2c4-c183d5deb59a/prints/pp2/W502014.webp
Белые софт-тач,iPhone 12 Pro Max,A:502016,W502016,ПП2,3277262047,24,https://s3.twcstorage.ru/35ffc2ef-1e09-463d-a2c4-c183d5deb59a/prints/pp2/W502016.webp
Матовые цветные чехлы для печати,iPhone 12 Pro Max,A:502025,W502025,ПП2,3277161113,12,https://s3.twcstorage.ru/35ffc2ef-1e09-463d-a2c4-c183d5deb59a/prints/pp2/W502025.webp
Матовые цветные чехлы для печати,iPhone 12 Pro Max,A:502027,W502027,ПП2,3277160952,11,https://s3.twcstorage.ru/35ffc2ef-1e09-463d-a2c4-c183d5deb59a/prints/pp2/W502027.webp
Матовые цветные чехлы для печати,iPhone 12 Pro Max,A:502029,W502029,ПП2,3277161241,9,https://s3.twcstorage.ru/35ffc2ef-1e09-463d-a2c4-c183d5deb59a/prints/pp2/W502029.webp
Белые софт-тач,iPhone 12 Pro Max,A:502031,W502031,ПП2,3277262147,30,https://s3.twcstorage.ru/35ffc2ef-1e09-463d-a2c4-c183d5deb59a/prints/pp2/W502031.webp
Матовые цветные чехлы для печати,iPhone 12 Pro Max,A:502032,W502032,ПП2,3277161878,4,https://s3.twcstorage.ru/35ffc2ef-1e09-463d-a2c4-c183d5deb59a/prints/pp2/W502032.webp
Белые софт-тач,iPhone 12 Pro Max,A:502033,W502033,ПП2,3277262920,15,https://s3.twcstorage.ru/35ffc2ef-1e09-463d-a2c4-c183d5deb59a/prints/pp2/W502033.webp
Матовые цветные чехлы для печати,iPhone 12 Pro Max,A:502035,W502035,ПП2,3277161328,31,https://s3.twcstorage.ru/35ffc2ef-1e09-463d-a2c4-c183d5deb59a/prints/pp2/W502035.webp
Силиконовые чехлы,iPhone 12 Pro Max,A:502036,W502036,ПП2,3345803356,10,https://s3.twcstorage.ru/35ffc2ef-1e09-463d-a2c4-c183d5deb59a/prints/pp2/W502036.webp
Силиконовые чехлы,iPhone 12 Pro Max,A:502039,W502039,ПП2,3345802351,95,https://s3.twcstorage.ru/35ffc2ef-1e09-463d-a2c4-c183d5deb59a/prints/pp2/W502039.webp
Белые софт-тач,iPhone 12 Pro Max,A:502047,W502047,ПП2,3277262298,22,https://s3.twcstorage.ru/35ffc2ef-1e09-463d-a2c4-c183d5deb59a/prints/pp2/W502047.webp
Белые софт-тач,iPhone 12 Pro Max,A:502052,W502052,ПП2,3277262713,2,https://s3.twcstorage.ru/35ffc2ef-1e09-463d-a2c4-c183d5deb59a/prints/pp2/W502052.webp
Белые софт-тач,iPhone 12 Pro Max,A:502053,W502053,ПП2,3277262851,1,https://s3.twcstorage.ru/35ffc2ef-1e09-463d-a2c4-c183d5deb59a/prints/pp2/W502053.webp
Белые софт-тач,iPhone 12 Pro Max,A:502055,W502055,ПП2,3277262343,36,https://s3.twcstorage.ru/35ffc2ef-1e09-463d-a2c4-c183d5deb59a/prints/pp2/W502055.webp
Силиконовые чехлы,iPhone 12 Pro Max,A:502069,W502069,ПП2,3345797855,9,https://s3.twcstorage.ru/35ffc2ef-1e09-463d-a2c4-c183d5deb59a/prints/pp2/W502069.webp
Силиконовые чехлы,iPhone 12 Pro Max,A:506329,W506329,ПП2,4894951472,43,https://s3.twcstorage.ru/35ffc2ef-1e09-463d-a2c4-c183d5deb59a/prints/pp2/W5063291.webp
Белые софт-тач,iPhone 12 Pro Max,A:506330,W506330,ПП2,4899239199,10,https://s3.twcstorage.ru/35ffc2ef-1e09-463d-a2c4-c183d5deb59a/prints/pp2/W5063301.webp
Белые софт-тач,iPhone 12 Pro Max,A:506331,W506331,ПП2,4899393715,4,https://s3.twcstorage.ru/35ffc2ef-1e09-463d-a2c4-c183d5deb59a/prints/pp2/W5063311.webp
Силиконовые чехлы,iPhone 12 Pro Max,A:506332,W506332,ПП2,4894950867,11,https://s3.twcstorage.ru/35ffc2ef-1e09-463d-a2c4-c183d5deb59a/prints/pp2/W5063321.webp
Силиконовые чехлы,iPhone 12 Pro Max,A:506334,W506334,ПП2,4894999878,14,https://s3.twcstorage.ru/35ffc2ef-1e09-463d-a2c4-c183d5deb59a/prints/pp2/W5063341.webp
Белые софт-тач,iPhone 12 Pro Max,A:506335,W506335,ПП2,4899240588,61,https://s3.twcstorage.ru/35ffc2ef-1e09-463d-a2c4-c183d5deb59a/prints/pp2/W5063351.webp
Силиконовые чехлы,iPhone 12 Pro Max,A:506337,W506337,ПП2,4894950539,57,https://s3.twcstorage.ru/35ffc2ef-1e09-463d-a2c4-c183d5deb59a/prints/pp2/W5063371.webp
Матовые цветные чехлы для печати,iPhone 12 Pro Max,A:506345,W5063451,ПП2,4900766113,67,https://s3.twcstorage.ru/35ffc2ef-1e09-463d-a2c4-c183d5deb59a/prints/pp2/W5063451.webp
Силиконовые чехлы,iPhone 12 Pro Max,A:506358,W506358,ПП2,4894950677,153,https://s3.twcstorage.ru/35ffc2ef-1e09-463d-a2c4-c183d5deb59a/prints/pp2/W5063581.webp
Матовые цветные чехлы для печати,iPhone 12 Pro Max,A:506363,W506363,ПП2,4900768923,40,https://s3.twcstorage.ru/35ffc2ef-1e09-463d-a2c4-c183d5deb59a/prints/pp2/W506363.webp
Матовые цветные чехлы для печати,iPhone 12 Pro Max,A:506372,W506372,ПП2,4900766011,25,https://s3.twcstorage.ru/35ffc2ef-1e09-463d-a2c4-c183d5deb59a/prints/pp2/W506372.webp
Силиконовые чехлы,iPhone 12 Pro Max,A:506373,W506373,ПП2,4894950401,37,https://s3.twcstorage.ru/35ffc2ef-1e09-463d-a2c4-c183d5deb59a/prints/pp2/W506373.webp
Силиконовые чехлы,iPhone 12 Pro Max,A:506379,W506379,ПП2,4895004115,51,https://s3.twcstorage.ru/35ffc2ef-1e09-463d-a2c4-c183d5deb59a/prints/pp2/W506379.webp
Матовые цветные чехлы для печати,iPhone 12 Pro Max,A:506381,W506381,ПП2,4900974685,26,https://s3.twcstorage.ru/35ffc2ef-1e09-463d-a2c4-c183d5deb59a/prints/pp2/W506381.webp
Матовые цветные чехлы для печати,iPhone 12/12 Pro,A:501937,W501937,ПП2,3277194466,78,https://s3.twcstorage.ru/35ffc2ef-1e09-463d-a2c4-c183d5deb59a/prints/pp2/W501937.webp
Матовые цветные чехлы для печати,iPhone 12/12 Pro,A:501947,W501947,ПП2,3277194685,5,https://s3.twcstorage.ru/35ffc2ef-1e09-463d-a2c4-c183d5deb59a/prints/pp2/W501947.webp
Силиконовые чехлы,iPhone 12/12 Pro,A:501949,W501949,ПП2,3289233051,60,https://s3.twcstorage.ru/35ffc2ef-1e09-463d-a2c4-c183d5deb59a/prints/pp2/W501949.webp
Силиконовые чехлы,iPhone 12/12 Pro,A:501951,W501951,ПП2,3289239398,7,https://s3.twcstorage.ru/35ffc2ef-1e09-463d-a2c4-c183d5deb59a/prints/pp2/W501951.webp
Силиконовые чехлы,iPhone 12/12 Pro,A:501953,W501953,ПП2,3289232755,133,https://s3.twcstorage.ru/35ffc2ef-1e09-463d-a2c4-c183d5deb59a/prints/pp2/W501953.webp
Матовые цветные чехлы для печати,iPhone 12/12 Pro,A:501955,W501955,ПП2,3277194452,52,https://s3.twcstorage.ru/35ffc2ef-1e09-463d-a2c4-c183d5deb59a/prints/pp2/W501955.webp
Матовые цветные чехлы для печати,iPhone 12/12 Pro,A:501957,W501957,ПП2,3277194508,7,https://s3.twcstorage.ru/35ffc2ef-1e09-463d-a2c4-c183d5deb59a/prints/pp2/W501957.webp
Силиконовые чехлы,iPhone 12/12 Pro,A:501961,W501961,ПП2,3289233149,20,https://s3.twcstorage.ru/35ffc2ef-1e09-463d-a2c4-c183d5deb59a/prints/pp2/W501961.webp
Силиконовые чехлы,iPhone 12/12 Pro,A:501962,W501962,ПП2,3289231879,31,https://s3.twcstorage.ru/35ffc2ef-1e09-463d-a2c4-c183d5deb59a/prints/pp2/W501962.webp
Силиконовые чехлы,iPhone 12/12 Pro,A:501966,W501966,ПП2,3289227947,87,https://s3.twcstorage.ru/35ffc2ef-1e09-463d-a2c4-c183d5deb59a/prints/pp2/W501966.webp
Силиконовые чехлы,iPhone 12/12 Pro,A:501968,Q501968,ПП2,3289227522,91,https://s3.twcstorage.ru/35ffc2ef-1e09-463d-a2c4-c183d5deb59a/prints/pp2/W501968.webp
Силиконовые чехлы,iPhone 12/12 Pro,A:501978,Q501978,ПП2,3289228751,2,https://s3.twcstorage.ru/35ffc2ef-1e09-463d-a2c4-c183d5deb59a/prints/pp2/Q5019781.webp
Силиконовые чехлы,iPhone 12/12 Pro,A:501980,Q501980,ПП2,3289227477,4,https://s3.twcstorage.ru/35ffc2ef-1e09-463d-a2c4-c183d5deb59a/prints/pp2/Q5019801.webp
Силиконовые чехлы,iPhone 12/12 Pro,A:501987,Q501987,ПП2,3289233181,114,https://s3.twcstorage.ru/35ffc2ef-1e09-463d-a2c4-c183d5deb59a/prints/pp2/Y501987.webp
Силиконовые чехлы,iPhone 12/12 Pro,A:501989,Q501989,ПП2,3289232477,61,https://s3.twcstorage.ru/35ffc2ef-1e09-463d-a2c4-c183d5deb59a/prints/pp2/Y501989.webp
Силиконовые чехлы,iPhone 12/12 Pro,A:501993,Q501993,ПП2,3289227216,21,https://s3.twcstorage.ru/35ffc2ef-1e09-463d-a2c4-c183d5deb59a/prints/pp2/Q5019931.webp
Матовые цветные чехлы для печати,iPhone 12/12 Pro,A:502003,W502003,ПП2,3277193802,20,https://s3.twcstorage.ru/35ffc2ef-1e09-463d-a2c4-c183d5deb59a/prints/pp2/W502003.webp
Матовые цветные чехлы для печати,iPhone 12/12 Pro,A:502005,W502005,ПП2,3277196107,61,https://s3.twcstorage.ru/35ffc2ef-1e09-463d-a2c4-c183d5deb59a/prints/pp2/W502005.webp
Матовые цветные чехлы для печати,iPhone 12/12 Pro,A:502006,W502006,ПП2,3277196491,21,https://s3.twcstorage.ru/35ffc2ef-1e09-463d-a2c4-c183d5deb59a/prints/pp2/W502006.webp
Матовые цветные чехлы для печати,iPhone 12/12 Pro,A:502007,W502007,ПП2,3277194590,15,https://s3.twcstorage.ru/35ffc2ef-1e09-463d-a2c4-c183d5deb59a/prints/pp2/W502007.webp
Матовые цветные чехлы для печати,iPhone 12/12 Pro,A:502008,W502008,ПП2,3277194548,18,https://s3.twcstorage.ru/35ffc2ef-1e09-463d-a2c4-c183d5deb59a/prints/pp2/W502008.webp
Силиконовые чехлы,iPhone 12/12 Pro,A:502009,W502009,ПП2,3289238088,5,https://s3.twcstorage.ru/35ffc2ef-1e09-463d-a2c4-c183d5deb59a/prints/pp2/W502009.webp
Силиконовые чехлы,iPhone 12/12 Pro,A:502010,W502010,ПП2,3289227548,3,https://s3.twcstorage.ru/35ffc2ef-1e09-463d-a2c4-c183d5deb59a/prints/pp2/W502010.webp
Силиконовые чехлы,iPhone 12/12 Pro,A:502011,W502011,ПП2,3289228253,62,https://s3.twcstorage.ru/35ffc2ef-1e09-463d-a2c4-c183d5deb59a/prints/pp2/W502011.webp
Матовые цветные чехлы для печати,iPhone 12/12 Pro,A:502012,W502012,ПП2,3277194052,1,https://s3.twcstorage.ru/35ffc2ef-1e09-463d-a2c4-c183d5deb59a/prints/pp2/W502012.webp
Силиконовые чехлы,iPhone 12/12 Pro,A:502014,W502014,ПП2,3289227743,1,https://s3.twcstorage.ru/35ffc2ef-1e09-463d-a2c4-c183d5deb59a/prints/pp2/W502014.webp
Силиконовые чехлы,iPhone 12/12 Pro,A:502016,W502016,ПП2,3289233458,68,https://s3.twcstorage.ru/35ffc2ef-1e09-463d-a2c4-c183d5deb59a/prints/pp2/W502016.webp
Силиконовые чехлы,iPhone 12/12 Pro,A:502019,W502019,ПП2,3289228128,24,https://s3.twcstorage.ru/35ffc2ef-1e09-463d-a2c4-c183d5deb59a/prints/pp2/W502019.webp
Матовые цветные чехлы для печати,iPhone 12/12 Pro,A:502023,W502023,ПП2,3277193977,19,https://s3.twcstorage.ru/35ffc2ef-1e09-463d-a2c4-c183d5deb59a/prints/pp2/W502023.webp
Матовые цветные чехлы для печати,iPhone 12/12 Pro,A:502026,W502026,ПП2,3277194444,8,https://s3.twcstorage.ru/35ffc2ef-1e09-463d-a2c4-c183d5deb59a/prints/pp2/W502026.webp
Матовые цветные чехлы для печати,iPhone 12/12 Pro,A:502027,W502027,ПП2,3277194427,11,https://s3.twcstorage.ru/35ffc2ef-1e09-463d-a2c4-c183d5deb59a/prints/pp2/W502027.webp
Силиконовые чехлы,iPhone 12/12 Pro,A:502029,W502029,ПП2,3289234440,13,https://s3.twcstorage.ru/35ffc2ef-1e09-463d-a2c4-c183d5deb59a/prints/pp2/W502029.webp
Силиконовые чехлы,iPhone 12/12 Pro,A:502030,W502030,ПП2,3289231848,26,https://s3.twcstorage.ru/35ffc2ef-1e09-463d-a2c4-c183d5deb59a/prints/pp2/W502030.webp
Силиконовые чехлы,iPhone 12/12 Pro,A:502031,W502031,ПП2,3289316750,27,https://s3.twcstorage.ru/35ffc2ef-1e09-463d-a2c4-c183d5deb59a/prints/pp2/W502031.webp
Матовые цветные чехлы для печати,iPhone 12/12 Pro,A:502032,W502032,ПП2,3277193993,4,https://s3.twcstorage.ru/35ffc2ef-1e09-463d-a2c4-c183d5deb59a/prints/pp2/W502032.webp
Силиконовые чехлы,iPhone 12/12 Pro,A:502033,W502033,ПП2,3289232541,53,https://s3.twcstorage.ru/35ffc2ef-1e09-463d-a2c4-c183d5deb59a/prints/pp2/W502033.webp
Силиконовые чехлы,iPhone 12/12 Pro,A:502035,W502035,ПП2,3289232474,30,https://s3.twcstorage.ru/35ffc2ef-1e09-463d-a2c4-c183d5deb59a/prints/pp2/W502035.webp
Силиконовые чехлы,iPhone 12/12 Pro,A:502036,W502036,ПП2,3289238778,10,https://s3.twcstorage.ru/35ffc2ef-1e09-463d-a2c4-c183d5deb59a/prints/pp2/W502036.webp
Силиконовые чехлы,iPhone 12/12 Pro,A:502044,W502044,ПП2,3289231847,146,https://s3.twcstorage.ru/35ffc2ef-1e09-463d-a2c4-c183d5deb59a/prints/pp2/W502044.webp
Матовые цветные чехлы для печати,iPhone 12/12 Pro,A:502048,W502048,ПП2,3277193732,36,https://s3.twcstorage.ru/35ffc2ef-1e09-463d-a2c4-c183d5deb59a/prints/pp2/Y502048.webp
Силиконовые чехлы,iPhone 12/12 Pro,A:502049,W502049,ПП2,3289231744,49,https://s3.twcstorage.ru/35ffc2ef-1e09-463d-a2c4-c183d5deb59a/prints/pp2/Y502049.webp
Силиконовые чехлы,iPhone 12/12 Pro,A:502051,W502051,ПП2,3289227053,120,https://s3.twcstorage.ru/35ffc2ef-1e09-463d-a2c4-c183d5deb59a/prints/pp2/W502051.webp
Силиконовые чехлы,iPhone 12/12 Pro,A:502054,W502054,ПП2,3289228232,39,https://s3.twcstorage.ru/35ffc2ef-1e09-463d-a2c4-c183d5deb59a/prints/pp2/W502054.webp
Силиконовые чехлы,iPhone 12/12 Pro,A:502055,W502055,ПП2,3289227291,96,https://s3.twcstorage.ru/35ffc2ef-1e09-463d-a2c4-c183d5deb59a/prints/pp2/W502055.webp
Матовые цветные чехлы для печати,iPhone 12/12 Pro,A:502057,W502057,ПП2,3277195540,54,https://s3.twcstorage.ru/35ffc2ef-1e09-463d-a2c4-c183d5deb59a/prints/pp2/W502057.webp
Матовые цветные чехлы для печати,iPhone 12/12 Pro,A:502059,W502059,ПП2,3277193902,1000000,https://s3.twcstorage.ru/35ffc2ef-1e09-463d-a2c4-c183d5deb59a/prints/pp2/W502059.webp
Матовые цветные чехлы для печати,iPhone 12/12 Pro,A:502065,W502065,ПП2,3277194245,2,https://s3.twcstorage.ru/35ffc2ef-1e09-463d-a2c4-c183d5deb59a/prints/pp2/W502065.webp
Силиконовые чехлы,iPhone 12/12 Pro,A:502067,W502067,ПП2,3289230950,28,https://s3.twcstorage.ru/35ffc2ef-1e09-463d-a2c4-c183d5deb59a/prints/pp2/W5020671.webp
Силиконовые чехлы,iPhone 12/12 Pro,A:502069,W502069,ПП2,3289230658,9,https://s3.twcstorage.ru/35ffc2ef-1e09-463d-a2c4-c183d5deb59a/prints/pp2/W502069.webp
Матовые цветные чехлы для печати,iPhone 12/12 Pro,A:506329,W5063291,ПП2,4896113009,38,https://s3.twcstorage.ru/35ffc2ef-1e09-463d-a2c4-c183d5deb59a/prints/pp2/W5063291.webp
Матовые цветные чехлы для печати,iPhone 12/12 Pro,A:506330,W5063301,ПП2,4896112380,32,https://s3.twcstorage.ru/35ffc2ef-1e09-463d-a2c4-c183d5deb59a/prints/pp2/W5063301.webp
Силиконовые чехлы,iPhone 12/12 Pro,A:506331,W506331,ПП2,4896186086,19,https://s3.twcstorage.ru/35ffc2ef-1e09-463d-a2c4-c183d5deb59a/prints/pp2/W5063311.webp
Силиконовые чехлы,iPhone 12/12 Pro,A:506332,W506332,ПП2,4896186981,11,https://s3.twcstorage.ru/35ffc2ef-1e09-463d-a2c4-c183d5deb59a/prints/pp2/W5063321.webp
Матовые цветные чехлы для печати,iPhone 12/12 Pro,A:506333,W5063331,ПП2,4896112676,66,https://s3.twcstorage.ru/35ffc2ef-1e09-463d-a2c4-c183d5deb59a/prints/pp2/W5063331.webp
Силиконовые чехлы,iPhone 12/12 Pro,A:506334,W506334,ПП2,4896206871,14,https://s3.twcstorage.ru/35ffc2ef-1e09-463d-a2c4-c183d5deb59a/prints/pp2/W5063341.webp
Силиконовые чехлы,iPhone 12/12 Pro,A:506335,W506335,ПП2,4896187265,71,https://s3.twcstorage.ru/35ffc2ef-1e09-463d-a2c4-c183d5deb59a/prints/pp2/W5063351.webp
Матовые цветные чехлы для печати,iPhone 12/12 Pro,A:506337,W5063371,ПП2,4896112705,33,https://s3.twcstorage.ru/35ffc2ef-1e09-463d-a2c4-c183d5deb59a/prints/pp2/W5063371.webp
Силиконовые чехлы,iPhone 12/12 Pro,A:506339,W506339,ПП2,4896207753,23,https://s3.twcstorage.ru/35ffc2ef-1e09-463d-a2c4-c183d5deb59a/prints/pp2/W5063391.webp
Матовые цветные чехлы для печати,iPhone 12/12 Pro,A:506340,W5063401,ПП2,4896112421,13,https://s3.twcstorage.ru/35ffc2ef-1e09-463d-a2c4-c183d5deb59a/prints/pp2/W5063401.webp
Силиконовые чехлы,iPhone 12/12 Pro,A:506344,W506344,ПП2,4896206248,122,https://s3.twcstorage.ru/35ffc2ef-1e09-463d-a2c4-c183d5deb59a/prints/pp2/W5063441.webp
Матовые цветные чехлы для печати,iPhone 12/12 Pro,A:506345,W5063451,ПП2,4896112390,67,https://s3.twcstorage.ru/35ffc2ef-1e09-463d-a2c4-c183d5deb59a/prints/pp2/W5063451.webp
Матовые цветные чехлы для печати,iPhone 12/12 Pro,A:506350,W5063501,ПП2,4896113180,50,https://s3.twcstorage.ru/35ffc2ef-1e09-463d-a2c4-c183d5deb59a/prints/pp2/W5063501.webp
Матовые цветные чехлы для печати,iPhone 12/12 Pro,A:506351,W5063511,ПП2,4896112322,1000000,https://s3.twcstorage.ru/35ffc2ef-1e09-463d-a2c4-c183d5deb59a/prints/pp2/W5063511.webp
Силиконовые чехлы,iPhone 12/12 Pro,A:506358,W506358,ПП2,4896186196,153,https://s3.twcstorage.ru/35ffc2ef-1e09-463d-a2c4-c183d5deb59a/prints/pp2/W5063581.webp
Силиконовые чехлы,iPhone 12/12 Pro,A:506361,W506361,ПП2,4896186085,50,https://s3.twcstorage.ru/35ffc2ef-1e09-463d-a2c4-c183d5deb59a/prints/pp2/W506361.webp
Матовые цветные чехлы для печати,iPhone 12/12 Pro,A:506369,W506369,ПП2,4896113332,1000000,https://s3.twcstorage.ru/35ffc2ef-1e09-463d-a2c4-c183d5deb59a/prints/pp2/W506369.webp
Силиконовые чехлы,iPhone 12/12 Pro,A:506371,W506371,ПП2,4896186835,157,https://s3.twcstorage.ru/35ffc2ef-1e09-463d-a2c4-c183d5deb59a/prints/pp2/W506371.webp
Силиконовые чехлы,iPhone 12/12 Pro,A:506373,W506373,ПП2,4896186959,37,https://s3.twcstorage.ru/35ffc2ef-1e09-463d-a2c4-c183d5deb59a/prints/pp2/W506373.webp
Силиконовые чехлы,iPhone 12/12 Pro,A:506374,W506374,ПП2,4896207983,34,https://s3.twcstorage.ru/35ffc2ef-1e09-463d-a2c4-c183d5deb59a/prints/pp2/W506374.webp
Матовые цветные чехлы для печати,iPhone 12/12 Pro,A:506377,W506377,ПП2,4896112335,73,https://s3.twcstorage.ru/35ffc2ef-1e09-463d-a2c4-c183d5deb59a/prints/pp2/W506377.webp
Матовые цветные чехлы для печати,iPhone 12/12 Pro,A:506378,W506378,ПП2,4896113063,93,https://s3.twcstorage.ru/35ffc2ef-1e09-463d-a2c4-c183d5deb59a/prints/pp2/W506378.webp
Силиконовые чехлы,iPhone 12/12 Pro,A:506379,W506379,ПП2,4896208032,51,https://s3.twcstorage.ru/35ffc2ef-1e09-463d-a2c4-c183d5deb59a/prints/pp2/W506379.webp
Силиконовые чехлы,iPhone 12/12 Pro,A:506381,W506381,ПП2,4896187048,103,https://s3.twcstorage.ru/35ffc2ef-1e09-463d-a2c4-c183d5deb59a/prints/pp2/W506381.webp
Силиконовые чехлы,iPhone 12/12 Pro,A:506382,Q506382,ПП2,4896186887,104,https://s3.twcstorage.ru/35ffc2ef-1e09-463d-a2c4-c183d5deb59a/prints/pp2/Q5063821.webp
Силиконовые чехлы,iPhone 12/12 Pro,A:506383,Q506383,ПП2,4896186993,59,https://s3.twcstorage.ru/35ffc2ef-1e09-463d-a2c4-c183d5deb59a/prints/pp2/Q5063831.webp
Силиконовые чехлы,iPhone 13,A:501927,W501927,ПП2,3289081515,85,https://s3.twcstorage.ru/35ffc2ef-1e09-463d-a2c4-c183d5deb59a/prints/pp2/W501927.webp
Чёрные софт-тач,iPhone 13,A:501928,S501928,ПП2,3277047145,1000000,https://s3.twcstorage.ru/35ffc2ef-1e09-463d-a2c4-c183d5deb59a/prints/pp2/W501928.webp
Матовые цветные чехлы для печати,iPhone 13,A:501929,W501929,ПП2,3277173037,58,https://s3.twcstorage.ru/35ffc2ef-1e09-463d-a2c4-c183d5deb59a/prints/pp2/W501929.webp
Белые софт-тач,iPhone 13,A:501930,W501930,ПП2,3281082730,47,https://s3.twcstorage.ru/35ffc2ef-1e09-463d-a2c4-c183d5deb59a/prints/pp2/W501930.webp
Чёрные софт-тач,iPhone 13,A:501931,S501931,ПП2,3277046848,18,https://s3.twcstorage.ru/35ffc2ef-1e09-463d-a2c4-c183d5deb59a/prints/pp2/W501931.webp
Матовые цветные чехлы для печати,iPhone 13,A:501933,W501933,ПП2,3277173032,76,https://s3.twcstorage.ru/35ffc2ef-1e09-463d-a2c4-c183d5deb59a/prints/pp2/W501933.webp
Чёрные софт-тач,iPhone 13,A:501937,S501937,ПП2,3277048089,14,https://s3.twcstorage.ru/35ffc2ef-1e09-463d-a2c4-c183d5deb59a/prints/pp2/W501937.webp
Матовые цветные чехлы для печати,iPhone 13,A:501940,W501940,ПП2,3277172943,42,https://s3.twcstorage.ru/35ffc2ef-1e09-463d-a2c4-c183d5deb59a/prints/pp2/W501940.webp
Чёрные софт-тач,iPhone 13,A:501944,S501944,ПП2,3277047026,9,https://s3.twcstorage.ru/35ffc2ef-1e09-463d-a2c4-c183d5deb59a/prints/pp2/S501944.webp
Чёрные софт-тач,iPhone 13,A:501945,S501945,ПП2,3277047256,6,https://s3.twcstorage.ru/35ffc2ef-1e09-463d-a2c4-c183d5deb59a/prints/pp2/W501945.webp
Чёрные софт-тач,iPhone 13,A:501946,S501946,ПП2,3277047227,1,https://s3.twcstorage.ru/35ffc2ef-1e09-463d-a2c4-c183d5deb59a/prints/pp2/W501946.webp
Объемные матовые чехлы бордовые,iPhone 13,A:501947,W501947,ПП2,4998358802,4,https://s3.twcstorage.ru/35ffc2ef-1e09-463d-a2c4-c183d5deb59a/prints/pp2/W501947.webp
Силиконовые чехлы,iPhone 13,A:501949,W501949,ПП2,3289086666,60,https://s3.twcstorage.ru/35ffc2ef-1e09-463d-a2c4-c183d5deb59a/prints/pp2/W501949.webp
Чёрные софт-тач,iPhone 13,A:501950,S501950,ПП2,3277047776,3,https://s3.twcstorage.ru/35ffc2ef-1e09-463d-a2c4-c183d5deb59a/prints/pp2/W501950.webp
Объемные матовые чехлы коричневые,iPhone 13,A:501951,W501951,ПП2,4998242963,3,https://s3.twcstorage.ru/35ffc2ef-1e09-463d-a2c4-c183d5deb59a/prints/pp2/W501951.webp
Чёрные софт-тач,iPhone 13,A:501952,S501952,ПП2,3277047204,25,https://s3.twcstorage.ru/35ffc2ef-1e09-463d-a2c4-c183d5deb59a/prints/pp2/W501952.webp
Чёрные софт-тач,iPhone 13,A:501954,S501954,ПП2,3277047933,8,https://s3.twcstorage.ru/35ffc2ef-1e09-463d-a2c4-c183d5deb59a/prints/pp2/W501954.webp
Чёрные софт-тач,iPhone 13,A:501955,S501955,ПП2,3277047606,26,https://s3.twcstorage.ru/35ffc2ef-1e09-463d-a2c4-c183d5deb59a/prints/pp2/W501955.webp
Чёрные софт-тач,iPhone 13,A:501956,S501956,ПП2,3277047972,27,https://s3.twcstorage.ru/35ffc2ef-1e09-463d-a2c4-c183d5deb59a/prints/pp2/W501956.webp
Объемные матовые чехлы бордовые,iPhone 13,A:501957,W501957,ПП2,4998364263,1,https://s3.twcstorage.ru/35ffc2ef-1e09-463d-a2c4-c183d5deb59a/prints/pp2/W501957.webp
Силиконовые чехлы,iPhone 13,A:501958,W501958,ПП2,3289086424,1000000,https://s3.twcstorage.ru/35ffc2ef-1e09-463d-a2c4-c183d5deb59a/prints/pp2/W501958.webp
Чёрные софт-тач,iPhone 13,A:501959,S501959,ПП2,3277046890,12,https://s3.twcstorage.ru/35ffc2ef-1e09-463d-a2c4-c183d5deb59a/prints/pp2/S501959.webp
Силиконовые чехлы,iPhone 13,A:501960,W501960,ПП2,3289089159,29,https://s3.twcstorage.ru/35ffc2ef-1e09-463d-a2c4-c183d5deb59a/prints/pp2/W501960.webp
Чёрные софт-тач,iPhone 13,A:501961,S501961,ПП2,3277046935,17,https://s3.twcstorage.ru/35ffc2ef-1e09-463d-a2c4-c183d5deb59a/prints/pp2/W501961.webp
Белые софт-тач,iPhone 13,A:501962,W501962,ПП2,3281082635,20,https://s3.twcstorage.ru/35ffc2ef-1e09-463d-a2c4-c183d5deb59a/prints/pp2/W501962.webp
Силиконовые чехлы,iPhone 13,A:501967,Q501967,ПП2,3289082349,136,https://s3.twcstorage.ru/35ffc2ef-1e09-463d-a2c4-c183d5deb59a/prints/pp2/W501967.webp
Силиконовые чехлы,iPhone 13,A:501968,Q501968,ПП2,3289084960,91,https://s3.twcstorage.ru/35ffc2ef-1e09-463d-a2c4-c183d5deb59a/prints/pp2/W501968.webp
Силиконовые чехлы,iPhone 13,A:501973,Q501973,ПП2,3289090409,1000000,https://s3.twcstorage.ru/35ffc2ef-1e09-463d-a2c4-c183d5deb59a/prints/pp2/Q501973.webp
Силиконовые чехлы,iPhone 13,A:501977,Q501977,ПП2,3289089768,1000000,https://s3.twcstorage.ru/35ffc2ef-1e09-463d-a2c4-c183d5deb59a/prints/pp2/Q5019771.webp
Силиконовые чехлы,iPhone 13,A:501978,Q501978,ПП2,3289081936,2,https://s3.twcstorage.ru/35ffc2ef-1e09-463d-a2c4-c183d5deb59a/prints/pp2/Q5019781.webp
Стеклянные чехлы,iPhone 13,A:501979,Q5019791,ПП2,3277024319,6,https://s3.twcstorage.ru/35ffc2ef-1e09-463d-a2c4-c183d5deb59a/prints/pp2/Q5019791.webp
Стеклянные чехлы,iPhone 13,A:501980,Q5019801,ПП2,3277024118,1,https://s3.twcstorage.ru/35ffc2ef-1e09-463d-a2c4-c183d5deb59a/prints/pp2/Q5019801.webp
Силиконовые чехлы,iPhone 13,A:501981,Q501981,ПП2,3289089205,1000000,https://s3.twcstorage.ru/35ffc2ef-1e09-463d-a2c4-c183d5deb59a/prints/pp2/Y501981.webp
Силиконовые чехлы,iPhone 13,A:501983,Q501983,ПП2,3289089387,139,https://s3.twcstorage.ru/35ffc2ef-1e09-463d-a2c4-c183d5deb59a/prints/pp2/Y501983.webp
Силиконовые чехлы,iPhone 13,A:501987,Q501987,ПП2,3289086445,114,https://s3.twcstorage.ru/35ffc2ef-1e09-463d-a2c4-c183d5deb59a/prints/pp2/Y501987.webp
Силиконовые чехлы,iPhone 13,A:501988,Q501988,ПП2,3289088864,115,https://s3.twcstorage.ru/35ffc2ef-1e09-463d-a2c4-c183d5deb59a/prints/pp2/Y501988.webp
Силиконовые чехлы,iPhone 13,A:501989,Q501989,ПП2,3289089496,61,https://s3.twcstorage.ru/35ffc2ef-1e09-463d-a2c4-c183d5deb59a/prints/pp2/Y501989.webp
Силиконовые чехлы,iPhone 13,A:501990,Q501990,ПП2,3289089403,42,https://s3.twcstorage.ru/35ffc2ef-1e09-463d-a2c4-c183d5deb59a/prints/pp2/Y501990.webp
Силиконовые чехлы,iPhone 13,A:501991,Q501991,ПП2,3289081845,1000000,https://s3.twcstorage.ru/35ffc2ef-1e09-463d-a2c4-c183d5deb59a/prints/pp2/Q501991.webp
Силиконовые чехлы,iPhone 13,A:501992,Q501992,ПП2,3289082969,93,https://s3.twcstorage.ru/35ffc2ef-1e09-463d-a2c4-c183d5deb59a/prints/pp2/Q501992.webp
Стеклянные чехлы,iPhone 13,A:501993,Q5019931,ПП2,3277024128,3,https://s3.twcstorage.ru/35ffc2ef-1e09-463d-a2c4-c183d5deb59a/prints/pp2/Q5019931.webp
Силиконовые чехлы,iPhone 13,A:501996,W501996,ПП2,3289082102,66,https://s3.twcstorage.ru/35ffc2ef-1e09-463d-a2c4-c183d5deb59a/prints/pp2/Y501996.webp
Матовые цветные чехлы для печати,iPhone 13,A:501997,W501997,ПП2,3277173695,43,https://s3.twcstorage.ru/35ffc2ef-1e09-463d-a2c4-c183d5deb59a/prints/pp2/Y501997.webp
Матовые цветные чехлы для печати,iPhone 13,A:502001,W502001,ПП2,3277173918,1000000,https://s3.twcstorage.ru/35ffc2ef-1e09-463d-a2c4-c183d5deb59a/prints/pp2/W502001.webp
Объемные матовые чехлы черные,iPhone 13,A:502003,W502003,ПП2,4989268270,14,https://s3.twcstorage.ru/35ffc2ef-1e09-463d-a2c4-c183d5deb59a/prints/pp2/W502003.webp
Белые софт-тач,iPhone 13,A:502005,W502005,ПП2,3281082769,54,https://s3.twcstorage.ru/35ffc2ef-1e09-463d-a2c4-c183d5deb59a/prints/pp2/W502005.webp
Матовые цветные чехлы для печати,iPhone 13,A:502006,W502006,ПП2,3277174642,21,https://s3.twcstorage.ru/35ffc2ef-1e09-463d-a2c4-c183d5deb59a/prints/pp2/W502006.webp
Объемные матовые чехлы черные,iPhone 13,A:502007,W502007,ПП2,4989271100,10,https://s3.twcstorage.ru/35ffc2ef-1e09-463d-a2c4-c183d5deb59a/prints/pp2/W502007.webp
Силиконовые чехлы,iPhone 13,A:502008,W502008,ПП2,3289089451,6,https://s3.twcstorage.ru/35ffc2ef-1e09-463d-a2c4-c183d5deb59a/prints/pp2/W502008.webp
Силиконовые чехлы,iPhone 13,A:502009,W502009,ПП2,3289086453,5,https://s3.twcstorage.ru/35ffc2ef-1e09-463d-a2c4-c183d5deb59a/prints/pp2/W502009.webp
Силиконовые чехлы,iPhone 13,A:502010,W502010,ПП2,3289084493,3,https://s3.twcstorage.ru/35ffc2ef-1e09-463d-a2c4-c183d5deb59a/prints/pp2/W502010.webp
Силиконовые чехлы,iPhone 13,A:502011,W502011,ПП2,3289081630,62,https://s3.twcstorage.ru/35ffc2ef-1e09-463d-a2c4-c183d5deb59a/prints/pp2/W502011.webp
Матовые цветные чехлы для печати,iPhone 13,A:502012,W502012,ПП2,3277174517,1,https://s3.twcstorage.ru/35ffc2ef-1e09-463d-a2c4-c183d5deb59a/prints/pp2/W502012.webp
Силиконовые чехлы,iPhone 13,A:502014,W502014,ПП2,3289081356,1,https://s3.twcstorage.ru/35ffc2ef-1e09-463d-a2c4-c183d5deb59a/prints/pp2/W502014.webp
Матовые цветные чехлы для печати,iPhone 13,A:502016,W502016,ПП2,3277173782,23,https://s3.twcstorage.ru/35ffc2ef-1e09-463d-a2c4-c183d5deb59a/prints/pp2/W502016.webp
Силиконовые чехлы,iPhone 13,A:502017,W502017,ПП2,3289082957,63,https://s3.twcstorage.ru/35ffc2ef-1e09-463d-a2c4-c183d5deb59a/prints/pp2/W502017.webp
Силиконовые чехлы,iPhone 13,A:502019,W502019,ПП2,3289081805,24,https://s3.twcstorage.ru/35ffc2ef-1e09-463d-a2c4-c183d5deb59a/prints/pp2/W502019.webp
Силиконовые чехлы,iPhone 13,A:502020,W502020,ПП2,3289081849,88,https://s3.twcstorage.ru/35ffc2ef-1e09-463d-a2c4-c183d5deb59a/prints/pp2/W502020.webp
Матовые цветные чехлы для печати,iPhone 13,A:502023,W502023,ПП2,3277173813,19,https://s3.twcstorage.ru/35ffc2ef-1e09-463d-a2c4-c183d5deb59a/prints/pp2/W502023.webp
Объемные матовые чехлы коричневые,iPhone 13,A:502025,W502025,ПП2,4998240911,4,https://s3.twcstorage.ru/35ffc2ef-1e09-463d-a2c4-c183d5deb59a/prints/pp2/W502025.webp
Матовые цветные чехлы для печати,iPhone 13,A:502026,W502026,ПП2,3277173735,8,https://s3.twcstorage.ru/35ffc2ef-1e09-463d-a2c4-c183d5deb59a/prints/pp2/W502026.webp
Объемные матовые чехлы светло-розовые,iPhone 13,A:502027,W502027,ПП2,4989272659,1,https://s3.twcstorage.ru/35ffc2ef-1e09-463d-a2c4-c183d5deb59a/prints/pp2/W502027.webp
Объемные матовые чехлы коричневые,iPhone 13,A:502029,W502029,ПП2,4998241461,2,https://s3.twcstorage.ru/35ffc2ef-1e09-463d-a2c4-c183d5deb59a/prints/pp2/W502029.webp
Объемные матовые чехлы коричневые,iPhone 13,A:502030,W502030,ПП2,4998239960,1,https://s3.twcstorage.ru/35ffc2ef-1e09-463d-a2c4-c183d5deb59a/prints/pp2/W502030.webp
Силиконовые чехлы,iPhone 13,A:502031,W502031,ПП2,3289082836,27,https://s3.twcstorage.ru/35ffc2ef-1e09-463d-a2c4-c183d5deb59a/prints/pp2/W502031.webp
Матовые цветные чехлы для печати,iPhone 13,A:502032,W502032,ПП2,3277174609,4,https://s3.twcstorage.ru/35ffc2ef-1e09-463d-a2c4-c183d5deb59a/prints/pp2/W502032.webp
Белые софт-тач,iPhone 13,A:502033,W502033,ПП2,3281082598,15,https://s3.twcstorage.ru/35ffc2ef-1e09-463d-a2c4-c183d5deb59a/prints/pp2/W502033.webp
Матовые цветные чехлы для печати,iPhone 13,A:502034,W502034,ПП2,3277173976,1000000,https://s3.twcstorage.ru/35ffc2ef-1e09-463d-a2c4-c183d5deb59a/prints/pp2/W502034.webp
Силиконовые чехлы,iPhone 13,A:502035,W502035,ПП2,3289086499,30,https://s3.twcstorage.ru/35ffc2ef-1e09-463d-a2c4-c183d5deb59a/prints/pp2/W502035.webp
Силиконовые чехлы,iPhone 13,A:502036,W502036,ПП2,3289086928,10,https://s3.twcstorage.ru/35ffc2ef-1e09-463d-a2c4-c183d5deb59a/prints/pp2/W502036.webp
Силиконовые чехлы,iPhone 13,A:502037,W502037,ПП2,3289080812,8,https://s3.twcstorage.ru/35ffc2ef-1e09-463d-a2c4-c183d5deb59a/prints/pp2/W502037.webp
Матовые цветные чехлы для печати,iPhone 13,A:502038,W502038,ПП2,3277174409,1000000,https://s3.twcstorage.ru/35ffc2ef-1e09-463d-a2c4-c183d5deb59a/prints/pp2/Y502038.webp
Силиконовые чехлы,iPhone 13,A:502039,W502039,ПП2,3289089559,95,https://s3.twcstorage.ru/35ffc2ef-1e09-463d-a2c4-c183d5deb59a/prints/pp2/W502039.webp
Силиконовые чехлы,iPhone 13,A:502042,W502042,ПП2,3289086917,145,https://s3.twcstorage.ru/35ffc2ef-1e09-463d-a2c4-c183d5deb59a/prints/pp2/Y502042.webp
Белые софт-тач,iPhone 13,A:502047,W502047,ПП2,3281045070,22,https://s3.twcstorage.ru/35ffc2ef-1e09-463d-a2c4-c183d5deb59a/prints/pp2/W502047.webp
Белые софт-тач,iPhone 13,A:502048,W502048,ПП2,3281045039,18,https://s3.twcstorage.ru/35ffc2ef-1e09-463d-a2c4-c183d5deb59a/prints/pp2/Y502048.webp
Белые софт-тач,iPhone 13,A:502049,W502049,ПП2,3281046850,41,https://s3.twcstorage.ru/35ffc2ef-1e09-463d-a2c4-c183d5deb59a/prints/pp2/Y502049.webp
Белые софт-тач,iPhone 13,A:502050,W502050,ПП2,3281082747,49,https://s3.twcstorage.ru/35ffc2ef-1e09-463d-a2c4-c183d5deb59a/prints/pp2/Y502050.webp
Силиконовые чехлы,iPhone 13,A:502051,W502051,ПП2,3289081760,120,https://s3.twcstorage.ru/35ffc2ef-1e09-463d-a2c4-c183d5deb59a/prints/pp2/W502051.webp
Белые софт-тач,iPhone 13,A:502052,W502052,ПП2,3281082800,2,https://s3.twcstorage.ru/35ffc2ef-1e09-463d-a2c4-c183d5deb59a/prints/pp2/W502052.webp
Белые софт-тач,iPhone 13,A:502053,W502053,ПП2,3281082579,1,https://s3.twcstorage.ru/35ffc2ef-1e09-463d-a2c4-c183d5deb59a/prints/pp2/W502053.webp
Объемные матовые чехлы черные,iPhone 13,A:502054,W502054,ПП2,4989268647,3,https://s3.twcstorage.ru/35ffc2ef-1e09-463d-a2c4-c183d5deb59a/prints/pp2/W502054.webp
Белые софт-тач,iPhone 13,A:502055,W502055,ПП2,3281045162,36,https://s3.twcstorage.ru/35ffc2ef-1e09-463d-a2c4-c183d5deb59a/prints/pp2/W502055.webp
Белые софт-тач,iPhone 13,A:502056,W502056,ПП2,3281046744,55,https://s3.twcstorage.ru/35ffc2ef-1e09-463d-a2c4-c183d5deb59a/prints/pp2/W502056.webp
Белые софт-тач,iPhone 13,A:502057,W502057,ПП2,3281044897,35,https://s3.twcstorage.ru/35ffc2ef-1e09-463d-a2c4-c183d5deb59a/prints/pp2/W502057.webp
Матовые цветные чехлы для печати,iPhone 13,A:502058,W502058,ПП2,3277173697,1000000,https://s3.twcstorage.ru/35ffc2ef-1e09-463d-a2c4-c183d5deb59a/prints/pp2/W502058.webp
Матовые цветные чехлы для печати,iPhone 13,A:502059,W502059,ПП2,3277173865,1000000,https://s3.twcstorage.ru/35ffc2ef-1e09-463d-a2c4-c183d5deb59a/prints/pp2/W502059.webp
Силиконовые чехлы,iPhone 13,A:502061,W502061,ПП2,3289086042,147,https://s3.twcstorage.ru/35ffc2ef-1e09-463d-a2c4-c183d5deb59a/prints/pp2/Y502061.webp
Матовые цветные чехлы для печати,iPhone 13,A:502065,W502065,ПП2,3277173675,2,https://s3.twcstorage.ru/35ffc2ef-1e09-463d-a2c4-c183d5deb59a/prints/pp2/W502065.webp
Белые софт-тач,iPhone 13,A:502066,W502066,ПП2,3281082719,60,https://s3.twcstorage.ru/35ffc2ef-1e09-463d-a2c4-c183d5deb59a/prints/pp2/W502066.webp
Силиконовые чехлы,iPhone 13,A:502067,W502067,ПП2,3289082646,28,https://s3.twcstorage.ru/35ffc2ef-1e09-463d-a2c4-c183d5deb59a/prints/pp2/W5020671.webp
Белые софт-тач,iPhone 13,A:502069,W502069,ПП2,3281082613,8,https://s3.twcstorage.ru/35ffc2ef-1e09-463d-a2c4-c183d5deb59a/prints/pp2/W502069.webp
Силиконовые чехлы,iPhone 13,A:506329,W506329,ПП2,4895178972,43,https://s3.twcstorage.ru/35ffc2ef-1e09-463d-a2c4-c183d5deb59a/prints/pp2/W5063291.webp
Белые софт-тач,iPhone 13,A:506330,W506330,ПП2,4898672869,10,https://s3.twcstorage.ru/35ffc2ef-1e09-463d-a2c4-c183d5deb59a/prints/pp2/W5063301.webp
Белые софт-тач,iPhone 13,A:506331,W506331,ПП2,4898673219,4,https://s3.twcstorage.ru/35ffc2ef-1e09-463d-a2c4-c183d5deb59a/prints/pp2/W5063311.webp
Силиконовые чехлы,iPhone 13,A:506332,W506332,ПП2,4895178174,11,https://s3.twcstorage.ru/35ffc2ef-1e09-463d-a2c4-c183d5deb59a/prints/pp2/W5063321.webp
Силиконовые чехлы,iPhone 13,A:506333,W506333,ПП2,4895129365,56,https://s3.twcstorage.ru/35ffc2ef-1e09-463d-a2c4-c183d5deb59a/prints/pp2/W5063331.webp
Объемные матовые чехлы черные,iPhone 13,A:506334,W5063341,ПП2,4989268538,13,https://s3.twcstorage.ru/35ffc2ef-1e09-463d-a2c4-c183d5deb59a/prints/pp2/W5063341.webp
Матовые цветные чехлы для печати,iPhone 13,A:506335,W5063351,ПП2,4895157562,39,https://s3.twcstorage.ru/35ffc2ef-1e09-463d-a2c4-c183d5deb59a/prints/pp2/W5063351.webp
Объемные матовые чехлы коричневые,iPhone 13,A:506336,W5063361,ПП2,4998243900,6,https://s3.twcstorage.ru/35ffc2ef-1e09-463d-a2c4-c183d5deb59a/prints/pp2/W5063361.webp
Белые софт-тач,iPhone 13,A:506337,W506337,ПП2,4898676555,16,https://s3.twcstorage.ru/35ffc2ef-1e09-463d-a2c4-c183d5deb59a/prints/pp2/W5063371.webp
Силиконовые чехлы,iPhone 13,A:506338,W506338,ПП2,4895126074,64,https://s3.twcstorage.ru/35ffc2ef-1e09-463d-a2c4-c183d5deb59a/prints/pp2/W5063381.webp
Силиконовые чехлы,iPhone 13,A:506339,W506339,ПП2,4895183296,23,https://s3.twcstorage.ru/35ffc2ef-1e09-463d-a2c4-c183d5deb59a/prints/pp2/W5063391.webp
Объемные матовые чехлы черные,iPhone 13,A:506340,W5063401,ПП2,4989272677,2,https://s3.twcstorage.ru/35ffc2ef-1e09-463d-a2c4-c183d5deb59a/prints/pp2/W5063401.webp
Матовые цветные чехлы для печати,iPhone 13,A:506341,W5063411,ПП2,4895190622,55,https://s3.twcstorage.ru/35ffc2ef-1e09-463d-a2c4-c183d5deb59a/prints/pp2/W5063411.webp
Матовые цветные чехлы для печати,iPhone 13,A:506342,W5063421,ПП2,4895153979,1000000,https://s3.twcstorage.ru/35ffc2ef-1e09-463d-a2c4-c183d5deb59a/prints/pp2/W5063421.webp
Силиконовые чехлы,iPhone 13,A:506343,W506343,ПП2,4895126209,1000000,https://s3.twcstorage.ru/35ffc2ef-1e09-463d-a2c4-c183d5deb59a/prints/pp2/W5063431.webp
Силиконовые чехлы,iPhone 13,A:506344,W506344,ПП2,4895179558,122,https://s3.twcstorage.ru/35ffc2ef-1e09-463d-a2c4-c183d5deb59a/prints/pp2/W5063441.webp
Матовые цветные чехлы для печати,iPhone 13,A:506346,W506346,ПП2,4895154600,68,https://s3.twcstorage.ru/35ffc2ef-1e09-463d-a2c4-c183d5deb59a/prints/pp2/W506346.webp
Силиконовые чехлы,iPhone 13,A:506350,W506350,ПП2,4895179813,72,https://s3.twcstorage.ru/35ffc2ef-1e09-463d-a2c4-c183d5deb59a/prints/pp2/W5063501.webp
Матовые цветные чехлы для печати,iPhone 13,A:506351,W5063511,ПП2,4895157944,1000000,https://s3.twcstorage.ru/35ffc2ef-1e09-463d-a2c4-c183d5deb59a/prints/pp2/W5063511.webp
Силиконовые чехлы,iPhone 13,A:506360,W506360,ПП2,4895129373,154,https://s3.twcstorage.ru/35ffc2ef-1e09-463d-a2c4-c183d5deb59a/prints/pp2/W5063601.webp
Белые софт-тач,iPhone 13,A:506362,W506362,ПП2,4898674930,73,https://s3.twcstorage.ru/35ffc2ef-1e09-463d-a2c4-c183d5deb59a/prints/pp2/W506362.webp
Объемные матовые чехлы бордовые,iPhone 13,A:506363,W506363,ПП2,4998367583,1000000,https://s3.twcstorage.ru/35ffc2ef-1e09-463d-a2c4-c183d5deb59a/prints/pp2/W506363.webp
Матовые цветные чехлы для печати,iPhone 13,A:506364,W506364,ПП2,4895154918,56,https://s3.twcstorage.ru/35ffc2ef-1e09-463d-a2c4-c183d5deb59a/prints/pp2/W506364.webp
Силиконовые чехлы,iPhone 13,A:506367,W506367,ПП2,4895179022,1000000,https://s3.twcstorage.ru/35ffc2ef-1e09-463d-a2c4-c183d5deb59a/prints/pp2/W506367.webp
Силиконовые чехлы,iPhone 13,A:506369,W506369,ПП2,4895180182,1000000,https://s3.twcstorage.ru/35ffc2ef-1e09-463d-a2c4-c183d5deb59a/prints/pp2/W506369.webp
Белые софт-тач,iPhone 13,A:506370,W506370,ПП2,4898675797,65,https://s3.twcstorage.ru/35ffc2ef-1e09-463d-a2c4-c183d5deb59a/prints/pp2/W506370.webp
Силиконовые чехлы,iPhone 13,A:506371,W506371,ПП2,4895129482,157,https://s3.twcstorage.ru/35ffc2ef-1e09-463d-a2c4-c183d5deb59a/prints/pp2/W506371.webp
Объемные матовые чехлы коричневые,iPhone 13,A:506372,W506372,ПП2,4998238398,16,https://s3.twcstorage.ru/35ffc2ef-1e09-463d-a2c4-c183d5deb59a/prints/pp2/W506372.webp
Белые софт-тач,iPhone 13,A:506373,W506373,ПП2,4898672928,6,https://s3.twcstorage.ru/35ffc2ef-1e09-463d-a2c4-c183d5deb59a/prints/pp2/W506373.webp
Белые софт-тач,iPhone 13,A:506374,W506374,ПП2,4898684142,5,https://s3.twcstorage.ru/35ffc2ef-1e09-463d-a2c4-c183d5deb59a/prints/pp2/W506374.webp
Силиконовые чехлы,iPhone 13,A:506375,W506375,ПП2,4895182645,80,https://s3.twcstorage.ru/35ffc2ef-1e09-463d-a2c4-c183d5deb59a/prints/pp2/W506375.webp
Силиконовые чехлы,iPhone 13,A:506376,W506376,ПП2,4895125518,81,https://s3.twcstorage.ru/35ffc2ef-1e09-463d-a2c4-c183d5deb59a/prints/pp2/W506376.webp
Силиконовые чехлы,iPhone 13,A:506377,W506377,ПП2,4895179159,102,https://s3.twcstorage.ru/35ffc2ef-1e09-463d-a2c4-c183d5deb59a/prints/pp2/W506377.webp
Белые софт-тач,iPhone 13,A:506378,W506378,ПП2,4898676390,46,https://s3.twcstorage.ru/35ffc2ef-1e09-463d-a2c4-c183d5deb59a/prints/pp2/W506378.webp
Белые софт-тач,iPhone 13,A:506379,W506379,ПП2,4898672998,19,https://s3.twcstorage.ru/35ffc2ef-1e09-463d-a2c4-c183d5deb59a/prints/pp2/W506379.webp
Матовые цветные чехлы для печати,iPhone 13,A:506380,W506380,ПП2,4895154895,74,https://s3.twcstorage.ru/35ffc2ef-1e09-463d-a2c4-c183d5deb59a/prints/pp2/W506380.webp
Матовые цветные чехлы для печати,iPhone 13,A:506381,W506381,ПП2,4895189628,26,https://s3.twcstorage.ru/35ffc2ef-1e09-463d-a2c4-c183d5deb59a/prints/pp2/W506381.webp
Стеклянные чехлы,iPhone 13,A:506382,Q5063821,ПП2,4896566776,8,https://s3.twcstorage.ru/35ffc2ef-1e09-463d-a2c4-c183d5deb59a/prints/pp2/Q5063821.webp
Стеклянные чехлы,iPhone 13,A:506383,Q5063831,ПП2,4896566833,9,https://s3.twcstorage.ru/35ffc2ef-1e09-463d-a2c4-c183d5deb59a/prints/pp2/Q5063831.webp
Стеклянные чехлы,iPhone 13,A:506384,Q5063841,ПП2,4896565787,4,https://s3.twcstorage.ru/35ffc2ef-1e09-463d-a2c4-c183d5deb59a/prints/pp2/Q5063841.webp
Стеклянные чехлы,iPhone 13,A:506385,Q5063851,ПП2,4896566258,18,https://s3.twcstorage.ru/35ffc2ef-1e09-463d-a2c4-c183d5deb59a/prints/pp2/Q5063851.webp
Чёрные софт-тач,iPhone 13 Pro,A:501927,S501927,ПП2,3277051526,13,https://s3.twcstorage.ru/35ffc2ef-1e09-463d-a2c4-c183d5deb59a/prints/pp2/W501927.webp
Матовые цветные чехлы для печати,iPhone 13 Pro,A:501938,W501938,ПП2,3277189829,51,https://s3.twcstorage.ru/35ffc2ef-1e09-463d-a2c4-c183d5deb59a/prints/pp2/W501938.webp
Силиконовые чехлы,iPhone 13 Pro,A:501943,C501943,ПП2,3289204885,109,https://s3.twcstorage.ru/35ffc2ef-1e09-463d-a2c4-c183d5deb59a/prints/pp2/S501943.webp
Силиконовые чехлы,iPhone 13 Pro,A:501945,W501945,ПП2,3289200096,131,https://s3.twcstorage.ru/35ffc2ef-1e09-463d-a2c4-c183d5deb59a/prints/pp2/W501945.webp
Чёрные софт-тач,iPhone 13 Pro,A:501946,S501946,ПП2,3277051555,1,https://s3.twcstorage.ru/35ffc2ef-1e09-463d-a2c4-c183d5deb59a/prints/pp2/W501946.webp
Матовые цветные чехлы для печати,iPhone 13 Pro,A:501947,W501947,ПП2,3277189466,5,https://s3.twcstorage.ru/35ffc2ef-1e09-463d-a2c4-c183d5deb59a/prints/pp2/W501947.webp
Объемные матовые чехлы коричневые,iPhone 13 Pro,A:501951,W501951,ПП2,4998308097,3,https://s3.twcstorage.ru/35ffc2ef-1e09-463d-a2c4-c183d5deb59a/prints/pp2/W501951.webp
Белые софт-тач,iPhone 13 Pro,A:501953,W501953,ПП2,3277248588,43,https://s3.twcstorage.ru/35ffc2ef-1e09-463d-a2c4-c183d5deb59a/prints/pp2/W501953.webp
Белые софт-тач,iPhone 13 Pro,A:501955,W501955,ПП2,3277247893,39,https://s3.twcstorage.ru/35ffc2ef-1e09-463d-a2c4-c183d5deb59a/prints/pp2/W501955.webp
Чёрные софт-тач,iPhone 13 Pro,A:501957,S501957,ПП2,3277051224,2,https://s3.twcstorage.ru/35ffc2ef-1e09-463d-a2c4-c183d5deb59a/prints/pp2/W501957.webp
Силиконовые чехлы,iPhone 13 Pro,A:501960,C501960,ПП2,3289204850,29,https://s3.twcstorage.ru/35ffc2ef-1e09-463d-a2c4-c183d5deb59a/prints/pp2/W501960.webp
Силиконовые чехлы,iPhone 13 Pro,A:501961,C501961,ПП2,3289208764,20,https://s3.twcstorage.ru/35ffc2ef-1e09-463d-a2c4-c183d5deb59a/prints/pp2/W501961.webp
Силиконовые чехлы,iPhone 13 Pro,A:501966,Q501966,ПП2,3289200507,87,https://s3.twcstorage.ru/35ffc2ef-1e09-463d-a2c4-c183d5deb59a/prints/pp2/W501966.webp
Силиконовые чехлы,iPhone 13 Pro,A:501969,W501969,ПП2,3289209389,1000000,https://s3.twcstorage.ru/35ffc2ef-1e09-463d-a2c4-c183d5deb59a/prints/pp2/W501969.webp
Силиконовые чехлы,iPhone 13 Pro,A:501973,Q501973,ПП2,3289205157,1000000,https://s3.twcstorage.ru/35ffc2ef-1e09-463d-a2c4-c183d5deb59a/prints/pp2/Q501973.webp
Силиконовые чехлы,iPhone 13 Pro,A:501978,Q501978,ПП2,3289210003,2,https://s3.twcstorage.ru/35ffc2ef-1e09-463d-a2c4-c183d5deb59a/prints/pp2/Q5019781.webp
Силиконовые чехлы,iPhone 13 Pro,A:501979,Q501979,ПП2,3289205414,32,https://s3.twcstorage.ru/35ffc2ef-1e09-463d-a2c4-c183d5deb59a/prints/pp2/Q5019791.webp
Силиконовые чехлы,iPhone 13 Pro,A:501980,Q501980,ПП2,3289205250,4,https://s3.twcstorage.ru/35ffc2ef-1e09-463d-a2c4-c183d5deb59a/prints/pp2/Q5019801.webp
Силиконовые чехлы,iPhone 13 Pro,A:501990,Q501990,ПП2,3289209703,42,https://s3.twcstorage.ru/35ffc2ef-1e09-463d-a2c4-c183d5deb59a/prints/pp2/Y501990.webp
Матовые цветные чехлы для печати,iPhone 13 Pro,A:502003,W502003,ПП2,3277190550,20,https://s3.twcstorage.ru/35ffc2ef-1e09-463d-a2c4-c183d5deb59a/prints/pp2/W502003.webp
Белые софт-тач,iPhone 13 Pro,A:502005,W502005,ПП2,3277247903,54,https://s3.twcstorage.ru/35ffc2ef-1e09-463d-a2c4-c183d5deb59a/prints/pp2/W502005.webp
Матовые цветные чехлы для печати,iPhone 13 Pro,A:502006,W502006,ПП2,3277190307,21,https://s3.twcstorage.ru/35ffc2ef-1e09-463d-a2c4-c183d5deb59a/prints/pp2/W502006.webp
Силиконовые чехлы,iPhone 13 Pro,A:502008,W502008,ПП2,3289204865,6,https://s3.twcstorage.ru/35ffc2ef-1e09-463d-a2c4-c183d5deb59a/prints/pp2/W502008.webp
Силиконовые чехлы,iPhone 13 Pro,A:502009,W502009,ПП2,3289204726,5,https://s3.twcstorage.ru/35ffc2ef-1e09-463d-a2c4-c183d5deb59a/prints/pp2/W502009.webp
Силиконовые чехлы,iPhone 13 Pro,A:502010,W502010,ПП2,3289209587,3,https://s3.twcstorage.ru/35ffc2ef-1e09-463d-a2c4-c183d5deb59a/prints/pp2/W502010.webp
Матовые цветные чехлы для печати,iPhone 13 Pro,A:502012,W502012,ПП2,3277191805,1,https://s3.twcstorage.ru/35ffc2ef-1e09-463d-a2c4-c183d5deb59a/prints/pp2/W502012.webp
Силиконовые чехлы,iPhone 13 Pro,A:502014,W502014,ПП2,3289200250,1,https://s3.twcstorage.ru/35ffc2ef-1e09-463d-a2c4-c183d5deb59a/prints/pp2/W502014.webp
Силиконовые чехлы,iPhone 13 Pro,A:502015,W502015,ПП2,3289204284,1000000,https://s3.twcstorage.ru/35ffc2ef-1e09-463d-a2c4-c183d5deb59a/prints/pp2/W502015.webp
Силиконовые чехлы,iPhone 13 Pro,A:502016,W502016,ПП2,3289204953,68,https://s3.twcstorage.ru/35ffc2ef-1e09-463d-a2c4-c183d5deb59a/prints/pp2/W502016.webp
Силиконовые чехлы,iPhone 13 Pro,A:502023,W502023,ПП2,3289209362,69,https://s3.twcstorage.ru/35ffc2ef-1e09-463d-a2c4-c183d5deb59a/prints/pp2/W502023.webp
Матовые цветные чехлы для печати,iPhone 13 Pro,A:502026,W502026,ПП2,3277190062,8,https://s3.twcstorage.ru/35ffc2ef-1e09-463d-a2c4-c183d5deb59a/prints/pp2/W502026.webp
Силиконовые чехлы,iPhone 13 Pro,A:502027,W502027,ПП2,3289204964,47,https://s3.twcstorage.ru/35ffc2ef-1e09-463d-a2c4-c183d5deb59a/prints/pp2/W502027.webp
Объемные матовые чехлы коричневые,iPhone 13 Pro,A:502029,W502029,ПП2,4998307636,2,https://s3.twcstorage.ru/35ffc2ef-1e09-463d-a2c4-c183d5deb59a/prints/pp2/W502029.webp
Силиконовые чехлы,iPhone 13 Pro,A:502030,W502030,ПП2,3289204639,26,https://s3.twcstorage.ru/35ffc2ef-1e09-463d-a2c4-c183d5deb59a/prints/pp2/W502030.webp
Матовые цветные чехлы для печати,iPhone 13 Pro,A:502031,W502031,ПП2,3277189530,84,https://s3.twcstorage.ru/35ffc2ef-1e09-463d-a2c4-c183d5deb59a/prints/pp2/W502031.webp
Матовые цветные чехлы для печати,iPhone 13 Pro,A:502032,W502032,ПП2,3277190975,4,https://s3.twcstorage.ru/35ffc2ef-1e09-463d-a2c4-c183d5deb59a/prints/pp2/W502032.webp
Матовые цветные чехлы для печати,iPhone 13 Pro,A:502033,W502033,ПП2,3277189820,10,https://s3.twcstorage.ru/35ffc2ef-1e09-463d-a2c4-c183d5deb59a/prints/pp2/W502033.webp
Силиконовые чехлы,iPhone 13 Pro,A:502035,W502035,ПП2,3289204672,30,https://s3.twcstorage.ru/35ffc2ef-1e09-463d-a2c4-c183d5deb59a/prints/pp2/W502035.webp
Белые софт-тач,iPhone 13 Pro,A:502036,W502036,ПП2,3277247787,17,https://s3.twcstorage.ru/35ffc2ef-1e09-463d-a2c4-c183d5deb59a/prints/pp2/W502036.webp
Силиконовые чехлы,iPhone 13 Pro,A:502037,W502037,ПП2,3289199277,8,https://s3.twcstorage.ru/35ffc2ef-1e09-463d-a2c4-c183d5deb59a/prints/pp2/W502037.webp
Силиконовые чехлы,iPhone 13 Pro,A:502043,W502043,ПП2,3289209860,1000000,https://s3.twcstorage.ru/35ffc2ef-1e09-463d-a2c4-c183d5deb59a/prints/pp2/W502043.webp
Силиконовые чехлы,iPhone 13 Pro,A:502047,W502047,ПП2,3289200384,36,https://s3.twcstorage.ru/35ffc2ef-1e09-463d-a2c4-c183d5deb59a/prints/pp2/W502047.webp
Белые софт-тач,iPhone 13 Pro,A:502048,W502048,ПП2,3277247855,18,https://s3.twcstorage.ru/35ffc2ef-1e09-463d-a2c4-c183d5deb59a/prints/pp2/Y502048.webp
Белые софт-тач,iPhone 13 Pro,A:502052,W502052,ПП2,3277248019,2,https://s3.twcstorage.ru/35ffc2ef-1e09-463d-a2c4-c183d5deb59a/prints/pp2/W502052.webp
Белые софт-тач,iPhone 13 Pro,A:502053,W502053,ПП2,3277247800,1,https://s3.twcstorage.ru/35ffc2ef-1e09-463d-a2c4-c183d5deb59a/prints/pp2/W502053.webp
Силиконовые чехлы,iPhone 13 Pro,A:502055,W502055,ПП2,3289200845,96,https://s3.twcstorage.ru/35ffc2ef-1e09-463d-a2c4-c183d5deb59a/prints/pp2/W502055.webp
Матовые цветные чехлы для печати,iPhone 13 Pro,A:502057,W502057,ПП2,3277189932,54,https://s3.twcstorage.ru/35ffc2ef-1e09-463d-a2c4-c183d5deb59a/prints/pp2/W502057.webp
Белые софт-тач,iPhone 13 Pro,A:502058,W502058,ПП2,3277247918,1000000,https://s3.twcstorage.ru/35ffc2ef-1e09-463d-a2c4-c183d5deb59a/prints/pp2/W502058.webp
Силиконовые чехлы,iPhone 13 Pro,A:502063,W502063,ПП2,3289200059,97,https://s3.twcstorage.ru/35ffc2ef-1e09-463d-a2c4-c183d5deb59a/prints/pp2/W502063.webp
Матовые цветные чехлы для печати,iPhone 13 Pro,A:502065,W502065,ПП2,3277189965,2,https://s3.twcstorage.ru/35ffc2ef-1e09-463d-a2c4-c183d5deb59a/prints/pp2/W502065.webp
Силиконовые чехлы,iPhone 13 Pro,A:502067,W502067,ПП2,3289199850,28,https://s3.twcstorage.ru/35ffc2ef-1e09-463d-a2c4-c183d5deb59a/prints/pp2/W5020671.webp
Силиконовые чехлы,iPhone 13 Pro,A:502069,W502069,ПП2,3289199145,9,https://s3.twcstorage.ru/35ffc2ef-1e09-463d-a2c4-c183d5deb59a/prints/pp2/W502069.webp
Силиконовые чехлы,iPhone 13 Pro,A:506330,W506330,ПП2,4896100602,55,https://s3.twcstorage.ru/35ffc2ef-1e09-463d-a2c4-c183d5deb59a/prints/pp2/W5063301.webp
Белые софт-тач,iPhone 13 Pro,A:506331,W506331,ПП2,4897459151,4,https://s3.twcstorage.ru/35ffc2ef-1e09-463d-a2c4-c183d5deb59a/prints/pp2/W5063311.webp
Силиконовые чехлы,iPhone 13 Pro,A:506332,W506332,ПП2,4896102278,11,https://s3.twcstorage.ru/35ffc2ef-1e09-463d-a2c4-c183d5deb59a/prints/pp2/W5063321.webp
Белые софт-тач,iPhone 13 Pro,A:506333,W506333,ПП2,4897459120,50,https://s3.twcstorage.ru/35ffc2ef-1e09-463d-a2c4-c183d5deb59a/prints/pp2/W5063331.webp
Силиконовые чехлы,iPhone 13 Pro,A:506334,W506334,ПП2,4896100708,14,https://s3.twcstorage.ru/35ffc2ef-1e09-463d-a2c4-c183d5deb59a/prints/pp2/W5063341.webp
Белые софт-тач,iPhone 13 Pro,A:506336,W506336,ПП2,4897458651,12,https://s3.twcstorage.ru/35ffc2ef-1e09-463d-a2c4-c183d5deb59a/prints/pp2/W5063361.webp
Белые софт-тач,iPhone 13 Pro,A:506337,W506337,ПП2,4897463655,16,https://s3.twcstorage.ru/35ffc2ef-1e09-463d-a2c4-c183d5deb59a/prints/pp2/W5063371.webp
Силиконовые чехлы,iPhone 13 Pro,A:506339,W506339,ПП2,4896100956,23,https://s3.twcstorage.ru/35ffc2ef-1e09-463d-a2c4-c183d5deb59a/prints/pp2/W5063391.webp
Белые софт-тач,iPhone 13 Pro,A:506340,W506340,ПП2,4897461065,3,https://s3.twcstorage.ru/35ffc2ef-1e09-463d-a2c4-c183d5deb59a/prints/pp2/W5063401.webp
Матовые цветные чехлы для печати,iPhone 13 Pro,A:506343,W5063431,ПП2,4896016769,87,https://s3.twcstorage.ru/35ffc2ef-1e09-463d-a2c4-c183d5deb59a/prints/pp2/W5063431.webp
Матовые цветные чехлы для печати,iPhone 13 Pro,A:506348,W506348,ПП2,4896019167,1000000,https://s3.twcstorage.ru/35ffc2ef-1e09-463d-a2c4-c183d5deb59a/prints/pp2/W506348.webp
Матовые цветные чехлы для печати,iPhone 13 Pro,A:506363,W506363,ПП2,4896016272,40,https://s3.twcstorage.ru/35ffc2ef-1e09-463d-a2c4-c183d5deb59a/prints/pp2/W506363.webp
Матовые цветные чехлы для печати,iPhone 13 Pro,A:506368,W506368,ПП2,4896019662,1000000,https://s3.twcstorage.ru/35ffc2ef-1e09-463d-a2c4-c183d5deb59a/prints/pp2/W506368.webp
Матовые цветные чехлы для печати,iPhone 13 Pro,A:506369,W506369,ПП2,4896017068,1000000,https://s3.twcstorage.ru/35ffc2ef-1e09-463d-a2c4-c183d5deb59a/prints/pp2/W506369.webp
Матовые цветные чехлы для печати,iPhone 13 Pro,A:506370,W506370,ПП2,4896017149,71,https://s3.twcstorage.ru/35ffc2ef-1e09-463d-a2c4-c183d5deb59a/prints/pp2/W506370.webp
Силиконовые чехлы,iPhone 13 Pro,A:506372,W506372,ПП2,4896101164,45,https://s3.twcstorage.ru/35ffc2ef-1e09-463d-a2c4-c183d5deb59a/prints/pp2/W506372.webp
Силиконовые чехлы,iPhone 13 Pro,A:506373,W506373,ПП2,4896102140,37,https://s3.twcstorage.ru/35ffc2ef-1e09-463d-a2c4-c183d5deb59a/prints/pp2/W506373.webp
Белые софт-тач,iPhone 13 Pro,A:506374,W506374,ПП2,4897467322,5,https://s3.twcstorage.ru/35ffc2ef-1e09-463d-a2c4-c183d5deb59a/prints/pp2/W506374.webp
Силиконовые чехлы,iPhone 13 Pro,A:506375,W506375,ПП2,4896101045,80,https://s3.twcstorage.ru/35ffc2ef-1e09-463d-a2c4-c183d5deb59a/prints/pp2/W506375.webp
Силиконовые чехлы,iPhone 13 Pro,A:506377,W506377,ПП2,4896100760,102,https://s3.twcstorage.ru/35ffc2ef-1e09-463d-a2c4-c183d5deb59a/prints/pp2/W506377.webp
Матовые цветные чехлы для печати,iPhone 13 Pro,A:506379,W506379,ПП2,4896018992,1000000,https://s3.twcstorage.ru/35ffc2ef-1e09-463d-a2c4-c183d5deb59a/prints/pp2/W506379.webp
Силиконовые чехлы,iPhone 13 Pro Max,A:501937,W501937,ПП2,3295439073,90,https://s3.twcstorage.ru/35ffc2ef-1e09-463d-a2c4-c183d5deb59a/prints/pp2/W501937.webp
Матовые цветные чехлы для печати,iPhone 13 Pro Max,A:501940,W501940,ПП2,3277207745,42,https://s3.twcstorage.ru/35ffc2ef-1e09-463d-a2c4-c183d5deb59a/prints/pp2/W501940.webp
Матовые цветные чехлы для печати,iPhone 13 Pro Max,A:501947,W501947,ПП2,3277208550,5,https://s3.twcstorage.ru/35ffc2ef-1e09-463d-a2c4-c183d5deb59a/prints/pp2/W501947.webp
Силиконовые чехлы,iPhone 13 Pro Max,A:501949,W501949,ПП2,3295441424,60,https://s3.twcstorage.ru/35ffc2ef-1e09-463d-a2c4-c183d5deb59a/prints/pp2/W501949.webp
Белые софт-тач,iPhone 13 Pro Max,A:501951,W501951,ПП2,3277263926,9,https://s3.twcstorage.ru/35ffc2ef-1e09-463d-a2c4-c183d5deb59a/prints/pp2/W501951.webp
Силиконовые чехлы,iPhone 13 Pro Max,A:501955,W501955,ПП2,3295439843,35,https://s3.twcstorage.ru/35ffc2ef-1e09-463d-a2c4-c183d5deb59a/prints/pp2/W501955.webp
Матовые цветные чехлы для печати,iPhone 13 Pro Max,A:501957,W501957,ПП2,3277207497,7,https://s3.twcstorage.ru/35ffc2ef-1e09-463d-a2c4-c183d5deb59a/prints/pp2/W501957.webp
Матовые цветные чехлы для печати,iPhone 13 Pro Max,A:501958,W501958,ПП2,3277207852,1000000,https://s3.twcstorage.ru/35ffc2ef-1e09-463d-a2c4-c183d5deb59a/prints/pp2/W501958.webp
Белые софт-тач,iPhone 13 Pro Max,A:501960,W501960,ПП2,3277264154,32,https://s3.twcstorage.ru/35ffc2ef-1e09-463d-a2c4-c183d5deb59a/prints/pp2/W501960.webp
Силиконовые чехлы,iPhone 13 Pro Max,A:501961,C501961,ПП2,3295441885,20,https://s3.twcstorage.ru/35ffc2ef-1e09-463d-a2c4-c183d5deb59a/prints/pp2/W501961.webp
Силиконовые чехлы,iPhone 13 Pro Max,A:501965,Q501965,ПП2,3295438156,73,https://s3.twcstorage.ru/35ffc2ef-1e09-463d-a2c4-c183d5deb59a/prints/pp2/Q5019651.webp
Силиконовые чехлы,iPhone 13 Pro Max,A:501968,W501968,ПП2,3295438898,91,https://s3.twcstorage.ru/35ffc2ef-1e09-463d-a2c4-c183d5deb59a/prints/pp2/W501968.webp
Силиконовые чехлы,iPhone 13 Pro Max,A:501978,Q501978,ПП2,3295438173,2,https://s3.twcstorage.ru/35ffc2ef-1e09-463d-a2c4-c183d5deb59a/prints/pp2/Q5019781.webp
Стеклянные чехлы,iPhone 13 Pro Max,A:501979,Q5019791,ПП2,3836124618,6,https://s3.twcstorage.ru/35ffc2ef-1e09-463d-a2c4-c183d5deb59a/prints/pp2/Q5019791.webp
Стеклянные чехлы,iPhone 13 Pro Max,A:501980,Q5019801,ПП2,3836124142,1,https://s3.twcstorage.ru/35ffc2ef-1e09-463d-a2c4-c183d5deb59a/prints/pp2/Q5019801.webp
Силиконовые чехлы,iPhone 13 Pro Max,A:501981,W501981,ПП2,3295439830,1000000,https://s3.twcstorage.ru/35ffc2ef-1e09-463d-a2c4-c183d5deb59a/prints/pp2/Y501981.webp
Силиконовые чехлы,iPhone 13 Pro Max,A:501982,Q501982,ПП2,3295439909,138,https://s3.twcstorage.ru/35ffc2ef-1e09-463d-a2c4-c183d5deb59a/prints/pp2/Y501982.webp
Силиконовые чехлы,iPhone 13 Pro Max,A:501989,Q501989,ПП2,3295439643,61,https://s3.twcstorage.ru/35ffc2ef-1e09-463d-a2c4-c183d5deb59a/prints/pp2/Y501989.webp
Стеклянные чехлы,iPhone 13 Pro Max,A:501993,Q5019931,ПП2,3836123981,3,https://s3.twcstorage.ru/35ffc2ef-1e09-463d-a2c4-c183d5deb59a/prints/pp2/Q5019931.webp
Матовые цветные чехлы для печати,iPhone 13 Pro Max,A:501997,W501997,ПП2,3277207608,43,https://s3.twcstorage.ru/35ffc2ef-1e09-463d-a2c4-c183d5deb59a/prints/pp2/Y501997.webp
Матовые цветные чехлы для печати,iPhone 13 Pro Max,A:502003,W502003,ПП2,3277207572,20,https://s3.twcstorage.ru/35ffc2ef-1e09-463d-a2c4-c183d5deb59a/prints/pp2/W502003.webp
Матовые цветные чехлы для печати,iPhone 13 Pro Max,A:502007,W502007,ПП2,3277207771,15,https://s3.twcstorage.ru/35ffc2ef-1e09-463d-a2c4-c183d5deb59a/prints/pp2/W502007.webp
Матовые цветные чехлы для печати,iPhone 13 Pro Max,A:502008,W502008,ПП2,3277207695,18,https://s3.twcstorage.ru/35ffc2ef-1e09-463d-a2c4-c183d5deb59a/prints/pp2/W502008.webp
Силиконовые чехлы,iPhone 13 Pro Max,A:502009,W502009,ПП2,3295441895,5,https://s3.twcstorage.ru/35ffc2ef-1e09-463d-a2c4-c183d5deb59a/prints/pp2/W502009.webp
Силиконовые чехлы,iPhone 13 Pro Max,A:502010,W502010,ПП2,3295439169,3,https://s3.twcstorage.ru/35ffc2ef-1e09-463d-a2c4-c183d5deb59a/prints/pp2/W502010.webp
Силиконовые чехлы,iPhone 13 Pro Max,A:502011,W502011,ПП2,3295439132,62,https://s3.twcstorage.ru/35ffc2ef-1e09-463d-a2c4-c183d5deb59a/prints/pp2/W502011.webp
Матовые цветные чехлы для печати,iPhone 13 Pro Max,A:502012,W502012,ПП2,3277207860,1,https://s3.twcstorage.ru/35ffc2ef-1e09-463d-a2c4-c183d5deb59a/prints/pp2/W502012.webp
Силиконовые чехлы,iPhone 13 Pro Max,A:502014,W502014,ПП2,3295437473,1,https://s3.twcstorage.ru/35ffc2ef-1e09-463d-a2c4-c183d5deb59a/prints/pp2/W502014.webp
Матовые цветные чехлы для печати,iPhone 13 Pro Max,A:502016,W502016,ПП2,3277207858,23,https://s3.twcstorage.ru/35ffc2ef-1e09-463d-a2c4-c183d5deb59a/prints/pp2/W502016.webp
Силиконовые чехлы,iPhone 13 Pro Max,A:502018,W502018,ПП2,3295438071,38,https://s3.twcstorage.ru/35ffc2ef-1e09-463d-a2c4-c183d5deb59a/prints/pp2/W502018.webp
Силиконовые чехлы,iPhone 13 Pro Max,A:502024,W502024,ПП2,3295441498,117,https://s3.twcstorage.ru/35ffc2ef-1e09-463d-a2c4-c183d5deb59a/prints/pp2/W502024.webp
Матовые цветные чехлы для печати,iPhone 13 Pro Max,A:502027,W502027,ПП2,3277207934,11,https://s3.twcstorage.ru/35ffc2ef-1e09-463d-a2c4-c183d5deb59a/prints/pp2/W502027.webp
Силиконовые чехлы,iPhone 13 Pro Max,A:502030,W502030,ПП2,3295439311,26,https://s3.twcstorage.ru/35ffc2ef-1e09-463d-a2c4-c183d5deb59a/prints/pp2/W502030.webp
Белые софт-тач,iPhone 13 Pro Max,A:502031,W502031,ПП2,3277264063,30,https://s3.twcstorage.ru/35ffc2ef-1e09-463d-a2c4-c183d5deb59a/prints/pp2/W502031.webp
Матовые цветные чехлы для печати,iPhone 13 Pro Max,A:502032,W502032,ПП2,3277207700,4,https://s3.twcstorage.ru/35ffc2ef-1e09-463d-a2c4-c183d5deb59a/prints/pp2/W502032.webp
Матовые цветные чехлы для печати,iPhone 13 Pro Max,A:502033,W502033,ПП2,3277207889,10,https://s3.twcstorage.ru/35ffc2ef-1e09-463d-a2c4-c183d5deb59a/prints/pp2/W502033.webp
Силиконовые чехлы,iPhone 13 Pro Max,A:502035,W502035,ПП2,3295441231,30,https://s3.twcstorage.ru/35ffc2ef-1e09-463d-a2c4-c183d5deb59a/prints/pp2/W502035.webp
Белые софт-тач,iPhone 13 Pro Max,A:502036,W502036,ПП2,3277264334,17,https://s3.twcstorage.ru/35ffc2ef-1e09-463d-a2c4-c183d5deb59a/prints/pp2/W502036.webp
Силиконовые чехлы,iPhone 13 Pro Max,A:502037,W502037,ПП2,3295438879,8,https://s3.twcstorage.ru/35ffc2ef-1e09-463d-a2c4-c183d5deb59a/prints/pp2/W502037.webp
Белые софт-тач,iPhone 13 Pro Max,A:502038,W502038,ПП2,3277263728,1000000,https://s3.twcstorage.ru/35ffc2ef-1e09-463d-a2c4-c183d5deb59a/prints/pp2/Y502038.webp
Белые софт-тач,iPhone 13 Pro Max,A:502047,W502047,ПП2,3277263721,22,https://s3.twcstorage.ru/35ffc2ef-1e09-463d-a2c4-c183d5deb59a/prints/pp2/W502047.webp
Матовые цветные чехлы для печати,iPhone 13 Pro Max,A:502048,W502048,ПП2,3277207940,36,https://s3.twcstorage.ru/35ffc2ef-1e09-463d-a2c4-c183d5deb59a/prints/pp2/Y502048.webp
Матовые цветные чехлы для печати,iPhone 13 Pro Max,A:502049,W502049,ПП2,3277208343,45,https://s3.twcstorage.ru/35ffc2ef-1e09-463d-a2c4-c183d5deb59a/prints/pp2/Y502049.webp
Матовые цветные чехлы для печати,iPhone 13 Pro Max,A:502050,W502050,ПП2,3277207897,46,https://s3.twcstorage.ru/35ffc2ef-1e09-463d-a2c4-c183d5deb59a/prints/pp2/Y502050.webp
Белые софт-тач,iPhone 13 Pro Max,A:502051,W502051,ПП2,3277263780,44,https://s3.twcstorage.ru/35ffc2ef-1e09-463d-a2c4-c183d5deb59a/prints/pp2/W502051.webp
Белые софт-тач,iPhone 13 Pro Max,A:502052,W502052,ПП2,3277263659,2,https://s3.twcstorage.ru/35ffc2ef-1e09-463d-a2c4-c183d5deb59a/prints/pp2/W502052.webp
Белые софт-тач,iPhone 13 Pro Max,A:502053,W502053,ПП2,3277263851,1,https://s3.twcstorage.ru/35ffc2ef-1e09-463d-a2c4-c183d5deb59a/prints/pp2/W502053.webp
Силиконовые чехлы,iPhone 13 Pro Max,A:502054,W502054,ПП2,3295438250,39,https://s3.twcstorage.ru/35ffc2ef-1e09-463d-a2c4-c183d5deb59a/prints/pp2/W502054.webp
Силиконовые чехлы,iPhone 13 Pro Max,A:502055,W502055,ПП2,3295437805,96,https://s3.twcstorage.ru/35ffc2ef-1e09-463d-a2c4-c183d5deb59a/prints/pp2/W502055.webp
Белые софт-тач,iPhone 13 Pro Max,A:502057,W502057,ПП2,3277264071,35,https://s3.twcstorage.ru/35ffc2ef-1e09-463d-a2c4-c183d5deb59a/prints/pp2/W502057.webp
Матовые цветные чехлы для печати,iPhone 13 Pro Max,A:502062,W502062,ПП2,3277207805,48,https://s3.twcstorage.ru/35ffc2ef-1e09-463d-a2c4-c183d5deb59a/prints/pp2/W502062.webp
Матовые цветные чехлы для печати,iPhone 13 Pro Max,A:502065,W502065,ПП2,3277208470,2,https://s3.twcstorage.ru/35ffc2ef-1e09-463d-a2c4-c183d5deb59a/prints/pp2/W502065.webp
Белые софт-тач,iPhone 13 Pro Max,A:502067,W502067,ПП2,3277263891,37,https://s3.twcstorage.ru/35ffc2ef-1e09-463d-a2c4-c183d5deb59a/prints/pp2/W5020671.webp
Матовые цветные чехлы для печати,iPhone 13 Pro Max,A:506329,W5063291,ПП2,4896474695,38,https://s3.twcstorage.ru/35ffc2ef-1e09-463d-a2c4-c183d5deb59a/prints/pp2/W5063291.webp
Матовые цветные чехлы для печати,iPhone 13 Pro Max,A:506330,W5063301,ПП2,4896474700,32,https://s3.twcstorage.ru/35ffc2ef-1e09-463d-a2c4-c183d5deb59a/prints/pp2/W5063301.webp
Белые софт-тач,iPhone 13 Pro Max,A:506331,W506331,ПП2,4899779220,4,https://s3.twcstorage.ru/35ffc2ef-1e09-463d-a2c4-c183d5deb59a/prints/pp2/W5063311.webp
Силиконовые чехлы,iPhone 13 Pro Max,A:506332,W506332,ПП2,4895212433,11,https://s3.twcstorage.ru/35ffc2ef-1e09-463d-a2c4-c183d5deb59a/prints/pp2/W5063321.webp
Матовые цветные чехлы для печати,iPhone 13 Pro Max,A:506333,W5063331,ПП2,4896475460,66,https://s3.twcstorage.ru/35ffc2ef-1e09-463d-a2c4-c183d5deb59a/prints/pp2/W5063331.webp
Силиконовые чехлы,iPhone 13 Pro Max,A:506334,W506334,ПП2,4895212706,14,https://s3.twcstorage.ru/35ffc2ef-1e09-463d-a2c4-c183d5deb59a/prints/pp2/W5063341.webp
Матовые цветные чехлы для печати,iPhone 13 Pro Max,A:506335,W5063351,ПП2,4896473892,39,https://s3.twcstorage.ru/35ffc2ef-1e09-463d-a2c4-c183d5deb59a/prints/pp2/W5063351.webp
Белые софт-тач,iPhone 13 Pro Max,A:506336,W506336,ПП2,4899780482,12,https://s3.twcstorage.ru/35ffc2ef-1e09-463d-a2c4-c183d5deb59a/prints/pp2/W5063361.webp
Белые софт-тач,iPhone 13 Pro Max,A:506337,W506337,ПП2,4899585016,16,https://s3.twcstorage.ru/35ffc2ef-1e09-463d-a2c4-c183d5deb59a/prints/pp2/W5063371.webp
Матовые цветные чехлы для печати,iPhone 13 Pro Max,A:506338,W5063381,ПП2,4896475368,86,https://s3.twcstorage.ru/35ffc2ef-1e09-463d-a2c4-c183d5deb59a/prints/pp2/W5063381.webp
Силиконовые чехлы,iPhone 13 Pro Max,A:506339,W506339,ПП2,4895216520,23,https://s3.twcstorage.ru/35ffc2ef-1e09-463d-a2c4-c183d5deb59a/prints/pp2/W5063391.webp
Белые софт-тач,iPhone 13 Pro Max,A:506340,W506340,ПП2,4899587932,3,https://s3.twcstorage.ru/35ffc2ef-1e09-463d-a2c4-c183d5deb59a/prints/pp2/W5063401.webp
Силиконовые чехлы,iPhone 13 Pro Max,A:506353,W506353,ПП2,4895168120,1000000,https://s3.twcstorage.ru/35ffc2ef-1e09-463d-a2c4-c183d5deb59a/prints/pp2/W5063531.webp
Силиконовые чехлы,iPhone 13 Pro Max,A:506361,W506361,ПП2,4895212535,50,https://s3.twcstorage.ru/35ffc2ef-1e09-463d-a2c4-c183d5deb59a/prints/pp2/W506361.webp
Матовые цветные чехлы для печати,iPhone 13 Pro Max,A:506363,W506363,ПП2,4896473262,40,https://s3.twcstorage.ru/35ffc2ef-1e09-463d-a2c4-c183d5deb59a/prints/pp2/W506363.webp
Силиконовые чехлы,iPhone 13 Pro Max,A:506364,W506364,ПП2,4895212210,58,https://s3.twcstorage.ru/35ffc2ef-1e09-463d-a2c4-c183d5deb59a/prints/pp2/W506364.webp
Силиконовые чехлы,iPhone 13 Pro Max,A:506365,W506365,ПП2,4895212309,1000000,https://s3.twcstorage.ru/35ffc2ef-1e09-463d-a2c4-c183d5deb59a/prints/pp2/W506365.webp
Силиконовые чехлы,iPhone 13 Pro Max,A:506369,W506369,ПП2,4895213034,1000000,https://s3.twcstorage.ru/35ffc2ef-1e09-463d-a2c4-c183d5deb59a/prints/pp2/W506369.webp
Белые софт-тач,iPhone 13 Pro Max,A:506370,W506370,ПП2,4899588610,65,https://s3.twcstorage.ru/35ffc2ef-1e09-463d-a2c4-c183d5deb59a/prints/pp2/W506370.webp
Силиконовые чехлы,iPhone 13 Pro Max,A:506371,W506371,ПП2,4895167446,157,https://s3.twcstorage.ru/35ffc2ef-1e09-463d-a2c4-c183d5deb59a/prints/pp2/W506371.webp
Силиконовые чехлы,iPhone 13 Pro Max,A:506372,W506372,ПП2,4895212620,45,https://s3.twcstorage.ru/35ffc2ef-1e09-463d-a2c4-c183d5deb59a/prints/pp2/W506372.webp
Белые софт-тач,iPhone 13 Pro Max,A:506373,W506373,ПП2,4899773104,6,https://s3.twcstorage.ru/35ffc2ef-1e09-463d-a2c4-c183d5deb59a/prints/pp2/W506373.webp
Белые софт-тач,iPhone 13 Pro Max,A:506374,W506374,ПП2,4899772851,5,https://s3.twcstorage.ru/35ffc2ef-1e09-463d-a2c4-c183d5deb59a/prints/pp2/W506374.webp
Силиконовые чехлы,iPhone 13 Pro Max,A:506376,W506376,ПП2,4895167950,81,https://s3.twcstorage.ru/35ffc2ef-1e09-463d-a2c4-c183d5deb59a/prints/pp2/W506376.webp
Силиконовые чехлы,iPhone 13 Pro Max,A:506378,W506378,ПП2,4895216148,82,https://s3.twcstorage.ru/35ffc2ef-1e09-463d-a2c4-c183d5deb59a/prints/pp2/W506378.webp
Белые софт-тач,iPhone 13 Pro Max,A:506379,W506379,ПП2,4899772938,19,https://s3.twcstorage.ru/35ffc2ef-1e09-463d-a2c4-c183d5deb59a/prints/pp2/W506379.webp
Силиконовые чехлы,iPhone 13 Pro Max,A:506383,Q506383,ПП2,4895167201,59,https://s3.twcstorage.ru/35ffc2ef-1e09-463d-a2c4-c183d5deb59a/prints/pp2/Q5063831.webp
Стеклянные чехлы,iPhone 13 Pro Max,A:506384,Q5063841,ПП2,4896796284,4,https://s3.twcstorage.ru/35ffc2ef-1e09-463d-a2c4-c183d5deb59a/prints/pp2/Q5063841.webp
Силиконовые чехлы,iPhone 13 mini,A:501938,W501938,ПП2,3295463721,130,https://s3.twcstorage.ru/35ffc2ef-1e09-463d-a2c4-c183d5deb59a/prints/pp2/W501938.webp
Матовые цветные чехлы для печати,iPhone 13 mini,A:501947,W501947,ПП2,3277137205,5,https://s3.twcstorage.ru/35ffc2ef-1e09-463d-a2c4-c183d5deb59a/prints/pp2/W501947.webp
Чёрные софт-тач,iPhone 13 mini,A:501950,S501950,ПП2,3277057851,3,https://s3.twcstorage.ru/35ffc2ef-1e09-463d-a2c4-c183d5deb59a/prints/pp2/W501950.webp
Чёрные софт-тач,iPhone 13 mini,A:501951,S501951,ПП2,3277057879,5,https://s3.twcstorage.ru/35ffc2ef-1e09-463d-a2c4-c183d5deb59a/prints/pp2/W501951.webp
Чёрные софт-тач,iPhone 13 mini,A:501953,S501953,ПП2,3277057422,16,https://s3.twcstorage.ru/35ffc2ef-1e09-463d-a2c4-c183d5deb59a/prints/pp2/W501953.webp
Чёрные софт-тач,iPhone 13 mini,A:501954,S501954,ПП2,3277057706,8,https://s3.twcstorage.ru/35ffc2ef-1e09-463d-a2c4-c183d5deb59a/prints/pp2/W501954.webp
Белые софт-тач,iPhone 13 mini,A:501957,W501957,ПП2,3277251532,27,https://s3.twcstorage.ru/35ffc2ef-1e09-463d-a2c4-c183d5deb59a/prints/pp2/W501957.webp
Силиконовые чехлы,iPhone 13 mini,A:501960,W501960,ПП2,3295463815,29,https://s3.twcstorage.ru/35ffc2ef-1e09-463d-a2c4-c183d5deb59a/prints/pp2/W501960.webp
Силиконовые чехлы,iPhone 13 mini,A:501961,W501961,ПП2,3295463524,20,https://s3.twcstorage.ru/35ffc2ef-1e09-463d-a2c4-c183d5deb59a/prints/pp2/W501961.webp
Белые софт-тач,iPhone 13 mini,A:501962,W501962,ПП2,3277250958,20,https://s3.twcstorage.ru/35ffc2ef-1e09-463d-a2c4-c183d5deb59a/prints/pp2/W501962.webp
Силиконовые чехлы,iPhone 13 mini,A:501978,Q501978,ПП2,3295461787,2,https://s3.twcstorage.ru/35ffc2ef-1e09-463d-a2c4-c183d5deb59a/prints/pp2/Q5019781.webp
Силиконовые чехлы,iPhone 13 mini,A:501980,Q501980,ПП2,3295462190,4,https://s3.twcstorage.ru/35ffc2ef-1e09-463d-a2c4-c183d5deb59a/prints/pp2/Q5019801.webp
Силиконовые чехлы,iPhone 13 mini,A:501989,Q501989,ПП2,3295461777,61,https://s3.twcstorage.ru/35ffc2ef-1e09-463d-a2c4-c183d5deb59a/prints/pp2/Y501989.webp
Силиконовые чехлы,iPhone 13 mini,A:501993,Q501993,ПП2,3295462150,21,https://s3.twcstorage.ru/35ffc2ef-1e09-463d-a2c4-c183d5deb59a/prints/pp2/Q5019931.webp
Силиконовые чехлы,iPhone 13 mini,A:502003,W502003,ПП2,3295463874,41,https://s3.twcstorage.ru/35ffc2ef-1e09-463d-a2c4-c183d5deb59a/prints/pp2/W502003.webp
Силиконовые чехлы,iPhone 13 mini,A:502005,W502005,ПП2,3295462394,94,https://s3.twcstorage.ru/35ffc2ef-1e09-463d-a2c4-c183d5deb59a/prints/pp2/W502005.webp
Матовые цветные чехлы для печати,iPhone 13 mini,A:502008,W502008,ПП2,3277136926,18,https://s3.twcstorage.ru/35ffc2ef-1e09-463d-a2c4-c183d5deb59a/prints/pp2/W502008.webp
Силиконовые чехлы,iPhone 13 mini,A:502010,W502010,ПП2,3295461809,3,https://s3.twcstorage.ru/35ffc2ef-1e09-463d-a2c4-c183d5deb59a/prints/pp2/W502010.webp
Матовые цветные чехлы для печати,iPhone 13 mini,A:502012,W502012,ПП2,3277137100,1,https://s3.twcstorage.ru/35ffc2ef-1e09-463d-a2c4-c183d5deb59a/prints/pp2/W502012.webp
Матовые цветные чехлы для печати,iPhone 13 mini,A:502014,W502014,ПП2,3277136990,3,https://s3.twcstorage.ru/35ffc2ef-1e09-463d-a2c4-c183d5deb59a/prints/pp2/W502014.webp
Белые софт-тач,iPhone 13 mini,A:502016,W502016,ПП2,3277250753,24,https://s3.twcstorage.ru/35ffc2ef-1e09-463d-a2c4-c183d5deb59a/prints/pp2/W502016.webp
Силиконовые чехлы,iPhone 13 mini,A:502023,W502023,ПП2,3295463866,69,https://s3.twcstorage.ru/35ffc2ef-1e09-463d-a2c4-c183d5deb59a/prints/pp2/W502023.webp
Силиконовые чехлы,iPhone 13 mini,A:502029,W502029,ПП2,3295461974,13,https://s3.twcstorage.ru/35ffc2ef-1e09-463d-a2c4-c183d5deb59a/prints/pp2/W502029.webp
Силиконовые чехлы,iPhone 13 mini,A:502031,W502031,ПП2,3295462126,27,https://s3.twcstorage.ru/35ffc2ef-1e09-463d-a2c4-c183d5deb59a/prints/pp2/W502031.webp
Матовые цветные чехлы для печати,iPhone 13 mini,A:502032,W502032,ПП2,3277136869,4,https://s3.twcstorage.ru/35ffc2ef-1e09-463d-a2c4-c183d5deb59a/prints/pp2/W502032.webp
Матовые цветные чехлы для печати,iPhone 13 mini,A:502033,W502033,ПП2,3277137007,10,https://s3.twcstorage.ru/35ffc2ef-1e09-463d-a2c4-c183d5deb59a/prints/pp2/W502033.webp
Силиконовые чехлы,iPhone 13 mini,A:502036,W502036,ПП2,3295461854,10,https://s3.twcstorage.ru/35ffc2ef-1e09-463d-a2c4-c183d5deb59a/prints/pp2/W502036.webp
Белые софт-тач,iPhone 13 mini,A:502039,W502039,ПП2,3277250895,1000000,https://s3.twcstorage.ru/35ffc2ef-1e09-463d-a2c4-c183d5deb59a/prints/pp2/W502039.webp
Силиконовые чехлы,iPhone 13 mini,A:502047,W502047,ПП2,3295463334,36,https://s3.twcstorage.ru/35ffc2ef-1e09-463d-a2c4-c183d5deb59a/prints/pp2/W502047.webp
Белые софт-тач,iPhone 13 mini,A:502048,W502048,ПП2,3277250743,18,https://s3.twcstorage.ru/35ffc2ef-1e09-463d-a2c4-c183d5deb59a/prints/pp2/Y502048.webp
Матовые цветные чехлы для печати,iPhone 13 mini,A:502050,W502050,ПП2,3277136829,46,https://s3.twcstorage.ru/35ffc2ef-1e09-463d-a2c4-c183d5deb59a/prints/pp2/Y502050.webp
Белые софт-тач,iPhone 13 mini,A:502052,W502052,ПП2,3277250831,2,https://s3.twcstorage.ru/35ffc2ef-1e09-463d-a2c4-c183d5deb59a/prints/pp2/W502052.webp
Белые софт-тач,iPhone 13 mini,A:502053,W502053,ПП2,3277251082,1,https://s3.twcstorage.ru/35ffc2ef-1e09-463d-a2c4-c183d5deb59a/prints/pp2/W502053.webp
Матовые цветные чехлы для печати,iPhone 13 mini,A:502054,W502054,ПП2,3277136833,64,https://s3.twcstorage.ru/35ffc2ef-1e09-463d-a2c4-c183d5deb59a/prints/pp2/W502054.webp
Силиконовые чехлы,iPhone 13 mini,A:502057,W502057,ПП2,3295461692,78,https://s3.twcstorage.ru/35ffc2ef-1e09-463d-a2c4-c183d5deb59a/prints/pp2/W502057.webp
Силиконовые чехлы,iPhone 13 mini,A:502066,W502066,ПП2,3295461956,98,https://s3.twcstorage.ru/35ffc2ef-1e09-463d-a2c4-c183d5deb59a/prints/pp2/W502066.webp
Матовые цветные чехлы для печати,iPhone 13 mini,A:506330,W5063301,ПП2,4896691330,32,https://s3.twcstorage.ru/35ffc2ef-1e09-463d-a2c4-c183d5deb59a/prints/pp2/W5063301.webp
Белые софт-тач,iPhone 13 mini,A:506331,W506331,ПП2,4898004174,4,https://s3.twcstorage.ru/35ffc2ef-1e09-463d-a2c4-c183d5deb59a/prints/pp2/W5063311.webp
Силиконовые чехлы,iPhone 13 mini,A:506332,W506332,ПП2,4895666616,11,https://s3.twcstorage.ru/35ffc2ef-1e09-463d-a2c4-c183d5deb59a/prints/pp2/W5063321.webp
Силиконовые чехлы,iPhone 13 mini,A:506334,W506334,ПП2,4895666670,14,https://s3.twcstorage.ru/35ffc2ef-1e09-463d-a2c4-c183d5deb59a/prints/pp2/W5063341.webp
Силиконовые чехлы,iPhone 13 mini,A:506336,W506336,ПП2,4895634025,44,https://s3.twcstorage.ru/35ffc2ef-1e09-463d-a2c4-c183d5deb59a/prints/pp2/W5063361.webp
Белые софт-тач,iPhone 13 mini,A:506337,W506337,ПП2,4898003725,16,https://s3.twcstorage.ru/35ffc2ef-1e09-463d-a2c4-c183d5deb59a/prints/pp2/W5063371.webp
Силиконовые чехлы,iPhone 13 mini,A:506339,W506339,ПП2,4895666471,23,https://s3.twcstorage.ru/35ffc2ef-1e09-463d-a2c4-c183d5deb59a/prints/pp2/W5063391.webp
Силиконовые чехлы,iPhone 13 mini,A:506340,W506340,ПП2,4895666770,15,https://s3.twcstorage.ru/35ffc2ef-1e09-463d-a2c4-c183d5deb59a/prints/pp2/W5063401.webp
Силиконовые чехлы,iPhone 13 mini,A:506341,W506341,ПП2,4895631756,149,https://s3.twcstorage.ru/35ffc2ef-1e09-463d-a2c4-c183d5deb59a/prints/pp2/W5063411.webp
Матовые цветные чехлы для печати,iPhone 13 mini,A:506350,W5063501,ПП2,4896693937,50,https://s3.twcstorage.ru/35ffc2ef-1e09-463d-a2c4-c183d5deb59a/prints/pp2/W5063501.webp
Белые софт-тач,iPhone 13 mini,A:506365,W506365,ПП2,4897855080,63,https://s3.twcstorage.ru/35ffc2ef-1e09-463d-a2c4-c183d5deb59a/prints/pp2/W506365.webp
Белые софт-тач,iPhone 13 mini,A:506371,W506371,ПП2,4898002729,1000000,https://s3.twcstorage.ru/35ffc2ef-1e09-463d-a2c4-c183d5deb59a/prints/pp2/W506371.webp
Силиконовые чехлы,iPhone 13 mini,A:506372,W506372,ПП2,4895667000,45,https://s3.twcstorage.ru/35ffc2ef-1e09-463d-a2c4-c183d5deb59a/prints/pp2/W506372.webp
Силиконовые чехлы,iPhone 13 mini,A:506374,W506374,ПП2,4895666529,34,https://s3.twcstorage.ru/35ffc2ef-1e09-463d-a2c4-c183d5deb59a/prints/pp2/W506374.webp
Белые софт-тач,iPhone 13 mini,A:506379,W506379,ПП2,4898002386,19,https://s3.twcstorage.ru/35ffc2ef-1e09-463d-a2c4-c183d5deb59a/prints/pp2/W506379.webp
Матовые цветные чехлы для печати,iPhone 13 mini,A:506381,W506381,ПП2,4896763404,26,https://s3.twcstorage.ru/35ffc2ef-1e09-463d-a2c4-c183d5deb59a/prints/pp2/W506381.webp
Силиконовые чехлы,iPhone 14,A:501927,W501927,ПП2,3289132124,85,https://s3.twcstorage.ru/35ffc2ef-1e09-463d-a2c4-c183d5deb59a/prints/pp2/W501927.webp
Силиконовые чехлы,iPhone 14,A:501928,W501928,ПП2,3289132903,1000000,https://s3.twcstorage.ru/35ffc2ef-1e09-463d-a2c4-c183d5deb59a/prints/pp2/W501928.webp
Матовые цветные чехлы для печати,iPhone 14,A:501929,W501929,ПП2,3277178817,58,https://s3.twcstorage.ru/35ffc2ef-1e09-463d-a2c4-c183d5deb59a/prints/pp2/W501929.webp
Белые софт-тач,iPhone 14,A:501933,W501933,ПП2,3280391991,1000000,https://s3.twcstorage.ru/35ffc2ef-1e09-463d-a2c4-c183d5deb59a/prints/pp2/W501933.webp
Силиконовые чехлы,iPhone 14,A:501934,W501934,ПП2,3289131490,127,https://s3.twcstorage.ru/35ffc2ef-1e09-463d-a2c4-c183d5deb59a/prints/pp2/W501934.webp
Матовые цветные чехлы для печати,iPhone 14,A:501937,W501937,ПП2,3277178731,78,https://s3.twcstorage.ru/35ffc2ef-1e09-463d-a2c4-c183d5deb59a/prints/pp2/W501937.webp
Чёрные софт-тач,iPhone 14,A:501943,S501943,ПП2,3277048183,15,https://s3.twcstorage.ru/35ffc2ef-1e09-463d-a2c4-c183d5deb59a/prints/pp2/S501943.webp
Чёрные софт-тач,iPhone 14,A:501944,S501944,ПП2,3277048394,9,https://s3.twcstorage.ru/35ffc2ef-1e09-463d-a2c4-c183d5deb59a/prints/pp2/S501944.webp
Чёрные софт-тач,iPhone 14,A:501946,S501946,ПП2,3277048280,1,https://s3.twcstorage.ru/35ffc2ef-1e09-463d-a2c4-c183d5deb59a/prints/pp2/W501946.webp
Матовые цветные чехлы для печати,iPhone 14,A:501947,W501947,ПП2,3277178940,5,https://s3.twcstorage.ru/35ffc2ef-1e09-463d-a2c4-c183d5deb59a/prints/pp2/W501947.webp
Чёрные софт-тач,iPhone 14,A:501949,S501949,ПП2,3277049619,4,https://s3.twcstorage.ru/35ffc2ef-1e09-463d-a2c4-c183d5deb59a/prints/pp2/W501949.webp
Силиконовые чехлы,iPhone 14,A:501950,W501950,ПП2,3289132285,46,https://s3.twcstorage.ru/35ffc2ef-1e09-463d-a2c4-c183d5deb59a/prints/pp2/W501950.webp
Чёрные софт-тач,iPhone 14,A:501951,S501951,ПП2,3277048495,5,https://s3.twcstorage.ru/35ffc2ef-1e09-463d-a2c4-c183d5deb59a/prints/pp2/W501951.webp
Чёрные софт-тач,iPhone 14,A:501953,S501953,ПП2,3277047950,16,https://s3.twcstorage.ru/35ffc2ef-1e09-463d-a2c4-c183d5deb59a/prints/pp2/W501953.webp
Белые софт-тач,iPhone 14,A:501954,W501954,ПП2,3280391536,1000000,https://s3.twcstorage.ru/35ffc2ef-1e09-463d-a2c4-c183d5deb59a/prints/pp2/W501954.webp
Чёрные софт-тач,iPhone 14,A:501955,S501955,ПП2,3277049320,26,https://s3.twcstorage.ru/35ffc2ef-1e09-463d-a2c4-c183d5deb59a/prints/pp2/W501955.webp
Чёрные софт-тач,iPhone 14,A:501957,S501957,ПП2,3277048240,2,https://s3.twcstorage.ru/35ffc2ef-1e09-463d-a2c4-c183d5deb59a/prints/pp2/W501957.webp
Силиконовые чехлы,iPhone 14,A:501960,W501960,ПП2,3289135665,29,https://s3.twcstorage.ru/35ffc2ef-1e09-463d-a2c4-c183d5deb59a/prints/pp2/W501960.webp
Силиконовые чехлы,iPhone 14,A:501961,W501961,ПП2,3289136041,20,https://s3.twcstorage.ru/35ffc2ef-1e09-463d-a2c4-c183d5deb59a/prints/pp2/W501961.webp
Белые софт-тач,iPhone 14,A:501962,W501962,ПП2,3280430381,20,https://s3.twcstorage.ru/35ffc2ef-1e09-463d-a2c4-c183d5deb59a/prints/pp2/W501962.webp
Силиконовые чехлы,iPhone 14,A:501964,Q501964,ПП2,3289132274,135,https://s3.twcstorage.ru/35ffc2ef-1e09-463d-a2c4-c183d5deb59a/prints/pp2/Q5019641.webp
Стеклянные чехлы,iPhone 14,A:501965,Q5019651,ПП2,3836123774,5,https://s3.twcstorage.ru/35ffc2ef-1e09-463d-a2c4-c183d5deb59a/prints/pp2/Q5019651.webp
Силиконовые чехлы,iPhone 14,A:501969,W501969,ПП2,3289136398,1000000,https://s3.twcstorage.ru/35ffc2ef-1e09-463d-a2c4-c183d5deb59a/prints/pp2/W501969.webp
Силиконовые чехлы,iPhone 14,A:501971,Q501971,ПП2,3289132834,137,https://s3.twcstorage.ru/35ffc2ef-1e09-463d-a2c4-c183d5deb59a/prints/pp2/Q501971.webp
Силиконовые чехлы,iPhone 14,A:501974,Q501974,ПП2,3289134890,74,https://s3.twcstorage.ru/35ffc2ef-1e09-463d-a2c4-c183d5deb59a/prints/pp2/Q501974.webp
Силиконовые чехлы,iPhone 14,A:501978,Q501978,ПП2,3289132011,2,https://s3.twcstorage.ru/35ffc2ef-1e09-463d-a2c4-c183d5deb59a/prints/pp2/Q5019781.webp
Стеклянные чехлы,iPhone 14,A:501979,Q5019791,ПП2,3836123021,6,https://s3.twcstorage.ru/35ffc2ef-1e09-463d-a2c4-c183d5deb59a/prints/pp2/Q5019791.webp
Стеклянные чехлы,iPhone 14,A:501980,Q5019801,ПП2,3836122886,1,https://s3.twcstorage.ru/35ffc2ef-1e09-463d-a2c4-c183d5deb59a/prints/pp2/Q5019801.webp
Стеклянные чехлы,iPhone 14,A:501981,Q5019811,ПП2,3836124245,1000000,https://s3.twcstorage.ru/35ffc2ef-1e09-463d-a2c4-c183d5deb59a/prints/pp2/Y501981.webp
Силиконовые чехлы,iPhone 14,A:501989,Q501989,ПП2,3289136236,61,https://s3.twcstorage.ru/35ffc2ef-1e09-463d-a2c4-c183d5deb59a/prints/pp2/Y501989.webp
Силиконовые чехлы,iPhone 14,A:501990,Q501990,ПП2,3289136140,42,https://s3.twcstorage.ru/35ffc2ef-1e09-463d-a2c4-c183d5deb59a/prints/pp2/Y501990.webp
Силиконовые чехлы,iPhone 14,A:501992,Q501992,ПП2,3289132342,93,https://s3.twcstorage.ru/35ffc2ef-1e09-463d-a2c4-c183d5deb59a/prints/pp2/Q501992.webp
Стеклянные чехлы,iPhone 14,A:501993,Q5019931,ПП2,3836123571,3,https://s3.twcstorage.ru/35ffc2ef-1e09-463d-a2c4-c183d5deb59a/prints/pp2/Q5019931.webp
Силиконовые чехлы,iPhone 14,A:501997,W501997,ПП2,3289136493,67,https://s3.twcstorage.ru/35ffc2ef-1e09-463d-a2c4-c183d5deb59a/prints/pp2/Y501997.webp
Объемные матовые чехлы коричневые,iPhone 14,A:502003,W502003,ПП2,4998310799,5,https://s3.twcstorage.ru/35ffc2ef-1e09-463d-a2c4-c183d5deb59a/prints/pp2/W502003.webp
Белые софт-тач,iPhone 14,A:502005,W502005,ПП2,3280431216,54,https://s3.twcstorage.ru/35ffc2ef-1e09-463d-a2c4-c183d5deb59a/prints/pp2/W502005.webp
Матовые цветные чехлы для печати,iPhone 14,A:502006,W502006,ПП2,3277178584,21,https://s3.twcstorage.ru/35ffc2ef-1e09-463d-a2c4-c183d5deb59a/prints/pp2/W502006.webp
Белые софт-тач,iPhone 14,A:502007,W502007,ПП2,3280430706,21,https://s3.twcstorage.ru/35ffc2ef-1e09-463d-a2c4-c183d5deb59a/prints/pp2/W502007.webp
Силиконовые чехлы,iPhone 14,A:502008,W502008,ПП2,3289138690,6,https://s3.twcstorage.ru/35ffc2ef-1e09-463d-a2c4-c183d5deb59a/prints/pp2/W502008.webp
Силиконовые чехлы,iPhone 14,A:502009,W502009,ПП2,3289139151,5,https://s3.twcstorage.ru/35ffc2ef-1e09-463d-a2c4-c183d5deb59a/prints/pp2/W502009.webp
Силиконовые чехлы,iPhone 14,A:502010,W502010,ПП2,3289132581,3,https://s3.twcstorage.ru/35ffc2ef-1e09-463d-a2c4-c183d5deb59a/prints/pp2/W502010.webp
Силиконовые чехлы,iPhone 14,A:502011,W502011,ПП2,3289134239,62,https://s3.twcstorage.ru/35ffc2ef-1e09-463d-a2c4-c183d5deb59a/prints/pp2/W502011.webp
Матовые цветные чехлы для печати,iPhone 14,A:502012,W502012,ПП2,3277178931,1,https://s3.twcstorage.ru/35ffc2ef-1e09-463d-a2c4-c183d5deb59a/prints/pp2/W502012.webp
Силиконовые чехлы,iPhone 14,A:502013,W502013,ПП2,3289134755,1000000,https://s3.twcstorage.ru/35ffc2ef-1e09-463d-a2c4-c183d5deb59a/prints/pp2/W502013.webp
Силиконовые чехлы,iPhone 14,A:502014,W502014,ПП2,3289131802,1,https://s3.twcstorage.ru/35ffc2ef-1e09-463d-a2c4-c183d5deb59a/prints/pp2/W502014.webp
Силиконовые чехлы,iPhone 14,A:502016,W502016,ПП2,3289136445,68,https://s3.twcstorage.ru/35ffc2ef-1e09-463d-a2c4-c183d5deb59a/prints/pp2/W502016.webp
Силиконовые чехлы,iPhone 14,A:502017,W502017,ПП2,3289132353,63,https://s3.twcstorage.ru/35ffc2ef-1e09-463d-a2c4-c183d5deb59a/prints/pp2/W502017.webp
Силиконовые чехлы,iPhone 14,A:502019,W502019,ПП2,3289132057,24,https://s3.twcstorage.ru/35ffc2ef-1e09-463d-a2c4-c183d5deb59a/prints/pp2/W502019.webp
Силиконовые чехлы,iPhone 14,A:502023,W502023,ПП2,3289136352,69,https://s3.twcstorage.ru/35ffc2ef-1e09-463d-a2c4-c183d5deb59a/prints/pp2/W502023.webp
Матовые цветные чехлы для печати,iPhone 14,A:502025,W502025,ПП2,3277180230,12,https://s3.twcstorage.ru/35ffc2ef-1e09-463d-a2c4-c183d5deb59a/prints/pp2/W502025.webp
Силиконовые чехлы,iPhone 14,A:502026,W502026,ПП2,3289135841,52,https://s3.twcstorage.ru/35ffc2ef-1e09-463d-a2c4-c183d5deb59a/prints/pp2/W502026.webp
Силиконовые чехлы,iPhone 14,A:502027,W502027,ПП2,3289135618,47,https://s3.twcstorage.ru/35ffc2ef-1e09-463d-a2c4-c183d5deb59a/prints/pp2/W502027.webp
Силиконовые чехлы,iPhone 14,A:502029,W502029,ПП2,3289139157,13,https://s3.twcstorage.ru/35ffc2ef-1e09-463d-a2c4-c183d5deb59a/prints/pp2/W502029.webp
Белые софт-тач,iPhone 14,A:502030,W502030,ПП2,3280430492,23,https://s3.twcstorage.ru/35ffc2ef-1e09-463d-a2c4-c183d5deb59a/prints/pp2/W502030.webp
Силиконовые чехлы,iPhone 14,A:502031,W502031,ПП2,3289132418,27,https://s3.twcstorage.ru/35ffc2ef-1e09-463d-a2c4-c183d5deb59a/prints/pp2/W502031.webp
Матовые цветные чехлы для печати,iPhone 14,A:502032,W502032,ПП2,3277178809,4,https://s3.twcstorage.ru/35ffc2ef-1e09-463d-a2c4-c183d5deb59a/prints/pp2/W502032.webp
Матовые цветные чехлы для печати,iPhone 14,A:502033,W502033,ПП2,3277178961,10,https://s3.twcstorage.ru/35ffc2ef-1e09-463d-a2c4-c183d5deb59a/prints/pp2/W502033.webp
Силиконовые чехлы,iPhone 14,A:502035,W502035,ПП2,3289134452,30,https://s3.twcstorage.ru/35ffc2ef-1e09-463d-a2c4-c183d5deb59a/prints/pp2/W502035.webp
Силиконовые чехлы,iPhone 14,A:502036,W502036,ПП2,3289135182,10,https://s3.twcstorage.ru/35ffc2ef-1e09-463d-a2c4-c183d5deb59a/prints/pp2/W502036.webp
Силиконовые чехлы,iPhone 14,A:502037,W502037,ПП2,3289131467,8,https://s3.twcstorage.ru/35ffc2ef-1e09-463d-a2c4-c183d5deb59a/prints/pp2/W502037.webp
Силиконовые чехлы,iPhone 14,A:502039,W502039,ПП2,3289134925,95,https://s3.twcstorage.ru/35ffc2ef-1e09-463d-a2c4-c183d5deb59a/prints/pp2/W502039.webp
Белые софт-тач,iPhone 14,A:502044,W502044,ПП2,3280430849,1000000,https://s3.twcstorage.ru/35ffc2ef-1e09-463d-a2c4-c183d5deb59a/prints/pp2/W502044.webp
Белые софт-тач,iPhone 14,A:502047,W502047,ПП2,3280392073,22,https://s3.twcstorage.ru/35ffc2ef-1e09-463d-a2c4-c183d5deb59a/prints/pp2/W502047.webp
Белые софт-тач,iPhone 14,A:502048,W502048,ПП2,3280392195,18,https://s3.twcstorage.ru/35ffc2ef-1e09-463d-a2c4-c183d5deb59a/prints/pp2/Y502048.webp
Матовые цветные чехлы для печати,iPhone 14,A:502049,W502049,ПП2,3277178892,45,https://s3.twcstorage.ru/35ffc2ef-1e09-463d-a2c4-c183d5deb59a/prints/pp2/Y502049.webp
Силиконовые чехлы,iPhone 14,A:502051,W502051,ПП2,3289131324,120,https://s3.twcstorage.ru/35ffc2ef-1e09-463d-a2c4-c183d5deb59a/prints/pp2/W502051.webp
Белые софт-тач,iPhone 14,A:502052,W502052,ПП2,3280430655,2,https://s3.twcstorage.ru/35ffc2ef-1e09-463d-a2c4-c183d5deb59a/prints/pp2/W502052.webp
Белые софт-тач,iPhone 14,A:502053,W502053,ПП2,3280428983,1,https://s3.twcstorage.ru/35ffc2ef-1e09-463d-a2c4-c183d5deb59a/prints/pp2/W502053.webp
Силиконовые чехлы,iPhone 14,A:502054,W502054,ПП2,3289131718,39,https://s3.twcstorage.ru/35ffc2ef-1e09-463d-a2c4-c183d5deb59a/prints/pp2/W502054.webp
Матовые цветные чехлы для печати,iPhone 14,A:502055,W502055,ПП2,3277178745,1000000,https://s3.twcstorage.ru/35ffc2ef-1e09-463d-a2c4-c183d5deb59a/prints/pp2/W502055.webp
Белые софт-тач,iPhone 14,A:502056,W502056,ПП2,3280391673,55,https://s3.twcstorage.ru/35ffc2ef-1e09-463d-a2c4-c183d5deb59a/prints/pp2/W502056.webp
Белые софт-тач,iPhone 14,A:502057,W502057,ПП2,3280391631,35,https://s3.twcstorage.ru/35ffc2ef-1e09-463d-a2c4-c183d5deb59a/prints/pp2/W502057.webp
Силиконовые чехлы,iPhone 14,A:502062,W502062,ПП2,3289132206,148,https://s3.twcstorage.ru/35ffc2ef-1e09-463d-a2c4-c183d5deb59a/prints/pp2/W502062.webp
Матовые цветные чехлы для печати,iPhone 14,A:502065,W502065,ПП2,3277179016,2,https://s3.twcstorage.ru/35ffc2ef-1e09-463d-a2c4-c183d5deb59a/prints/pp2/W502065.webp
Белые софт-тач,iPhone 14,A:502066,W502066,ПП2,3280429589,60,https://s3.twcstorage.ru/35ffc2ef-1e09-463d-a2c4-c183d5deb59a/prints/pp2/W502066.webp
Белые софт-тач,iPhone 14,A:502069,W502069,ПП2,3280429104,8,https://s3.twcstorage.ru/35ffc2ef-1e09-463d-a2c4-c183d5deb59a/prints/pp2/W502069.webp
Силиконовые чехлы,iPhone 14,A:506329,W506329,ПП2,4895657102,43,https://s3.twcstorage.ru/35ffc2ef-1e09-463d-a2c4-c183d5deb59a/prints/pp2/W5063291.webp
Белые софт-тач,iPhone 14,A:506330,W506330,ПП2,4899057990,10,https://s3.twcstorage.ru/35ffc2ef-1e09-463d-a2c4-c183d5deb59a/prints/pp2/W5063301.webp
Белые софт-тач,iPhone 14,A:506331,W506331,ПП2,4899227346,4,https://s3.twcstorage.ru/35ffc2ef-1e09-463d-a2c4-c183d5deb59a/prints/pp2/W5063311.webp
Силиконовые чехлы,iPhone 14,A:506332,W506332,ПП2,4895658738,11,https://s3.twcstorage.ru/35ffc2ef-1e09-463d-a2c4-c183d5deb59a/prints/pp2/W5063321.webp
Силиконовые чехлы,iPhone 14,A:506333,W506333,ПП2,4895656327,56,https://s3.twcstorage.ru/35ffc2ef-1e09-463d-a2c4-c183d5deb59a/prints/pp2/W5063331.webp
Объемные матовые чехлы черные,iPhone 14,A:506334,W5063341,ПП2,4998305588,13,https://s3.twcstorage.ru/35ffc2ef-1e09-463d-a2c4-c183d5deb59a/prints/pp2/W5063341.webp
Силиконовые чехлы,iPhone 14,A:506335,W506335,ПП2,4895656359,71,https://s3.twcstorage.ru/35ffc2ef-1e09-463d-a2c4-c183d5deb59a/prints/pp2/W5063351.webp
Белые софт-тач,iPhone 14,A:506336,W506336,ПП2,4899226738,12,https://s3.twcstorage.ru/35ffc2ef-1e09-463d-a2c4-c183d5deb59a/prints/pp2/W5063361.webp
Белые софт-тач,iPhone 14,A:506337,W506337,ПП2,4899228431,16,https://s3.twcstorage.ru/35ffc2ef-1e09-463d-a2c4-c183d5deb59a/prints/pp2/W5063371.webp
Силиконовые чехлы,iPhone 14,A:506338,W506338,ПП2,4895656564,64,https://s3.twcstorage.ru/35ffc2ef-1e09-463d-a2c4-c183d5deb59a/prints/pp2/W5063381.webp
Силиконовые чехлы,iPhone 14,A:506339,W506339,ПП2,4895656297,23,https://s3.twcstorage.ru/35ffc2ef-1e09-463d-a2c4-c183d5deb59a/prints/pp2/W5063391.webp
Объемные матовые чехлы черные,iPhone 14,A:506340,W5063401,ПП2,4998306913,2,https://s3.twcstorage.ru/35ffc2ef-1e09-463d-a2c4-c183d5deb59a/prints/pp2/W5063401.webp
Матовые цветные чехлы для печати,iPhone 14,A:506341,W5063411,ПП2,4895625356,55,https://s3.twcstorage.ru/35ffc2ef-1e09-463d-a2c4-c183d5deb59a/prints/pp2/W5063411.webp
Матовые цветные чехлы для печати,iPhone 14,A:506346,W506346,ПП2,4895586851,68,https://s3.twcstorage.ru/35ffc2ef-1e09-463d-a2c4-c183d5deb59a/prints/pp2/W506346.webp
Матовые цветные чехлы для печати,iPhone 14,A:506351,W5063511,ПП2,4895588642,1000000,https://s3.twcstorage.ru/35ffc2ef-1e09-463d-a2c4-c183d5deb59a/prints/pp2/W5063511.webp
Матовые цветные чехлы для печати,iPhone 14,A:506363,W506363,ПП2,4895586915,40,https://s3.twcstorage.ru/35ffc2ef-1e09-463d-a2c4-c183d5deb59a/prints/pp2/W506363.webp
Силиконовые чехлы,iPhone 14,A:506364,W506364,ПП2,4895658694,58,https://s3.twcstorage.ru/35ffc2ef-1e09-463d-a2c4-c183d5deb59a/prints/pp2/W506364.webp
Силиконовые чехлы,iPhone 14,A:506372,W506372,ПП2,4895659140,45,https://s3.twcstorage.ru/35ffc2ef-1e09-463d-a2c4-c183d5deb59a/prints/pp2/W506372.webp
Белые софт-тач,iPhone 14,A:506373,W506373,ПП2,4899226688,6,https://s3.twcstorage.ru/35ffc2ef-1e09-463d-a2c4-c183d5deb59a/prints/pp2/W506373.webp
Белые софт-тач,iPhone 14,A:506374,W506374,ПП2,4899233060,5,https://s3.twcstorage.ru/35ffc2ef-1e09-463d-a2c4-c183d5deb59a/prints/pp2/W506374.webp
Силиконовые чехлы,iPhone 14,A:506375,W506375,ПП2,4895657230,80,https://s3.twcstorage.ru/35ffc2ef-1e09-463d-a2c4-c183d5deb59a/prints/pp2/W506375.webp
Силиконовые чехлы,iPhone 14,A:506376,W506376,ПП2,4895620332,81,https://s3.twcstorage.ru/35ffc2ef-1e09-463d-a2c4-c183d5deb59a/prints/pp2/W506376.webp
Матовые цветные чехлы для печати,iPhone 14,A:506377,W506377,ПП2,4895623363,73,https://s3.twcstorage.ru/35ffc2ef-1e09-463d-a2c4-c183d5deb59a/prints/pp2/W506377.webp
Белые софт-тач,iPhone 14,A:506378,W506378,ПП2,4899227511,46,https://s3.twcstorage.ru/35ffc2ef-1e09-463d-a2c4-c183d5deb59a/prints/pp2/W506378.webp
Белые софт-тач,iPhone 14,A:506379,W506379,ПП2,4899227537,19,https://s3.twcstorage.ru/35ffc2ef-1e09-463d-a2c4-c183d5deb59a/prints/pp2/W506379.webp
Белые софт-тач,iPhone 14 Plus,A:501929,W501929,ПП2,3837350380,1000000,https://s3.twcstorage.ru/35ffc2ef-1e09-463d-a2c4-c183d5deb59a/prints/pp2/W501929.webp
Белые софт-тач,iPhone 14 Plus,A:501937,W501937,ПП2,3837353196,58,https://s3.twcstorage.ru/35ffc2ef-1e09-463d-a2c4-c183d5deb59a/prints/pp2/W501937.webp
Белые софт-тач,iPhone 14 Plus,A:501938,W501938,ПП2,3837350261,69,https://s3.twcstorage.ru/35ffc2ef-1e09-463d-a2c4-c183d5deb59a/prints/pp2/W501938.webp
Белые софт-тач,iPhone 14 Plus,A:501947,W501947,ПП2,3837352984,13,https://s3.twcstorage.ru/35ffc2ef-1e09-463d-a2c4-c183d5deb59a/prints/pp2/W501947.webp
Силиконовые чехлы,iPhone 14 Plus,A:501949,W501949,ПП2,3345826813,60,https://s3.twcstorage.ru/35ffc2ef-1e09-463d-a2c4-c183d5deb59a/prints/pp2/W501949.webp
Силиконовые чехлы,iPhone 14 Plus,A:501950,W501950,ПП2,3345825772,46,https://s3.twcstorage.ru/35ffc2ef-1e09-463d-a2c4-c183d5deb59a/prints/pp2/W501950.webp
Силиконовые чехлы,iPhone 14 Plus,A:501951,C501951,ПП2,3345825727,7,https://s3.twcstorage.ru/35ffc2ef-1e09-463d-a2c4-c183d5deb59a/prints/pp2/W501951.webp
Силиконовые чехлы,iPhone 14 Plus,A:501955,C501955,ПП2,3345827830,35,https://s3.twcstorage.ru/35ffc2ef-1e09-463d-a2c4-c183d5deb59a/prints/pp2/W501955.webp
Силиконовые чехлы,iPhone 14 Plus,A:501957,W501957,ПП2,3345827013,17,https://s3.twcstorage.ru/35ffc2ef-1e09-463d-a2c4-c183d5deb59a/prints/pp2/W501957.webp
Силиконовые чехлы,iPhone 14 Plus,A:501960,C501960,ПП2,3345825707,29,https://s3.twcstorage.ru/35ffc2ef-1e09-463d-a2c4-c183d5deb59a/prints/pp2/W501960.webp
Силиконовые чехлы,iPhone 14 Plus,A:501962,C501962,ПП2,3345832686,31,https://s3.twcstorage.ru/35ffc2ef-1e09-463d-a2c4-c183d5deb59a/prints/pp2/W501962.webp
Силиконовые чехлы,iPhone 14 Plus,A:501964,Q501964,ПП2,3345825807,135,https://s3.twcstorage.ru/35ffc2ef-1e09-463d-a2c4-c183d5deb59a/prints/pp2/Q5019641.webp
Силиконовые чехлы,iPhone 14 Plus,A:501978,Q501978,ПП2,3345826321,2,https://s3.twcstorage.ru/35ffc2ef-1e09-463d-a2c4-c183d5deb59a/prints/pp2/Q5019781.webp
Силиконовые чехлы,iPhone 14 Plus,A:501979,Q501979,ПП2,3345826689,32,https://s3.twcstorage.ru/35ffc2ef-1e09-463d-a2c4-c183d5deb59a/prints/pp2/Q5019791.webp
Силиконовые чехлы,iPhone 14 Plus,A:501980,Q501980,ПП2,3345826305,4,https://s3.twcstorage.ru/35ffc2ef-1e09-463d-a2c4-c183d5deb59a/prints/pp2/Q5019801.webp
Стеклянные чехлы,iPhone 14 Plus,A:501990,Y501990,ПП2,3277127270,13,https://s3.twcstorage.ru/35ffc2ef-1e09-463d-a2c4-c183d5deb59a/prints/pp2/Y501990.webp
Силиконовые чехлы,iPhone 14 Plus,A:501993,Q501993,ПП2,3345826532,21,https://s3.twcstorage.ru/35ffc2ef-1e09-463d-a2c4-c183d5deb59a/prints/pp2/Q5019931.webp
Белые софт-тач,iPhone 14 Plus,A:502005,W502005,ПП2,3837350087,54,https://s3.twcstorage.ru/35ffc2ef-1e09-463d-a2c4-c183d5deb59a/prints/pp2/W502005.webp
Силиконовые чехлы,iPhone 14 Plus,A:502006,W502006,ПП2,3345826326,40,https://s3.twcstorage.ru/35ffc2ef-1e09-463d-a2c4-c183d5deb59a/prints/pp2/W502006.webp
Силиконовые чехлы,iPhone 14 Plus,A:502007,W502007,ПП2,3345826031,25,https://s3.twcstorage.ru/35ffc2ef-1e09-463d-a2c4-c183d5deb59a/prints/pp2/W502007.webp
Силиконовые чехлы,iPhone 14 Plus,A:502008,W502008,ПП2,3345826684,6,https://s3.twcstorage.ru/35ffc2ef-1e09-463d-a2c4-c183d5deb59a/prints/pp2/W502008.webp
Силиконовые чехлы,iPhone 14 Plus,A:502009,W502009,ПП2,3345836236,5,https://s3.twcstorage.ru/35ffc2ef-1e09-463d-a2c4-c183d5deb59a/prints/pp2/W502009.webp
Силиконовые чехлы,iPhone 14 Plus,A:502010,W502010,ПП2,3345826591,3,https://s3.twcstorage.ru/35ffc2ef-1e09-463d-a2c4-c183d5deb59a/prints/pp2/W502010.webp
Силиконовые чехлы,iPhone 14 Plus,A:502012,W502012,ПП2,3345826460,12,https://s3.twcstorage.ru/35ffc2ef-1e09-463d-a2c4-c183d5deb59a/prints/pp2/W502012.webp
Силиконовые чехлы,iPhone 14 Plus,A:502014,W502014,ПП2,3345827806,1,https://s3.twcstorage.ru/35ffc2ef-1e09-463d-a2c4-c183d5deb59a/prints/pp2/W502014.webp
Белые софт-тач,iPhone 14 Plus,A:502015,W502015,ПП2,3837350674,1000000,https://s3.twcstorage.ru/35ffc2ef-1e09-463d-a2c4-c183d5deb59a/prints/pp2/W502015.webp
Белые софт-тач,iPhone 14 Plus,A:502016,W502016,ПП2,3837350604,24,https://s3.twcstorage.ru/35ffc2ef-1e09-463d-a2c4-c183d5deb59a/prints/pp2/W502016.webp
Силиконовые чехлы,iPhone 14 Plus,A:502029,W502029,ПП2,3345836046,13,https://s3.twcstorage.ru/35ffc2ef-1e09-463d-a2c4-c183d5deb59a/prints/pp2/W502029.webp
Белые софт-тач,iPhone 14 Plus,A:502032,W502032,ПП2,3837352755,14,https://s3.twcstorage.ru/35ffc2ef-1e09-463d-a2c4-c183d5deb59a/prints/pp2/W502032.webp
Силиконовые чехлы,iPhone 14 Plus,A:502036,W502036,ПП2,3345825864,10,https://s3.twcstorage.ru/35ffc2ef-1e09-463d-a2c4-c183d5deb59a/prints/pp2/W502036.webp
Белые софт-тач,iPhone 14 Plus,A:502048,W502048,ПП2,3837351369,18,https://s3.twcstorage.ru/35ffc2ef-1e09-463d-a2c4-c183d5deb59a/prints/pp2/Y502048.webp
Силиконовые чехлы,iPhone 14 Plus,A:502049,W502049,ПП2,3345826613,49,https://s3.twcstorage.ru/35ffc2ef-1e09-463d-a2c4-c183d5deb59a/prints/pp2/Y502049.webp
Белые софт-тач,iPhone 14 Plus,A:502052,W502052,ПП2,3837350801,2,https://s3.twcstorage.ru/35ffc2ef-1e09-463d-a2c4-c183d5deb59a/prints/pp2/W502052.webp
Белые софт-тач,iPhone 14 Plus,A:502053,W502053,ПП2,3837350865,1,https://s3.twcstorage.ru/35ffc2ef-1e09-463d-a2c4-c183d5deb59a/prints/pp2/W502053.webp
Силиконовые чехлы,iPhone 14 Plus,A:502054,W502054,ПП2,3345826481,39,https://s3.twcstorage.ru/35ffc2ef-1e09-463d-a2c4-c183d5deb59a/prints/pp2/W502054.webp
Белые софт-тач,iPhone 14 Plus,A:502059,W502059,ПП2,3837352950,1000000,https://s3.twcstorage.ru/35ffc2ef-1e09-463d-a2c4-c183d5deb59a/prints/pp2/W502059.webp
Белые софт-тач,iPhone 14 Plus,A:502067,W502067,ПП2,3837352748,37,https://s3.twcstorage.ru/35ffc2ef-1e09-463d-a2c4-c183d5deb59a/prints/pp2/W5020671.webp
Силиконовые чехлы,iPhone 14 Plus,A:502069,W502069,ПП2,3345827049,9,https://s3.twcstorage.ru/35ffc2ef-1e09-463d-a2c4-c183d5deb59a/prints/pp2/W502069.webp
Белые софт-тач,iPhone 14 Plus,A:506329,W506329,ПП2,4900814005,40,https://s3.twcstorage.ru/35ffc2ef-1e09-463d-a2c4-c183d5deb59a/prints/pp2/W5063291.webp
Белые софт-тач,iPhone 14 Plus,A:506331,W506331,ПП2,4900813568,4,https://s3.twcstorage.ru/35ffc2ef-1e09-463d-a2c4-c183d5deb59a/prints/pp2/W5063311.webp
Силиконовые чехлы,iPhone 14 Plus,A:506332,W506332,ПП2,4895212570,11,https://s3.twcstorage.ru/35ffc2ef-1e09-463d-a2c4-c183d5deb59a/prints/pp2/W5063321.webp
Белые софт-тач,iPhone 14 Plus,A:506333,W506333,ПП2,4900813770,50,https://s3.twcstorage.ru/35ffc2ef-1e09-463d-a2c4-c183d5deb59a/prints/pp2/W5063331.webp
Силиконовые чехлы,iPhone 14 Plus,A:506334,W506334,ПП2,4895212764,14,https://s3.twcstorage.ru/35ffc2ef-1e09-463d-a2c4-c183d5deb59a/prints/pp2/W5063341.webp
Силиконовые чехлы,iPhone 14 Plus,A:506335,W506335,ПП2,4895212688,71,https://s3.twcstorage.ru/35ffc2ef-1e09-463d-a2c4-c183d5deb59a/prints/pp2/W5063351.webp
Силиконовые чехлы,iPhone 14 Plus,A:506336,W506336,ПП2,4895155124,44,https://s3.twcstorage.ru/35ffc2ef-1e09-463d-a2c4-c183d5deb59a/prints/pp2/W5063361.webp
Силиконовые чехлы,iPhone 14 Plus,A:506339,W506339,ПП2,4895213648,23,https://s3.twcstorage.ru/35ffc2ef-1e09-463d-a2c4-c183d5deb59a/prints/pp2/W5063391.webp
Белые софт-тач,iPhone 14 Plus,A:506340,W506340,ПП2,4900643145,3,https://s3.twcstorage.ru/35ffc2ef-1e09-463d-a2c4-c183d5deb59a/prints/pp2/W5063401.webp
Силиконовые чехлы,iPhone 14 Plus,A:506341,W506341,ПП2,4895153916,149,https://s3.twcstorage.ru/35ffc2ef-1e09-463d-a2c4-c183d5deb59a/prints/pp2/W5063411.webp
Силиконовые чехлы,iPhone 14 Plus,A:506344,W506344,ПП2,4895211410,122,https://s3.twcstorage.ru/35ffc2ef-1e09-463d-a2c4-c183d5deb59a/prints/pp2/W5063441.webp
Силиконовые чехлы,iPhone 14 Plus,A:506369,W506369,ПП2,4895212272,1000000,https://s3.twcstorage.ru/35ffc2ef-1e09-463d-a2c4-c183d5deb59a/prints/pp2/W506369.webp
Белые софт-тач,iPhone 14 Plus,A:506373,W506373,ПП2,4900811370,6,https://s3.twcstorage.ru/35ffc2ef-1e09-463d-a2c4-c183d5deb59a/prints/pp2/W506373.webp
Белые софт-тач,iPhone 14 Plus,A:506374,W506374,ПП2,4900812293,5,https://s3.twcstorage.ru/35ffc2ef-1e09-463d-a2c4-c183d5deb59a/prints/pp2/W506374.webp
Силиконовые чехлы,iPhone 14 Plus,A:506379,W506379,ПП2,4895215294,51,https://s3.twcstorage.ru/35ffc2ef-1e09-463d-a2c4-c183d5deb59a/prints/pp2/W506379.webp
Матовые цветные чехлы для печати,iPhone 14 Pro,A:501930,W501930,ПП2,3277174735,75,https://s3.twcstorage.ru/35ffc2ef-1e09-463d-a2c4-c183d5deb59a/prints/pp2/W501930.webp
Силиконовые чехлы,iPhone 14 Pro,A:501937,C501937,ПП2,3289095715,90,https://s3.twcstorage.ru/35ffc2ef-1e09-463d-a2c4-c183d5deb59a/prints/pp2/W501937.webp
Силиконовые чехлы,iPhone 14 Pro,A:501940,C501940,ПП2,3289099269,106,https://s3.twcstorage.ru/35ffc2ef-1e09-463d-a2c4-c183d5deb59a/prints/pp2/W501940.webp
Силиконовые чехлы,iPhone 14 Pro,A:501942,C501942,ПП2,3289096587,108,https://s3.twcstorage.ru/35ffc2ef-1e09-463d-a2c4-c183d5deb59a/prints/pp2/S501942.webp
Чёрные софт-тач,iPhone 14 Pro,A:501945,S501945,ПП2,3277047249,6,https://s3.twcstorage.ru/35ffc2ef-1e09-463d-a2c4-c183d5deb59a/prints/pp2/W501945.webp
Чёрные софт-тач,iPhone 14 Pro,A:501946,S501946,ПП2,3277047832,1,https://s3.twcstorage.ru/35ffc2ef-1e09-463d-a2c4-c183d5deb59a/prints/pp2/W501946.webp
Матовые цветные чехлы для печати,iPhone 14 Pro,A:501947,W501947,ПП2,3277173700,5,https://s3.twcstorage.ru/35ffc2ef-1e09-463d-a2c4-c183d5deb59a/prints/pp2/W501947.webp
Чёрные софт-тач,iPhone 14 Pro,A:501950,S501950,ПП2,3277047639,3,https://s3.twcstorage.ru/35ffc2ef-1e09-463d-a2c4-c183d5deb59a/prints/pp2/W501950.webp
Чёрные софт-тач,iPhone 14 Pro,A:501951,S501951,ПП2,3277048201,5,https://s3.twcstorage.ru/35ffc2ef-1e09-463d-a2c4-c183d5deb59a/prints/pp2/W501951.webp
Чёрные софт-тач,iPhone 14 Pro,A:501953,S501953,ПП2,3277047146,16,https://s3.twcstorage.ru/35ffc2ef-1e09-463d-a2c4-c183d5deb59a/prints/pp2/W501953.webp
Силиконовые чехлы,iPhone 14 Pro,A:501955,W501955,ПП2,3289097229,35,https://s3.twcstorage.ru/35ffc2ef-1e09-463d-a2c4-c183d5deb59a/prints/pp2/W501955.webp
Белые софт-тач,iPhone 14 Pro,A:501956,W501956,ПП2,3280773771,1000000,https://s3.twcstorage.ru/35ffc2ef-1e09-463d-a2c4-c183d5deb59a/prints/pp2/W501956.webp
Чёрные софт-тач,iPhone 14 Pro,A:501957,S501957,ПП2,3277047029,2,https://s3.twcstorage.ru/35ffc2ef-1e09-463d-a2c4-c183d5deb59a/prints/pp2/W501957.webp
Силиконовые чехлы,iPhone 14 Pro,A:501959,C501959,ПП2,3289096430,134,https://s3.twcstorage.ru/35ffc2ef-1e09-463d-a2c4-c183d5deb59a/prints/pp2/S501959.webp
Силиконовые чехлы,iPhone 14 Pro,A:501960,C501960,ПП2,3289096007,29,https://s3.twcstorage.ru/35ffc2ef-1e09-463d-a2c4-c183d5deb59a/prints/pp2/W501960.webp
Силиконовые чехлы,iPhone 14 Pro,A:501961,W501961,ПП2,3289100260,20,https://s3.twcstorage.ru/35ffc2ef-1e09-463d-a2c4-c183d5deb59a/prints/pp2/W501961.webp
Чёрные софт-тач,iPhone 14 Pro,A:501962,S501962,ПП2,3277046974,29,https://s3.twcstorage.ru/35ffc2ef-1e09-463d-a2c4-c183d5deb59a/prints/pp2/W501962.webp
Стеклянные чехлы,iPhone 14 Pro,A:501964,Q5019641,ПП2,3277026128,10,https://s3.twcstorage.ru/35ffc2ef-1e09-463d-a2c4-c183d5deb59a/prints/pp2/Q5019641.webp
Силиконовые чехлы,iPhone 14 Pro,A:501966,W501966,ПП2,3289096932,87,https://s3.twcstorage.ru/35ffc2ef-1e09-463d-a2c4-c183d5deb59a/prints/pp2/W501966.webp
Силиконовые чехлы,iPhone 14 Pro,A:501967,W501967,ПП2,3289100389,136,https://s3.twcstorage.ru/35ffc2ef-1e09-463d-a2c4-c183d5deb59a/prints/pp2/W501967.webp
Силиконовые чехлы,iPhone 14 Pro,A:501969,Q501969,ПП2,3289090414,1000000,https://s3.twcstorage.ru/35ffc2ef-1e09-463d-a2c4-c183d5deb59a/prints/pp2/W501969.webp
Силиконовые чехлы,iPhone 14 Pro,A:501976,Q501976,ПП2,3289099653,75,https://s3.twcstorage.ru/35ffc2ef-1e09-463d-a2c4-c183d5deb59a/prints/pp2/Q501976.webp
Силиконовые чехлы,iPhone 14 Pro,A:501978,Q501978,ПП2,3289097062,2,https://s3.twcstorage.ru/35ffc2ef-1e09-463d-a2c4-c183d5deb59a/prints/pp2/Q5019781.webp
Стеклянные чехлы,iPhone 14 Pro,A:501980,Q5019801,ПП2,3277024904,1,https://s3.twcstorage.ru/35ffc2ef-1e09-463d-a2c4-c183d5deb59a/prints/pp2/Q5019801.webp
Силиконовые чехлы,iPhone 14 Pro,A:501989,Q501989,ПП2,3289096121,61,https://s3.twcstorage.ru/35ffc2ef-1e09-463d-a2c4-c183d5deb59a/prints/pp2/Y501989.webp
Стеклянные чехлы,iPhone 14 Pro,A:501990,Y501990,ПП2,3277116940,13,https://s3.twcstorage.ru/35ffc2ef-1e09-463d-a2c4-c183d5deb59a/prints/pp2/Y501990.webp
Стеклянные чехлы,iPhone 14 Pro,A:501993,Q5019931,ПП2,3277025715,3,https://s3.twcstorage.ru/35ffc2ef-1e09-463d-a2c4-c183d5deb59a/prints/pp2/Q5019931.webp
Матовые цветные чехлы для печати,iPhone 14 Pro,A:501996,W501996,ПП2,3277174279,79,https://s3.twcstorage.ru/35ffc2ef-1e09-463d-a2c4-c183d5deb59a/prints/pp2/Y501996.webp
Силиконовые чехлы,iPhone 14 Pro,A:501997,W501997,ПП2,3289097028,67,https://s3.twcstorage.ru/35ffc2ef-1e09-463d-a2c4-c183d5deb59a/prints/pp2/Y501997.webp
Матовые цветные чехлы для печати,iPhone 14 Pro,A:502003,W502003,ПП2,3277173661,20,https://s3.twcstorage.ru/35ffc2ef-1e09-463d-a2c4-c183d5deb59a/prints/pp2/W502003.webp
Матовые цветные чехлы для печати,iPhone 14 Pro,A:502005,W502005,ПП2,3277175673,61,https://s3.twcstorage.ru/35ffc2ef-1e09-463d-a2c4-c183d5deb59a/prints/pp2/W502005.webp
Силиконовые чехлы,iPhone 14 Pro,A:502006,W502006,ПП2,3289099906,40,https://s3.twcstorage.ru/35ffc2ef-1e09-463d-a2c4-c183d5deb59a/prints/pp2/W502006.webp
Белые софт-тач,iPhone 14 Pro,A:502007,W502007,ПП2,3280841414,21,https://s3.twcstorage.ru/35ffc2ef-1e09-463d-a2c4-c183d5deb59a/prints/pp2/W502007.webp
Силиконовые чехлы,iPhone 14 Pro,A:502008,W502008,ПП2,3289096743,6,https://s3.twcstorage.ru/35ffc2ef-1e09-463d-a2c4-c183d5deb59a/prints/pp2/W502008.webp
Силиконовые чехлы,iPhone 14 Pro,A:502009,W502009,ПП2,3289101493,5,https://s3.twcstorage.ru/35ffc2ef-1e09-463d-a2c4-c183d5deb59a/prints/pp2/W502009.webp
Силиконовые чехлы,iPhone 14 Pro,A:502010,W502010,ПП2,3289096303,3,https://s3.twcstorage.ru/35ffc2ef-1e09-463d-a2c4-c183d5deb59a/prints/pp2/W502010.webp
Матовые цветные чехлы для печати,iPhone 14 Pro,A:502012,W502012,ПП2,3277175014,1,https://s3.twcstorage.ru/35ffc2ef-1e09-463d-a2c4-c183d5deb59a/prints/pp2/W502012.webp
Силиконовые чехлы,iPhone 14 Pro,A:502014,W502014,ПП2,3289090997,1,https://s3.twcstorage.ru/35ffc2ef-1e09-463d-a2c4-c183d5deb59a/prints/pp2/W502014.webp
Матовые цветные чехлы для печати,iPhone 14 Pro,A:502015,W502015,ПП2,3277175025,44,https://s3.twcstorage.ru/35ffc2ef-1e09-463d-a2c4-c183d5deb59a/prints/pp2/W502015.webp
Белые софт-тач,iPhone 14 Pro,A:502016,W502016,ПП2,3280842297,24,https://s3.twcstorage.ru/35ffc2ef-1e09-463d-a2c4-c183d5deb59a/prints/pp2/W502016.webp
Силиконовые чехлы,iPhone 14 Pro,A:502017,W502017,ПП2,3289096531,63,https://s3.twcstorage.ru/35ffc2ef-1e09-463d-a2c4-c183d5deb59a/prints/pp2/W502017.webp
Силиконовые чехлы,iPhone 14 Pro,A:502019,W502019,ПП2,3289096593,24,https://s3.twcstorage.ru/35ffc2ef-1e09-463d-a2c4-c183d5deb59a/prints/pp2/W502019.webp
Матовые цветные чехлы для печати,iPhone 14 Pro,A:502025,W502025,ПП2,3277176064,12,https://s3.twcstorage.ru/35ffc2ef-1e09-463d-a2c4-c183d5deb59a/prints/pp2/W502025.webp
Матовые цветные чехлы для печати,iPhone 14 Pro,A:502026,W502026,ПП2,3277175940,8,https://s3.twcstorage.ru/35ffc2ef-1e09-463d-a2c4-c183d5deb59a/prints/pp2/W502026.webp
Матовые цветные чехлы для печати,iPhone 14 Pro,A:502028,W502028,ПП2,3277174894,83,https://s3.twcstorage.ru/35ffc2ef-1e09-463d-a2c4-c183d5deb59a/prints/pp2/W502028.webp
Объемные матовые чехлы коричневые,iPhone 14 Pro,A:502029,W502029,ПП2,4998238697,2,https://s3.twcstorage.ru/35ffc2ef-1e09-463d-a2c4-c183d5deb59a/prints/pp2/W502029.webp
Белые софт-тач,iPhone 14 Pro,A:502030,W502030,ПП2,3280843140,23,https://s3.twcstorage.ru/35ffc2ef-1e09-463d-a2c4-c183d5deb59a/prints/pp2/W502030.webp
Белые софт-тач,iPhone 14 Pro,A:502031,W502031,ПП2,3280774143,30,https://s3.twcstorage.ru/35ffc2ef-1e09-463d-a2c4-c183d5deb59a/prints/pp2/W502031.webp
Матовые цветные чехлы для печати,iPhone 14 Pro,A:502032,W502032,ПП2,3277175030,4,https://s3.twcstorage.ru/35ffc2ef-1e09-463d-a2c4-c183d5deb59a/prints/pp2/W502032.webp
Матовые цветные чехлы для печати,iPhone 14 Pro,A:502033,W502033,ПП2,3277174941,10,https://s3.twcstorage.ru/35ffc2ef-1e09-463d-a2c4-c183d5deb59a/prints/pp2/W502033.webp
Силиконовые чехлы,iPhone 14 Pro,A:502035,W502035,ПП2,3289099227,30,https://s3.twcstorage.ru/35ffc2ef-1e09-463d-a2c4-c183d5deb59a/prints/pp2/W502035.webp
Силиконовые чехлы,iPhone 14 Pro,A:502036,W502036,ПП2,3289099557,10,https://s3.twcstorage.ru/35ffc2ef-1e09-463d-a2c4-c183d5deb59a/prints/pp2/W502036.webp
Силиконовые чехлы,iPhone 14 Pro,A:502037,W502037,ПП2,3289099963,8,https://s3.twcstorage.ru/35ffc2ef-1e09-463d-a2c4-c183d5deb59a/prints/pp2/W502037.webp
Белые софт-тач,iPhone 14 Pro,A:502047,W502047,ПП2,3280774595,22,https://s3.twcstorage.ru/35ffc2ef-1e09-463d-a2c4-c183d5deb59a/prints/pp2/W502047.webp
Белые софт-тач,iPhone 14 Pro,A:502048,W502048,ПП2,3280776382,18,https://s3.twcstorage.ru/35ffc2ef-1e09-463d-a2c4-c183d5deb59a/prints/pp2/Y502048.webp
Силиконовые чехлы,iPhone 14 Pro,A:502049,W502049,ПП2,3289089935,49,https://s3.twcstorage.ru/35ffc2ef-1e09-463d-a2c4-c183d5deb59a/prints/pp2/Y502049.webp
Белые софт-тач,iPhone 14 Pro,A:502051,W502051,ПП2,3280774270,44,https://s3.twcstorage.ru/35ffc2ef-1e09-463d-a2c4-c183d5deb59a/prints/pp2/W502051.webp
Белые софт-тач,iPhone 14 Pro,A:502052,W502052,ПП2,3280843746,2,https://s3.twcstorage.ru/35ffc2ef-1e09-463d-a2c4-c183d5deb59a/prints/pp2/W502052.webp
Белые софт-тач,iPhone 14 Pro,A:502053,W502053,ПП2,3280845114,1,https://s3.twcstorage.ru/35ffc2ef-1e09-463d-a2c4-c183d5deb59a/prints/pp2/W502053.webp
Силиконовые чехлы,iPhone 14 Pro,A:502054,W502054,ПП2,3289091247,39,https://s3.twcstorage.ru/35ffc2ef-1e09-463d-a2c4-c183d5deb59a/prints/pp2/W502054.webp
Белые софт-тач,iPhone 14 Pro,A:502055,W502055,ПП2,3280774603,36,https://s3.twcstorage.ru/35ffc2ef-1e09-463d-a2c4-c183d5deb59a/prints/pp2/W502055.webp
Белые софт-тач,iPhone 14 Pro,A:502056,W502056,ПП2,3280774622,55,https://s3.twcstorage.ru/35ffc2ef-1e09-463d-a2c4-c183d5deb59a/prints/pp2/W502056.webp
Белые софт-тач,iPhone 14 Pro,A:502057,W502057,ПП2,3280774203,35,https://s3.twcstorage.ru/35ffc2ef-1e09-463d-a2c4-c183d5deb59a/prints/pp2/W502057.webp
Силиконовые чехлы,iPhone 14 Pro,A:502060,W502060,ПП2,3289096718,1000000,https://s3.twcstorage.ru/35ffc2ef-1e09-463d-a2c4-c183d5deb59a/prints/pp2/W502060.webp
Матовые цветные чехлы для печати,iPhone 14 Pro,A:502065,W502065,ПП2,3277174842,2,https://s3.twcstorage.ru/35ffc2ef-1e09-463d-a2c4-c183d5deb59a/prints/pp2/W502065.webp
Белые софт-тач,iPhone 14 Pro,A:502066,W502066,ПП2,3280841832,60,https://s3.twcstorage.ru/35ffc2ef-1e09-463d-a2c4-c183d5deb59a/prints/pp2/W502066.webp
Силиконовые чехлы,iPhone 14 Pro,A:502067,W502067,ПП2,3289096384,28,https://s3.twcstorage.ru/35ffc2ef-1e09-463d-a2c4-c183d5deb59a/prints/pp2/W5020671.webp
Белые софт-тач,iPhone 14 Pro,A:502069,W502069,ПП2,3280842096,8,https://s3.twcstorage.ru/35ffc2ef-1e09-463d-a2c4-c183d5deb59a/prints/pp2/W502069.webp
Белые софт-тач,iPhone 14 Pro,A:506329,W506329,ПП2,4898125436,40,https://s3.twcstorage.ru/35ffc2ef-1e09-463d-a2c4-c183d5deb59a/prints/pp2/W5063291.webp
Белые софт-тач,iPhone 14 Pro,A:506330,W506330,ПП2,4898126307,10,https://s3.twcstorage.ru/35ffc2ef-1e09-463d-a2c4-c183d5deb59a/prints/pp2/W5063301.webp
Белые софт-тач,iPhone 14 Pro,A:506331,W506331,ПП2,4898310633,4,https://s3.twcstorage.ru/35ffc2ef-1e09-463d-a2c4-c183d5deb59a/prints/pp2/W5063311.webp
Силиконовые чехлы,iPhone 14 Pro,A:506332,W506332,ПП2,4895291236,11,https://s3.twcstorage.ru/35ffc2ef-1e09-463d-a2c4-c183d5deb59a/prints/pp2/W5063321.webp
Силиконовые чехлы,iPhone 14 Pro,A:506333,W506333,ПП2,4895290598,56,https://s3.twcstorage.ru/35ffc2ef-1e09-463d-a2c4-c183d5deb59a/prints/pp2/W5063331.webp
Белые софт-тач,iPhone 14 Pro,A:506334,W506334,ПП2,4898126724,33,https://s3.twcstorage.ru/35ffc2ef-1e09-463d-a2c4-c183d5deb59a/prints/pp2/W5063341.webp
Матовые цветные чехлы для печати,iPhone 14 Pro,A:506335,W5063351,ПП2,4895248067,39,https://s3.twcstorage.ru/35ffc2ef-1e09-463d-a2c4-c183d5deb59a/prints/pp2/W5063351.webp
Белые софт-тач,iPhone 14 Pro,A:506336,W506336,ПП2,4898309011,12,https://s3.twcstorage.ru/35ffc2ef-1e09-463d-a2c4-c183d5deb59a/prints/pp2/W5063361.webp
Белые софт-тач,iPhone 14 Pro,A:506337,W506337,ПП2,4898125246,16,https://s3.twcstorage.ru/35ffc2ef-1e09-463d-a2c4-c183d5deb59a/prints/pp2/W5063371.webp
Силиконовые чехлы,iPhone 14 Pro,A:506339,W506339,ПП2,4895290632,23,https://s3.twcstorage.ru/35ffc2ef-1e09-463d-a2c4-c183d5deb59a/prints/pp2/W5063391.webp
Белые софт-тач,iPhone 14 Pro,A:506340,W506340,ПП2,4898128606,3,https://s3.twcstorage.ru/35ffc2ef-1e09-463d-a2c4-c183d5deb59a/prints/pp2/W5063401.webp
Матовые цветные чехлы для печати,iPhone 14 Pro,A:506341,W5063411,ПП2,4895296220,55,https://s3.twcstorage.ru/35ffc2ef-1e09-463d-a2c4-c183d5deb59a/prints/pp2/W5063411.webp
Силиконовые чехлы,iPhone 14 Pro,A:506343,W506343,ПП2,4895294109,1000000,https://s3.twcstorage.ru/35ffc2ef-1e09-463d-a2c4-c183d5deb59a/prints/pp2/W5063431.webp
Матовые цветные чехлы для печати,iPhone 14 Pro,A:506344,W5063441,ПП2,4895244014,88,https://s3.twcstorage.ru/35ffc2ef-1e09-463d-a2c4-c183d5deb59a/prints/pp2/W5063441.webp
Матовые цветные чехлы для печати,iPhone 14 Pro,A:506346,W506346,ПП2,4895244434,68,https://s3.twcstorage.ru/35ffc2ef-1e09-463d-a2c4-c183d5deb59a/prints/pp2/W506346.webp
Матовые цветные чехлы для печати,iPhone 14 Pro,A:506351,W5063511,ПП2,4895244340,1000000,https://s3.twcstorage.ru/35ffc2ef-1e09-463d-a2c4-c183d5deb59a/prints/pp2/W5063511.webp
Матовые цветные чехлы для печати,iPhone 14 Pro,A:506354,W5063541,ПП2,4895248548,1000000,https://s3.twcstorage.ru/35ffc2ef-1e09-463d-a2c4-c183d5deb59a/prints/pp2/W5063541.webp
Силиконовые чехлы,iPhone 14 Pro,A:506363,W506363,ПП2,4895290268,101,https://s3.twcstorage.ru/35ffc2ef-1e09-463d-a2c4-c183d5deb59a/prints/pp2/W506363.webp
Белые софт-тач,iPhone 14 Pro,A:506365,W506365,ПП2,4898126975,63,https://s3.twcstorage.ru/35ffc2ef-1e09-463d-a2c4-c183d5deb59a/prints/pp2/W506365.webp
Силиконовые чехлы,iPhone 14 Pro,A:506366,W506366,ПП2,4895233129,156,https://s3.twcstorage.ru/35ffc2ef-1e09-463d-a2c4-c183d5deb59a/prints/pp2/W506366.webp
Силиконовые чехлы,iPhone 14 Pro,A:506369,W506369,ПП2,4895290344,1000000,https://s3.twcstorage.ru/35ffc2ef-1e09-463d-a2c4-c183d5deb59a/prints/pp2/W506369.webp
Белые софт-тач,iPhone 14 Pro,A:506370,W506370,ПП2,4898126167,65,https://s3.twcstorage.ru/35ffc2ef-1e09-463d-a2c4-c183d5deb59a/prints/pp2/W506370.webp
Силиконовые чехлы,iPhone 14 Pro,A:506371,W506371,ПП2,4895233353,157,https://s3.twcstorage.ru/35ffc2ef-1e09-463d-a2c4-c183d5deb59a/prints/pp2/W506371.webp
Силиконовые чехлы,iPhone 14 Pro,A:506372,W506372,ПП2,4895290845,45,https://s3.twcstorage.ru/35ffc2ef-1e09-463d-a2c4-c183d5deb59a/prints/pp2/W506372.webp
Белые софт-тач,iPhone 14 Pro,A:506373,W506373,ПП2,4898311568,6,https://s3.twcstorage.ru/35ffc2ef-1e09-463d-a2c4-c183d5deb59a/prints/pp2/W506373.webp
Белые софт-тач,iPhone 14 Pro,A:506374,W506374,ПП2,4898125475,5,https://s3.twcstorage.ru/35ffc2ef-1e09-463d-a2c4-c183d5deb59a/prints/pp2/W506374.webp
Силиконовые чехлы,iPhone 14 Pro,A:506375,W506375,ПП2,4895290383,80,https://s3.twcstorage.ru/35ffc2ef-1e09-463d-a2c4-c183d5deb59a/prints/pp2/W506375.webp
Силиконовые чехлы,iPhone 14 Pro,A:506377,W506377,ПП2,4895293473,102,https://s3.twcstorage.ru/35ffc2ef-1e09-463d-a2c4-c183d5deb59a/prints/pp2/W506377.webp
Силиконовые чехлы,iPhone 14 Pro,A:506378,W506378,ПП2,4895289717,82,https://s3.twcstorage.ru/35ffc2ef-1e09-463d-a2c4-c183d5deb59a/prints/pp2/W506378.webp
Белые софт-тач,iPhone 14 Pro,A:506379,W506379,ПП2,4898127857,19,https://s3.twcstorage.ru/35ffc2ef-1e09-463d-a2c4-c183d5deb59a/prints/pp2/W506379.webp
Матовые цветные чехлы для печати,iPhone 14 Pro,A:506381,W506381,ПП2,4895294416,26,https://s3.twcstorage.ru/35ffc2ef-1e09-463d-a2c4-c183d5deb59a/prints/pp2/W506381.webp
Силиконовые чехлы,iPhone 14 Pro,A:506382,Q506382,ПП2,4895290279,104,https://s3.twcstorage.ru/35ffc2ef-1e09-463d-a2c4-c183d5deb59a/prints/pp2/Q5063821.webp
Стеклянные чехлы,iPhone 14 Pro,A:506384,Q5063841,ПП2,4896566507,4,https://s3.twcstorage.ru/35ffc2ef-1e09-463d-a2c4-c183d5deb59a/prints/pp2/Q5063841.webp
Чёрные софт-тач,iPhone 14 Pro Max,A:501928,S501928,ПП2,3277077352,1000000,https://s3.twcstorage.ru/35ffc2ef-1e09-463d-a2c4-c183d5deb59a/prints/pp2/W501928.webp
Белые софт-тач,iPhone 14 Pro Max,A:501929,W501929,ПП2,3280282075,1000000,https://s3.twcstorage.ru/35ffc2ef-1e09-463d-a2c4-c183d5deb59a/prints/pp2/W501929.webp
Силиконовые чехлы,iPhone 14 Pro Max,A:501933,C501933,ПП2,3289176232,86,https://s3.twcstorage.ru/35ffc2ef-1e09-463d-a2c4-c183d5deb59a/prints/pp2/W501933.webp
Чёрные софт-тач,iPhone 14 Pro Max,A:501935,S501935,ПП2,3277077913,21,https://s3.twcstorage.ru/35ffc2ef-1e09-463d-a2c4-c183d5deb59a/prints/pp2/W501935.webp
Белые софт-тач,iPhone 14 Pro Max,A:501937,W501937,ПП2,3280281265,58,https://s3.twcstorage.ru/35ffc2ef-1e09-463d-a2c4-c183d5deb59a/prints/pp2/W501937.webp
Силиконовые чехлы,iPhone 14 Pro Max,A:501940,C501940,ПП2,3289175878,106,https://s3.twcstorage.ru/35ffc2ef-1e09-463d-a2c4-c183d5deb59a/prints/pp2/W501940.webp
Силиконовые чехлы,iPhone 14 Pro Max,A:501945,C501945,ПП2,3289175956,131,https://s3.twcstorage.ru/35ffc2ef-1e09-463d-a2c4-c183d5deb59a/prints/pp2/W501945.webp
Чёрные софт-тач,iPhone 14 Pro Max,A:501946,S501946,ПП2,3277077049,1,https://s3.twcstorage.ru/35ffc2ef-1e09-463d-a2c4-c183d5deb59a/prints/pp2/W501946.webp
Матовые цветные чехлы для печати,iPhone 14 Pro Max,A:501947,W501947,ПП2,3277185058,5,https://s3.twcstorage.ru/35ffc2ef-1e09-463d-a2c4-c183d5deb59a/prints/pp2/W501947.webp
Чёрные софт-тач,iPhone 14 Pro Max,A:501949,S501949,ПП2,3277076975,4,https://s3.twcstorage.ru/35ffc2ef-1e09-463d-a2c4-c183d5deb59a/prints/pp2/W501949.webp
Чёрные софт-тач,iPhone 14 Pro Max,A:501950,S501950,ПП2,3277078131,3,https://s3.twcstorage.ru/35ffc2ef-1e09-463d-a2c4-c183d5deb59a/prints/pp2/W501950.webp
Чёрные софт-тач,iPhone 14 Pro Max,A:501951,S501951,ПП2,3277076868,5,https://s3.twcstorage.ru/35ffc2ef-1e09-463d-a2c4-c183d5deb59a/prints/pp2/W501951.webp
Белые софт-тач,iPhone 14 Pro Max,A:501953,W501953,ПП2,3280281626,43,https://s3.twcstorage.ru/35ffc2ef-1e09-463d-a2c4-c183d5deb59a/prints/pp2/W501953.webp
Чёрные софт-тач,iPhone 14 Pro Max,A:501955,S501955,ПП2,3277077169,26,https://s3.twcstorage.ru/35ffc2ef-1e09-463d-a2c4-c183d5deb59a/prints/pp2/W501955.webp
Чёрные софт-тач,iPhone 14 Pro Max,A:501957,S501957,ПП2,3277077321,2,https://s3.twcstorage.ru/35ffc2ef-1e09-463d-a2c4-c183d5deb59a/prints/pp2/W501957.webp
Силиконовые чехлы,iPhone 14 Pro Max,A:501960,C501960,ПП2,3289175781,29,https://s3.twcstorage.ru/35ffc2ef-1e09-463d-a2c4-c183d5deb59a/prints/pp2/W501960.webp
Силиконовые чехлы,iPhone 14 Pro Max,A:501961,W501961,ПП2,3289176644,20,https://s3.twcstorage.ru/35ffc2ef-1e09-463d-a2c4-c183d5deb59a/prints/pp2/W501961.webp
Белые софт-тач,iPhone 14 Pro Max,A:501962,W501962,ПП2,3280344909,20,https://s3.twcstorage.ru/35ffc2ef-1e09-463d-a2c4-c183d5deb59a/prints/pp2/W501962.webp
Стеклянные чехлы,iPhone 14 Pro Max,A:501963,Q5019631,ПП2,3836124017,7,https://s3.twcstorage.ru/35ffc2ef-1e09-463d-a2c4-c183d5deb59a/prints/pp2/Q5019631.webp
Силиконовые чехлы,iPhone 14 Pro Max,A:501965,Q501965,ПП2,3289171989,73,https://s3.twcstorage.ru/35ffc2ef-1e09-463d-a2c4-c183d5deb59a/prints/pp2/Q5019651.webp
Силиконовые чехлы,iPhone 14 Pro Max,A:501968,Q501968,ПП2,3289178741,91,https://s3.twcstorage.ru/35ffc2ef-1e09-463d-a2c4-c183d5deb59a/prints/pp2/W501968.webp
Силиконовые чехлы,iPhone 14 Pro Max,A:501978,Q501978,ПП2,3289175943,2,https://s3.twcstorage.ru/35ffc2ef-1e09-463d-a2c4-c183d5deb59a/prints/pp2/Q5019781.webp
Стеклянные чехлы,iPhone 14 Pro Max,A:501979,Q5019791,ПП2,3836124420,6,https://s3.twcstorage.ru/35ffc2ef-1e09-463d-a2c4-c183d5deb59a/prints/pp2/Q5019791.webp
Стеклянные чехлы,iPhone 14 Pro Max,A:501980,Q5019801,ПП2,3836128467,1,https://s3.twcstorage.ru/35ffc2ef-1e09-463d-a2c4-c183d5deb59a/prints/pp2/Q5019801.webp
Силиконовые чехлы,iPhone 14 Pro Max,A:501982,Q501982,ПП2,3289176048,138,https://s3.twcstorage.ru/35ffc2ef-1e09-463d-a2c4-c183d5deb59a/prints/pp2/Y501982.webp
Силиконовые чехлы,iPhone 14 Pro Max,A:501983,Q501983,ПП2,3289176028,139,https://s3.twcstorage.ru/35ffc2ef-1e09-463d-a2c4-c183d5deb59a/prints/pp2/Y501983.webp
Силиконовые чехлы,iPhone 14 Pro Max,A:501984,Q501984,ПП2,3289175921,140,https://s3.twcstorage.ru/35ffc2ef-1e09-463d-a2c4-c183d5deb59a/prints/pp2/Y501984.webp
Силиконовые чехлы,iPhone 14 Pro Max,A:501987,Q501987,ПП2,3289176200,114,https://s3.twcstorage.ru/35ffc2ef-1e09-463d-a2c4-c183d5deb59a/prints/pp2/Y501987.webp
Силиконовые чехлы,iPhone 14 Pro Max,A:501989,Q501989,ПП2,3289176314,61,https://s3.twcstorage.ru/35ffc2ef-1e09-463d-a2c4-c183d5deb59a/prints/pp2/Y501989.webp
Силиконовые чехлы,iPhone 14 Pro Max,A:501990,Q501990,ПП2,3289176012,42,https://s3.twcstorage.ru/35ffc2ef-1e09-463d-a2c4-c183d5deb59a/prints/pp2/Y501990.webp
Стеклянные чехлы,iPhone 14 Pro Max,A:501993,Q5019931,ПП2,3836124175,3,https://s3.twcstorage.ru/35ffc2ef-1e09-463d-a2c4-c183d5deb59a/prints/pp2/Q5019931.webp
Матовые цветные чехлы для печати,iPhone 14 Pro Max,A:502003,W502003,ПП2,3277185632,20,https://s3.twcstorage.ru/35ffc2ef-1e09-463d-a2c4-c183d5deb59a/prints/pp2/W502003.webp
Силиконовые чехлы,iPhone 14 Pro Max,A:502005,W502005,ПП2,3289176363,94,https://s3.twcstorage.ru/35ffc2ef-1e09-463d-a2c4-c183d5deb59a/prints/pp2/W502005.webp
Матовые цветные чехлы для печати,iPhone 14 Pro Max,A:502006,W502006,ПП2,3277187264,21,https://s3.twcstorage.ru/35ffc2ef-1e09-463d-a2c4-c183d5deb59a/prints/pp2/W502006.webp
Белые софт-тач,iPhone 14 Pro Max,A:502007,W502007,ПП2,3280281000,21,https://s3.twcstorage.ru/35ffc2ef-1e09-463d-a2c4-c183d5deb59a/prints/pp2/W502007.webp
Силиконовые чехлы,iPhone 14 Pro Max,A:502008,W502008,ПП2,3289176898,6,https://s3.twcstorage.ru/35ffc2ef-1e09-463d-a2c4-c183d5deb59a/prints/pp2/W502008.webp
Силиконовые чехлы,iPhone 14 Pro Max,A:502009,W502009,ПП2,3289176374,5,https://s3.twcstorage.ru/35ffc2ef-1e09-463d-a2c4-c183d5deb59a/prints/pp2/W502009.webp
Силиконовые чехлы,iPhone 14 Pro Max,A:502010,W502010,ПП2,3289176147,3,https://s3.twcstorage.ru/35ffc2ef-1e09-463d-a2c4-c183d5deb59a/prints/pp2/W502010.webp
Силиконовые чехлы,iPhone 14 Pro Max,A:502011,W502011,ПП2,3289175741,62,https://s3.twcstorage.ru/35ffc2ef-1e09-463d-a2c4-c183d5deb59a/prints/pp2/W502011.webp
Матовые цветные чехлы для печати,iPhone 14 Pro Max,A:502012,W502012,ПП2,3277186314,1,https://s3.twcstorage.ru/35ffc2ef-1e09-463d-a2c4-c183d5deb59a/prints/pp2/W502012.webp
Силиконовые чехлы,iPhone 14 Pro Max,A:502014,W502014,ПП2,3289175194,1,https://s3.twcstorage.ru/35ffc2ef-1e09-463d-a2c4-c183d5deb59a/prints/pp2/W502014.webp
Белые софт-тач,iPhone 14 Pro Max,A:502015,W502015,ПП2,3280281758,1000000,https://s3.twcstorage.ru/35ffc2ef-1e09-463d-a2c4-c183d5deb59a/prints/pp2/W502015.webp
Матовые цветные чехлы для печати,iPhone 14 Pro Max,A:502016,W502016,ПП2,3277184981,23,https://s3.twcstorage.ru/35ffc2ef-1e09-463d-a2c4-c183d5deb59a/prints/pp2/W502016.webp
Силиконовые чехлы,iPhone 14 Pro Max,A:502018,W502018,ПП2,3289172402,38,https://s3.twcstorage.ru/35ffc2ef-1e09-463d-a2c4-c183d5deb59a/prints/pp2/W502018.webp
Силиконовые чехлы,iPhone 14 Pro Max,A:502021,W502021,ПП2,3289175593,116,https://s3.twcstorage.ru/35ffc2ef-1e09-463d-a2c4-c183d5deb59a/prints/pp2/Y502021.webp
Матовые цветные чехлы для печати,iPhone 14 Pro Max,A:502023,W502023,ПП2,3277185961,19,https://s3.twcstorage.ru/35ffc2ef-1e09-463d-a2c4-c183d5deb59a/prints/pp2/W502023.webp
Матовые цветные чехлы для печати,iPhone 14 Pro Max,A:502025,W502025,ПП2,3277187243,12,https://s3.twcstorage.ru/35ffc2ef-1e09-463d-a2c4-c183d5deb59a/prints/pp2/W502025.webp
Матовые цветные чехлы для печати,iPhone 14 Pro Max,A:502026,W502026,ПП2,3277186364,8,https://s3.twcstorage.ru/35ffc2ef-1e09-463d-a2c4-c183d5deb59a/prints/pp2/W502026.webp
Матовые цветные чехлы для печати,iPhone 14 Pro Max,A:502027,W502027,ПП2,3277186140,11,https://s3.twcstorage.ru/35ffc2ef-1e09-463d-a2c4-c183d5deb59a/prints/pp2/W502027.webp
Матовые цветные чехлы для печати,iPhone 14 Pro Max,A:502028,W502028,ПП2,3277186294,83,https://s3.twcstorage.ru/35ffc2ef-1e09-463d-a2c4-c183d5deb59a/prints/pp2/W502028.webp
Матовые цветные чехлы для печати,iPhone 14 Pro Max,A:502029,W502029,ПП2,3277186075,9,https://s3.twcstorage.ru/35ffc2ef-1e09-463d-a2c4-c183d5deb59a/prints/pp2/W502029.webp
Белые софт-тач,iPhone 14 Pro Max,A:502030,W502030,ПП2,3280280300,23,https://s3.twcstorage.ru/35ffc2ef-1e09-463d-a2c4-c183d5deb59a/prints/pp2/W502030.webp
Силиконовые чехлы,iPhone 14 Pro Max,A:502031,W502031,ПП2,3289174933,27,https://s3.twcstorage.ru/35ffc2ef-1e09-463d-a2c4-c183d5deb59a/prints/pp2/W502031.webp
Матовые цветные чехлы для печати,iPhone 14 Pro Max,A:502032,W502032,ПП2,3277186296,4,https://s3.twcstorage.ru/35ffc2ef-1e09-463d-a2c4-c183d5deb59a/prints/pp2/W502032.webp
Матовые цветные чехлы для печати,iPhone 14 Pro Max,A:502033,W502033,ПП2,3277186348,10,https://s3.twcstorage.ru/35ffc2ef-1e09-463d-a2c4-c183d5deb59a/prints/pp2/W502033.webp
Силиконовые чехлы,iPhone 14 Pro Max,A:502035,W502035,ПП2,3289176119,30,https://s3.twcstorage.ru/35ffc2ef-1e09-463d-a2c4-c183d5deb59a/prints/pp2/W502035.webp
Силиконовые чехлы,iPhone 14 Pro Max,A:502036,W502036,ПП2,3289179040,10,https://s3.twcstorage.ru/35ffc2ef-1e09-463d-a2c4-c183d5deb59a/prints/pp2/W502036.webp
Матовые цветные чехлы для печати,iPhone 14 Pro Max,A:502037,W502037,ПП2,3277185139,63,https://s3.twcstorage.ru/35ffc2ef-1e09-463d-a2c4-c183d5deb59a/prints/pp2/W502037.webp
Белые софт-тач,iPhone 14 Pro Max,A:502047,W502047,ПП2,3281216383,22,https://s3.twcstorage.ru/35ffc2ef-1e09-463d-a2c4-c183d5deb59a/prints/pp2/W502047.webp
Белые софт-тач,iPhone 14 Pro Max,A:502048,W502048,ПП2,3281215444,18,https://s3.twcstorage.ru/35ffc2ef-1e09-463d-a2c4-c183d5deb59a/prints/pp2/Y502048.webp
Силиконовые чехлы,iPhone 14 Pro Max,A:502051,W502051,ПП2,3289171992,120,https://s3.twcstorage.ru/35ffc2ef-1e09-463d-a2c4-c183d5deb59a/prints/pp2/W502051.webp
Белые софт-тач,iPhone 14 Pro Max,A:502052,W502052,ПП2,3280280842,2,https://s3.twcstorage.ru/35ffc2ef-1e09-463d-a2c4-c183d5deb59a/prints/pp2/W502052.webp
Белые софт-тач,iPhone 14 Pro Max,A:502053,W502053,ПП2,3280281703,1,https://s3.twcstorage.ru/35ffc2ef-1e09-463d-a2c4-c183d5deb59a/prints/pp2/W502053.webp
Белые софт-тач,iPhone 14 Pro Max,A:502054,W502054,ПП2,3281216895,45,https://s3.twcstorage.ru/35ffc2ef-1e09-463d-a2c4-c183d5deb59a/prints/pp2/W502054.webp
Белые софт-тач,iPhone 14 Pro Max,A:502055,W502055,ПП2,3281217254,36,https://s3.twcstorage.ru/35ffc2ef-1e09-463d-a2c4-c183d5deb59a/prints/pp2/W502055.webp
Матовые цветные чехлы для печати,iPhone 14 Pro Max,A:502056,W502056,ПП2,3277185168,47,https://s3.twcstorage.ru/35ffc2ef-1e09-463d-a2c4-c183d5deb59a/prints/pp2/W502056.webp
Белые софт-тач,iPhone 14 Pro Max,A:502057,W502057,ПП2,3281216025,35,https://s3.twcstorage.ru/35ffc2ef-1e09-463d-a2c4-c183d5deb59a/prints/pp2/W502057.webp
Силиконовые чехлы,iPhone 14 Pro Max,A:502058,W502058,ПП2,3289176318,1000000,https://s3.twcstorage.ru/35ffc2ef-1e09-463d-a2c4-c183d5deb59a/prints/pp2/W502058.webp
Силиконовые чехлы,iPhone 14 Pro Max,A:502059,W502059,ПП2,3289176150,1000000,https://s3.twcstorage.ru/35ffc2ef-1e09-463d-a2c4-c183d5deb59a/prints/pp2/W502059.webp
Матовые цветные чехлы для печати,iPhone 14 Pro Max,A:502065,W502065,ПП2,3277186189,2,https://s3.twcstorage.ru/35ffc2ef-1e09-463d-a2c4-c183d5deb59a/prints/pp2/W502065.webp
Белые софт-тач,iPhone 14 Pro Max,A:502069,W502069,ПП2,3280344955,8,https://s3.twcstorage.ru/35ffc2ef-1e09-463d-a2c4-c183d5deb59a/prints/pp2/W502069.webp
Матовые цветные чехлы для печати,iPhone 14 Pro Max,A:506329,W5063291,ПП2,4895874766,38,https://s3.twcstorage.ru/35ffc2ef-1e09-463d-a2c4-c183d5deb59a/prints/pp2/W5063291.webp
Белые софт-тач,iPhone 14 Pro Max,A:506330,W506330,ПП2,4897446002,10,https://s3.twcstorage.ru/35ffc2ef-1e09-463d-a2c4-c183d5deb59a/prints/pp2/W5063301.webp
Белые софт-тач,iPhone 14 Pro Max,A:506331,W506331,ПП2,4897446082,4,https://s3.twcstorage.ru/35ffc2ef-1e09-463d-a2c4-c183d5deb59a/prints/pp2/W5063311.webp
Силиконовые чехлы,iPhone 14 Pro Max,A:506332,W506332,ПП2,4895935960,11,https://s3.twcstorage.ru/35ffc2ef-1e09-463d-a2c4-c183d5deb59a/prints/pp2/W5063321.webp
Силиконовые чехлы,iPhone 14 Pro Max,A:506333,W506333,ПП2,4895935718,56,https://s3.twcstorage.ru/35ffc2ef-1e09-463d-a2c4-c183d5deb59a/prints/pp2/W5063331.webp
Силиконовые чехлы,iPhone 14 Pro Max,A:506334,W506334,ПП2,4895936197,14,https://s3.twcstorage.ru/35ffc2ef-1e09-463d-a2c4-c183d5deb59a/prints/pp2/W5063341.webp
Матовые цветные чехлы для печати,iPhone 14 Pro Max,A:506335,W5063351,ПП2,4895875027,39,https://s3.twcstorage.ru/35ffc2ef-1e09-463d-a2c4-c183d5deb59a/prints/pp2/W5063351.webp
Силиконовые чехлы,iPhone 14 Pro Max,A:506336,W506336,ПП2,4895934906,44,https://s3.twcstorage.ru/35ffc2ef-1e09-463d-a2c4-c183d5deb59a/prints/pp2/W5063361.webp
Матовые цветные чехлы для печати,iPhone 14 Pro Max,A:506337,W5063371,ПП2,4895875453,33,https://s3.twcstorage.ru/35ffc2ef-1e09-463d-a2c4-c183d5deb59a/prints/pp2/W5063371.webp
Белые софт-тач,iPhone 14 Pro Max,A:506338,W506338,ПП2,4897448712,62,https://s3.twcstorage.ru/35ffc2ef-1e09-463d-a2c4-c183d5deb59a/prints/pp2/W5063381.webp
Силиконовые чехлы,iPhone 14 Pro Max,A:506339,W506339,ПП2,4895936774,23,https://s3.twcstorage.ru/35ffc2ef-1e09-463d-a2c4-c183d5deb59a/prints/pp2/W5063391.webp
Белые софт-тач,iPhone 14 Pro Max,A:506340,W506340,ПП2,4897446540,3,https://s3.twcstorage.ru/35ffc2ef-1e09-463d-a2c4-c183d5deb59a/prints/pp2/W5063401.webp
Матовые цветные чехлы для печати,iPhone 14 Pro Max,A:506341,W5063411,ПП2,4895875124,55,https://s3.twcstorage.ru/35ffc2ef-1e09-463d-a2c4-c183d5deb59a/prints/pp2/W5063411.webp
Матовые цветные чехлы для печати,iPhone 14 Pro Max,A:506344,W5063441,ПП2,4895875156,88,https://s3.twcstorage.ru/35ffc2ef-1e09-463d-a2c4-c183d5deb59a/prints/pp2/W5063441.webp
Матовые цветные чехлы для печати,iPhone 14 Pro Max,A:506346,W506346,ПП2,4895875294,68,https://s3.twcstorage.ru/35ffc2ef-1e09-463d-a2c4-c183d5deb59a/prints/pp2/W506346.webp
Матовые цветные чехлы для печати,iPhone 14 Pro Max,A:506347,W5063471,ПП2,4895875869,49,https://s3.twcstorage.ru/35ffc2ef-1e09-463d-a2c4-c183d5deb59a/prints/pp2/W5063471.webp
Матовые цветные чехлы для печати,iPhone 14 Pro Max,A:506349,W506349,ПП2,4895875295,69,https://s3.twcstorage.ru/35ffc2ef-1e09-463d-a2c4-c183d5deb59a/prints/pp2/W506349.webp
Силиконовые чехлы,iPhone 14 Pro Max,A:506350,W506350,ПП2,4895936865,72,https://s3.twcstorage.ru/35ffc2ef-1e09-463d-a2c4-c183d5deb59a/prints/pp2/W5063501.webp
Матовые цветные чехлы для печати,iPhone 14 Pro Max,A:506351,W5063511,ПП2,4895876066,1000000,https://s3.twcstorage.ru/35ffc2ef-1e09-463d-a2c4-c183d5deb59a/prints/pp2/W5063511.webp
Силиконовые чехлы,iPhone 14 Pro Max,A:506353,W506353,ПП2,4895935752,1000000,https://s3.twcstorage.ru/35ffc2ef-1e09-463d-a2c4-c183d5deb59a/prints/pp2/W5063531.webp
Матовые цветные чехлы для печати,iPhone 14 Pro Max,A:506357,W5063571,ПП2,4895875373,89,https://s3.twcstorage.ru/35ffc2ef-1e09-463d-a2c4-c183d5deb59a/prints/pp2/W5063571.webp
Силиконовые чехлы,iPhone 14 Pro Max,A:506360,W506360,ПП2,4895935001,154,https://s3.twcstorage.ru/35ffc2ef-1e09-463d-a2c4-c183d5deb59a/prints/pp2/W5063601.webp
Силиконовые чехлы,iPhone 14 Pro Max,A:506361,W506361,ПП2,4895936638,50,https://s3.twcstorage.ru/35ffc2ef-1e09-463d-a2c4-c183d5deb59a/prints/pp2/W506361.webp
Матовые цветные чехлы для печати,iPhone 14 Pro Max,A:506363,W506363,ПП2,4895849348,40,https://s3.twcstorage.ru/35ffc2ef-1e09-463d-a2c4-c183d5deb59a/prints/pp2/W506363.webp
Матовые цветные чехлы для печати,iPhone 14 Pro Max,A:506364,W506364,ПП2,4895875796,56,https://s3.twcstorage.ru/35ffc2ef-1e09-463d-a2c4-c183d5deb59a/prints/pp2/W506364.webp
Матовые цветные чехлы для печати,iPhone 14 Pro Max,A:506370,W506370,ПП2,4895875905,71,https://s3.twcstorage.ru/35ffc2ef-1e09-463d-a2c4-c183d5deb59a/prints/pp2/W506370.webp
Силиконовые чехлы,iPhone 14 Pro Max,A:506372,W506372,ПП2,4895935879,45,https://s3.twcstorage.ru/35ffc2ef-1e09-463d-a2c4-c183d5deb59a/prints/pp2/W506372.webp
Матовые цветные чехлы для печати,iPhone 14 Pro Max,A:506373,W506373,ПП2,4895876036,34,https://s3.twcstorage.ru/35ffc2ef-1e09-463d-a2c4-c183d5deb59a/prints/pp2/W506373.webp
Силиконовые чехлы,iPhone 14 Pro Max,A:506374,W506374,ПП2,4895969685,34,https://s3.twcstorage.ru/35ffc2ef-1e09-463d-a2c4-c183d5deb59a/prints/pp2/W506374.webp
Силиконовые чехлы,iPhone 14 Pro Max,A:506376,W506376,ПП2,4895935166,81,https://s3.twcstorage.ru/35ffc2ef-1e09-463d-a2c4-c183d5deb59a/prints/pp2/W506376.webp
Матовые цветные чехлы для печати,iPhone 14 Pro Max,A:506377,W506377,ПП2,4895874936,73,https://s3.twcstorage.ru/35ffc2ef-1e09-463d-a2c4-c183d5deb59a/prints/pp2/W506377.webp
Силиконовые чехлы,iPhone 14 Pro Max,A:506378,W506378,ПП2,4895935947,82,https://s3.twcstorage.ru/35ffc2ef-1e09-463d-a2c4-c183d5deb59a/prints/pp2/W506378.webp
Белые софт-тач,iPhone 14 Pro Max,A:506379,W506379,ПП2,4897447331,19,https://s3.twcstorage.ru/35ffc2ef-1e09-463d-a2c4-c183d5deb59a/prints/pp2/W506379.webp
Матовые цветные чехлы для печати,iPhone 14 Pro Max,A:506381,W506381,ПП2,4895875098,26,https://s3.twcstorage.ru/35ffc2ef-1e09-463d-a2c4-c183d5deb59a/prints/pp2/W506381.webp
Силиконовые чехлы,iPhone 14 Pro Max,A:506382,Q506382,ПП2,4895934678,104,https://s3.twcstorage.ru/35ffc2ef-1e09-463d-a2c4-c183d5deb59a/prints/pp2/Q5063821.webp
Стеклянные чехлы,iPhone 14 Pro Max,A:506383,Q5063831,ПП2,4896796220,9,https://s3.twcstorage.ru/35ffc2ef-1e09-463d-a2c4-c183d5deb59a/prints/pp2/Q5063831.webp
Стеклянные чехлы,iPhone 14 Pro Max,A:506384,Q5063841,ПП2,4896798591,4,https://s3.twcstorage.ru/35ffc2ef-1e09-463d-a2c4-c183d5deb59a/prints/pp2/Q5063841.webp
Силиконовые чехлы,iPhone 15,A:501927,W501927,ПП2,3289060602,85,https://s3.twcstorage.ru/35ffc2ef-1e09-463d-a2c4-c183d5deb59a/prints/pp2/W501927.webp
Чёрные софт-тач,iPhone 15,A:501928,S501928,ПП2,3277046049,1000000,https://s3.twcstorage.ru/35ffc2ef-1e09-463d-a2c4-c183d5deb59a/prints/pp2/W501928.webp
Белые софт-тач,iPhone 15,A:501930,W501930,ПП2,3280931620,47,https://s3.twcstorage.ru/35ffc2ef-1e09-463d-a2c4-c183d5deb59a/prints/pp2/W501930.webp
Чёрные софт-тач,iPhone 15,A:501931,S501931,ПП2,3277045747,18,https://s3.twcstorage.ru/35ffc2ef-1e09-463d-a2c4-c183d5deb59a/prints/pp2/W501931.webp
Матовые цветные чехлы для печати,iPhone 15,A:501932,W501932,ПП2,3277170963,1000000,https://s3.twcstorage.ru/35ffc2ef-1e09-463d-a2c4-c183d5deb59a/prints/pp2/W501932.webp
Чёрные софт-тач,iPhone 15,A:501933,S501933,ПП2,3277046788,19,https://s3.twcstorage.ru/35ffc2ef-1e09-463d-a2c4-c183d5deb59a/prints/pp2/W501933.webp
Белые софт-тач,iPhone 15,A:501934,W501934,ПП2,3280844779,68,https://s3.twcstorage.ru/35ffc2ef-1e09-463d-a2c4-c183d5deb59a/prints/pp2/W501934.webp
Белые софт-тач,iPhone 15,A:501935,W501935,ПП2,3280892059,52,https://s3.twcstorage.ru/35ffc2ef-1e09-463d-a2c4-c183d5deb59a/prints/pp2/W501935.webp
Матовые цветные чехлы для печати,iPhone 15,A:501937,W501937,ПП2,3277171131,78,https://s3.twcstorage.ru/35ffc2ef-1e09-463d-a2c4-c183d5deb59a/prints/pp2/W501937.webp
Матовые цветные чехлы для печати,iPhone 15,A:501940,W501940,ПП2,3277170998,42,https://s3.twcstorage.ru/35ffc2ef-1e09-463d-a2c4-c183d5deb59a/prints/pp2/W501940.webp
Чёрные софт-тач,iPhone 15,A:501941,S501941,ПП2,3277046551,24,https://s3.twcstorage.ru/35ffc2ef-1e09-463d-a2c4-c183d5deb59a/prints/pp2/S501941.webp
Чёрные софт-тач,iPhone 15,A:501943,S501943,ПП2,3277045974,15,https://s3.twcstorage.ru/35ffc2ef-1e09-463d-a2c4-c183d5deb59a/prints/pp2/S501943.webp
Чёрные софт-тач,iPhone 15,A:501945,S501945,ПП2,3277045828,6,https://s3.twcstorage.ru/35ffc2ef-1e09-463d-a2c4-c183d5deb59a/prints/pp2/W501945.webp
Чёрные софт-тач,iPhone 15,A:501946,S501946,ПП2,3277046104,1,https://s3.twcstorage.ru/35ffc2ef-1e09-463d-a2c4-c183d5deb59a/prints/pp2/W501946.webp
Объемные матовые чехлы бордовые,iPhone 15,A:501947,W501947,ПП2,4998360636,4,https://s3.twcstorage.ru/35ffc2ef-1e09-463d-a2c4-c183d5deb59a/prints/pp2/W501947.webp
Чёрные софт-тач,iPhone 15,A:501949,S501949,ПП2,3277046220,4,https://s3.twcstorage.ru/35ffc2ef-1e09-463d-a2c4-c183d5deb59a/prints/pp2/W501949.webp
Чёрные софт-тач,iPhone 15,A:501950,S501950,ПП2,3277045704,3,https://s3.twcstorage.ru/35ffc2ef-1e09-463d-a2c4-c183d5deb59a/prints/pp2/W501950.webp
Чёрные софт-тач,iPhone 15,A:501951,S501951,ПП2,3277045806,5,https://s3.twcstorage.ru/35ffc2ef-1e09-463d-a2c4-c183d5deb59a/prints/pp2/W501951.webp
Чёрные софт-тач,iPhone 15,A:501952,S501952,ПП2,3277045669,25,https://s3.twcstorage.ru/35ffc2ef-1e09-463d-a2c4-c183d5deb59a/prints/pp2/W501952.webp
Белые софт-тач,iPhone 15,A:501953,W501953,ПП2,3280894067,43,https://s3.twcstorage.ru/35ffc2ef-1e09-463d-a2c4-c183d5deb59a/prints/pp2/W501953.webp
Чёрные софт-тач,iPhone 15,A:501954,S501954,ПП2,3277045757,8,https://s3.twcstorage.ru/35ffc2ef-1e09-463d-a2c4-c183d5deb59a/prints/pp2/W501954.webp
Чёрные софт-тач,iPhone 15,A:501955,S501955,ПП2,3277045970,26,https://s3.twcstorage.ru/35ffc2ef-1e09-463d-a2c4-c183d5deb59a/prints/pp2/W501955.webp
Чёрные софт-тач,iPhone 15,A:501957,S501957,ПП2,3277045981,2,https://s3.twcstorage.ru/35ffc2ef-1e09-463d-a2c4-c183d5deb59a/prints/pp2/W501957.webp
Белые софт-тач,iPhone 15,A:501958,W501958,ПП2,3280892775,1000000,https://s3.twcstorage.ru/35ffc2ef-1e09-463d-a2c4-c183d5deb59a/prints/pp2/W501958.webp
Чёрные софт-тач,iPhone 15,A:501960,S501960,ПП2,3277045781,11,https://s3.twcstorage.ru/35ffc2ef-1e09-463d-a2c4-c183d5deb59a/prints/pp2/W501960.webp
Силиконовые чехлы,iPhone 15,A:501961,C501961,ПП2,3289067173,20,https://s3.twcstorage.ru/35ffc2ef-1e09-463d-a2c4-c183d5deb59a/prints/pp2/W501961.webp
Белые софт-тач,iPhone 15,A:501962,W501962,ПП2,3280933903,20,https://s3.twcstorage.ru/35ffc2ef-1e09-463d-a2c4-c183d5deb59a/prints/pp2/W501962.webp
Силиконовые чехлы,iPhone 15,A:501966,W501966,ПП2,3289060563,87,https://s3.twcstorage.ru/35ffc2ef-1e09-463d-a2c4-c183d5deb59a/prints/pp2/W501966.webp
Силиконовые чехлы,iPhone 15,A:501967,W501967,ПП2,3289060701,136,https://s3.twcstorage.ru/35ffc2ef-1e09-463d-a2c4-c183d5deb59a/prints/pp2/W501967.webp
Силиконовые чехлы,iPhone 15,A:501969,W501969,ПП2,3289059809,1000000,https://s3.twcstorage.ru/35ffc2ef-1e09-463d-a2c4-c183d5deb59a/prints/pp2/W501969.webp
Силиконовые чехлы,iPhone 15,A:501974,Q501974,ПП2,3289060401,74,https://s3.twcstorage.ru/35ffc2ef-1e09-463d-a2c4-c183d5deb59a/prints/pp2/Q501974.webp
Силиконовые чехлы,iPhone 15,A:501976,Q501976,ПП2,3289059773,75,https://s3.twcstorage.ru/35ffc2ef-1e09-463d-a2c4-c183d5deb59a/prints/pp2/Q501976.webp
Силиконовые чехлы,iPhone 15,A:501978,Q501978,ПП2,3289065654,2,https://s3.twcstorage.ru/35ffc2ef-1e09-463d-a2c4-c183d5deb59a/prints/pp2/Q5019781.webp
Силиконовые чехлы,iPhone 15,A:501979,Q501979,ПП2,3289060431,32,https://s3.twcstorage.ru/35ffc2ef-1e09-463d-a2c4-c183d5deb59a/prints/pp2/Q5019791.webp
Стеклянные чехлы,iPhone 15,A:501980,Q5019801,ПП2,3277025386,1,https://s3.twcstorage.ru/35ffc2ef-1e09-463d-a2c4-c183d5deb59a/prints/pp2/Q5019801.webp
Стеклянные чехлы,iPhone 15,A:501981,Q5019811,ПП2,3277024086,1000000,https://s3.twcstorage.ru/35ffc2ef-1e09-463d-a2c4-c183d5deb59a/prints/pp2/Y501981.webp
Силиконовые чехлы,iPhone 15,A:501982,Q501982,ПП2,3289066542,138,https://s3.twcstorage.ru/35ffc2ef-1e09-463d-a2c4-c183d5deb59a/prints/pp2/Y501982.webp
Стеклянные чехлы,iPhone 15,A:501983,Y501983,ПП2,3277114685,11,https://s3.twcstorage.ru/35ffc2ef-1e09-463d-a2c4-c183d5deb59a/prints/pp2/Y501983.webp
Силиконовые чехлы,iPhone 15,A:501984,Q501984,ПП2,3289059949,140,https://s3.twcstorage.ru/35ffc2ef-1e09-463d-a2c4-c183d5deb59a/prints/pp2/Y501984.webp
Силиконовые чехлы,iPhone 15,A:501985,Q501985,ПП2,3289065673,113,https://s3.twcstorage.ru/35ffc2ef-1e09-463d-a2c4-c183d5deb59a/prints/pp2/Y501985.webp
Силиконовые чехлы,iPhone 15,A:501987,Q501987,ПП2,3289060721,114,https://s3.twcstorage.ru/35ffc2ef-1e09-463d-a2c4-c183d5deb59a/prints/pp2/Y501987.webp
Силиконовые чехлы,iPhone 15,A:501989,Q501989,ПП2,3289066189,61,https://s3.twcstorage.ru/35ffc2ef-1e09-463d-a2c4-c183d5deb59a/prints/pp2/Y501989.webp
Силиконовые чехлы,iPhone 15,A:501990,Q501990,ПП2,3289061350,42,https://s3.twcstorage.ru/35ffc2ef-1e09-463d-a2c4-c183d5deb59a/prints/pp2/Y501990.webp
Стеклянные чехлы,iPhone 15,A:501993,Q5019931,ПП2,3277024401,3,https://s3.twcstorage.ru/35ffc2ef-1e09-463d-a2c4-c183d5deb59a/prints/pp2/Q5019931.webp
Матовые цветные чехлы для печати,iPhone 15,A:501997,W501997,ПП2,3277170873,43,https://s3.twcstorage.ru/35ffc2ef-1e09-463d-a2c4-c183d5deb59a/prints/pp2/Y501997.webp
Белые софт-тач,iPhone 15,A:502002,W502002,ПП2,3280893029,1000000,https://s3.twcstorage.ru/35ffc2ef-1e09-463d-a2c4-c183d5deb59a/prints/pp2/W502002.webp
Матовые цветные чехлы для печати,iPhone 15,A:502003,W502003,ПП2,3277170790,20,https://s3.twcstorage.ru/35ffc2ef-1e09-463d-a2c4-c183d5deb59a/prints/pp2/W502003.webp
Белые софт-тач,iPhone 15,A:502005,W502005,ПП2,3280892644,54,https://s3.twcstorage.ru/35ffc2ef-1e09-463d-a2c4-c183d5deb59a/prints/pp2/W502005.webp
Матовые цветные чехлы для печати,iPhone 15,A:502006,W502006,ПП2,3277171896,21,https://s3.twcstorage.ru/35ffc2ef-1e09-463d-a2c4-c183d5deb59a/prints/pp2/W502006.webp
Объемные матовые чехлы бордовые,iPhone 15,A:502007,W502007,ПП2,4998359710,5,https://s3.twcstorage.ru/35ffc2ef-1e09-463d-a2c4-c183d5deb59a/prints/pp2/W502007.webp
Силиконовые чехлы,iPhone 15,A:502008,W502008,ПП2,3289060042,6,https://s3.twcstorage.ru/35ffc2ef-1e09-463d-a2c4-c183d5deb59a/prints/pp2/W502008.webp
Силиконовые чехлы,iPhone 15,A:502009,W502009,ПП2,3289064964,5,https://s3.twcstorage.ru/35ffc2ef-1e09-463d-a2c4-c183d5deb59a/prints/pp2/W502009.webp
Силиконовые чехлы,iPhone 15,A:502010,W502010,ПП2,3289059404,3,https://s3.twcstorage.ru/35ffc2ef-1e09-463d-a2c4-c183d5deb59a/prints/pp2/W502010.webp
Силиконовые чехлы,iPhone 15,A:502011,W502011,ПП2,3289065642,62,https://s3.twcstorage.ru/35ffc2ef-1e09-463d-a2c4-c183d5deb59a/prints/pp2/W502011.webp
Матовые цветные чехлы для печати,iPhone 15,A:502012,W502012,ПП2,3277172031,1,https://s3.twcstorage.ru/35ffc2ef-1e09-463d-a2c4-c183d5deb59a/prints/pp2/W502012.webp
Силиконовые чехлы,iPhone 15,A:502014,W502014,ПП2,3289059670,1,https://s3.twcstorage.ru/35ffc2ef-1e09-463d-a2c4-c183d5deb59a/prints/pp2/W502014.webp
Белые софт-тач,iPhone 15,A:502015,W502015,ПП2,3280892327,1000000,https://s3.twcstorage.ru/35ffc2ef-1e09-463d-a2c4-c183d5deb59a/prints/pp2/W502015.webp
Матовые цветные чехлы для печати,iPhone 15,A:502016,W502016,ПП2,3277171721,23,https://s3.twcstorage.ru/35ffc2ef-1e09-463d-a2c4-c183d5deb59a/prints/pp2/W502016.webp
Силиконовые чехлы,iPhone 15,A:502018,W502018,ПП2,3289058308,38,https://s3.twcstorage.ru/35ffc2ef-1e09-463d-a2c4-c183d5deb59a/prints/pp2/W502018.webp
Силиконовые чехлы,iPhone 15,A:502019,W502019,ПП2,3289060775,24,https://s3.twcstorage.ru/35ffc2ef-1e09-463d-a2c4-c183d5deb59a/prints/pp2/W502019.webp
Силиконовые чехлы,iPhone 15,A:502020,W502020,ПП2,3289064487,88,https://s3.twcstorage.ru/35ffc2ef-1e09-463d-a2c4-c183d5deb59a/prints/pp2/W502020.webp
Силиконовые чехлы,iPhone 15,A:502021,W502021,ПП2,3289065733,116,https://s3.twcstorage.ru/35ffc2ef-1e09-463d-a2c4-c183d5deb59a/prints/pp2/Y502021.webp
Матовые цветные чехлы для печати,iPhone 15,A:502023,W502023,ПП2,3277172068,19,https://s3.twcstorage.ru/35ffc2ef-1e09-463d-a2c4-c183d5deb59a/prints/pp2/W502023.webp
Объемные матовые чехлы коричневые,iPhone 15,A:502025,W502025,ПП2,4998306524,4,https://s3.twcstorage.ru/35ffc2ef-1e09-463d-a2c4-c183d5deb59a/prints/pp2/W502025.webp
Матовые цветные чехлы для печати,iPhone 15,A:502026,W502026,ПП2,3277171887,8,https://s3.twcstorage.ru/35ffc2ef-1e09-463d-a2c4-c183d5deb59a/prints/pp2/W502026.webp
Матовые цветные чехлы для печати,iPhone 15,A:502027,W502027,ПП2,3277172029,11,https://s3.twcstorage.ru/35ffc2ef-1e09-463d-a2c4-c183d5deb59a/prints/pp2/W502027.webp
Матовые цветные чехлы для печати,iPhone 15,A:502028,W502028,ПП2,3277171898,83,https://s3.twcstorage.ru/35ffc2ef-1e09-463d-a2c4-c183d5deb59a/prints/pp2/W502028.webp
Матовые цветные чехлы для печати,iPhone 15,A:502029,W502029,ПП2,3277172384,9,https://s3.twcstorage.ru/35ffc2ef-1e09-463d-a2c4-c183d5deb59a/prints/pp2/W502029.webp
Белые софт-тач,iPhone 15,A:502030,W502030,ПП2,3280892772,23,https://s3.twcstorage.ru/35ffc2ef-1e09-463d-a2c4-c183d5deb59a/prints/pp2/W502030.webp
Силиконовые чехлы,iPhone 15,A:502031,W502031,ПП2,3289064217,27,https://s3.twcstorage.ru/35ffc2ef-1e09-463d-a2c4-c183d5deb59a/prints/pp2/W502031.webp
Матовые цветные чехлы для печати,iPhone 15,A:502032,W502032,ПП2,3277171824,4,https://s3.twcstorage.ru/35ffc2ef-1e09-463d-a2c4-c183d5deb59a/prints/pp2/W502032.webp
Белые софт-тач,iPhone 15,A:502033,W502033,ПП2,3280892209,15,https://s3.twcstorage.ru/35ffc2ef-1e09-463d-a2c4-c183d5deb59a/prints/pp2/W502033.webp
Матовые цветные чехлы для печати,iPhone 15,A:502034,W502034,ПП2,3277171862,1000000,https://s3.twcstorage.ru/35ffc2ef-1e09-463d-a2c4-c183d5deb59a/prints/pp2/W502034.webp
Силиконовые чехлы,iPhone 15,A:502035,W502035,ПП2,3289060713,30,https://s3.twcstorage.ru/35ffc2ef-1e09-463d-a2c4-c183d5deb59a/prints/pp2/W502035.webp
Силиконовые чехлы,iPhone 15,A:502036,W502036,ПП2,3289064612,10,https://s3.twcstorage.ru/35ffc2ef-1e09-463d-a2c4-c183d5deb59a/prints/pp2/W502036.webp
Силиконовые чехлы,iPhone 15,A:502037,W502037,ПП2,3289064243,8,https://s3.twcstorage.ru/35ffc2ef-1e09-463d-a2c4-c183d5deb59a/prints/pp2/W502037.webp
Силиконовые чехлы,iPhone 15,A:502039,W502039,ПП2,3289059530,95,https://s3.twcstorage.ru/35ffc2ef-1e09-463d-a2c4-c183d5deb59a/prints/pp2/W502039.webp
Силиконовые чехлы,iPhone 15,A:502044,W502044,ПП2,3289059740,146,https://s3.twcstorage.ru/35ffc2ef-1e09-463d-a2c4-c183d5deb59a/prints/pp2/W502044.webp
Белые софт-тач,iPhone 15,A:502047,W502047,ПП2,3280843432,22,https://s3.twcstorage.ru/35ffc2ef-1e09-463d-a2c4-c183d5deb59a/prints/pp2/W502047.webp
Белые софт-тач,iPhone 15,A:502048,W502048,ПП2,3280841254,18,https://s3.twcstorage.ru/35ffc2ef-1e09-463d-a2c4-c183d5deb59a/prints/pp2/Y502048.webp
Белые софт-тач,iPhone 15,A:502049,W502049,ПП2,3280842465,41,https://s3.twcstorage.ru/35ffc2ef-1e09-463d-a2c4-c183d5deb59a/prints/pp2/Y502049.webp
Силиконовые чехлы,iPhone 15,A:502050,W502050,ПП2,3289065162,77,https://s3.twcstorage.ru/35ffc2ef-1e09-463d-a2c4-c183d5deb59a/prints/pp2/Y502050.webp
Белые софт-тач,iPhone 15,A:502051,W502051,ПП2,3280842080,44,https://s3.twcstorage.ru/35ffc2ef-1e09-463d-a2c4-c183d5deb59a/prints/pp2/W502051.webp
Белые софт-тач,iPhone 15,A:502052,W502052,ПП2,3280892292,2,https://s3.twcstorage.ru/35ffc2ef-1e09-463d-a2c4-c183d5deb59a/prints/pp2/W502052.webp
Белые софт-тач,iPhone 15,A:502053,W502053,ПП2,3280892738,1,https://s3.twcstorage.ru/35ffc2ef-1e09-463d-a2c4-c183d5deb59a/prints/pp2/W502053.webp
Силиконовые чехлы,iPhone 15,A:502054,W502054,ПП2,3289058443,39,https://s3.twcstorage.ru/35ffc2ef-1e09-463d-a2c4-c183d5deb59a/prints/pp2/W502054.webp
Силиконовые чехлы,iPhone 15,A:502055,W502055,ПП2,3289063800,96,https://s3.twcstorage.ru/35ffc2ef-1e09-463d-a2c4-c183d5deb59a/prints/pp2/W502055.webp
Силиконовые чехлы,iPhone 15,A:502056,W502056,ПП2,3289064412,70,https://s3.twcstorage.ru/35ffc2ef-1e09-463d-a2c4-c183d5deb59a/prints/pp2/W502056.webp
Белые софт-тач,iPhone 15,A:502057,W502057,ПП2,3280847090,35,https://s3.twcstorage.ru/35ffc2ef-1e09-463d-a2c4-c183d5deb59a/prints/pp2/W502057.webp
Белые софт-тач,iPhone 15,A:502059,W502059,ПП2,3280894078,1000000,https://s3.twcstorage.ru/35ffc2ef-1e09-463d-a2c4-c183d5deb59a/prints/pp2/W502059.webp
Силиконовые чехлы,iPhone 15,A:502061,W502061,ПП2,3289059725,147,https://s3.twcstorage.ru/35ffc2ef-1e09-463d-a2c4-c183d5deb59a/prints/pp2/Y502061.webp
Матовые цветные чехлы для печати,iPhone 15,A:502062,W502062,ПП2,3277171228,48,https://s3.twcstorage.ru/35ffc2ef-1e09-463d-a2c4-c183d5deb59a/prints/pp2/W502062.webp
Матовые цветные чехлы для печати,iPhone 15,A:502065,W502065,ПП2,3277172128,2,https://s3.twcstorage.ru/35ffc2ef-1e09-463d-a2c4-c183d5deb59a/prints/pp2/W502065.webp
Белые софт-тач,iPhone 15,A:502066,W502066,ПП2,3280933667,60,https://s3.twcstorage.ru/35ffc2ef-1e09-463d-a2c4-c183d5deb59a/prints/pp2/W502066.webp
Силиконовые чехлы,iPhone 15,A:502067,W502067,ПП2,3289058539,28,https://s3.twcstorage.ru/35ffc2ef-1e09-463d-a2c4-c183d5deb59a/prints/pp2/W5020671.webp
Белые софт-тач,iPhone 15,A:502069,W502069,ПП2,3280934186,8,https://s3.twcstorage.ru/35ffc2ef-1e09-463d-a2c4-c183d5deb59a/prints/pp2/W502069.webp
Матовые цветные чехлы для печати,iPhone 15,A:506329,W5063291,ПП2,4894958501,38,https://s3.twcstorage.ru/35ffc2ef-1e09-463d-a2c4-c183d5deb59a/prints/pp2/W5063291.webp
Белые софт-тач,iPhone 15,A:506330,W506330,ПП2,4898312634,10,https://s3.twcstorage.ru/35ffc2ef-1e09-463d-a2c4-c183d5deb59a/prints/pp2/W5063301.webp
Белые софт-тач,iPhone 15,A:506331,W506331,ПП2,4898311535,4,https://s3.twcstorage.ru/35ffc2ef-1e09-463d-a2c4-c183d5deb59a/prints/pp2/W5063311.webp
Силиконовые чехлы,iPhone 15,A:506332,W506332,ПП2,4894918413,11,https://s3.twcstorage.ru/35ffc2ef-1e09-463d-a2c4-c183d5deb59a/prints/pp2/W5063321.webp
Белые софт-тач,iPhone 15,A:506333,W506333,ПП2,4898309266,50,https://s3.twcstorage.ru/35ffc2ef-1e09-463d-a2c4-c183d5deb59a/prints/pp2/W5063331.webp
Объемные матовые чехлы черные,iPhone 15,A:506334,W5063341,ПП2,4998379243,13,https://s3.twcstorage.ru/35ffc2ef-1e09-463d-a2c4-c183d5deb59a/prints/pp2/W5063341.webp
Силиконовые чехлы,iPhone 15,A:506335,W506335,ПП2,4894925112,71,https://s3.twcstorage.ru/35ffc2ef-1e09-463d-a2c4-c183d5deb59a/prints/pp2/W5063351.webp
Объемные матовые чехлы коричневые,iPhone 15,A:506336,W5063361,ПП2,4998305037,6,https://s3.twcstorage.ru/35ffc2ef-1e09-463d-a2c4-c183d5deb59a/prints/pp2/W5063361.webp
Белые софт-тач,iPhone 15,A:506337,W506337,ПП2,4898312318,16,https://s3.twcstorage.ru/35ffc2ef-1e09-463d-a2c4-c183d5deb59a/prints/pp2/W5063371.webp
Белые софт-тач,iPhone 15,A:506338,W506338,ПП2,4898311267,62,https://s3.twcstorage.ru/35ffc2ef-1e09-463d-a2c4-c183d5deb59a/prints/pp2/W5063381.webp
Объемные матовые чехлы бордовые,iPhone 15,A:506339,W5063391,ПП2,4998358813,9,https://s3.twcstorage.ru/35ffc2ef-1e09-463d-a2c4-c183d5deb59a/prints/pp2/W5063391.webp
Объемные матовые чехлы черные,iPhone 15,A:506340,W5063401,ПП2,4998385239,2,https://s3.twcstorage.ru/35ffc2ef-1e09-463d-a2c4-c183d5deb59a/prints/pp2/W5063401.webp
Белые софт-тач,iPhone 15,A:506341,W506341,ПП2,4898315511,51,https://s3.twcstorage.ru/35ffc2ef-1e09-463d-a2c4-c183d5deb59a/prints/pp2/W5063411.webp
Матовые цветные чехлы для печати,iPhone 15,A:506343,W5063431,ПП2,4894955537,87,https://s3.twcstorage.ru/35ffc2ef-1e09-463d-a2c4-c183d5deb59a/prints/pp2/W5063431.webp
Силиконовые чехлы,iPhone 15,A:506344,W506344,ПП2,4894921298,122,https://s3.twcstorage.ru/35ffc2ef-1e09-463d-a2c4-c183d5deb59a/prints/pp2/W5063441.webp
Матовые цветные чехлы для печати,iPhone 15,A:506345,W5063451,ПП2,4894955330,67,https://s3.twcstorage.ru/35ffc2ef-1e09-463d-a2c4-c183d5deb59a/prints/pp2/W5063451.webp
Матовые цветные чехлы для печати,iPhone 15,A:506346,W506346,ПП2,4894957900,68,https://s3.twcstorage.ru/35ffc2ef-1e09-463d-a2c4-c183d5deb59a/prints/pp2/W506346.webp
Матовые цветные чехлы для печати,iPhone 15,A:506347,W5063471,ПП2,4894954988,49,https://s3.twcstorage.ru/35ffc2ef-1e09-463d-a2c4-c183d5deb59a/prints/pp2/W5063471.webp
Матовые цветные чехлы для печати,iPhone 15,A:506348,W506348,ПП2,4894954758,1000000,https://s3.twcstorage.ru/35ffc2ef-1e09-463d-a2c4-c183d5deb59a/prints/pp2/W506348.webp
Матовые цветные чехлы для печати,iPhone 15,A:506349,W506349,ПП2,4894955221,69,https://s3.twcstorage.ru/35ffc2ef-1e09-463d-a2c4-c183d5deb59a/prints/pp2/W506349.webp
Матовые цветные чехлы для печати,iPhone 15,A:506350,W5063501,ПП2,4894955651,50,https://s3.twcstorage.ru/35ffc2ef-1e09-463d-a2c4-c183d5deb59a/prints/pp2/W5063501.webp
Матовые цветные чехлы для печати,iPhone 15,A:506351,W5063511,ПП2,4894955389,1000000,https://s3.twcstorage.ru/35ffc2ef-1e09-463d-a2c4-c183d5deb59a/prints/pp2/W5063511.webp
Силиконовые чехлы,iPhone 15,A:506352,W506352,ПП2,4894919337,1000000,https://s3.twcstorage.ru/35ffc2ef-1e09-463d-a2c4-c183d5deb59a/prints/pp2/W5063521.webp
Силиконовые чехлы,iPhone 15,A:506361,W506361,ПП2,4894921042,50,https://s3.twcstorage.ru/35ffc2ef-1e09-463d-a2c4-c183d5deb59a/prints/pp2/W506361.webp
Силиконовые чехлы,iPhone 15,A:506362,W506362,ПП2,4894920251,155,https://s3.twcstorage.ru/35ffc2ef-1e09-463d-a2c4-c183d5deb59a/prints/pp2/W506362.webp
Матовые цветные чехлы для печати,iPhone 15,A:506363,W506363,ПП2,4894955461,40,https://s3.twcstorage.ru/35ffc2ef-1e09-463d-a2c4-c183d5deb59a/prints/pp2/W506363.webp
Силиконовые чехлы,iPhone 15,A:506364,W506364,ПП2,4894972100,58,https://s3.twcstorage.ru/35ffc2ef-1e09-463d-a2c4-c183d5deb59a/prints/pp2/W506364.webp
Белые софт-тач,iPhone 15,A:506366,W506366,ПП2,4898318847,75,https://s3.twcstorage.ru/35ffc2ef-1e09-463d-a2c4-c183d5deb59a/prints/pp2/W506366.webp
Белые софт-тач,iPhone 15,A:506369,W506369,ПП2,4898312824,64,https://s3.twcstorage.ru/35ffc2ef-1e09-463d-a2c4-c183d5deb59a/prints/pp2/W506369.webp
Белые софт-тач,iPhone 15,A:506370,W506370,ПП2,4898313298,65,https://s3.twcstorage.ru/35ffc2ef-1e09-463d-a2c4-c183d5deb59a/prints/pp2/W506370.webp
Силиконовые чехлы,iPhone 15,A:506371,W506371,ПП2,4894920785,157,https://s3.twcstorage.ru/35ffc2ef-1e09-463d-a2c4-c183d5deb59a/prints/pp2/W506371.webp
Объемные матовые чехлы черные,iPhone 15,A:506372,W506372,ПП2,4998379751,8,https://s3.twcstorage.ru/35ffc2ef-1e09-463d-a2c4-c183d5deb59a/prints/pp2/W506372.webp
Белые софт-тач,iPhone 15,A:506373,W506373,ПП2,4898311229,6,https://s3.twcstorage.ru/35ffc2ef-1e09-463d-a2c4-c183d5deb59a/prints/pp2/W506373.webp
Белые софт-тач,iPhone 15,A:506374,W506374,ПП2,4898310314,5,https://s3.twcstorage.ru/35ffc2ef-1e09-463d-a2c4-c183d5deb59a/prints/pp2/W506374.webp
Силиконовые чехлы,iPhone 15,A:506375,W506375,ПП2,4894920248,80,https://s3.twcstorage.ru/35ffc2ef-1e09-463d-a2c4-c183d5deb59a/prints/pp2/W506375.webp
Белые софт-тач,iPhone 15,A:506377,W506377,ПП2,4898311065,78,https://s3.twcstorage.ru/35ffc2ef-1e09-463d-a2c4-c183d5deb59a/prints/pp2/W506377.webp
Белые софт-тач,iPhone 15,A:506378,W506378,ПП2,4898313157,46,https://s3.twcstorage.ru/35ffc2ef-1e09-463d-a2c4-c183d5deb59a/prints/pp2/W506378.webp
Белые софт-тач,iPhone 15,A:506379,W506379,ПП2,4898312478,19,https://s3.twcstorage.ru/35ffc2ef-1e09-463d-a2c4-c183d5deb59a/prints/pp2/W506379.webp
Белые софт-тач,iPhone 15,A:506380,W506380,ПП2,4898311395,42,https://s3.twcstorage.ru/35ffc2ef-1e09-463d-a2c4-c183d5deb59a/prints/pp2/W506380.webp
Матовые цветные чехлы для печати,iPhone 15,A:506381,W506381,ПП2,4895009711,26,https://s3.twcstorage.ru/35ffc2ef-1e09-463d-a2c4-c183d5deb59a/prints/pp2/W506381.webp
Стеклянные чехлы,iPhone 15,A:506382,Q5063821,ПП2,4896540093,8,https://s3.twcstorage.ru/35ffc2ef-1e09-463d-a2c4-c183d5deb59a/prints/pp2/Q5063821.webp
Стеклянные чехлы,iPhone 15,A:506383,Q5063831,ПП2,4896541460,9,https://s3.twcstorage.ru/35ffc2ef-1e09-463d-a2c4-c183d5deb59a/prints/pp2/Q5063831.webp
Стеклянные чехлы,iPhone 15,A:506384,Q5063841,ПП2,4896566627,4,https://s3.twcstorage.ru/35ffc2ef-1e09-463d-a2c4-c183d5deb59a/prints/pp2/Q5063841.webp
Стеклянные чехлы,iPhone 15,A:506385,Q5063851,ПП2,4896565457,18,https://s3.twcstorage.ru/35ffc2ef-1e09-463d-a2c4-c183d5deb59a/prints/pp2/Q5063851.webp
Силиконовые чехлы,iPhone 15 Plus,A:501927,W501927,ПП2,3295498392,85,https://s3.twcstorage.ru/35ffc2ef-1e09-463d-a2c4-c183d5deb59a/prints/pp2/W501927.webp
Силиконовые чехлы,iPhone 15 Plus,A:501933,W501933,ПП2,3295499988,86,https://s3.twcstorage.ru/35ffc2ef-1e09-463d-a2c4-c183d5deb59a/prints/pp2/W501933.webp
Силиконовые чехлы,iPhone 15 Plus,A:501938,C501938,ПП2,3295498467,130,https://s3.twcstorage.ru/35ffc2ef-1e09-463d-a2c4-c183d5deb59a/prints/pp2/W501938.webp
Белые софт-тач,iPhone 15 Plus,A:501940,W501940,ПП2,3837350657,53,https://s3.twcstorage.ru/35ffc2ef-1e09-463d-a2c4-c183d5deb59a/prints/pp2/W501940.webp
Чёрные софт-тач,iPhone 15 Plus,A:501944,S501944,ПП2,3277062346,9,https://s3.twcstorage.ru/35ffc2ef-1e09-463d-a2c4-c183d5deb59a/prints/pp2/S501944.webp
Чёрные софт-тач,iPhone 15 Plus,A:501947,S501947,ПП2,3277062315,7,https://s3.twcstorage.ru/35ffc2ef-1e09-463d-a2c4-c183d5deb59a/prints/pp2/W501947.webp
Чёрные софт-тач,iPhone 15 Plus,A:501950,S501950,ПП2,3277062309,3,https://s3.twcstorage.ru/35ffc2ef-1e09-463d-a2c4-c183d5deb59a/prints/pp2/W501950.webp
Чёрные софт-тач,iPhone 15 Plus,A:501951,S501951,ПП2,3277062217,5,https://s3.twcstorage.ru/35ffc2ef-1e09-463d-a2c4-c183d5deb59a/prints/pp2/W501951.webp
Чёрные софт-тач,iPhone 15 Plus,A:501952,S501952,ПП2,3277062462,25,https://s3.twcstorage.ru/35ffc2ef-1e09-463d-a2c4-c183d5deb59a/prints/pp2/W501952.webp
Белые софт-тач,iPhone 15 Plus,A:501953,W501953,ПП2,3837347751,43,https://s3.twcstorage.ru/35ffc2ef-1e09-463d-a2c4-c183d5deb59a/prints/pp2/W501953.webp
Силиконовые чехлы,iPhone 15 Plus,A:501955,W501955,ПП2,3295497895,35,https://s3.twcstorage.ru/35ffc2ef-1e09-463d-a2c4-c183d5deb59a/prints/pp2/W501955.webp
Силиконовые чехлы,iPhone 15 Plus,A:501957,C501957,ПП2,3295498385,17,https://s3.twcstorage.ru/35ffc2ef-1e09-463d-a2c4-c183d5deb59a/prints/pp2/W501957.webp
Силиконовые чехлы,iPhone 15 Plus,A:501961,C501961,ПП2,3295500652,20,https://s3.twcstorage.ru/35ffc2ef-1e09-463d-a2c4-c183d5deb59a/prints/pp2/W501961.webp
Белые софт-тач,iPhone 15 Plus,A:501962,W501962,ПП2,3837350311,20,https://s3.twcstorage.ru/35ffc2ef-1e09-463d-a2c4-c183d5deb59a/prints/pp2/W501962.webp
Силиконовые чехлы,iPhone 15 Plus,A:501976,Q501976,ПП2,3295497419,75,https://s3.twcstorage.ru/35ffc2ef-1e09-463d-a2c4-c183d5deb59a/prints/pp2/Q501976.webp
Силиконовые чехлы,iPhone 15 Plus,A:501978,Q501978,ПП2,3295498880,2,https://s3.twcstorage.ru/35ffc2ef-1e09-463d-a2c4-c183d5deb59a/prints/pp2/Q5019781.webp
Силиконовые чехлы,iPhone 15 Plus,A:501979,Q501979,ПП2,3295500253,32,https://s3.twcstorage.ru/35ffc2ef-1e09-463d-a2c4-c183d5deb59a/prints/pp2/Q5019791.webp
Силиконовые чехлы,iPhone 15 Plus,A:501980,Q501980,ПП2,3295497965,4,https://s3.twcstorage.ru/35ffc2ef-1e09-463d-a2c4-c183d5deb59a/prints/pp2/Q5019801.webp
Силиконовые чехлы,iPhone 15 Plus,A:501981,Q501981,ПП2,3295500727,1000000,https://s3.twcstorage.ru/35ffc2ef-1e09-463d-a2c4-c183d5deb59a/prints/pp2/Y501981.webp
Силиконовые чехлы,iPhone 15 Plus,A:501996,W501996,ПП2,3295497986,66,https://s3.twcstorage.ru/35ffc2ef-1e09-463d-a2c4-c183d5deb59a/prints/pp2/Y501996.webp
Матовые цветные чехлы для печати,iPhone 15 Plus,A:501997,W501997,ПП2,3277142738,43,https://s3.twcstorage.ru/35ffc2ef-1e09-463d-a2c4-c183d5deb59a/prints/pp2/Y501997.webp
Силиконовые чехлы,iPhone 15 Plus,A:501999,W501999,ПП2,3295500026,1000000,https://s3.twcstorage.ru/35ffc2ef-1e09-463d-a2c4-c183d5deb59a/prints/pp2/W501999.webp
Силиконовые чехлы,iPhone 15 Plus,A:502005,W502005,ПП2,3295498245,94,https://s3.twcstorage.ru/35ffc2ef-1e09-463d-a2c4-c183d5deb59a/prints/pp2/W502005.webp
Матовые цветные чехлы для печати,iPhone 15 Plus,A:502007,W502007,ПП2,3277142949,15,https://s3.twcstorage.ru/35ffc2ef-1e09-463d-a2c4-c183d5deb59a/prints/pp2/W502007.webp
Белые софт-тач,iPhone 15 Plus,A:502008,W502008,ПП2,3837352985,31,https://s3.twcstorage.ru/35ffc2ef-1e09-463d-a2c4-c183d5deb59a/prints/pp2/W502008.webp
Силиконовые чехлы,iPhone 15 Plus,A:502009,W502009,ПП2,3295501521,5,https://s3.twcstorage.ru/35ffc2ef-1e09-463d-a2c4-c183d5deb59a/prints/pp2/W502009.webp
Силиконовые чехлы,iPhone 15 Plus,A:502010,W502010,ПП2,3295500395,3,https://s3.twcstorage.ru/35ffc2ef-1e09-463d-a2c4-c183d5deb59a/prints/pp2/W502010.webp
Силиконовые чехлы,iPhone 15 Plus,A:502011,W502011,ПП2,3295498234,62,https://s3.twcstorage.ru/35ffc2ef-1e09-463d-a2c4-c183d5deb59a/prints/pp2/W502011.webp
Матовые цветные чехлы для печати,iPhone 15 Plus,A:502012,W502012,ПП2,3277142880,1,https://s3.twcstorage.ru/35ffc2ef-1e09-463d-a2c4-c183d5deb59a/prints/pp2/W502012.webp
Силиконовые чехлы,iPhone 15 Plus,A:502014,W502014,ПП2,3295498112,1,https://s3.twcstorage.ru/35ffc2ef-1e09-463d-a2c4-c183d5deb59a/prints/pp2/W502014.webp
Белые софт-тач,iPhone 15 Plus,A:502016,W502016,ПП2,3837347913,24,https://s3.twcstorage.ru/35ffc2ef-1e09-463d-a2c4-c183d5deb59a/prints/pp2/W502016.webp
Матовые цветные чехлы для печати,iPhone 15 Plus,A:502017,W502017,ПП2,3277142650,1000000,https://s3.twcstorage.ru/35ffc2ef-1e09-463d-a2c4-c183d5deb59a/prints/pp2/W502017.webp
Силиконовые чехлы,iPhone 15 Plus,A:502018,W502018,ПП2,3295498327,38,https://s3.twcstorage.ru/35ffc2ef-1e09-463d-a2c4-c183d5deb59a/prints/pp2/W502018.webp
Силиконовые чехлы,iPhone 15 Plus,A:502019,W502019,ПП2,3295498464,24,https://s3.twcstorage.ru/35ffc2ef-1e09-463d-a2c4-c183d5deb59a/prints/pp2/W502019.webp
Матовые цветные чехлы для печати,iPhone 15 Plus,A:502023,W502023,ПП2,3277142886,19,https://s3.twcstorage.ru/35ffc2ef-1e09-463d-a2c4-c183d5deb59a/prints/pp2/W502023.webp
Силиконовые чехлы,iPhone 15 Plus,A:502031,W502031,ПП2,3295498230,27,https://s3.twcstorage.ru/35ffc2ef-1e09-463d-a2c4-c183d5deb59a/prints/pp2/W502031.webp
Матовые цветные чехлы для печати,iPhone 15 Plus,A:502032,W502032,ПП2,3277142862,4,https://s3.twcstorage.ru/35ffc2ef-1e09-463d-a2c4-c183d5deb59a/prints/pp2/W502032.webp
Белые софт-тач,iPhone 15 Plus,A:502033,W502033,ПП2,3837350485,15,https://s3.twcstorage.ru/35ffc2ef-1e09-463d-a2c4-c183d5deb59a/prints/pp2/W502033.webp
Матовые цветные чехлы для печати,iPhone 15 Plus,A:502034,W502034,ПП2,3277142572,1000000,https://s3.twcstorage.ru/35ffc2ef-1e09-463d-a2c4-c183d5deb59a/prints/pp2/W502034.webp
Силиконовые чехлы,iPhone 15 Plus,A:502035,W502035,ПП2,3295498400,30,https://s3.twcstorage.ru/35ffc2ef-1e09-463d-a2c4-c183d5deb59a/prints/pp2/W502035.webp
Силиконовые чехлы,iPhone 15 Plus,A:502036,W502036,ПП2,3295500406,10,https://s3.twcstorage.ru/35ffc2ef-1e09-463d-a2c4-c183d5deb59a/prints/pp2/W502036.webp
Силиконовые чехлы,iPhone 15 Plus,A:502039,W502039,ПП2,3295498299,95,https://s3.twcstorage.ru/35ffc2ef-1e09-463d-a2c4-c183d5deb59a/prints/pp2/W502039.webp
Белые софт-тач,iPhone 15 Plus,A:502047,W502047,ПП2,3837347842,22,https://s3.twcstorage.ru/35ffc2ef-1e09-463d-a2c4-c183d5deb59a/prints/pp2/W502047.webp
Силиконовые чехлы,iPhone 15 Plus,A:502048,W502048,ПП2,3295497743,33,https://s3.twcstorage.ru/35ffc2ef-1e09-463d-a2c4-c183d5deb59a/prints/pp2/Y502048.webp
Белые софт-тач,iPhone 15 Plus,A:502050,W502050,ПП2,3837350488,49,https://s3.twcstorage.ru/35ffc2ef-1e09-463d-a2c4-c183d5deb59a/prints/pp2/Y502050.webp
Белые софт-тач,iPhone 15 Plus,A:502052,W502052,ПП2,3837350746,2,https://s3.twcstorage.ru/35ffc2ef-1e09-463d-a2c4-c183d5deb59a/prints/pp2/W502052.webp
Белые софт-тач,iPhone 15 Plus,A:502053,W502053,ПП2,3837350762,1,https://s3.twcstorage.ru/35ffc2ef-1e09-463d-a2c4-c183d5deb59a/prints/pp2/W502053.webp
Матовые цветные чехлы для печати,iPhone 15 Plus,A:502055,W502055,ПП2,3277142951,1000000,https://s3.twcstorage.ru/35ffc2ef-1e09-463d-a2c4-c183d5deb59a/prints/pp2/W502055.webp
Матовые цветные чехлы для печати,iPhone 15 Plus,A:502057,W502057,ПП2,3277142833,54,https://s3.twcstorage.ru/35ffc2ef-1e09-463d-a2c4-c183d5deb59a/prints/pp2/W502057.webp
Матовые цветные чехлы для печати,iPhone 15 Plus,A:502065,W502065,ПП2,3277142640,2,https://s3.twcstorage.ru/35ffc2ef-1e09-463d-a2c4-c183d5deb59a/prints/pp2/W502065.webp
Чехол с вкладышем,iPhone 15 Plus,A:502067,W502067,ПП2,4481793366,1000000,https://s3.twcstorage.ru/35ffc2ef-1e09-463d-a2c4-c183d5deb59a/prints/pp2/W5020671.webp
Белые софт-тач,iPhone 15 Plus,A:502069,W502069,ПП2,3837350334,8,https://s3.twcstorage.ru/35ffc2ef-1e09-463d-a2c4-c183d5deb59a/prints/pp2/W502069.webp
Силиконовые чехлы,iPhone 15 Pro,A:501927,C501927,ПП2,3289127673,85,https://s3.twcstorage.ru/35ffc2ef-1e09-463d-a2c4-c183d5deb59a/prints/pp2/W501927.webp
Матовые цветные чехлы для печати,iPhone 15 Pro,A:501929,W501929,ПП2,3277179011,58,https://s3.twcstorage.ru/35ffc2ef-1e09-463d-a2c4-c183d5deb59a/prints/pp2/W501929.webp
Матовые цветные чехлы для печати,iPhone 15 Pro,A:501930,W501930,ПП2,3277179061,75,https://s3.twcstorage.ru/35ffc2ef-1e09-463d-a2c4-c183d5deb59a/prints/pp2/W501930.webp
Матовые цветные чехлы для печати,iPhone 15 Pro,A:501931,W501931,ПП2,3277178824,59,https://s3.twcstorage.ru/35ffc2ef-1e09-463d-a2c4-c183d5deb59a/prints/pp2/W501931.webp
Белые софт-тач,iPhone 15 Pro,A:501932,W501932,ПП2,3281196468,67,https://s3.twcstorage.ru/35ffc2ef-1e09-463d-a2c4-c183d5deb59a/prints/pp2/W501932.webp
Чёрные софт-тач,iPhone 15 Pro,A:501933,S501933,ПП2,3277076922,19,https://s3.twcstorage.ru/35ffc2ef-1e09-463d-a2c4-c183d5deb59a/prints/pp2/W501933.webp
Матовые цветные чехлы для печати,iPhone 15 Pro,A:501937,W501937,ПП2,3277178885,78,https://s3.twcstorage.ru/35ffc2ef-1e09-463d-a2c4-c183d5deb59a/prints/pp2/W501937.webp
Матовые цветные чехлы для печати,iPhone 15 Pro,A:501938,W501938,ПП2,3277179283,51,https://s3.twcstorage.ru/35ffc2ef-1e09-463d-a2c4-c183d5deb59a/prints/pp2/W501938.webp
Силиконовые чехлы,iPhone 15 Pro,A:501940,C501940,ПП2,3289127480,106,https://s3.twcstorage.ru/35ffc2ef-1e09-463d-a2c4-c183d5deb59a/prints/pp2/W501940.webp
Силиконовые чехлы,iPhone 15 Pro,A:501942,C501942,ПП2,3289127520,108,https://s3.twcstorage.ru/35ffc2ef-1e09-463d-a2c4-c183d5deb59a/prints/pp2/S501942.webp
Чёрные софт-тач,iPhone 15 Pro,A:501944,S501944,ПП2,3277076801,9,https://s3.twcstorage.ru/35ffc2ef-1e09-463d-a2c4-c183d5deb59a/prints/pp2/S501944.webp
Силиконовые чехлы,iPhone 15 Pro,A:501945,W501945,ПП2,3289127567,131,https://s3.twcstorage.ru/35ffc2ef-1e09-463d-a2c4-c183d5deb59a/prints/pp2/W501945.webp
Чёрные софт-тач,iPhone 15 Pro,A:501946,S501946,ПП2,3277075534,1,https://s3.twcstorage.ru/35ffc2ef-1e09-463d-a2c4-c183d5deb59a/prints/pp2/W501946.webp
Матовые цветные чехлы для печати,iPhone 15 Pro,A:501947,W501947,ПП2,3277178858,5,https://s3.twcstorage.ru/35ffc2ef-1e09-463d-a2c4-c183d5deb59a/prints/pp2/W501947.webp
Чёрные софт-тач,iPhone 15 Pro,A:501948,S501948,ПП2,3277075594,1000000,https://s3.twcstorage.ru/35ffc2ef-1e09-463d-a2c4-c183d5deb59a/prints/pp2/W501948.webp
Чёрные софт-тач,iPhone 15 Pro,A:501949,S501949,ПП2,3277075497,4,https://s3.twcstorage.ru/35ffc2ef-1e09-463d-a2c4-c183d5deb59a/prints/pp2/W501949.webp
Чёрные софт-тач,iPhone 15 Pro,A:501950,S501950,ПП2,3277075668,3,https://s3.twcstorage.ru/35ffc2ef-1e09-463d-a2c4-c183d5deb59a/prints/pp2/W501950.webp
Чёрные софт-тач,iPhone 15 Pro,A:501951,S501951,ПП2,3277076628,5,https://s3.twcstorage.ru/35ffc2ef-1e09-463d-a2c4-c183d5deb59a/prints/pp2/W501951.webp
Белые софт-тач,iPhone 15 Pro,A:501953,W501953,ПП2,3281198041,43,https://s3.twcstorage.ru/35ffc2ef-1e09-463d-a2c4-c183d5deb59a/prints/pp2/W501953.webp
Силиконовые чехлы,iPhone 15 Pro,A:501955,W501955,ПП2,3289127559,35,https://s3.twcstorage.ru/35ffc2ef-1e09-463d-a2c4-c183d5deb59a/prints/pp2/W501955.webp
Чёрные софт-тач,iPhone 15 Pro,A:501957,S501957,ПП2,3277077055,2,https://s3.twcstorage.ru/35ffc2ef-1e09-463d-a2c4-c183d5deb59a/prints/pp2/W501957.webp
Чёрные софт-тач,iPhone 15 Pro,A:501958,S501958,ПП2,3277075519,28,https://s3.twcstorage.ru/35ffc2ef-1e09-463d-a2c4-c183d5deb59a/prints/pp2/W501958.webp
Силиконовые чехлы,iPhone 15 Pro,A:501960,C501960,ПП2,3289130764,29,https://s3.twcstorage.ru/35ffc2ef-1e09-463d-a2c4-c183d5deb59a/prints/pp2/W501960.webp
Силиконовые чехлы,iPhone 15 Pro,A:501961,C501961,ПП2,3289132685,20,https://s3.twcstorage.ru/35ffc2ef-1e09-463d-a2c4-c183d5deb59a/prints/pp2/W501961.webp
Силиконовые чехлы,iPhone 15 Pro,A:501962,C501962,ПП2,3289134467,31,https://s3.twcstorage.ru/35ffc2ef-1e09-463d-a2c4-c183d5deb59a/prints/pp2/W501962.webp
Силиконовые чехлы,iPhone 15 Pro,A:501966,W501966,ПП2,3289127712,87,https://s3.twcstorage.ru/35ffc2ef-1e09-463d-a2c4-c183d5deb59a/prints/pp2/W501966.webp
Силиконовые чехлы,iPhone 15 Pro,A:501967,W501967,ПП2,3289127016,136,https://s3.twcstorage.ru/35ffc2ef-1e09-463d-a2c4-c183d5deb59a/prints/pp2/W501967.webp
Силиконовые чехлы,iPhone 15 Pro,A:501972,Q501972,ПП2,3289127288,112,https://s3.twcstorage.ru/35ffc2ef-1e09-463d-a2c4-c183d5deb59a/prints/pp2/Q501972.webp
Силиконовые чехлы,iPhone 15 Pro,A:501978,Q501978,ПП2,3289127358,2,https://s3.twcstorage.ru/35ffc2ef-1e09-463d-a2c4-c183d5deb59a/prints/pp2/Q5019781.webp
Силиконовые чехлы,iPhone 15 Pro,A:501979,Q501979,ПП2,3289127343,32,https://s3.twcstorage.ru/35ffc2ef-1e09-463d-a2c4-c183d5deb59a/prints/pp2/Q5019791.webp
Стеклянные чехлы,iPhone 15 Pro,A:501980,Q5019801,ПП2,3277025749,1,https://s3.twcstorage.ru/35ffc2ef-1e09-463d-a2c4-c183d5deb59a/prints/pp2/Q5019801.webp
Силиконовые чехлы,iPhone 15 Pro,A:501983,Q501983,ПП2,3289127496,139,https://s3.twcstorage.ru/35ffc2ef-1e09-463d-a2c4-c183d5deb59a/prints/pp2/Y501983.webp
Силиконовые чехлы,iPhone 15 Pro,A:501987,Q501987,ПП2,3289127540,114,https://s3.twcstorage.ru/35ffc2ef-1e09-463d-a2c4-c183d5deb59a/prints/pp2/Y501987.webp
Силиконовые чехлы,iPhone 15 Pro,A:501989,Q501989,ПП2,3289127662,61,https://s3.twcstorage.ru/35ffc2ef-1e09-463d-a2c4-c183d5deb59a/prints/pp2/Y501989.webp
Силиконовые чехлы,iPhone 15 Pro,A:501990,Q501990,ПП2,3289130747,42,https://s3.twcstorage.ru/35ffc2ef-1e09-463d-a2c4-c183d5deb59a/prints/pp2/Y501990.webp
Стеклянные чехлы,iPhone 15 Pro,A:501993,Q5019931,ПП2,3277024668,3,https://s3.twcstorage.ru/35ffc2ef-1e09-463d-a2c4-c183d5deb59a/prints/pp2/Q5019931.webp
Силиконовые чехлы,iPhone 15 Pro,A:501996,W501996,ПП2,3289127842,66,https://s3.twcstorage.ru/35ffc2ef-1e09-463d-a2c4-c183d5deb59a/prints/pp2/Y501996.webp
Силиконовые чехлы,iPhone 15 Pro,A:501997,W501997,ПП2,3289127871,67,https://s3.twcstorage.ru/35ffc2ef-1e09-463d-a2c4-c183d5deb59a/prints/pp2/Y501997.webp
Матовые цветные чехлы для печати,iPhone 15 Pro,A:502003,W502003,ПП2,3277178732,20,https://s3.twcstorage.ru/35ffc2ef-1e09-463d-a2c4-c183d5deb59a/prints/pp2/W502003.webp
Белые софт-тач,iPhone 15 Pro,A:502005,W502005,ПП2,3280281272,54,https://s3.twcstorage.ru/35ffc2ef-1e09-463d-a2c4-c183d5deb59a/prints/pp2/W502005.webp
Матовые цветные чехлы для печати,iPhone 15 Pro,A:502006,W502006,ПП2,3277178613,21,https://s3.twcstorage.ru/35ffc2ef-1e09-463d-a2c4-c183d5deb59a/prints/pp2/W502006.webp
Матовые цветные чехлы для печати,iPhone 15 Pro,A:502007,W502007,ПП2,3277178793,15,https://s3.twcstorage.ru/35ffc2ef-1e09-463d-a2c4-c183d5deb59a/prints/pp2/W502007.webp
Силиконовые чехлы,iPhone 15 Pro,A:502008,W502008,ПП2,3289130758,6,https://s3.twcstorage.ru/35ffc2ef-1e09-463d-a2c4-c183d5deb59a/prints/pp2/W502008.webp
Силиконовые чехлы,iPhone 15 Pro,A:502009,W502009,ПП2,3289132129,5,https://s3.twcstorage.ru/35ffc2ef-1e09-463d-a2c4-c183d5deb59a/prints/pp2/W502009.webp
Силиконовые чехлы,iPhone 15 Pro,A:502010,W502010,ПП2,3289127545,3,https://s3.twcstorage.ru/35ffc2ef-1e09-463d-a2c4-c183d5deb59a/prints/pp2/W502010.webp
Силиконовые чехлы,iPhone 15 Pro,A:502011,W502011,ПП2,3289127700,62,https://s3.twcstorage.ru/35ffc2ef-1e09-463d-a2c4-c183d5deb59a/prints/pp2/W502011.webp
Матовые цветные чехлы для печати,iPhone 15 Pro,A:502012,W502012,ПП2,3277178833,1,https://s3.twcstorage.ru/35ffc2ef-1e09-463d-a2c4-c183d5deb59a/prints/pp2/W502012.webp
Силиконовые чехлы,iPhone 15 Pro,A:502014,W502014,ПП2,3289127212,1,https://s3.twcstorage.ru/35ffc2ef-1e09-463d-a2c4-c183d5deb59a/prints/pp2/W502014.webp
Матовые цветные чехлы для печати,iPhone 15 Pro,A:502016,W502016,ПП2,3277179042,23,https://s3.twcstorage.ru/35ffc2ef-1e09-463d-a2c4-c183d5deb59a/prints/pp2/W502016.webp
Силиконовые чехлы,iPhone 15 Pro,A:502018,W502018,ПП2,3289127214,38,https://s3.twcstorage.ru/35ffc2ef-1e09-463d-a2c4-c183d5deb59a/prints/pp2/W502018.webp
Силиконовые чехлы,iPhone 15 Pro,A:502019,W502019,ПП2,3289127435,24,https://s3.twcstorage.ru/35ffc2ef-1e09-463d-a2c4-c183d5deb59a/prints/pp2/W502019.webp
Матовые цветные чехлы для печати,iPhone 15 Pro,A:502021,W502021,ПП2,3277178945,82,https://s3.twcstorage.ru/35ffc2ef-1e09-463d-a2c4-c183d5deb59a/prints/pp2/Y502021.webp
Матовые цветные чехлы для печати,iPhone 15 Pro,A:502025,W502025,ПП2,3277179158,12,https://s3.twcstorage.ru/35ffc2ef-1e09-463d-a2c4-c183d5deb59a/prints/pp2/W502025.webp
Силиконовые чехлы,iPhone 15 Pro,A:502026,W502026,ПП2,3289132194,52,https://s3.twcstorage.ru/35ffc2ef-1e09-463d-a2c4-c183d5deb59a/prints/pp2/W502026.webp
Матовые цветные чехлы для печати,iPhone 15 Pro,A:502027,W502027,ПП2,3277178761,11,https://s3.twcstorage.ru/35ffc2ef-1e09-463d-a2c4-c183d5deb59a/prints/pp2/W502027.webp
Матовые цветные чехлы для печати,iPhone 15 Pro,A:502028,W502028,ПП2,3277179743,83,https://s3.twcstorage.ru/35ffc2ef-1e09-463d-a2c4-c183d5deb59a/prints/pp2/W502028.webp
Матовые цветные чехлы для печати,iPhone 15 Pro,A:502029,W502029,ПП2,3277178753,9,https://s3.twcstorage.ru/35ffc2ef-1e09-463d-a2c4-c183d5deb59a/prints/pp2/W502029.webp
Белые софт-тач,iPhone 15 Pro,A:502030,W502030,ПП2,3280281090,23,https://s3.twcstorage.ru/35ffc2ef-1e09-463d-a2c4-c183d5deb59a/prints/pp2/W502030.webp
Силиконовые чехлы,iPhone 15 Pro,A:502031,W502031,ПП2,3289127441,27,https://s3.twcstorage.ru/35ffc2ef-1e09-463d-a2c4-c183d5deb59a/prints/pp2/W502031.webp
Матовые цветные чехлы для печати,iPhone 15 Pro,A:502032,W502032,ПП2,3277178870,4,https://s3.twcstorage.ru/35ffc2ef-1e09-463d-a2c4-c183d5deb59a/prints/pp2/W502032.webp
Матовые цветные чехлы для печати,iPhone 15 Pro,A:502033,W502033,ПП2,3277178974,10,https://s3.twcstorage.ru/35ffc2ef-1e09-463d-a2c4-c183d5deb59a/prints/pp2/W502033.webp
Силиконовые чехлы,iPhone 15 Pro,A:502035,W502035,ПП2,3289127111,30,https://s3.twcstorage.ru/35ffc2ef-1e09-463d-a2c4-c183d5deb59a/prints/pp2/W502035.webp
Силиконовые чехлы,iPhone 15 Pro,A:502036,W502036,ПП2,3289126843,10,https://s3.twcstorage.ru/35ffc2ef-1e09-463d-a2c4-c183d5deb59a/prints/pp2/W502036.webp
Силиконовые чехлы,iPhone 15 Pro,A:502037,W502037,ПП2,3289128108,8,https://s3.twcstorage.ru/35ffc2ef-1e09-463d-a2c4-c183d5deb59a/prints/pp2/W502037.webp
Белые софт-тач,iPhone 15 Pro,A:502047,W502047,ПП2,3281197963,22,https://s3.twcstorage.ru/35ffc2ef-1e09-463d-a2c4-c183d5deb59a/prints/pp2/W502047.webp
Белые софт-тач,iPhone 15 Pro,A:502048,W502048,ПП2,3281196489,18,https://s3.twcstorage.ru/35ffc2ef-1e09-463d-a2c4-c183d5deb59a/prints/pp2/Y502048.webp
Белые софт-тач,iPhone 15 Pro,A:502049,W502049,ПП2,3281197193,41,https://s3.twcstorage.ru/35ffc2ef-1e09-463d-a2c4-c183d5deb59a/prints/pp2/Y502049.webp
Матовые цветные чехлы для печати,iPhone 15 Pro,A:502050,W502050,ПП2,3277178505,46,https://s3.twcstorage.ru/35ffc2ef-1e09-463d-a2c4-c183d5deb59a/prints/pp2/Y502050.webp
Белые софт-тач,iPhone 15 Pro,A:502051,W502051,ПП2,3281192545,44,https://s3.twcstorage.ru/35ffc2ef-1e09-463d-a2c4-c183d5deb59a/prints/pp2/W502051.webp
Белые софт-тач,iPhone 15 Pro,A:502052,W502052,ПП2,3280280245,2,https://s3.twcstorage.ru/35ffc2ef-1e09-463d-a2c4-c183d5deb59a/prints/pp2/W502052.webp
Белые софт-тач,iPhone 15 Pro,A:502053,W502053,ПП2,3280280323,1,https://s3.twcstorage.ru/35ffc2ef-1e09-463d-a2c4-c183d5deb59a/prints/pp2/W502053.webp
Силиконовые чехлы,iPhone 15 Pro,A:502054,W502054,ПП2,3289127730,39,https://s3.twcstorage.ru/35ffc2ef-1e09-463d-a2c4-c183d5deb59a/prints/pp2/W502054.webp
Силиконовые чехлы,iPhone 15 Pro,A:502055,W502055,ПП2,3289127266,96,https://s3.twcstorage.ru/35ffc2ef-1e09-463d-a2c4-c183d5deb59a/prints/pp2/W502055.webp
Матовые цветные чехлы для печати,iPhone 15 Pro,A:502056,W502056,ПП2,3277179247,47,https://s3.twcstorage.ru/35ffc2ef-1e09-463d-a2c4-c183d5deb59a/prints/pp2/W502056.webp
Белые софт-тач,iPhone 15 Pro,A:502059,W502059,ПП2,3281192139,1000000,https://s3.twcstorage.ru/35ffc2ef-1e09-463d-a2c4-c183d5deb59a/prints/pp2/W502059.webp
Силиконовые чехлы,iPhone 15 Pro,A:502061,W502061,ПП2,3289127175,147,https://s3.twcstorage.ru/35ffc2ef-1e09-463d-a2c4-c183d5deb59a/prints/pp2/Y502061.webp
Матовые цветные чехлы для печати,iPhone 15 Pro,A:502063,W502063,ПП2,3277178825,1000000,https://s3.twcstorage.ru/35ffc2ef-1e09-463d-a2c4-c183d5deb59a/prints/pp2/W502063.webp
Силиконовые чехлы,iPhone 15 Pro,A:502064,W502064,ПП2,3289127250,121,https://s3.twcstorage.ru/35ffc2ef-1e09-463d-a2c4-c183d5deb59a/prints/pp2/W502064.webp
Матовые цветные чехлы для печати,iPhone 15 Pro,A:502065,W502065,ПП2,3277178928,2,https://s3.twcstorage.ru/35ffc2ef-1e09-463d-a2c4-c183d5deb59a/prints/pp2/W502065.webp
Белые софт-тач,iPhone 15 Pro,A:502066,W502066,ПП2,3280282138,60,https://s3.twcstorage.ru/35ffc2ef-1e09-463d-a2c4-c183d5deb59a/prints/pp2/W502066.webp
Силиконовые чехлы,iPhone 15 Pro,A:502067,W502067,ПП2,3289130970,28,https://s3.twcstorage.ru/35ffc2ef-1e09-463d-a2c4-c183d5deb59a/prints/pp2/W5020671.webp
Белые софт-тач,iPhone 15 Pro,A:502068,W502068,ПП2,3280281652,1000000,https://s3.twcstorage.ru/35ffc2ef-1e09-463d-a2c4-c183d5deb59a/prints/pp2/W502068.webp
Белые софт-тач,iPhone 15 Pro,A:502069,W502069,ПП2,3280280447,8,https://s3.twcstorage.ru/35ffc2ef-1e09-463d-a2c4-c183d5deb59a/prints/pp2/W502069.webp
Матовые цветные чехлы для печати,iPhone 15 Pro,A:506329,W5063291,ПП2,4895587345,38,https://s3.twcstorage.ru/35ffc2ef-1e09-463d-a2c4-c183d5deb59a/prints/pp2/W5063291.webp
Белые софт-тач,iPhone 15 Pro,A:506330,W506330,ПП2,4898868525,10,https://s3.twcstorage.ru/35ffc2ef-1e09-463d-a2c4-c183d5deb59a/prints/pp2/W5063301.webp
Белые софт-тач,iPhone 15 Pro,A:506331,W506331,ПП2,4899050483,4,https://s3.twcstorage.ru/35ffc2ef-1e09-463d-a2c4-c183d5deb59a/prints/pp2/W5063311.webp
Силиконовые чехлы,iPhone 15 Pro,A:506332,W506332,ПП2,4895620582,11,https://s3.twcstorage.ru/35ffc2ef-1e09-463d-a2c4-c183d5deb59a/prints/pp2/W5063321.webp
Силиконовые чехлы,iPhone 15 Pro,A:506333,W506333,ПП2,4895583990,56,https://s3.twcstorage.ru/35ffc2ef-1e09-463d-a2c4-c183d5deb59a/prints/pp2/W5063331.webp
Силиконовые чехлы,iPhone 15 Pro,A:506334,W506334,ПП2,4895620379,14,https://s3.twcstorage.ru/35ffc2ef-1e09-463d-a2c4-c183d5deb59a/prints/pp2/W5063341.webp
Матовые цветные чехлы для печати,iPhone 15 Pro,A:506335,W5063351,ПП2,4895544000,39,https://s3.twcstorage.ru/35ffc2ef-1e09-463d-a2c4-c183d5deb59a/prints/pp2/W5063351.webp
Белые софт-тач,iPhone 15 Pro,A:506336,W506336,ПП2,4899057753,12,https://s3.twcstorage.ru/35ffc2ef-1e09-463d-a2c4-c183d5deb59a/prints/pp2/W5063361.webp
Матовые цветные чехлы для печати,iPhone 15 Pro,A:506337,W5063371,ПП2,4895588117,33,https://s3.twcstorage.ru/35ffc2ef-1e09-463d-a2c4-c183d5deb59a/prints/pp2/W5063371.webp
Силиконовые чехлы,iPhone 15 Pro,A:506338,W506338,ПП2,4895619592,64,https://s3.twcstorage.ru/35ffc2ef-1e09-463d-a2c4-c183d5deb59a/prints/pp2/W5063381.webp
Силиконовые чехлы,iPhone 15 Pro,A:506339,W506339,ПП2,4895620768,23,https://s3.twcstorage.ru/35ffc2ef-1e09-463d-a2c4-c183d5deb59a/prints/pp2/W5063391.webp
Белые софт-тач,iPhone 15 Pro,A:506340,W506340,ПП2,4898869765,3,https://s3.twcstorage.ru/35ffc2ef-1e09-463d-a2c4-c183d5deb59a/prints/pp2/W5063401.webp
Матовые цветные чехлы для печати,iPhone 15 Pro,A:506343,W5063431,ПП2,4895586716,87,https://s3.twcstorage.ru/35ffc2ef-1e09-463d-a2c4-c183d5deb59a/prints/pp2/W5063431.webp
Матовые цветные чехлы для печати,iPhone 15 Pro,A:506345,W5063451,ПП2,4895543029,67,https://s3.twcstorage.ru/35ffc2ef-1e09-463d-a2c4-c183d5deb59a/prints/pp2/W5063451.webp
Матовые цветные чехлы для печати,iPhone 15 Pro,A:506346,W506346,ПП2,4895542588,68,https://s3.twcstorage.ru/35ffc2ef-1e09-463d-a2c4-c183d5deb59a/prints/pp2/W506346.webp
Силиконовые чехлы,iPhone 15 Pro,A:506348,W506348,ПП2,4895620294,99,https://s3.twcstorage.ru/35ffc2ef-1e09-463d-a2c4-c183d5deb59a/prints/pp2/W506348.webp
Силиконовые чехлы,iPhone 15 Pro,A:506350,W506350,ПП2,4895619958,72,https://s3.twcstorage.ru/35ffc2ef-1e09-463d-a2c4-c183d5deb59a/prints/pp2/W5063501.webp
Матовые цветные чехлы для печати,iPhone 15 Pro,A:506351,W5063511,ПП2,4895544650,1000000,https://s3.twcstorage.ru/35ffc2ef-1e09-463d-a2c4-c183d5deb59a/prints/pp2/W5063511.webp
Силиконовые чехлы,iPhone 15 Pro,A:506360,W506360,ПП2,4895583980,154,https://s3.twcstorage.ru/35ffc2ef-1e09-463d-a2c4-c183d5deb59a/prints/pp2/W5063601.webp
Матовые цветные чехлы для печати,iPhone 15 Pro,A:506363,W506363,ПП2,4895542977,40,https://s3.twcstorage.ru/35ffc2ef-1e09-463d-a2c4-c183d5deb59a/prints/pp2/W506363.webp
Матовые цветные чехлы для печати,iPhone 15 Pro,A:506364,W506364,ПП2,4895586756,56,https://s3.twcstorage.ru/35ffc2ef-1e09-463d-a2c4-c183d5deb59a/prints/pp2/W506364.webp
Матовые цветные чехлы для печати,iPhone 15 Pro,A:506369,W506369,ПП2,4895587039,1000000,https://s3.twcstorage.ru/35ffc2ef-1e09-463d-a2c4-c183d5deb59a/prints/pp2/W506369.webp
Силиконовые чехлы,iPhone 15 Pro,A:506371,W506371,ПП2,4895583813,157,https://s3.twcstorage.ru/35ffc2ef-1e09-463d-a2c4-c183d5deb59a/prints/pp2/W506371.webp
Матовые цветные чехлы для печати,iPhone 15 Pro,A:506372,W506372,ПП2,4895542539,25,https://s3.twcstorage.ru/35ffc2ef-1e09-463d-a2c4-c183d5deb59a/prints/pp2/W506372.webp
Белые софт-тач,iPhone 15 Pro,A:506373,W506373,ПП2,4899051153,6,https://s3.twcstorage.ru/35ffc2ef-1e09-463d-a2c4-c183d5deb59a/prints/pp2/W506373.webp
Белые софт-тач,iPhone 15 Pro,A:506374,W506374,ПП2,4898870211,5,https://s3.twcstorage.ru/35ffc2ef-1e09-463d-a2c4-c183d5deb59a/prints/pp2/W506374.webp
Силиконовые чехлы,iPhone 15 Pro,A:506375,W506375,ПП2,4895619703,80,https://s3.twcstorage.ru/35ffc2ef-1e09-463d-a2c4-c183d5deb59a/prints/pp2/W506375.webp
Силиконовые чехлы,iPhone 15 Pro,A:506378,W506378,ПП2,4895619839,82,https://s3.twcstorage.ru/35ffc2ef-1e09-463d-a2c4-c183d5deb59a/prints/pp2/W506378.webp
Белые софт-тач,iPhone 15 Pro,A:506379,W506379,ПП2,4898871672,19,https://s3.twcstorage.ru/35ffc2ef-1e09-463d-a2c4-c183d5deb59a/prints/pp2/W506379.webp
Белые софт-тач,iPhone 15 Pro,A:506380,W506380,ПП2,4898870007,42,https://s3.twcstorage.ru/35ffc2ef-1e09-463d-a2c4-c183d5deb59a/prints/pp2/W506380.webp
Матовые цветные чехлы для печати,iPhone 15 Pro,A:506381,W506381,ПП2,4895586848,26,https://s3.twcstorage.ru/35ffc2ef-1e09-463d-a2c4-c183d5deb59a/prints/pp2/W506381.webp
Силиконовые чехлы,iPhone 15 Pro,A:506383,Q506383,ПП2,4895584140,59,https://s3.twcstorage.ru/35ffc2ef-1e09-463d-a2c4-c183d5deb59a/prints/pp2/Q5063831.webp
Стеклянные чехлы,iPhone 15 Pro,A:506384,Q5063841,ПП2,4896565691,4,https://s3.twcstorage.ru/35ffc2ef-1e09-463d-a2c4-c183d5deb59a/prints/pp2/Q5063841.webp
Чёрные софт-тач,iPhone 15 Pro Max,A:501927,S501927,ПП2,3277047170,13,https://s3.twcstorage.ru/35ffc2ef-1e09-463d-a2c4-c183d5deb59a/prints/pp2/W501927.webp
Матовые цветные чехлы для печати,iPhone 15 Pro Max,A:501930,W501930,ПП2,3277176098,75,https://s3.twcstorage.ru/35ffc2ef-1e09-463d-a2c4-c183d5deb59a/prints/pp2/W501930.webp
Белые софт-тач,iPhone 15 Pro Max,A:501932,W501932,ПП2,3281045013,67,https://s3.twcstorage.ru/35ffc2ef-1e09-463d-a2c4-c183d5deb59a/prints/pp2/W501932.webp
Чёрные софт-тач,iPhone 15 Pro Max,A:501933,S501933,ПП2,3277047034,19,https://s3.twcstorage.ru/35ffc2ef-1e09-463d-a2c4-c183d5deb59a/prints/pp2/W501933.webp
Силиконовые чехлы,iPhone 15 Pro Max,A:501934,C501934,ПП2,3289106396,127,https://s3.twcstorage.ru/35ffc2ef-1e09-463d-a2c4-c183d5deb59a/prints/pp2/W501934.webp
Белые софт-тач,iPhone 15 Pro Max,A:501935,W501935,ПП2,3281045407,52,https://s3.twcstorage.ru/35ffc2ef-1e09-463d-a2c4-c183d5deb59a/prints/pp2/W501935.webp
Белые софт-тач,iPhone 15 Pro Max,A:501937,W501937,ПП2,3281045172,58,https://s3.twcstorage.ru/35ffc2ef-1e09-463d-a2c4-c183d5deb59a/prints/pp2/W501937.webp
Матовые цветные чехлы для печати,iPhone 15 Pro Max,A:501938,W501938,ПП2,3277176490,51,https://s3.twcstorage.ru/35ffc2ef-1e09-463d-a2c4-c183d5deb59a/prints/pp2/W501938.webp
Силиконовые чехлы,iPhone 15 Pro Max,A:501940,C501940,ПП2,3289108382,106,https://s3.twcstorage.ru/35ffc2ef-1e09-463d-a2c4-c183d5deb59a/prints/pp2/W501940.webp
Силиконовые чехлы,iPhone 15 Pro Max,A:501944,C501944,ПП2,3289105212,65,https://s3.twcstorage.ru/35ffc2ef-1e09-463d-a2c4-c183d5deb59a/prints/pp2/S501944.webp
Чёрные софт-тач,iPhone 15 Pro Max,A:501946,S501946,ПП2,3277046854,1,https://s3.twcstorage.ru/35ffc2ef-1e09-463d-a2c4-c183d5deb59a/prints/pp2/W501946.webp
Матовые цветные чехлы для печати,iPhone 15 Pro Max,A:501947,W501947,ПП2,3277177647,5,https://s3.twcstorage.ru/35ffc2ef-1e09-463d-a2c4-c183d5deb59a/prints/pp2/W501947.webp
Чёрные софт-тач,iPhone 15 Pro Max,A:501949,S501949,ПП2,3277047115,4,https://s3.twcstorage.ru/35ffc2ef-1e09-463d-a2c4-c183d5deb59a/prints/pp2/W501949.webp
Чёрные софт-тач,iPhone 15 Pro Max,A:501950,S501950,ПП2,3277048091,3,https://s3.twcstorage.ru/35ffc2ef-1e09-463d-a2c4-c183d5deb59a/prints/pp2/W501950.webp
Чёрные софт-тач,iPhone 15 Pro Max,A:501951,S501951,ПП2,3277047192,5,https://s3.twcstorage.ru/35ffc2ef-1e09-463d-a2c4-c183d5deb59a/prints/pp2/W501951.webp
Силиконовые чехлы,iPhone 15 Pro Max,A:501952,W501952,ПП2,3289108568,110,https://s3.twcstorage.ru/35ffc2ef-1e09-463d-a2c4-c183d5deb59a/prints/pp2/W501952.webp
Белые софт-тач,iPhone 15 Pro Max,A:501953,W501953,ПП2,3281046901,43,https://s3.twcstorage.ru/35ffc2ef-1e09-463d-a2c4-c183d5deb59a/prints/pp2/W501953.webp
Объемные матовые чехлы черные,iPhone 15 Pro Max,A:501955,W501955,ПП2,4998305947,9,https://s3.twcstorage.ru/35ffc2ef-1e09-463d-a2c4-c183d5deb59a/prints/pp2/W501955.webp
Чёрные софт-тач,iPhone 15 Pro Max,A:501957,S501957,ПП2,3277047095,2,https://s3.twcstorage.ru/35ffc2ef-1e09-463d-a2c4-c183d5deb59a/prints/pp2/W501957.webp
Чёрные софт-тач,iPhone 15 Pro Max,A:501958,S501958,ПП2,3277047185,28,https://s3.twcstorage.ru/35ffc2ef-1e09-463d-a2c4-c183d5deb59a/prints/pp2/W501958.webp
Силиконовые чехлы,iPhone 15 Pro Max,A:501959,C501959,ПП2,3289108552,134,https://s3.twcstorage.ru/35ffc2ef-1e09-463d-a2c4-c183d5deb59a/prints/pp2/S501959.webp
Чёрные софт-тач,iPhone 15 Pro Max,A:501960,S501960,ПП2,3277047262,11,https://s3.twcstorage.ru/35ffc2ef-1e09-463d-a2c4-c183d5deb59a/prints/pp2/W501960.webp
Силиконовые чехлы,iPhone 15 Pro Max,A:501961,W501961,ПП2,3289112931,20,https://s3.twcstorage.ru/35ffc2ef-1e09-463d-a2c4-c183d5deb59a/prints/pp2/W501961.webp
Белые софт-тач,iPhone 15 Pro Max,A:501962,W501962,ПП2,3281082834,20,https://s3.twcstorage.ru/35ffc2ef-1e09-463d-a2c4-c183d5deb59a/prints/pp2/W501962.webp
Силиконовые чехлы,iPhone 15 Pro Max,A:501966,Q501966,ПП2,3289105847,87,https://s3.twcstorage.ru/35ffc2ef-1e09-463d-a2c4-c183d5deb59a/prints/pp2/W501966.webp
Силиконовые чехлы,iPhone 15 Pro Max,A:501968,W501968,ПП2,3289106021,91,https://s3.twcstorage.ru/35ffc2ef-1e09-463d-a2c4-c183d5deb59a/prints/pp2/W501968.webp
Силиконовые чехлы,iPhone 15 Pro Max,A:501972,Q501972,ПП2,3289108441,112,https://s3.twcstorage.ru/35ffc2ef-1e09-463d-a2c4-c183d5deb59a/prints/pp2/Q501972.webp
Силиконовые чехлы,iPhone 15 Pro Max,A:501976,Q501976,ПП2,3289106176,75,https://s3.twcstorage.ru/35ffc2ef-1e09-463d-a2c4-c183d5deb59a/prints/pp2/Q501976.webp
Силиконовые чехлы,iPhone 15 Pro Max,A:501978,Q501978,ПП2,3289105688,2,https://s3.twcstorage.ru/35ffc2ef-1e09-463d-a2c4-c183d5deb59a/prints/pp2/Q5019781.webp
Силиконовые чехлы,iPhone 15 Pro Max,A:501979,Q501979,ПП2,3289108336,32,https://s3.twcstorage.ru/35ffc2ef-1e09-463d-a2c4-c183d5deb59a/prints/pp2/Q5019791.webp
Стеклянные чехлы,iPhone 15 Pro Max,A:501980,Q5019801,ПП2,3277024485,1,https://s3.twcstorage.ru/35ffc2ef-1e09-463d-a2c4-c183d5deb59a/prints/pp2/Q5019801.webp
Силиконовые чехлы,iPhone 15 Pro Max,A:501983,Q501983,ПП2,3289109638,139,https://s3.twcstorage.ru/35ffc2ef-1e09-463d-a2c4-c183d5deb59a/prints/pp2/Y501983.webp
Силиконовые чехлы,iPhone 15 Pro Max,A:501988,Q501988,ПП2,3289113488,115,https://s3.twcstorage.ru/35ffc2ef-1e09-463d-a2c4-c183d5deb59a/prints/pp2/Y501988.webp
Силиконовые чехлы,iPhone 15 Pro Max,A:501989,Q501989,ПП2,3289109419,61,https://s3.twcstorage.ru/35ffc2ef-1e09-463d-a2c4-c183d5deb59a/prints/pp2/Y501989.webp
Силиконовые чехлы,iPhone 15 Pro Max,A:501991,Q501991,ПП2,3289106485,1000000,https://s3.twcstorage.ru/35ffc2ef-1e09-463d-a2c4-c183d5deb59a/prints/pp2/Q501991.webp
Стеклянные чехлы,iPhone 15 Pro Max,A:501993,Q5019931,ПП2,3277024609,3,https://s3.twcstorage.ru/35ffc2ef-1e09-463d-a2c4-c183d5deb59a/prints/pp2/Q5019931.webp
Силиконовые чехлы,iPhone 15 Pro Max,A:501997,W501997,ПП2,3289113294,67,https://s3.twcstorage.ru/35ffc2ef-1e09-463d-a2c4-c183d5deb59a/prints/pp2/Y501997.webp
Матовые цветные чехлы для печати,iPhone 15 Pro Max,A:502001,W502001,ПП2,3277176583,1000000,https://s3.twcstorage.ru/35ffc2ef-1e09-463d-a2c4-c183d5deb59a/prints/pp2/W502001.webp
Объемные матовые чехлы черные,iPhone 15 Pro Max,A:502003,W502003,ПП2,4998311042,14,https://s3.twcstorage.ru/35ffc2ef-1e09-463d-a2c4-c183d5deb59a/prints/pp2/W502003.webp
Матовые цветные чехлы для печати,iPhone 15 Pro Max,A:502006,W502006,ПП2,3277177056,21,https://s3.twcstorage.ru/35ffc2ef-1e09-463d-a2c4-c183d5deb59a/prints/pp2/W502006.webp
Матовые цветные чехлы для печати,iPhone 15 Pro Max,A:502007,W502007,ПП2,3277177470,15,https://s3.twcstorage.ru/35ffc2ef-1e09-463d-a2c4-c183d5deb59a/prints/pp2/W502007.webp
Силиконовые чехлы,iPhone 15 Pro Max,A:502008,W502008,ПП2,3289113206,6,https://s3.twcstorage.ru/35ffc2ef-1e09-463d-a2c4-c183d5deb59a/prints/pp2/W502008.webp
Силиконовые чехлы,iPhone 15 Pro Max,A:502009,W502009,ПП2,3289113523,5,https://s3.twcstorage.ru/35ffc2ef-1e09-463d-a2c4-c183d5deb59a/prints/pp2/W502009.webp
Силиконовые чехлы,iPhone 15 Pro Max,A:502010,W502010,ПП2,3289106019,3,https://s3.twcstorage.ru/35ffc2ef-1e09-463d-a2c4-c183d5deb59a/prints/pp2/W502010.webp
Силиконовые чехлы,iPhone 15 Pro Max,A:502011,W502011,ПП2,3289106942,62,https://s3.twcstorage.ru/35ffc2ef-1e09-463d-a2c4-c183d5deb59a/prints/pp2/W502011.webp
Матовые цветные чехлы для печати,iPhone 15 Pro Max,A:502012,W502012,ПП2,3277177299,1,https://s3.twcstorage.ru/35ffc2ef-1e09-463d-a2c4-c183d5deb59a/prints/pp2/W502012.webp
Силиконовые чехлы,iPhone 15 Pro Max,A:502014,W502014,ПП2,3289108455,1,https://s3.twcstorage.ru/35ffc2ef-1e09-463d-a2c4-c183d5deb59a/prints/pp2/W502014.webp
Матовые цветные чехлы для печати,iPhone 15 Pro Max,A:502015,W502015,ПП2,3277175932,44,https://s3.twcstorage.ru/35ffc2ef-1e09-463d-a2c4-c183d5deb59a/prints/pp2/W502015.webp
Матовые цветные чехлы для печати,iPhone 15 Pro Max,A:502016,W502016,ПП2,3277176300,23,https://s3.twcstorage.ru/35ffc2ef-1e09-463d-a2c4-c183d5deb59a/prints/pp2/W502016.webp
Силиконовые чехлы,iPhone 15 Pro Max,A:502017,W502017,ПП2,3289106310,63,https://s3.twcstorage.ru/35ffc2ef-1e09-463d-a2c4-c183d5deb59a/prints/pp2/W502017.webp
Силиконовые чехлы,iPhone 15 Pro Max,A:502018,W502018,ПП2,3289105708,38,https://s3.twcstorage.ru/35ffc2ef-1e09-463d-a2c4-c183d5deb59a/prints/pp2/W502018.webp
Силиконовые чехлы,iPhone 15 Pro Max,A:502019,W502019,ПП2,3289106372,24,https://s3.twcstorage.ru/35ffc2ef-1e09-463d-a2c4-c183d5deb59a/prints/pp2/W502019.webp
Силиконовые чехлы,iPhone 15 Pro Max,A:502024,W502024,ПП2,3289112607,117,https://s3.twcstorage.ru/35ffc2ef-1e09-463d-a2c4-c183d5deb59a/prints/pp2/W502024.webp
Матовые цветные чехлы для печати,iPhone 15 Pro Max,A:502025,W502025,ПП2,3277175985,12,https://s3.twcstorage.ru/35ffc2ef-1e09-463d-a2c4-c183d5deb59a/prints/pp2/W502025.webp
Матовые цветные чехлы для печати,iPhone 15 Pro Max,A:502026,W502026,ПП2,3277177473,8,https://s3.twcstorage.ru/35ffc2ef-1e09-463d-a2c4-c183d5deb59a/prints/pp2/W502026.webp
Матовые цветные чехлы для печати,iPhone 15 Pro Max,A:502027,W502027,ПП2,3277176060,11,https://s3.twcstorage.ru/35ffc2ef-1e09-463d-a2c4-c183d5deb59a/prints/pp2/W502027.webp
Матовые цветные чехлы для печати,iPhone 15 Pro Max,A:502028,W502028,ПП2,3277177558,83,https://s3.twcstorage.ru/35ffc2ef-1e09-463d-a2c4-c183d5deb59a/prints/pp2/W502028.webp
Объемные матовые чехлы коричневые,iPhone 15 Pro Max,A:502029,W502029,ПП2,4998399188,2,https://s3.twcstorage.ru/35ffc2ef-1e09-463d-a2c4-c183d5deb59a/prints/pp2/W502029.webp
Силиконовые чехлы,iPhone 15 Pro Max,A:502030,W502030,ПП2,3289113409,26,https://s3.twcstorage.ru/35ffc2ef-1e09-463d-a2c4-c183d5deb59a/prints/pp2/W502030.webp
Силиконовые чехлы,iPhone 15 Pro Max,A:502031,W502031,ПП2,3289106043,27,https://s3.twcstorage.ru/35ffc2ef-1e09-463d-a2c4-c183d5deb59a/prints/pp2/W502031.webp
Матовые цветные чехлы для печати,iPhone 15 Pro Max,A:502032,W502032,ПП2,3277176218,4,https://s3.twcstorage.ru/35ffc2ef-1e09-463d-a2c4-c183d5deb59a/prints/pp2/W502032.webp
Матовые цветные чехлы для печати,iPhone 15 Pro Max,A:502033,W502033,ПП2,3277177859,10,https://s3.twcstorage.ru/35ffc2ef-1e09-463d-a2c4-c183d5deb59a/prints/pp2/W502033.webp
Объемные матовые чехлы бордовые,iPhone 15 Pro Max,A:502035,W502035,ПП2,4998365596,3,https://s3.twcstorage.ru/35ffc2ef-1e09-463d-a2c4-c183d5deb59a/prints/pp2/W502035.webp
Силиконовые чехлы,iPhone 15 Pro Max,A:502036,W502036,ПП2,3289113430,10,https://s3.twcstorage.ru/35ffc2ef-1e09-463d-a2c4-c183d5deb59a/prints/pp2/W502036.webp
Силиконовые чехлы,iPhone 15 Pro Max,A:502037,W502037,ПП2,3289108943,8,https://s3.twcstorage.ru/35ffc2ef-1e09-463d-a2c4-c183d5deb59a/prints/pp2/W502037.webp
Белые софт-тач,iPhone 15 Pro Max,A:502042,W502042,ПП2,3281044839,1000000,https://s3.twcstorage.ru/35ffc2ef-1e09-463d-a2c4-c183d5deb59a/prints/pp2/Y502042.webp
Белые софт-тач,iPhone 15 Pro Max,A:502044,W502044,ПП2,3281045882,1000000,https://s3.twcstorage.ru/35ffc2ef-1e09-463d-a2c4-c183d5deb59a/prints/pp2/W502044.webp
Белые софт-тач,iPhone 15 Pro Max,A:502047,W502047,ПП2,3281012459,22,https://s3.twcstorage.ru/35ffc2ef-1e09-463d-a2c4-c183d5deb59a/prints/pp2/W502047.webp
Белые софт-тач,iPhone 15 Pro Max,A:502048,W502048,ПП2,3281013240,18,https://s3.twcstorage.ru/35ffc2ef-1e09-463d-a2c4-c183d5deb59a/prints/pp2/Y502048.webp
Матовые цветные чехлы для печати,iPhone 15 Pro Max,A:502049,W502049,ПП2,3277175771,45,https://s3.twcstorage.ru/35ffc2ef-1e09-463d-a2c4-c183d5deb59a/prints/pp2/Y502049.webp
Матовые цветные чехлы для печати,iPhone 15 Pro Max,A:502050,W502050,ПП2,3277174861,46,https://s3.twcstorage.ru/35ffc2ef-1e09-463d-a2c4-c183d5deb59a/prints/pp2/Y502050.webp
Белые софт-тач,iPhone 15 Pro Max,A:502052,W502052,ПП2,3281045009,2,https://s3.twcstorage.ru/35ffc2ef-1e09-463d-a2c4-c183d5deb59a/prints/pp2/W502052.webp
Белые софт-тач,iPhone 15 Pro Max,A:502053,W502053,ПП2,3281045074,1,https://s3.twcstorage.ru/35ffc2ef-1e09-463d-a2c4-c183d5deb59a/prints/pp2/W502053.webp
Силиконовые чехлы,iPhone 15 Pro Max,A:502054,W502054,ПП2,3289108416,39,https://s3.twcstorage.ru/35ffc2ef-1e09-463d-a2c4-c183d5deb59a/prints/pp2/W502054.webp
Белые софт-тач,iPhone 15 Pro Max,A:502055,W502055,ПП2,3281013758,36,https://s3.twcstorage.ru/35ffc2ef-1e09-463d-a2c4-c183d5deb59a/prints/pp2/W502055.webp
Белые софт-тач,iPhone 15 Pro Max,A:502057,W502057,ПП2,3281009322,35,https://s3.twcstorage.ru/35ffc2ef-1e09-463d-a2c4-c183d5deb59a/prints/pp2/W502057.webp
Белые софт-тач,iPhone 15 Pro Max,A:502059,W502059,ПП2,3281045123,1000000,https://s3.twcstorage.ru/35ffc2ef-1e09-463d-a2c4-c183d5deb59a/prints/pp2/W502059.webp
Матовые цветные чехлы для печати,iPhone 15 Pro Max,A:502062,W502062,ПП2,3277176092,48,https://s3.twcstorage.ru/35ffc2ef-1e09-463d-a2c4-c183d5deb59a/prints/pp2/W502062.webp
Матовые цветные чехлы для печати,iPhone 15 Pro Max,A:502065,W502065,ПП2,3277176185,2,https://s3.twcstorage.ru/35ffc2ef-1e09-463d-a2c4-c183d5deb59a/prints/pp2/W502065.webp
Силиконовые чехлы,iPhone 15 Pro Max,A:502066,W502066,ПП2,3289106049,98,https://s3.twcstorage.ru/35ffc2ef-1e09-463d-a2c4-c183d5deb59a/prints/pp2/W502066.webp
Силиконовые чехлы,iPhone 15 Pro Max,A:502067,W502067,ПП2,3289106362,28,https://s3.twcstorage.ru/35ffc2ef-1e09-463d-a2c4-c183d5deb59a/prints/pp2/W5020671.webp
Белые софт-тач,iPhone 15 Pro Max,A:502069,W502069,ПП2,3281082397,8,https://s3.twcstorage.ru/35ffc2ef-1e09-463d-a2c4-c183d5deb59a/prints/pp2/W502069.webp
Силиконовые чехлы,iPhone 15 Pro Max,A:506329,W506329,ПП2,4895438253,43,https://s3.twcstorage.ru/35ffc2ef-1e09-463d-a2c4-c183d5deb59a/prints/pp2/W5063291.webp
Белые софт-тач,iPhone 15 Pro Max,A:506330,W506330,ПП2,4900028783,10,https://s3.twcstorage.ru/35ffc2ef-1e09-463d-a2c4-c183d5deb59a/prints/pp2/W5063301.webp
Белые софт-тач,iPhone 15 Pro Max,A:506331,W506331,ПП2,4900123307,4,https://s3.twcstorage.ru/35ffc2ef-1e09-463d-a2c4-c183d5deb59a/prints/pp2/W5063311.webp
Объемные матовые чехлы черные,iPhone 15 Pro Max,A:506332,W5063321,ПП2,4998306457,5,https://s3.twcstorage.ru/35ffc2ef-1e09-463d-a2c4-c183d5deb59a/prints/pp2/W5063321.webp
Белые софт-тач,iPhone 15 Pro Max,A:506333,W506333,ПП2,4900126170,50,https://s3.twcstorage.ru/35ffc2ef-1e09-463d-a2c4-c183d5deb59a/prints/pp2/W5063331.webp
Объемные матовые чехлы черные,iPhone 15 Pro Max,A:506334,W5063341,ПП2,4998308748,13,https://s3.twcstorage.ru/35ffc2ef-1e09-463d-a2c4-c183d5deb59a/prints/pp2/W5063341.webp
Силиконовые чехлы,iPhone 15 Pro Max,A:506335,W506335,ПП2,4895394199,71,https://s3.twcstorage.ru/35ffc2ef-1e09-463d-a2c4-c183d5deb59a/prints/pp2/W5063351.webp
Объемные матовые чехлы коричневые,iPhone 15 Pro Max,A:506336,W5063361,ПП2,4998357155,6,https://s3.twcstorage.ru/35ffc2ef-1e09-463d-a2c4-c183d5deb59a/prints/pp2/W5063361.webp
Белые софт-тач,iPhone 15 Pro Max,A:506337,W506337,ПП2,4900124405,16,https://s3.twcstorage.ru/35ffc2ef-1e09-463d-a2c4-c183d5deb59a/prints/pp2/W5063371.webp
Силиконовые чехлы,iPhone 15 Pro Max,A:506338,W506338,ПП2,4895390954,64,https://s3.twcstorage.ru/35ffc2ef-1e09-463d-a2c4-c183d5deb59a/prints/pp2/W5063381.webp
Объемные матовые чехлы бордовые,iPhone 15 Pro Max,A:506339,W5063391,ПП2,4998355631,9,https://s3.twcstorage.ru/35ffc2ef-1e09-463d-a2c4-c183d5deb59a/prints/pp2/W5063391.webp
Белые софт-тач,iPhone 15 Pro Max,A:506340,W506340,ПП2,4900027931,3,https://s3.twcstorage.ru/35ffc2ef-1e09-463d-a2c4-c183d5deb59a/prints/pp2/W5063401.webp
Силиконовые чехлы,iPhone 15 Pro Max,A:506344,W506344,ПП2,4895438527,122,https://s3.twcstorage.ru/35ffc2ef-1e09-463d-a2c4-c183d5deb59a/prints/pp2/W5063441.webp
Матовые цветные чехлы для печати,iPhone 15 Pro Max,A:506345,W5063451,ПП2,4895351310,67,https://s3.twcstorage.ru/35ffc2ef-1e09-463d-a2c4-c183d5deb59a/prints/pp2/W5063451.webp
Силиконовые чехлы,iPhone 15 Pro Max,A:506348,W506348,ПП2,4895391320,99,https://s3.twcstorage.ru/35ffc2ef-1e09-463d-a2c4-c183d5deb59a/prints/pp2/W506348.webp
Матовые цветные чехлы для печати,iPhone 15 Pro Max,A:506351,W5063511,ПП2,4895351904,1000000,https://s3.twcstorage.ru/35ffc2ef-1e09-463d-a2c4-c183d5deb59a/prints/pp2/W5063511.webp
Матовые цветные чехлы для печати,iPhone 15 Pro Max,A:506352,W5063521,ПП2,4895395376,70,https://s3.twcstorage.ru/35ffc2ef-1e09-463d-a2c4-c183d5deb59a/prints/pp2/W5063521.webp
Матовые цветные чехлы для печати,iPhone 15 Pro Max,A:506357,W5063571,ПП2,4895396147,89,https://s3.twcstorage.ru/35ffc2ef-1e09-463d-a2c4-c183d5deb59a/prints/pp2/W5063571.webp
Силиконовые чехлы,iPhone 15 Pro Max,A:506360,W506360,ПП2,4895393575,154,https://s3.twcstorage.ru/35ffc2ef-1e09-463d-a2c4-c183d5deb59a/prints/pp2/W5063601.webp
Силиконовые чехлы,iPhone 15 Pro Max,A:506361,W506361,ПП2,4895393582,50,https://s3.twcstorage.ru/35ffc2ef-1e09-463d-a2c4-c183d5deb59a/prints/pp2/W506361.webp
Объемные матовые чехлы бордовые,iPhone 15 Pro Max,A:506363,W506363,ПП2,4998356902,1000000,https://s3.twcstorage.ru/35ffc2ef-1e09-463d-a2c4-c183d5deb59a/prints/pp2/W506363.webp
Силиконовые чехлы,iPhone 15 Pro Max,A:506364,W506364,ПП2,4895440977,58,https://s3.twcstorage.ru/35ffc2ef-1e09-463d-a2c4-c183d5deb59a/prints/pp2/W506364.webp
Матовые цветные чехлы для печати,iPhone 15 Pro Max,A:506367,W506367,ПП2,4895351667,91,https://s3.twcstorage.ru/35ffc2ef-1e09-463d-a2c4-c183d5deb59a/prints/pp2/W506367.webp
Белые софт-тач,iPhone 15 Pro Max,A:506369,W506369,ПП2,4900122952,64,https://s3.twcstorage.ru/35ffc2ef-1e09-463d-a2c4-c183d5deb59a/prints/pp2/W506369.webp
Матовые цветные чехлы для печати,iPhone 15 Pro Max,A:506370,W506370,ПП2,4895351598,71,https://s3.twcstorage.ru/35ffc2ef-1e09-463d-a2c4-c183d5deb59a/prints/pp2/W506370.webp
Объемные матовые чехлы черные,iPhone 15 Pro Max,A:506372,W506372,ПП2,4998311610,8,https://s3.twcstorage.ru/35ffc2ef-1e09-463d-a2c4-c183d5deb59a/prints/pp2/W506372.webp
Белые софт-тач,iPhone 15 Pro Max,A:506373,W506373,ПП2,4900123325,6,https://s3.twcstorage.ru/35ffc2ef-1e09-463d-a2c4-c183d5deb59a/prints/pp2/W506373.webp
Белые софт-тач,iPhone 15 Pro Max,A:506374,W506374,ПП2,4900123599,5,https://s3.twcstorage.ru/35ffc2ef-1e09-463d-a2c4-c183d5deb59a/prints/pp2/W506374.webp
Силиконовые чехлы,iPhone 15 Pro Max,A:506375,W506375,ПП2,4895390253,80,https://s3.twcstorage.ru/35ffc2ef-1e09-463d-a2c4-c183d5deb59a/prints/pp2/W506375.webp
Силиконовые чехлы,iPhone 15 Pro Max,A:506376,W506376,ПП2,4895390120,81,https://s3.twcstorage.ru/35ffc2ef-1e09-463d-a2c4-c183d5deb59a/prints/pp2/W506376.webp
Силиконовые чехлы,iPhone 15 Pro Max,A:506377,W506377,ПП2,4895438847,102,https://s3.twcstorage.ru/35ffc2ef-1e09-463d-a2c4-c183d5deb59a/prints/pp2/W506377.webp
Силиконовые чехлы,iPhone 15 Pro Max,A:506378,W506378,ПП2,4895392969,82,https://s3.twcstorage.ru/35ffc2ef-1e09-463d-a2c4-c183d5deb59a/prints/pp2/W506378.webp
Силиконовые чехлы,iPhone 15 Pro Max,A:506379,W506379,ПП2,4895438641,51,https://s3.twcstorage.ru/35ffc2ef-1e09-463d-a2c4-c183d5deb59a/prints/pp2/W506379.webp
Белые софт-тач,iPhone 15 Pro Max,A:506380,W506380,ПП2,4900028018,42,https://s3.twcstorage.ru/35ffc2ef-1e09-463d-a2c4-c183d5deb59a/prints/pp2/W506380.webp
Матовые цветные чехлы для печати,iPhone 15 Pro Max,A:506381,W506381,ПП2,4895397585,26,https://s3.twcstorage.ru/35ffc2ef-1e09-463d-a2c4-c183d5deb59a/prints/pp2/W506381.webp
Силиконовые чехлы,iPhone 15 Pro Max,A:506383,Q506383,ПП2,4895394038,59,https://s3.twcstorage.ru/35ffc2ef-1e09-463d-a2c4-c183d5deb59a/prints/pp2/Q5063831.webp
Стеклянные чехлы,iPhone 15 Pro Max,A:506384,Q5063841,ПП2,4896565727,4,https://s3.twcstorage.ru/35ffc2ef-1e09-463d-a2c4-c183d5deb59a/prints/pp2/Q5063841.webp
Силиконовые чехлы,iPhone 16,A:501927,C501927,ПП2,3289076115,85,https://s3.twcstorage.ru/35ffc2ef-1e09-463d-a2c4-c183d5deb59a/prints/pp2/W501927.webp
Чёрные софт-тач,iPhone 16,A:501928,S501928,ПП2,3277047902,1000000,https://s3.twcstorage.ru/35ffc2ef-1e09-463d-a2c4-c183d5deb59a/prints/pp2/W501928.webp
Матовые цветные чехлы для печати,iPhone 16,A:501931,W501931,ПП2,3277172728,59,https://s3.twcstorage.ru/35ffc2ef-1e09-463d-a2c4-c183d5deb59a/prints/pp2/W501931.webp
Силиконовые чехлы,iPhone 16,A:501933,C501933,ПП2,3289081298,86,https://s3.twcstorage.ru/35ffc2ef-1e09-463d-a2c4-c183d5deb59a/prints/pp2/W501933.webp
Силиконовые чехлы,iPhone 16,A:501935,W501935,ПП2,3289082242,128,https://s3.twcstorage.ru/35ffc2ef-1e09-463d-a2c4-c183d5deb59a/prints/pp2/W501935.webp
Матовые цветные чехлы для печати,iPhone 16,A:501937,W501937,ПП2,3277172868,78,https://s3.twcstorage.ru/35ffc2ef-1e09-463d-a2c4-c183d5deb59a/prints/pp2/W501937.webp
Силиконовые чехлы,iPhone 16,A:501938,C501938,ПП2,3289076597,130,https://s3.twcstorage.ru/35ffc2ef-1e09-463d-a2c4-c183d5deb59a/prints/pp2/W501938.webp
Белые софт-тач,iPhone 16,A:501940,W501940,ПП2,3280613128,53,https://s3.twcstorage.ru/35ffc2ef-1e09-463d-a2c4-c183d5deb59a/prints/pp2/W501940.webp
Силиконовые чехлы,iPhone 16,A:501943,C501943,ПП2,3289076839,109,https://s3.twcstorage.ru/35ffc2ef-1e09-463d-a2c4-c183d5deb59a/prints/pp2/S501943.webp
Чёрные софт-тач,iPhone 16,A:501944,S501944,ПП2,3277047129,9,https://s3.twcstorage.ru/35ffc2ef-1e09-463d-a2c4-c183d5deb59a/prints/pp2/S501944.webp
Чёрные софт-тач,iPhone 16,A:501945,S501945,ПП2,3277047048,6,https://s3.twcstorage.ru/35ffc2ef-1e09-463d-a2c4-c183d5deb59a/prints/pp2/W501945.webp
Чёрные софт-тач,iPhone 16,A:501946,S501946,ПП2,3277046806,1,https://s3.twcstorage.ru/35ffc2ef-1e09-463d-a2c4-c183d5deb59a/prints/pp2/W501946.webp
Матовые цветные чехлы для печати,iPhone 16,A:501947,W501947,ПП2,3277172597,5,https://s3.twcstorage.ru/35ffc2ef-1e09-463d-a2c4-c183d5deb59a/prints/pp2/W501947.webp
Чёрные софт-тач,iPhone 16,A:501948,S501948,ПП2,3277047268,1000000,https://s3.twcstorage.ru/35ffc2ef-1e09-463d-a2c4-c183d5deb59a/prints/pp2/W501948.webp
Чёрные софт-тач,iPhone 16,A:501949,S501949,ПП2,3277047904,4,https://s3.twcstorage.ru/35ffc2ef-1e09-463d-a2c4-c183d5deb59a/prints/pp2/W501949.webp
Чёрные софт-тач,iPhone 16,A:501950,S501950,ПП2,3277047089,3,https://s3.twcstorage.ru/35ffc2ef-1e09-463d-a2c4-c183d5deb59a/prints/pp2/W501950.webp
Чёрные софт-тач,iPhone 16,A:501951,S501951,ПП2,3277047861,5,https://s3.twcstorage.ru/35ffc2ef-1e09-463d-a2c4-c183d5deb59a/prints/pp2/W501951.webp
Белые софт-тач,iPhone 16,A:501953,W501953,ПП2,3280570202,43,https://s3.twcstorage.ru/35ffc2ef-1e09-463d-a2c4-c183d5deb59a/prints/pp2/W501953.webp
Чёрные софт-тач,iPhone 16,A:501954,S501954,ПП2,3277046958,8,https://s3.twcstorage.ru/35ffc2ef-1e09-463d-a2c4-c183d5deb59a/prints/pp2/W501954.webp
Чёрные софт-тач,iPhone 16,A:501955,S501955,ПП2,3277047265,26,https://s3.twcstorage.ru/35ffc2ef-1e09-463d-a2c4-c183d5deb59a/prints/pp2/W501955.webp
Чёрные софт-тач,iPhone 16,A:501957,S501957,ПП2,3277047211,2,https://s3.twcstorage.ru/35ffc2ef-1e09-463d-a2c4-c183d5deb59a/prints/pp2/W501957.webp
Чёрные софт-тач,iPhone 16,A:501958,S501958,ПП2,3277047744,28,https://s3.twcstorage.ru/35ffc2ef-1e09-463d-a2c4-c183d5deb59a/prints/pp2/W501958.webp
Чёрные софт-тач,iPhone 16,A:501959,S501959,ПП2,3277047113,12,https://s3.twcstorage.ru/35ffc2ef-1e09-463d-a2c4-c183d5deb59a/prints/pp2/S501959.webp
Чёрные софт-тач,iPhone 16,A:501960,S501960,ПП2,3277046780,11,https://s3.twcstorage.ru/35ffc2ef-1e09-463d-a2c4-c183d5deb59a/prints/pp2/W501960.webp
Чёрные софт-тач,iPhone 16,A:501961,S501961,ПП2,3277047206,17,https://s3.twcstorage.ru/35ffc2ef-1e09-463d-a2c4-c183d5deb59a/prints/pp2/W501961.webp
Белые софт-тач,iPhone 16,A:501962,W501962,ПП2,3280612981,20,https://s3.twcstorage.ru/35ffc2ef-1e09-463d-a2c4-c183d5deb59a/prints/pp2/W501962.webp
Силиконовые чехлы,iPhone 16,A:501966,W501966,ПП2,3289076405,87,https://s3.twcstorage.ru/35ffc2ef-1e09-463d-a2c4-c183d5deb59a/prints/pp2/W501966.webp
Силиконовые чехлы,iPhone 16,A:501967,W501967,ПП2,3289075818,136,https://s3.twcstorage.ru/35ffc2ef-1e09-463d-a2c4-c183d5deb59a/prints/pp2/W501967.webp
Силиконовые чехлы,iPhone 16,A:501968,Q501968,ПП2,3289075961,91,https://s3.twcstorage.ru/35ffc2ef-1e09-463d-a2c4-c183d5deb59a/prints/pp2/W501968.webp
Силиконовые чехлы,iPhone 16,A:501971,Q501971,ПП2,3289076023,137,https://s3.twcstorage.ru/35ffc2ef-1e09-463d-a2c4-c183d5deb59a/prints/pp2/Q501971.webp
Силиконовые чехлы,iPhone 16,A:501973,Q501973,ПП2,3289080785,1000000,https://s3.twcstorage.ru/35ffc2ef-1e09-463d-a2c4-c183d5deb59a/prints/pp2/Q501973.webp
Силиконовые чехлы,iPhone 16,A:501975,Q501975,ПП2,3289076393,92,https://s3.twcstorage.ru/35ffc2ef-1e09-463d-a2c4-c183d5deb59a/prints/pp2/Q501975.webp
Силиконовые чехлы,iPhone 16,A:501976,Q501976,ПП2,3289075899,75,https://s3.twcstorage.ru/35ffc2ef-1e09-463d-a2c4-c183d5deb59a/prints/pp2/Q501976.webp
Стеклянные чехлы,iPhone 16,A:501977,Q5019771,ПП2,3277024251,1000000,https://s3.twcstorage.ru/35ffc2ef-1e09-463d-a2c4-c183d5deb59a/prints/pp2/Q5019771.webp
Силиконовые чехлы,iPhone 16,A:501978,Q501978,ПП2,3289081046,2,https://s3.twcstorage.ru/35ffc2ef-1e09-463d-a2c4-c183d5deb59a/prints/pp2/Q5019781.webp
Стеклянные чехлы,iPhone 16,A:501979,Q5019791,ПП2,3277024332,6,https://s3.twcstorage.ru/35ffc2ef-1e09-463d-a2c4-c183d5deb59a/prints/pp2/Q5019791.webp
Стеклянные чехлы,iPhone 16,A:501980,Q5019801,ПП2,3277024321,1,https://s3.twcstorage.ru/35ffc2ef-1e09-463d-a2c4-c183d5deb59a/prints/pp2/Q5019801.webp
Силиконовые чехлы,iPhone 16,A:501982,Q501982,ПП2,3289082076,138,https://s3.twcstorage.ru/35ffc2ef-1e09-463d-a2c4-c183d5deb59a/prints/pp2/Y501982.webp
Силиконовые чехлы,iPhone 16,A:501983,Q501983,ПП2,3289081607,139,https://s3.twcstorage.ru/35ffc2ef-1e09-463d-a2c4-c183d5deb59a/prints/pp2/Y501983.webp
Силиконовые чехлы,iPhone 16,A:501987,Q501987,ПП2,3289082318,114,https://s3.twcstorage.ru/35ffc2ef-1e09-463d-a2c4-c183d5deb59a/prints/pp2/Y501987.webp
Силиконовые чехлы,iPhone 16,A:501989,Q501989,ПП2,3289082639,61,https://s3.twcstorage.ru/35ffc2ef-1e09-463d-a2c4-c183d5deb59a/prints/pp2/Y501989.webp
Силиконовые чехлы,iPhone 16,A:501990,Q501990,ПП2,3289080990,42,https://s3.twcstorage.ru/35ffc2ef-1e09-463d-a2c4-c183d5deb59a/prints/pp2/Y501990.webp
Силиконовые чехлы,iPhone 16,A:501991,Q501991,ПП2,3289076925,1000000,https://s3.twcstorage.ru/35ffc2ef-1e09-463d-a2c4-c183d5deb59a/prints/pp2/Q501991.webp
Силиконовые чехлы,iPhone 16,A:501992,Q501992,ПП2,3289076074,93,https://s3.twcstorage.ru/35ffc2ef-1e09-463d-a2c4-c183d5deb59a/prints/pp2/Q501992.webp
Стеклянные чехлы,iPhone 16,A:501993,Q5019931,ПП2,3277024248,3,https://s3.twcstorage.ru/35ffc2ef-1e09-463d-a2c4-c183d5deb59a/prints/pp2/Q5019931.webp
Силиконовые чехлы,iPhone 16,A:501995,W501995,ПП2,3289083510,1000000,https://s3.twcstorage.ru/35ffc2ef-1e09-463d-a2c4-c183d5deb59a/prints/pp2/W501995.webp
Силиконовые чехлы,iPhone 16,A:501996,W501996,ПП2,3289076649,66,https://s3.twcstorage.ru/35ffc2ef-1e09-463d-a2c4-c183d5deb59a/prints/pp2/Y501996.webp
Силиконовые чехлы,iPhone 16,A:501997,W501997,ПП2,3289081285,67,https://s3.twcstorage.ru/35ffc2ef-1e09-463d-a2c4-c183d5deb59a/prints/pp2/Y501997.webp
Силиконовые чехлы,iPhone 16,A:502001,W502001,ПП2,3289076653,143,https://s3.twcstorage.ru/35ffc2ef-1e09-463d-a2c4-c183d5deb59a/prints/pp2/W502001.webp
Матовые цветные чехлы для печати,iPhone 16,A:502003,W502003,ПП2,3277172763,20,https://s3.twcstorage.ru/35ffc2ef-1e09-463d-a2c4-c183d5deb59a/prints/pp2/W502003.webp
Силиконовые чехлы,iPhone 16,A:502004,W502004,ПП2,3289084993,144,https://s3.twcstorage.ru/35ffc2ef-1e09-463d-a2c4-c183d5deb59a/prints/pp2/W502004.webp
Белые софт-тач,iPhone 16,A:502005,W502005,ПП2,3280569720,54,https://s3.twcstorage.ru/35ffc2ef-1e09-463d-a2c4-c183d5deb59a/prints/pp2/W502005.webp
Матовые цветные чехлы для печати,iPhone 16,A:502006,W502006,ПП2,3277172948,21,https://s3.twcstorage.ru/35ffc2ef-1e09-463d-a2c4-c183d5deb59a/prints/pp2/W502006.webp
Матовые цветные чехлы для печати,iPhone 16,A:502007,W502007,ПП2,3277172969,15,https://s3.twcstorage.ru/35ffc2ef-1e09-463d-a2c4-c183d5deb59a/prints/pp2/W502007.webp
Силиконовые чехлы,iPhone 16,A:502008,W502008,ПП2,3289081328,6,https://s3.twcstorage.ru/35ffc2ef-1e09-463d-a2c4-c183d5deb59a/prints/pp2/W502008.webp
Силиконовые чехлы,iPhone 16,A:502009,W502009,ПП2,3289081566,5,https://s3.twcstorage.ru/35ffc2ef-1e09-463d-a2c4-c183d5deb59a/prints/pp2/W502009.webp
Силиконовые чехлы,iPhone 16,A:502010,W502010,ПП2,3289080417,3,https://s3.twcstorage.ru/35ffc2ef-1e09-463d-a2c4-c183d5deb59a/prints/pp2/W502010.webp
Силиконовые чехлы,iPhone 16,A:502011,W502011,ПП2,3289079612,62,https://s3.twcstorage.ru/35ffc2ef-1e09-463d-a2c4-c183d5deb59a/prints/pp2/W502011.webp
Матовые цветные чехлы для печати,iPhone 16,A:502012,W502012,ПП2,3277173036,1,https://s3.twcstorage.ru/35ffc2ef-1e09-463d-a2c4-c183d5deb59a/prints/pp2/W502012.webp
Силиконовые чехлы,iPhone 16,A:502014,W502014,ПП2,3289076130,1,https://s3.twcstorage.ru/35ffc2ef-1e09-463d-a2c4-c183d5deb59a/prints/pp2/W502014.webp
Матовые цветные чехлы для печати,iPhone 16,A:502016,W502016,ПП2,3277173024,23,https://s3.twcstorage.ru/35ffc2ef-1e09-463d-a2c4-c183d5deb59a/prints/pp2/W502016.webp
Силиконовые чехлы,iPhone 16,A:502017,W502017,ПП2,3289076314,63,https://s3.twcstorage.ru/35ffc2ef-1e09-463d-a2c4-c183d5deb59a/prints/pp2/W502017.webp
Силиконовые чехлы,iPhone 16,A:502018,W502018,ПП2,3289076093,38,https://s3.twcstorage.ru/35ffc2ef-1e09-463d-a2c4-c183d5deb59a/prints/pp2/W502018.webp
Силиконовые чехлы,iPhone 16,A:502019,W502019,ПП2,3289076308,24,https://s3.twcstorage.ru/35ffc2ef-1e09-463d-a2c4-c183d5deb59a/prints/pp2/W502019.webp
Чехол с вкладышем,iPhone 16,A:502020,W502020,ПП2,4480923156,1000000,https://s3.twcstorage.ru/35ffc2ef-1e09-463d-a2c4-c183d5deb59a/prints/pp2/W502020.webp
Силиконовые чехлы,iPhone 16,A:502021,W502021,ПП2,3289081680,116,https://s3.twcstorage.ru/35ffc2ef-1e09-463d-a2c4-c183d5deb59a/prints/pp2/Y502021.webp
Силиконовые чехлы,iPhone 16,A:502022,W502022,ПП2,3289085702,1000000,https://s3.twcstorage.ru/35ffc2ef-1e09-463d-a2c4-c183d5deb59a/prints/pp2/Y502022.webp
Матовые цветные чехлы для печати,iPhone 16,A:502023,W502023,ПП2,3277173079,19,https://s3.twcstorage.ru/35ffc2ef-1e09-463d-a2c4-c183d5deb59a/prints/pp2/W502023.webp
Матовые цветные чехлы для печати,iPhone 16,A:502025,W502025,ПП2,3277172796,12,https://s3.twcstorage.ru/35ffc2ef-1e09-463d-a2c4-c183d5deb59a/prints/pp2/W502025.webp
Матовые цветные чехлы для печати,iPhone 16,A:502026,W502026,ПП2,3277173652,8,https://s3.twcstorage.ru/35ffc2ef-1e09-463d-a2c4-c183d5deb59a/prints/pp2/W502026.webp
Матовые цветные чехлы для печати,iPhone 16,A:502027,W502027,ПП2,3277173239,11,https://s3.twcstorage.ru/35ffc2ef-1e09-463d-a2c4-c183d5deb59a/prints/pp2/W502027.webp
Матовые цветные чехлы для печати,iPhone 16,A:502029,W502029,ПП2,3277172985,9,https://s3.twcstorage.ru/35ffc2ef-1e09-463d-a2c4-c183d5deb59a/prints/pp2/W502029.webp
Белые софт-тач,iPhone 16,A:502030,W502030,ПП2,3280570212,23,https://s3.twcstorage.ru/35ffc2ef-1e09-463d-a2c4-c183d5deb59a/prints/pp2/W502030.webp
Силиконовые чехлы,iPhone 16,A:502031,W502031,ПП2,3289076577,27,https://s3.twcstorage.ru/35ffc2ef-1e09-463d-a2c4-c183d5deb59a/prints/pp2/W502031.webp
Матовые цветные чехлы для печати,iPhone 16,A:502032,W502032,ПП2,3277172887,4,https://s3.twcstorage.ru/35ffc2ef-1e09-463d-a2c4-c183d5deb59a/prints/pp2/W502032.webp
Белые софт-тач,iPhone 16,A:502033,W502033,ПП2,3280570028,15,https://s3.twcstorage.ru/35ffc2ef-1e09-463d-a2c4-c183d5deb59a/prints/pp2/W502033.webp
Силиконовые чехлы,iPhone 16,A:502035,W502035,ПП2,3289077243,30,https://s3.twcstorage.ru/35ffc2ef-1e09-463d-a2c4-c183d5deb59a/prints/pp2/W502035.webp
Силиконовые чехлы,iPhone 16,A:502036,W502036,ПП2,3289083419,10,https://s3.twcstorage.ru/35ffc2ef-1e09-463d-a2c4-c183d5deb59a/prints/pp2/W502036.webp
Силиконовые чехлы,iPhone 16,A:502037,W502037,ПП2,3289076707,8,https://s3.twcstorage.ru/35ffc2ef-1e09-463d-a2c4-c183d5deb59a/prints/pp2/W502037.webp
Силиконовые чехлы,iPhone 16,A:502044,W502044,ПП2,3289075475,146,https://s3.twcstorage.ru/35ffc2ef-1e09-463d-a2c4-c183d5deb59a/prints/pp2/W502044.webp
Белые софт-тач,iPhone 16,A:502047,W502047,ПП2,3280534629,22,https://s3.twcstorage.ru/35ffc2ef-1e09-463d-a2c4-c183d5deb59a/prints/pp2/W502047.webp
Белые софт-тач,iPhone 16,A:502048,W502048,ПП2,3280534824,18,https://s3.twcstorage.ru/35ffc2ef-1e09-463d-a2c4-c183d5deb59a/prints/pp2/Y502048.webp
Силиконовые чехлы,iPhone 16,A:502049,W502049,ПП2,3289076443,49,https://s3.twcstorage.ru/35ffc2ef-1e09-463d-a2c4-c183d5deb59a/prints/pp2/Y502049.webp
Белые софт-тач,iPhone 16,A:502050,W502050,ПП2,3280568834,49,https://s3.twcstorage.ru/35ffc2ef-1e09-463d-a2c4-c183d5deb59a/prints/pp2/Y502050.webp
Силиконовые чехлы,iPhone 16,A:502051,W502051,ПП2,3289076195,120,https://s3.twcstorage.ru/35ffc2ef-1e09-463d-a2c4-c183d5deb59a/prints/pp2/W502051.webp
Белые софт-тач,iPhone 16,A:502052,W502052,ПП2,3280570207,2,https://s3.twcstorage.ru/35ffc2ef-1e09-463d-a2c4-c183d5deb59a/prints/pp2/W502052.webp
Белые софт-тач,iPhone 16,A:502053,W502053,ПП2,3280570259,1,https://s3.twcstorage.ru/35ffc2ef-1e09-463d-a2c4-c183d5deb59a/prints/pp2/W502053.webp
Силиконовые чехлы,iPhone 16,A:502054,W502054,ПП2,3289079970,39,https://s3.twcstorage.ru/35ffc2ef-1e09-463d-a2c4-c183d5deb59a/prints/pp2/W502054.webp
Силиконовые чехлы,iPhone 16,A:502055,W502055,ПП2,3289080067,96,https://s3.twcstorage.ru/35ffc2ef-1e09-463d-a2c4-c183d5deb59a/prints/pp2/W502055.webp
Силиконовые чехлы,iPhone 16,A:502056,W502056,ПП2,3289076430,70,https://s3.twcstorage.ru/35ffc2ef-1e09-463d-a2c4-c183d5deb59a/prints/pp2/W502056.webp
Белые софт-тач,iPhone 16,A:502057,W502057,ПП2,3280534768,35,https://s3.twcstorage.ru/35ffc2ef-1e09-463d-a2c4-c183d5deb59a/prints/pp2/W502057.webp
Силиконовые чехлы,iPhone 16,A:502058,W502058,ПП2,3289081826,1000000,https://s3.twcstorage.ru/35ffc2ef-1e09-463d-a2c4-c183d5deb59a/prints/pp2/W502058.webp
Силиконовые чехлы,iPhone 16,A:502064,W502064,ПП2,3289076688,121,https://s3.twcstorage.ru/35ffc2ef-1e09-463d-a2c4-c183d5deb59a/prints/pp2/W502064.webp
Матовые цветные чехлы для печати,iPhone 16,A:502065,W502065,ПП2,3277172920,2,https://s3.twcstorage.ru/35ffc2ef-1e09-463d-a2c4-c183d5deb59a/prints/pp2/W502065.webp
Белые софт-тач,iPhone 16,A:502066,W502066,ПП2,3280613512,60,https://s3.twcstorage.ru/35ffc2ef-1e09-463d-a2c4-c183d5deb59a/prints/pp2/W502066.webp
Силиконовые чехлы,iPhone 16,A:502067,W502067,ПП2,3289076786,28,https://s3.twcstorage.ru/35ffc2ef-1e09-463d-a2c4-c183d5deb59a/prints/pp2/W5020671.webp
Матовые цветные чехлы для печати,iPhone 16,A:502068,W502068,ПП2,3277172905,85,https://s3.twcstorage.ru/35ffc2ef-1e09-463d-a2c4-c183d5deb59a/prints/pp2/W502068.webp
Белые софт-тач,iPhone 16,A:502069,W502069,ПП2,3280613447,8,https://s3.twcstorage.ru/35ffc2ef-1e09-463d-a2c4-c183d5deb59a/prints/pp2/W502069.webp
Матовые цветные чехлы для печати,iPhone 16,A:506329,W5063291,ПП2,4895106097,38,https://s3.twcstorage.ru/35ffc2ef-1e09-463d-a2c4-c183d5deb59a/prints/pp2/W5063291.webp
Белые софт-тач,iPhone 16,A:506330,W506330,ПП2,4897814484,10,https://s3.twcstorage.ru/35ffc2ef-1e09-463d-a2c4-c183d5deb59a/prints/pp2/W5063301.webp
Белые софт-тач,iPhone 16,A:506331,W506331,ПП2,4897959866,4,https://s3.twcstorage.ru/35ffc2ef-1e09-463d-a2c4-c183d5deb59a/prints/pp2/W5063311.webp
Силиконовые чехлы,iPhone 16,A:506332,W506332,ПП2,4895127919,11,https://s3.twcstorage.ru/35ffc2ef-1e09-463d-a2c4-c183d5deb59a/prints/pp2/W5063321.webp
Белые софт-тач,iPhone 16,A:506333,W506333,ПП2,4897959435,50,https://s3.twcstorage.ru/35ffc2ef-1e09-463d-a2c4-c183d5deb59a/prints/pp2/W5063331.webp
Силиконовые чехлы,iPhone 16,A:506334,W506334,ПП2,4895130113,14,https://s3.twcstorage.ru/35ffc2ef-1e09-463d-a2c4-c183d5deb59a/prints/pp2/W5063341.webp
Силиконовые чехлы,iPhone 16,A:506335,W506335,ПП2,4895075449,71,https://s3.twcstorage.ru/35ffc2ef-1e09-463d-a2c4-c183d5deb59a/prints/pp2/W5063351.webp
Матовые цветные чехлы для печати,iPhone 16,A:506336,W5063361,ПП2,4895103539,16,https://s3.twcstorage.ru/35ffc2ef-1e09-463d-a2c4-c183d5deb59a/prints/pp2/W5063361.webp
Белые софт-тач,iPhone 16,A:506337,W506337,ПП2,4897811287,16,https://s3.twcstorage.ru/35ffc2ef-1e09-463d-a2c4-c183d5deb59a/prints/pp2/W5063371.webp
Силиконовые чехлы,iPhone 16,A:506338,W506338,ПП2,4895074142,64,https://s3.twcstorage.ru/35ffc2ef-1e09-463d-a2c4-c183d5deb59a/prints/pp2/W5063381.webp
Силиконовые чехлы,iPhone 16,A:506339,W506339,ПП2,4895129516,23,https://s3.twcstorage.ru/35ffc2ef-1e09-463d-a2c4-c183d5deb59a/prints/pp2/W5063391.webp
Белые софт-тач,iPhone 16,A:506340,W506340,ПП2,4897820803,3,https://s3.twcstorage.ru/35ffc2ef-1e09-463d-a2c4-c183d5deb59a/prints/pp2/W5063401.webp
Силиконовые чехлы,iPhone 16,A:506343,W506343,ПП2,4895074592,1000000,https://s3.twcstorage.ru/35ffc2ef-1e09-463d-a2c4-c183d5deb59a/prints/pp2/W5063431.webp
Силиконовые чехлы,iPhone 16,A:506344,W506344,ПП2,4895129265,122,https://s3.twcstorage.ru/35ffc2ef-1e09-463d-a2c4-c183d5deb59a/prints/pp2/W5063441.webp
Матовые цветные чехлы для печати,iPhone 16,A:506345,W5063451,ПП2,4895106050,67,https://s3.twcstorage.ru/35ffc2ef-1e09-463d-a2c4-c183d5deb59a/prints/pp2/W5063451.webp
Силиконовые чехлы,iPhone 16,A:506346,W506346,ПП2,4895129393,79,https://s3.twcstorage.ru/35ffc2ef-1e09-463d-a2c4-c183d5deb59a/prints/pp2/W506346.webp
Матовые цветные чехлы для печати,iPhone 16,A:506348,W506348,ПП2,4895106356,1000000,https://s3.twcstorage.ru/35ffc2ef-1e09-463d-a2c4-c183d5deb59a/prints/pp2/W506348.webp
Матовые цветные чехлы для печати,iPhone 16,A:506351,W5063511,ПП2,4895106080,1000000,https://s3.twcstorage.ru/35ffc2ef-1e09-463d-a2c4-c183d5deb59a/prints/pp2/W5063511.webp
Матовые цветные чехлы для печати,iPhone 16,A:506352,W5063521,ПП2,4895154706,70,https://s3.twcstorage.ru/35ffc2ef-1e09-463d-a2c4-c183d5deb59a/prints/pp2/W5063521.webp
Силиконовые чехлы,iPhone 16,A:506360,W506360,ПП2,4895075529,154,https://s3.twcstorage.ru/35ffc2ef-1e09-463d-a2c4-c183d5deb59a/prints/pp2/W5063601.webp
Силиконовые чехлы,iPhone 16,A:506361,W506361,ПП2,4895125956,50,https://s3.twcstorage.ru/35ffc2ef-1e09-463d-a2c4-c183d5deb59a/prints/pp2/W506361.webp
Силиконовые чехлы,iPhone 16,A:506362,W506362,ПП2,4895129955,155,https://s3.twcstorage.ru/35ffc2ef-1e09-463d-a2c4-c183d5deb59a/prints/pp2/W506362.webp
Силиконовые чехлы,iPhone 16,A:506364,W506364,ПП2,4895129175,58,https://s3.twcstorage.ru/35ffc2ef-1e09-463d-a2c4-c183d5deb59a/prints/pp2/W506364.webp
Белые софт-тач,iPhone 16,A:506366,W506366,ПП2,4897961807,75,https://s3.twcstorage.ru/35ffc2ef-1e09-463d-a2c4-c183d5deb59a/prints/pp2/W506366.webp
Силиконовые чехлы,iPhone 16,A:506369,W506369,ПП2,4895127946,1000000,https://s3.twcstorage.ru/35ffc2ef-1e09-463d-a2c4-c183d5deb59a/prints/pp2/W506369.webp
Белые софт-тач,iPhone 16,A:506370,W506370,ПП2,4897814614,65,https://s3.twcstorage.ru/35ffc2ef-1e09-463d-a2c4-c183d5deb59a/prints/pp2/W506370.webp
Матовые цветные чехлы для печати,iPhone 16,A:506371,W506371,ПП2,4895154447,72,https://s3.twcstorage.ru/35ffc2ef-1e09-463d-a2c4-c183d5deb59a/prints/pp2/W506371.webp
Матовые цветные чехлы для печати,iPhone 16,A:506372,W506372,ПП2,4895103576,25,https://s3.twcstorage.ru/35ffc2ef-1e09-463d-a2c4-c183d5deb59a/prints/pp2/W506372.webp
Белые софт-тач,iPhone 16,A:506373,W506373,ПП2,4897960379,6,https://s3.twcstorage.ru/35ffc2ef-1e09-463d-a2c4-c183d5deb59a/prints/pp2/W506373.webp
Белые софт-тач,iPhone 16,A:506374,W506374,ПП2,4897809506,5,https://s3.twcstorage.ru/35ffc2ef-1e09-463d-a2c4-c183d5deb59a/prints/pp2/W506374.webp
Силиконовые чехлы,iPhone 16,A:506375,W506375,ПП2,4895074839,80,https://s3.twcstorage.ru/35ffc2ef-1e09-463d-a2c4-c183d5deb59a/prints/pp2/W506375.webp
Матовые цветные чехлы для печати,iPhone 16,A:506376,W506376,ПП2,4895155214,57,https://s3.twcstorage.ru/35ffc2ef-1e09-463d-a2c4-c183d5deb59a/prints/pp2/W506376.webp
Силиконовые чехлы,iPhone 16,A:506377,W506377,ПП2,4895126949,102,https://s3.twcstorage.ru/35ffc2ef-1e09-463d-a2c4-c183d5deb59a/prints/pp2/W506377.webp
Силиконовые чехлы,iPhone 16,A:506378,W506378,ПП2,4895078138,82,https://s3.twcstorage.ru/35ffc2ef-1e09-463d-a2c4-c183d5deb59a/prints/pp2/W506378.webp
Силиконовые чехлы,iPhone 16,A:506379,W506379,ПП2,4895126251,51,https://s3.twcstorage.ru/35ffc2ef-1e09-463d-a2c4-c183d5deb59a/prints/pp2/W506379.webp
Матовые цветные чехлы для печати,iPhone 16,A:506380,W506380,ПП2,4895103883,74,https://s3.twcstorage.ru/35ffc2ef-1e09-463d-a2c4-c183d5deb59a/prints/pp2/W506380.webp
Матовые цветные чехлы для печати,iPhone 16,A:506381,W506381,ПП2,4895157892,26,https://s3.twcstorage.ru/35ffc2ef-1e09-463d-a2c4-c183d5deb59a/prints/pp2/W506381.webp
Силиконовые чехлы,iPhone 16,A:506382,Q506382,ПП2,4895127010,104,https://s3.twcstorage.ru/35ffc2ef-1e09-463d-a2c4-c183d5deb59a/prints/pp2/Q5063821.webp
Стеклянные чехлы,iPhone 16,A:506383,Q5063831,ПП2,4896566537,9,https://s3.twcstorage.ru/35ffc2ef-1e09-463d-a2c4-c183d5deb59a/prints/pp2/Q5063831.webp
Стеклянные чехлы,iPhone 16,A:506384,Q5063841,ПП2,4896566255,4,https://s3.twcstorage.ru/35ffc2ef-1e09-463d-a2c4-c183d5deb59a/prints/pp2/Q5063841.webp
Силиконовые чехлы,iPhone 16 Plus,A:501927,C501927,ПП2,3295436935,85,https://s3.twcstorage.ru/35ffc2ef-1e09-463d-a2c4-c183d5deb59a/prints/pp2/W501927.webp
Чёрные софт-тач,iPhone 16 Plus,A:501947,S501947,ПП2,3277057425,7,https://s3.twcstorage.ru/35ffc2ef-1e09-463d-a2c4-c183d5deb59a/prints/pp2/W501947.webp
Чёрные софт-тач,iPhone 16 Plus,A:501949,S501949,ПП2,3277056282,4,https://s3.twcstorage.ru/35ffc2ef-1e09-463d-a2c4-c183d5deb59a/prints/pp2/W501949.webp
Чёрные софт-тач,iPhone 16 Plus,A:501950,S501950,ПП2,3277057223,3,https://s3.twcstorage.ru/35ffc2ef-1e09-463d-a2c4-c183d5deb59a/prints/pp2/W501950.webp
Объемные матовые чехлы коричневые,iPhone 16 Plus,A:501951,W501951,ПП2,4998307391,3,https://s3.twcstorage.ru/35ffc2ef-1e09-463d-a2c4-c183d5deb59a/prints/pp2/W501951.webp
Белые софт-тач,iPhone 16 Plus,A:501953,W501953,ПП2,3277224837,43,https://s3.twcstorage.ru/35ffc2ef-1e09-463d-a2c4-c183d5deb59a/prints/pp2/W501953.webp
Белые софт-тач,iPhone 16 Plus,A:501955,W501955,ПП2,3277224830,39,https://s3.twcstorage.ru/35ffc2ef-1e09-463d-a2c4-c183d5deb59a/prints/pp2/W501955.webp
Матовые цветные чехлы для печати,iPhone 16 Plus,A:501957,W501957,ПП2,3277206626,7,https://s3.twcstorage.ru/35ffc2ef-1e09-463d-a2c4-c183d5deb59a/prints/pp2/W501957.webp
Силиконовые чехлы,iPhone 16 Plus,A:501959,C501959,ПП2,3295435754,134,https://s3.twcstorage.ru/35ffc2ef-1e09-463d-a2c4-c183d5deb59a/prints/pp2/S501959.webp
Силиконовые чехлы,iPhone 16 Plus,A:501961,C501961,ПП2,3295438844,20,https://s3.twcstorage.ru/35ffc2ef-1e09-463d-a2c4-c183d5deb59a/prints/pp2/W501961.webp
Белые софт-тач,iPhone 16 Plus,A:501962,W501962,ПП2,3277224798,20,https://s3.twcstorage.ru/35ffc2ef-1e09-463d-a2c4-c183d5deb59a/prints/pp2/W501962.webp
Силиконовые чехлы,iPhone 16 Plus,A:501974,Q501974,ПП2,3295437135,74,https://s3.twcstorage.ru/35ffc2ef-1e09-463d-a2c4-c183d5deb59a/prints/pp2/Q501974.webp
Силиконовые чехлы,iPhone 16 Plus,A:501978,Q501978,ПП2,3295436261,2,https://s3.twcstorage.ru/35ffc2ef-1e09-463d-a2c4-c183d5deb59a/prints/pp2/Q5019781.webp
Стеклянные чехлы,iPhone 16 Plus,A:501979,Q5019791,ПП2,3277026494,6,https://s3.twcstorage.ru/35ffc2ef-1e09-463d-a2c4-c183d5deb59a/prints/pp2/Q5019791.webp
Силиконовые чехлы,iPhone 16 Plus,A:501982,Q501982,ПП2,3295437489,138,https://s3.twcstorage.ru/35ffc2ef-1e09-463d-a2c4-c183d5deb59a/prints/pp2/Y501982.webp
Силиконовые чехлы,iPhone 16 Plus,A:501983,Q501983,ПП2,3295437969,139,https://s3.twcstorage.ru/35ffc2ef-1e09-463d-a2c4-c183d5deb59a/prints/pp2/Y501983.webp
Силиконовые чехлы,iPhone 16 Plus,A:501989,Q501989,ПП2,3295438139,61,https://s3.twcstorage.ru/35ffc2ef-1e09-463d-a2c4-c183d5deb59a/prints/pp2/Y501989.webp
Силиконовые чехлы,iPhone 16 Plus,A:501990,Q501990,ПП2,3295439039,42,https://s3.twcstorage.ru/35ffc2ef-1e09-463d-a2c4-c183d5deb59a/prints/pp2/Y501990.webp
Стеклянные чехлы,iPhone 16 Plus,A:501993,Q5019931,ПП2,3277027498,3,https://s3.twcstorage.ru/35ffc2ef-1e09-463d-a2c4-c183d5deb59a/prints/pp2/Q5019931.webp
Силиконовые чехлы,iPhone 16 Plus,A:501996,W501996,ПП2,3295436074,66,https://s3.twcstorage.ru/35ffc2ef-1e09-463d-a2c4-c183d5deb59a/prints/pp2/Y501996.webp
Объемные матовые чехлы черные,iPhone 16 Plus,A:502003,W502003,ПП2,4998309997,14,https://s3.twcstorage.ru/35ffc2ef-1e09-463d-a2c4-c183d5deb59a/prints/pp2/W502003.webp
Силиконовые чехлы,iPhone 16 Plus,A:502006,W502006,ПП2,3295439026,40,https://s3.twcstorage.ru/35ffc2ef-1e09-463d-a2c4-c183d5deb59a/prints/pp2/W502006.webp
Белые софт-тач,iPhone 16 Plus,A:502007,W502007,ПП2,3277224774,21,https://s3.twcstorage.ru/35ffc2ef-1e09-463d-a2c4-c183d5deb59a/prints/pp2/W502007.webp
Силиконовые чехлы,iPhone 16 Plus,A:502008,W502008,ПП2,3295438193,6,https://s3.twcstorage.ru/35ffc2ef-1e09-463d-a2c4-c183d5deb59a/prints/pp2/W502008.webp
Силиконовые чехлы,iPhone 16 Plus,A:502009,W502009,ПП2,3295439481,5,https://s3.twcstorage.ru/35ffc2ef-1e09-463d-a2c4-c183d5deb59a/prints/pp2/W502009.webp
Силиконовые чехлы,iPhone 16 Plus,A:502010,W502010,ПП2,3295435711,3,https://s3.twcstorage.ru/35ffc2ef-1e09-463d-a2c4-c183d5deb59a/prints/pp2/W502010.webp
Матовые цветные чехлы для печати,iPhone 16 Plus,A:502012,W502012,ПП2,3277207603,1,https://s3.twcstorage.ru/35ffc2ef-1e09-463d-a2c4-c183d5deb59a/prints/pp2/W502012.webp
Силиконовые чехлы,iPhone 16 Plus,A:502014,W502014,ПП2,3295435865,1,https://s3.twcstorage.ru/35ffc2ef-1e09-463d-a2c4-c183d5deb59a/prints/pp2/W502014.webp
Матовые цветные чехлы для печати,iPhone 16 Plus,A:502016,W502016,ПП2,3277206687,23,https://s3.twcstorage.ru/35ffc2ef-1e09-463d-a2c4-c183d5deb59a/prints/pp2/W502016.webp
Силиконовые чехлы,iPhone 16 Plus,A:502019,W502019,ПП2,3295435868,24,https://s3.twcstorage.ru/35ffc2ef-1e09-463d-a2c4-c183d5deb59a/prints/pp2/W502019.webp
Матовые цветные чехлы для печати,iPhone 16 Plus,A:502026,W502026,ПП2,3277207512,8,https://s3.twcstorage.ru/35ffc2ef-1e09-463d-a2c4-c183d5deb59a/prints/pp2/W502026.webp
Матовые цветные чехлы для печати,iPhone 16 Plus,A:502028,W502028,ПП2,3277207760,83,https://s3.twcstorage.ru/35ffc2ef-1e09-463d-a2c4-c183d5deb59a/prints/pp2/W502028.webp
Матовые цветные чехлы для печати,iPhone 16 Plus,A:502029,W502029,ПП2,3277207900,9,https://s3.twcstorage.ru/35ffc2ef-1e09-463d-a2c4-c183d5deb59a/prints/pp2/W502029.webp
Белые софт-тач,iPhone 16 Plus,A:502031,W502031,ПП2,3277225198,30,https://s3.twcstorage.ru/35ffc2ef-1e09-463d-a2c4-c183d5deb59a/prints/pp2/W502031.webp
Силиконовые чехлы,iPhone 16 Plus,A:502032,W502032,ПП2,3295435457,18,https://s3.twcstorage.ru/35ffc2ef-1e09-463d-a2c4-c183d5deb59a/prints/pp2/W502032.webp
Белые софт-тач,iPhone 16 Plus,A:502033,W502033,ПП2,3277226184,15,https://s3.twcstorage.ru/35ffc2ef-1e09-463d-a2c4-c183d5deb59a/prints/pp2/W502033.webp
Белые софт-тач,iPhone 16 Plus,A:502037,W502037,ПП2,3277224842,29,https://s3.twcstorage.ru/35ffc2ef-1e09-463d-a2c4-c183d5deb59a/prints/pp2/W502037.webp
Белые софт-тач,iPhone 16 Plus,A:502047,W502047,ПП2,3277224626,22,https://s3.twcstorage.ru/35ffc2ef-1e09-463d-a2c4-c183d5deb59a/prints/pp2/W502047.webp
Белые софт-тач,iPhone 16 Plus,A:502048,W502048,ПП2,3277224683,18,https://s3.twcstorage.ru/35ffc2ef-1e09-463d-a2c4-c183d5deb59a/prints/pp2/Y502048.webp
Силиконовые чехлы,iPhone 16 Plus,A:502050,W502050,ПП2,3295435703,77,https://s3.twcstorage.ru/35ffc2ef-1e09-463d-a2c4-c183d5deb59a/prints/pp2/Y502050.webp
Белые софт-тач,iPhone 16 Plus,A:502052,W502052,ПП2,3277224806,2,https://s3.twcstorage.ru/35ffc2ef-1e09-463d-a2c4-c183d5deb59a/prints/pp2/W502052.webp
Белые софт-тач,iPhone 16 Plus,A:502053,W502053,ПП2,3277225144,1,https://s3.twcstorage.ru/35ffc2ef-1e09-463d-a2c4-c183d5deb59a/prints/pp2/W502053.webp
Белые софт-тач,iPhone 16 Plus,A:502054,W502054,ПП2,3277225974,45,https://s3.twcstorage.ru/35ffc2ef-1e09-463d-a2c4-c183d5deb59a/prints/pp2/W502054.webp
Белые софт-тач,iPhone 16 Plus,A:502057,W502057,ПП2,3277224675,35,https://s3.twcstorage.ru/35ffc2ef-1e09-463d-a2c4-c183d5deb59a/prints/pp2/W502057.webp
Белые софт-тач,iPhone 16 Plus,A:502059,W502059,ПП2,3277224769,1000000,https://s3.twcstorage.ru/35ffc2ef-1e09-463d-a2c4-c183d5deb59a/prints/pp2/W502059.webp
Белые софт-тач,iPhone 16 Plus,A:502060,W502060,ПП2,3277225019,71,https://s3.twcstorage.ru/35ffc2ef-1e09-463d-a2c4-c183d5deb59a/prints/pp2/W502060.webp
Силиконовые чехлы,iPhone 16 Plus,A:502065,W502065,ПП2,3295439016,22,https://s3.twcstorage.ru/35ffc2ef-1e09-463d-a2c4-c183d5deb59a/prints/pp2/W502065.webp
Силиконовые чехлы,iPhone 16 Plus,A:506330,W506330,ПП2,4895169795,55,https://s3.twcstorage.ru/35ffc2ef-1e09-463d-a2c4-c183d5deb59a/prints/pp2/W5063301.webp
Белые софт-тач,iPhone 16 Plus,A:506331,W506331,ПП2,4896584303,4,https://s3.twcstorage.ru/35ffc2ef-1e09-463d-a2c4-c183d5deb59a/prints/pp2/W5063311.webp
Силиконовые чехлы,iPhone 16 Plus,A:506332,W506332,ПП2,4895167176,11,https://s3.twcstorage.ru/35ffc2ef-1e09-463d-a2c4-c183d5deb59a/prints/pp2/W5063321.webp
Белые софт-тач,iPhone 16 Plus,A:506333,W506333,ПП2,4896584322,50,https://s3.twcstorage.ru/35ffc2ef-1e09-463d-a2c4-c183d5deb59a/prints/pp2/W5063331.webp
Объемные матовые чехлы черные,iPhone 16 Plus,A:506334,W5063341,ПП2,4998309616,13,https://s3.twcstorage.ru/35ffc2ef-1e09-463d-a2c4-c183d5deb59a/prints/pp2/W5063341.webp
Силиконовые чехлы,iPhone 16 Plus,A:506335,W506335,ПП2,4895099294,71,https://s3.twcstorage.ru/35ffc2ef-1e09-463d-a2c4-c183d5deb59a/prints/pp2/W5063351.webp
Объемные матовые чехлы черные,iPhone 16 Plus,A:506336,W5063361,ПП2,4998312892,6,https://s3.twcstorage.ru/35ffc2ef-1e09-463d-a2c4-c183d5deb59a/prints/pp2/W5063361.webp
Белые софт-тач,iPhone 16 Plus,A:506337,W506337,ПП2,4896584483,16,https://s3.twcstorage.ru/35ffc2ef-1e09-463d-a2c4-c183d5deb59a/prints/pp2/W5063371.webp
Силиконовые чехлы,iPhone 16 Plus,A:506339,W506339,ПП2,4895167294,23,https://s3.twcstorage.ru/35ffc2ef-1e09-463d-a2c4-c183d5deb59a/prints/pp2/W5063391.webp
Белые софт-тач,iPhone 16 Plus,A:506340,W506340,ПП2,4896584264,3,https://s3.twcstorage.ru/35ffc2ef-1e09-463d-a2c4-c183d5deb59a/prints/pp2/W5063401.webp
Силиконовые чехлы,iPhone 16 Plus,A:506344,W506344,ПП2,4895169820,122,https://s3.twcstorage.ru/35ffc2ef-1e09-463d-a2c4-c183d5deb59a/prints/pp2/W5063441.webp
Матовые цветные чехлы для печати,iPhone 16 Plus,A:506345,W5063451,ПП2,4896441730,67,https://s3.twcstorage.ru/35ffc2ef-1e09-463d-a2c4-c183d5deb59a/prints/pp2/W5063451.webp
Матовые цветные чехлы для печати,iPhone 16 Plus,A:506347,W5063471,ПП2,4896443067,49,https://s3.twcstorage.ru/35ffc2ef-1e09-463d-a2c4-c183d5deb59a/prints/pp2/W5063471.webp
Матовые цветные чехлы для печати,iPhone 16 Plus,A:506348,W506348,ПП2,4896441749,1000000,https://s3.twcstorage.ru/35ffc2ef-1e09-463d-a2c4-c183d5deb59a/prints/pp2/W506348.webp
Силиконовые чехлы,iPhone 16 Plus,A:506350,W506350,ПП2,4895169826,72,https://s3.twcstorage.ru/35ffc2ef-1e09-463d-a2c4-c183d5deb59a/prints/pp2/W5063501.webp
Силиконовые чехлы,iPhone 16 Plus,A:506351,W506351,ПП2,4895167675,151,https://s3.twcstorage.ru/35ffc2ef-1e09-463d-a2c4-c183d5deb59a/prints/pp2/W5063511.webp
Силиконовые чехлы,iPhone 16 Plus,A:506364,W506364,ПП2,4895167574,58,https://s3.twcstorage.ru/35ffc2ef-1e09-463d-a2c4-c183d5deb59a/prints/pp2/W506364.webp
Белые софт-тач,iPhone 16 Plus,A:506372,W506372,ПП2,4896585154,66,https://s3.twcstorage.ru/35ffc2ef-1e09-463d-a2c4-c183d5deb59a/prints/pp2/W506372.webp
Белые софт-тач,iPhone 16 Plus,A:506373,W506373,ПП2,4896584497,6,https://s3.twcstorage.ru/35ffc2ef-1e09-463d-a2c4-c183d5deb59a/prints/pp2/W506373.webp
Белые софт-тач,iPhone 16 Plus,A:506374,W506374,ПП2,4896585029,5,https://s3.twcstorage.ru/35ffc2ef-1e09-463d-a2c4-c183d5deb59a/prints/pp2/W506374.webp
Силиконовые чехлы,iPhone 16 Plus,A:506375,W506375,ПП2,4895098934,80,https://s3.twcstorage.ru/35ffc2ef-1e09-463d-a2c4-c183d5deb59a/prints/pp2/W506375.webp
Силиконовые чехлы,iPhone 16 Plus,A:506378,W506378,ПП2,4895101264,82,https://s3.twcstorage.ru/35ffc2ef-1e09-463d-a2c4-c183d5deb59a/prints/pp2/W506378.webp
Белые софт-тач,iPhone 16 Plus,A:506379,W506379,ПП2,4896584639,19,https://s3.twcstorage.ru/35ffc2ef-1e09-463d-a2c4-c183d5deb59a/prints/pp2/W506379.webp
Белые софт-тач,iPhone 16 Plus,A:506381,W506381,ПП2,4896585635,38,https://s3.twcstorage.ru/35ffc2ef-1e09-463d-a2c4-c183d5deb59a/prints/pp2/W506381.webp
Стеклянные чехлы,iPhone 16 Plus,A:506384,Q5063841,ПП2,4896613647,4,https://s3.twcstorage.ru/35ffc2ef-1e09-463d-a2c4-c183d5deb59a/prints/pp2/Q5063841.webp
Силиконовые чехлы,iPhone 16 Pro,A:501928,W501928,ПП2,3289074929,1000000,https://s3.twcstorage.ru/35ffc2ef-1e09-463d-a2c4-c183d5deb59a/prints/pp2/W501928.webp
Чёрные софт-тач,iPhone 16 Pro,A:501929,S501929,ПП2,3277046721,1000000,https://s3.twcstorage.ru/35ffc2ef-1e09-463d-a2c4-c183d5deb59a/prints/pp2/W501929.webp
Белые софт-тач,iPhone 16 Pro,A:501937,W501937,ПП2,3280484335,58,https://s3.twcstorage.ru/35ffc2ef-1e09-463d-a2c4-c183d5deb59a/prints/pp2/W501937.webp
Матовые цветные чехлы для печати,iPhone 16 Pro,A:501940,W501940,ПП2,3277171853,42,https://s3.twcstorage.ru/35ffc2ef-1e09-463d-a2c4-c183d5deb59a/prints/pp2/W501940.webp
Чёрные софт-тач,iPhone 16 Pro,A:501943,S501943,ПП2,3277045825,15,https://s3.twcstorage.ru/35ffc2ef-1e09-463d-a2c4-c183d5deb59a/prints/pp2/S501943.webp
Чёрные софт-тач,iPhone 16 Pro,A:501944,S501944,ПП2,3277046636,9,https://s3.twcstorage.ru/35ffc2ef-1e09-463d-a2c4-c183d5deb59a/prints/pp2/S501944.webp
Чёрные софт-тач,iPhone 16 Pro,A:501945,S501945,ПП2,3277045968,6,https://s3.twcstorage.ru/35ffc2ef-1e09-463d-a2c4-c183d5deb59a/prints/pp2/W501945.webp
Чёрные софт-тач,iPhone 16 Pro,A:501946,S501946,ПП2,3277045949,1,https://s3.twcstorage.ru/35ffc2ef-1e09-463d-a2c4-c183d5deb59a/prints/pp2/W501946.webp
Матовые цветные чехлы для печати,iPhone 16 Pro,A:501947,W501947,ПП2,3277172042,5,https://s3.twcstorage.ru/35ffc2ef-1e09-463d-a2c4-c183d5deb59a/prints/pp2/W501947.webp
Чёрные софт-тач,iPhone 16 Pro,A:501949,S501949,ПП2,3277046712,4,https://s3.twcstorage.ru/35ffc2ef-1e09-463d-a2c4-c183d5deb59a/prints/pp2/W501949.webp
Чёрные софт-тач,iPhone 16 Pro,A:501950,S501950,ПП2,3277045927,3,https://s3.twcstorage.ru/35ffc2ef-1e09-463d-a2c4-c183d5deb59a/prints/pp2/W501950.webp
Чёрные софт-тач,iPhone 16 Pro,A:501951,S501951,ПП2,3277045609,5,https://s3.twcstorage.ru/35ffc2ef-1e09-463d-a2c4-c183d5deb59a/prints/pp2/W501951.webp
Чёрные софт-тач,iPhone 16 Pro,A:501952,S501952,ПП2,3277045885,25,https://s3.twcstorage.ru/35ffc2ef-1e09-463d-a2c4-c183d5deb59a/prints/pp2/W501952.webp
Белые софт-тач,iPhone 16 Pro,A:501953,W501953,ПП2,3280481513,43,https://s3.twcstorage.ru/35ffc2ef-1e09-463d-a2c4-c183d5deb59a/prints/pp2/W501953.webp
Силиконовые чехлы,iPhone 16 Pro,A:501955,W501955,ПП2,3289073159,35,https://s3.twcstorage.ru/35ffc2ef-1e09-463d-a2c4-c183d5deb59a/prints/pp2/W501955.webp
Силиконовые чехлы,iPhone 16 Pro,A:501956,C501956,ПП2,3289072661,1000000,https://s3.twcstorage.ru/35ffc2ef-1e09-463d-a2c4-c183d5deb59a/prints/pp2/W501956.webp
Чёрные софт-тач,iPhone 16 Pro,A:501957,S501957,ПП2,3277045792,2,https://s3.twcstorage.ru/35ffc2ef-1e09-463d-a2c4-c183d5deb59a/prints/pp2/W501957.webp
Силиконовые чехлы,iPhone 16 Pro,A:501958,C501958,ПП2,3289072505,1000000,https://s3.twcstorage.ru/35ffc2ef-1e09-463d-a2c4-c183d5deb59a/prints/pp2/W501958.webp
Чёрные софт-тач,iPhone 16 Pro,A:501960,S501960,ПП2,3277047278,11,https://s3.twcstorage.ru/35ffc2ef-1e09-463d-a2c4-c183d5deb59a/prints/pp2/W501960.webp
Силиконовые чехлы,iPhone 16 Pro,A:501961,C501961,ПП2,3289076486,20,https://s3.twcstorage.ru/35ffc2ef-1e09-463d-a2c4-c183d5deb59a/prints/pp2/W501961.webp
Белые софт-тач,iPhone 16 Pro,A:501962,W501962,ПП2,3280534978,20,https://s3.twcstorage.ru/35ffc2ef-1e09-463d-a2c4-c183d5deb59a/prints/pp2/W501962.webp
Стеклянные чехлы,iPhone 16 Pro,A:501964,Q5019641,ПП2,3277024541,10,https://s3.twcstorage.ru/35ffc2ef-1e09-463d-a2c4-c183d5deb59a/prints/pp2/Q5019641.webp
Силиконовые чехлы,iPhone 16 Pro,A:501966,W501966,ПП2,3289073689,87,https://s3.twcstorage.ru/35ffc2ef-1e09-463d-a2c4-c183d5deb59a/prints/pp2/W501966.webp
Силиконовые чехлы,iPhone 16 Pro,A:501968,Q501968,ПП2,3289072173,91,https://s3.twcstorage.ru/35ffc2ef-1e09-463d-a2c4-c183d5deb59a/prints/pp2/W501968.webp
Силиконовые чехлы,iPhone 16 Pro,A:501969,W501969,ПП2,3289080405,1000000,https://s3.twcstorage.ru/35ffc2ef-1e09-463d-a2c4-c183d5deb59a/prints/pp2/W501969.webp
Силиконовые чехлы,iPhone 16 Pro,A:501970,W501970,ПП2,3289076182,1000000,https://s3.twcstorage.ru/35ffc2ef-1e09-463d-a2c4-c183d5deb59a/prints/pp2/W501970.webp
Силиконовые чехлы,iPhone 16 Pro,A:501976,Q501976,ПП2,3289075251,75,https://s3.twcstorage.ru/35ffc2ef-1e09-463d-a2c4-c183d5deb59a/prints/pp2/Q501976.webp
Силиконовые чехлы,iPhone 16 Pro,A:501978,Q501978,ПП2,3289072417,2,https://s3.twcstorage.ru/35ffc2ef-1e09-463d-a2c4-c183d5deb59a/prints/pp2/Q5019781.webp
Силиконовые чехлы,iPhone 16 Pro,A:501979,Q501979,ПП2,3289073533,32,https://s3.twcstorage.ru/35ffc2ef-1e09-463d-a2c4-c183d5deb59a/prints/pp2/Q5019791.webp
Стеклянные чехлы,iPhone 16 Pro,A:501980,Q5019801,ПП2,3277024478,1,https://s3.twcstorage.ru/35ffc2ef-1e09-463d-a2c4-c183d5deb59a/prints/pp2/Q5019801.webp
Силиконовые чехлы,iPhone 16 Pro,A:501983,Q501983,ПП2,3289071478,139,https://s3.twcstorage.ru/35ffc2ef-1e09-463d-a2c4-c183d5deb59a/prints/pp2/Y501983.webp
Силиконовые чехлы,iPhone 16 Pro,A:501987,Q501987,ПП2,3289073339,114,https://s3.twcstorage.ru/35ffc2ef-1e09-463d-a2c4-c183d5deb59a/prints/pp2/Y501987.webp
Силиконовые чехлы,iPhone 16 Pro,A:501989,Q501989,ПП2,3289079898,61,https://s3.twcstorage.ru/35ffc2ef-1e09-463d-a2c4-c183d5deb59a/prints/pp2/Y501989.webp
Силиконовые чехлы,iPhone 16 Pro,A:501990,Q501990,ПП2,3289072925,42,https://s3.twcstorage.ru/35ffc2ef-1e09-463d-a2c4-c183d5deb59a/prints/pp2/Y501990.webp
Стеклянные чехлы,iPhone 16 Pro,A:501993,Q5019931,ПП2,3277024396,3,https://s3.twcstorage.ru/35ffc2ef-1e09-463d-a2c4-c183d5deb59a/prints/pp2/Q5019931.webp
Силиконовые чехлы,iPhone 16 Pro,A:501995,W501995,ПП2,3289079503,1000000,https://s3.twcstorage.ru/35ffc2ef-1e09-463d-a2c4-c183d5deb59a/prints/pp2/W501995.webp
Силиконовые чехлы,iPhone 16 Pro,A:501996,W501996,ПП2,3289072450,66,https://s3.twcstorage.ru/35ffc2ef-1e09-463d-a2c4-c183d5deb59a/prints/pp2/Y501996.webp
Матовые цветные чехлы для печати,iPhone 16 Pro,A:501997,W501997,ПП2,3277172021,43,https://s3.twcstorage.ru/35ffc2ef-1e09-463d-a2c4-c183d5deb59a/prints/pp2/Y501997.webp
Матовые цветные чехлы для печати,iPhone 16 Pro,A:502003,W502003,ПП2,3277171903,20,https://s3.twcstorage.ru/35ffc2ef-1e09-463d-a2c4-c183d5deb59a/prints/pp2/W502003.webp
Силиконовые чехлы,iPhone 16 Pro,A:502004,W502004,ПП2,3289076305,144,https://s3.twcstorage.ru/35ffc2ef-1e09-463d-a2c4-c183d5deb59a/prints/pp2/W502004.webp
Матовые цветные чехлы для печати,iPhone 16 Pro,A:502005,W502005,ПП2,3277172968,61,https://s3.twcstorage.ru/35ffc2ef-1e09-463d-a2c4-c183d5deb59a/prints/pp2/W502005.webp
Матовые цветные чехлы для печати,iPhone 16 Pro,A:502006,W502006,ПП2,3277173174,21,https://s3.twcstorage.ru/35ffc2ef-1e09-463d-a2c4-c183d5deb59a/prints/pp2/W502006.webp
Матовые цветные чехлы для печати,iPhone 16 Pro,A:502007,W502007,ПП2,3277172831,15,https://s3.twcstorage.ru/35ffc2ef-1e09-463d-a2c4-c183d5deb59a/prints/pp2/W502007.webp
Силиконовые чехлы,iPhone 16 Pro,A:502008,W502008,ПП2,3289072355,6,https://s3.twcstorage.ru/35ffc2ef-1e09-463d-a2c4-c183d5deb59a/prints/pp2/W502008.webp
Силиконовые чехлы,iPhone 16 Pro,A:502009,W502009,ПП2,3289080265,5,https://s3.twcstorage.ru/35ffc2ef-1e09-463d-a2c4-c183d5deb59a/prints/pp2/W502009.webp
Силиконовые чехлы,iPhone 16 Pro,A:502010,W502010,ПП2,3289072067,3,https://s3.twcstorage.ru/35ffc2ef-1e09-463d-a2c4-c183d5deb59a/prints/pp2/W502010.webp
Силиконовые чехлы,iPhone 16 Pro,A:502011,W502011,ПП2,3289072571,62,https://s3.twcstorage.ru/35ffc2ef-1e09-463d-a2c4-c183d5deb59a/prints/pp2/W502011.webp
Матовые цветные чехлы для печати,iPhone 16 Pro,A:502012,W502012,ПП2,3277173061,1,https://s3.twcstorage.ru/35ffc2ef-1e09-463d-a2c4-c183d5deb59a/prints/pp2/W502012.webp
Силиконовые чехлы,iPhone 16 Pro,A:502014,W502014,ПП2,3289073227,1,https://s3.twcstorage.ru/35ffc2ef-1e09-463d-a2c4-c183d5deb59a/prints/pp2/W502014.webp
Матовые цветные чехлы для печати,iPhone 16 Pro,A:502015,W502015,ПП2,3277172124,44,https://s3.twcstorage.ru/35ffc2ef-1e09-463d-a2c4-c183d5deb59a/prints/pp2/W502015.webp
Матовые цветные чехлы для печати,iPhone 16 Pro,A:502016,W502016,ПП2,3277172087,23,https://s3.twcstorage.ru/35ffc2ef-1e09-463d-a2c4-c183d5deb59a/prints/pp2/W502016.webp
Силиконовые чехлы,iPhone 16 Pro,A:502017,W502017,ПП2,3289072349,63,https://s3.twcstorage.ru/35ffc2ef-1e09-463d-a2c4-c183d5deb59a/prints/pp2/W502017.webp
Силиконовые чехлы,iPhone 16 Pro,A:502018,W502018,ПП2,3289072312,38,https://s3.twcstorage.ru/35ffc2ef-1e09-463d-a2c4-c183d5deb59a/prints/pp2/W502018.webp
Силиконовые чехлы,iPhone 16 Pro,A:502019,W502019,ПП2,3289072818,24,https://s3.twcstorage.ru/35ffc2ef-1e09-463d-a2c4-c183d5deb59a/prints/pp2/W502019.webp
Силиконовые чехлы,iPhone 16 Pro,A:502020,W502020,ПП2,3289072098,88,https://s3.twcstorage.ru/35ffc2ef-1e09-463d-a2c4-c183d5deb59a/prints/pp2/W502020.webp
Матовые цветные чехлы для печати,iPhone 16 Pro,A:502023,W502023,ПП2,3277172902,19,https://s3.twcstorage.ru/35ffc2ef-1e09-463d-a2c4-c183d5deb59a/prints/pp2/W502023.webp
Силиконовые чехлы,iPhone 16 Pro,A:502024,W502024,ПП2,3289076642,117,https://s3.twcstorage.ru/35ffc2ef-1e09-463d-a2c4-c183d5deb59a/prints/pp2/W502024.webp
Матовые цветные чехлы для печати,iPhone 16 Pro,A:502025,W502025,ПП2,3277172628,12,https://s3.twcstorage.ru/35ffc2ef-1e09-463d-a2c4-c183d5deb59a/prints/pp2/W502025.webp
Матовые цветные чехлы для печати,iPhone 16 Pro,A:502026,W502026,ПП2,3277172800,8,https://s3.twcstorage.ru/35ffc2ef-1e09-463d-a2c4-c183d5deb59a/prints/pp2/W502026.webp
Матовые цветные чехлы для печати,iPhone 16 Pro,A:502027,W502027,ПП2,3277172595,11,https://s3.twcstorage.ru/35ffc2ef-1e09-463d-a2c4-c183d5deb59a/prints/pp2/W502027.webp
Силиконовые чехлы,iPhone 16 Pro,A:502028,W502028,ПП2,3289076054,76,https://s3.twcstorage.ru/35ffc2ef-1e09-463d-a2c4-c183d5deb59a/prints/pp2/W502028.webp
Матовые цветные чехлы для печати,iPhone 16 Pro,A:502029,W502029,ПП2,3277172828,9,https://s3.twcstorage.ru/35ffc2ef-1e09-463d-a2c4-c183d5deb59a/prints/pp2/W502029.webp
Белые софт-тач,iPhone 16 Pro,A:502030,W502030,ПП2,3280485320,23,https://s3.twcstorage.ru/35ffc2ef-1e09-463d-a2c4-c183d5deb59a/prints/pp2/W502030.webp
Силиконовые чехлы,iPhone 16 Pro,A:502031,W502031,ПП2,3289072339,27,https://s3.twcstorage.ru/35ffc2ef-1e09-463d-a2c4-c183d5deb59a/prints/pp2/W502031.webp
Матовые цветные чехлы для печати,iPhone 16 Pro,A:502032,W502032,ПП2,3277172703,4,https://s3.twcstorage.ru/35ffc2ef-1e09-463d-a2c4-c183d5deb59a/prints/pp2/W502032.webp
Матовые цветные чехлы для печати,iPhone 16 Pro,A:502033,W502033,ПП2,3277173586,10,https://s3.twcstorage.ru/35ffc2ef-1e09-463d-a2c4-c183d5deb59a/prints/pp2/W502033.webp
Силиконовые чехлы,iPhone 16 Pro,A:502035,W502035,ПП2,3289071901,30,https://s3.twcstorage.ru/35ffc2ef-1e09-463d-a2c4-c183d5deb59a/prints/pp2/W502035.webp
Силиконовые чехлы,iPhone 16 Pro,A:502036,W502036,ПП2,3289075046,10,https://s3.twcstorage.ru/35ffc2ef-1e09-463d-a2c4-c183d5deb59a/prints/pp2/W502036.webp
Силиконовые чехлы,iPhone 16 Pro,A:502037,W502037,ПП2,3289075159,8,https://s3.twcstorage.ru/35ffc2ef-1e09-463d-a2c4-c183d5deb59a/prints/pp2/W502037.webp
Матовые цветные чехлы для печати,iPhone 16 Pro,A:502038,W502038,ПП2,3277172995,1000000,https://s3.twcstorage.ru/35ffc2ef-1e09-463d-a2c4-c183d5deb59a/prints/pp2/Y502038.webp
Силиконовые чехлы,iPhone 16 Pro,A:502039,W502039,ПП2,3289075295,95,https://s3.twcstorage.ru/35ffc2ef-1e09-463d-a2c4-c183d5deb59a/prints/pp2/W502039.webp
Силиконовые чехлы,iPhone 16 Pro,A:502044,W502044,ПП2,3289075296,146,https://s3.twcstorage.ru/35ffc2ef-1e09-463d-a2c4-c183d5deb59a/prints/pp2/W502044.webp
Белые софт-тач,iPhone 16 Pro,A:502047,W502047,ПП2,3280431074,22,https://s3.twcstorage.ru/35ffc2ef-1e09-463d-a2c4-c183d5deb59a/prints/pp2/W502047.webp
Белые софт-тач,iPhone 16 Pro,A:502048,W502048,ПП2,3280430610,18,https://s3.twcstorage.ru/35ffc2ef-1e09-463d-a2c4-c183d5deb59a/prints/pp2/Y502048.webp
Белые софт-тач,iPhone 16 Pro,A:502049,W502049,ПП2,3280430582,41,https://s3.twcstorage.ru/35ffc2ef-1e09-463d-a2c4-c183d5deb59a/prints/pp2/Y502049.webp
Белые софт-тач,iPhone 16 Pro,A:502050,W502050,ПП2,3280485044,49,https://s3.twcstorage.ru/35ffc2ef-1e09-463d-a2c4-c183d5deb59a/prints/pp2/Y502050.webp
Белые софт-тач,iPhone 16 Pro,A:502051,W502051,ПП2,3280430488,44,https://s3.twcstorage.ru/35ffc2ef-1e09-463d-a2c4-c183d5deb59a/prints/pp2/W502051.webp
Белые софт-тач,iPhone 16 Pro,A:502052,W502052,ПП2,3280481506,2,https://s3.twcstorage.ru/35ffc2ef-1e09-463d-a2c4-c183d5deb59a/prints/pp2/W502052.webp
Белые софт-тач,iPhone 16 Pro,A:502053,W502053,ПП2,3280487762,1,https://s3.twcstorage.ru/35ffc2ef-1e09-463d-a2c4-c183d5deb59a/prints/pp2/W502053.webp
Силиконовые чехлы,iPhone 16 Pro,A:502054,W502054,ПП2,3289072372,39,https://s3.twcstorage.ru/35ffc2ef-1e09-463d-a2c4-c183d5deb59a/prints/pp2/W502054.webp
Силиконовые чехлы,iPhone 16 Pro,A:502055,W502055,ПП2,3289073398,96,https://s3.twcstorage.ru/35ffc2ef-1e09-463d-a2c4-c183d5deb59a/prints/pp2/W502055.webp
Белые софт-тач,iPhone 16 Pro,A:502056,W502056,ПП2,3280431063,55,https://s3.twcstorage.ru/35ffc2ef-1e09-463d-a2c4-c183d5deb59a/prints/pp2/W502056.webp
Белые софт-тач,iPhone 16 Pro,A:502057,W502057,ПП2,3280430954,35,https://s3.twcstorage.ru/35ffc2ef-1e09-463d-a2c4-c183d5deb59a/prints/pp2/W502057.webp
Белые софт-тач,iPhone 16 Pro,A:502058,W502058,ПП2,3280481829,1000000,https://s3.twcstorage.ru/35ffc2ef-1e09-463d-a2c4-c183d5deb59a/prints/pp2/W502058.webp
Белые софт-тач,iPhone 16 Pro,A:502059,W502059,ПП2,3280481576,1000000,https://s3.twcstorage.ru/35ffc2ef-1e09-463d-a2c4-c183d5deb59a/prints/pp2/W502059.webp
Силиконовые чехлы,iPhone 16 Pro,A:502063,W502063,ПП2,3289074981,97,https://s3.twcstorage.ru/35ffc2ef-1e09-463d-a2c4-c183d5deb59a/prints/pp2/W502063.webp
Матовые цветные чехлы для печати,iPhone 16 Pro,A:502065,W502065,ПП2,3277172681,2,https://s3.twcstorage.ru/35ffc2ef-1e09-463d-a2c4-c183d5deb59a/prints/pp2/W502065.webp
Матовые цветные чехлы для печати,iPhone 16 Pro,A:502066,W502066,ПП2,3277171817,65,https://s3.twcstorage.ru/35ffc2ef-1e09-463d-a2c4-c183d5deb59a/prints/pp2/W502066.webp
Силиконовые чехлы,iPhone 16 Pro,A:502067,W502067,ПП2,3289071732,28,https://s3.twcstorage.ru/35ffc2ef-1e09-463d-a2c4-c183d5deb59a/prints/pp2/W5020671.webp
Белые софт-тач,iPhone 16 Pro,A:502069,W502069,ПП2,3280534161,8,https://s3.twcstorage.ru/35ffc2ef-1e09-463d-a2c4-c183d5deb59a/prints/pp2/W502069.webp
Матовые цветные чехлы для печати,iPhone 16 Pro,A:506329,W5063291,ПП2,4895054321,38,https://s3.twcstorage.ru/35ffc2ef-1e09-463d-a2c4-c183d5deb59a/prints/pp2/W5063291.webp
Белые софт-тач,iPhone 16 Pro,A:506330,W506330,ПП2,4899227191,10,https://s3.twcstorage.ru/35ffc2ef-1e09-463d-a2c4-c183d5deb59a/prints/pp2/W5063301.webp
Белые софт-тач,iPhone 16 Pro,A:506331,W506331,ПП2,4899380216,4,https://s3.twcstorage.ru/35ffc2ef-1e09-463d-a2c4-c183d5deb59a/prints/pp2/W5063311.webp
Силиконовые чехлы,iPhone 16 Pro,A:506332,W506332,ПП2,4895074781,11,https://s3.twcstorage.ru/35ffc2ef-1e09-463d-a2c4-c183d5deb59a/prints/pp2/W5063321.webp
Силиконовые чехлы,iPhone 16 Pro,A:506333,W506333,ПП2,4895029758,56,https://s3.twcstorage.ru/35ffc2ef-1e09-463d-a2c4-c183d5deb59a/prints/pp2/W5063331.webp
Силиконовые чехлы,iPhone 16 Pro,A:506334,W506334,ПП2,4895078686,14,https://s3.twcstorage.ru/35ffc2ef-1e09-463d-a2c4-c183d5deb59a/prints/pp2/W5063341.webp
Матовые цветные чехлы для печати,iPhone 16 Pro,A:506335,W5063351,ПП2,4895055305,39,https://s3.twcstorage.ru/35ffc2ef-1e09-463d-a2c4-c183d5deb59a/prints/pp2/W5063351.webp
Матовые цветные чехлы для печати,iPhone 16 Pro,A:506336,W5063361,ПП2,4895054897,16,https://s3.twcstorage.ru/35ffc2ef-1e09-463d-a2c4-c183d5deb59a/prints/pp2/W5063361.webp
Белые софт-тач,iPhone 16 Pro,A:506337,W506337,ПП2,4899228961,16,https://s3.twcstorage.ru/35ffc2ef-1e09-463d-a2c4-c183d5deb59a/prints/pp2/W5063371.webp
Белые софт-тач,iPhone 16 Pro,A:506338,W506338,ПП2,4899380076,62,https://s3.twcstorage.ru/35ffc2ef-1e09-463d-a2c4-c183d5deb59a/prints/pp2/W5063381.webp
Силиконовые чехлы,iPhone 16 Pro,A:506339,W506339,ПП2,4895076132,23,https://s3.twcstorage.ru/35ffc2ef-1e09-463d-a2c4-c183d5deb59a/prints/pp2/W5063391.webp
Белые софт-тач,iPhone 16 Pro,A:506340,W506340,ПП2,4899228548,3,https://s3.twcstorage.ru/35ffc2ef-1e09-463d-a2c4-c183d5deb59a/prints/pp2/W5063401.webp
Матовые цветные чехлы для печати,iPhone 16 Pro,A:506343,W5063431,ПП2,4895054719,87,https://s3.twcstorage.ru/35ffc2ef-1e09-463d-a2c4-c183d5deb59a/prints/pp2/W5063431.webp
Матовые цветные чехлы для печати,iPhone 16 Pro,A:506345,W5063451,ПП2,4895054626,67,https://s3.twcstorage.ru/35ffc2ef-1e09-463d-a2c4-c183d5deb59a/prints/pp2/W5063451.webp
Матовые цветные чехлы для печати,iPhone 16 Pro,A:506346,W506346,ПП2,4895055139,68,https://s3.twcstorage.ru/35ffc2ef-1e09-463d-a2c4-c183d5deb59a/prints/pp2/W506346.webp
Силиконовые чехлы,iPhone 16 Pro,A:506350,W506350,ПП2,4895075507,72,https://s3.twcstorage.ru/35ffc2ef-1e09-463d-a2c4-c183d5deb59a/prints/pp2/W5063501.webp
Матовые цветные чехлы для печати,iPhone 16 Pro,A:506351,W5063511,ПП2,4895057521,1000000,https://s3.twcstorage.ru/35ffc2ef-1e09-463d-a2c4-c183d5deb59a/prints/pp2/W5063511.webp
Силиконовые чехлы,iPhone 16 Pro,A:506352,W506352,ПП2,4895029614,1000000,https://s3.twcstorage.ru/35ffc2ef-1e09-463d-a2c4-c183d5deb59a/prints/pp2/W5063521.webp
Силиконовые чехлы,iPhone 16 Pro,A:506353,W506353,ПП2,4895028346,1000000,https://s3.twcstorage.ru/35ffc2ef-1e09-463d-a2c4-c183d5deb59a/prints/pp2/W5063531.webp
Матовые цветные чехлы для печати,iPhone 16 Pro,A:506354,W5063541,ПП2,4895054689,1000000,https://s3.twcstorage.ru/35ffc2ef-1e09-463d-a2c4-c183d5deb59a/prints/pp2/W5063541.webp
Силиконовые чехлы,iPhone 16 Pro,A:506361,W506361,ПП2,4895029531,50,https://s3.twcstorage.ru/35ffc2ef-1e09-463d-a2c4-c183d5deb59a/prints/pp2/W506361.webp
Силиконовые чехлы,iPhone 16 Pro,A:506362,W506362,ПП2,4895074138,155,https://s3.twcstorage.ru/35ffc2ef-1e09-463d-a2c4-c183d5deb59a/prints/pp2/W506362.webp
Матовые цветные чехлы для печати,iPhone 16 Pro,A:506363,W506363,ПП2,4895054172,40,https://s3.twcstorage.ru/35ffc2ef-1e09-463d-a2c4-c183d5deb59a/prints/pp2/W506363.webp
Матовые цветные чехлы для печати,iPhone 16 Pro,A:506364,W506364,ПП2,4895054362,56,https://s3.twcstorage.ru/35ffc2ef-1e09-463d-a2c4-c183d5deb59a/prints/pp2/W506364.webp
Матовые цветные чехлы для печати,iPhone 16 Pro,A:506365,W506365,ПП2,4895055418,1000000,https://s3.twcstorage.ru/35ffc2ef-1e09-463d-a2c4-c183d5deb59a/prints/pp2/W506365.webp
Силиконовые чехлы,iPhone 16 Pro,A:506366,W506366,ПП2,4895030228,156,https://s3.twcstorage.ru/35ffc2ef-1e09-463d-a2c4-c183d5deb59a/prints/pp2/W506366.webp
Матовые цветные чехлы для печати,iPhone 16 Pro,A:506369,W506369,ПП2,4895057831,1000000,https://s3.twcstorage.ru/35ffc2ef-1e09-463d-a2c4-c183d5deb59a/prints/pp2/W506369.webp
Белые софт-тач,iPhone 16 Pro,A:506370,W506370,ПП2,4899229861,65,https://s3.twcstorage.ru/35ffc2ef-1e09-463d-a2c4-c183d5deb59a/prints/pp2/W506370.webp
Матовые цветные чехлы для печати,iPhone 16 Pro,A:506372,W506372,ПП2,4895055062,25,https://s3.twcstorage.ru/35ffc2ef-1e09-463d-a2c4-c183d5deb59a/prints/pp2/W506372.webp
Белые софт-тач,iPhone 16 Pro,A:506373,W506373,ПП2,4899381469,6,https://s3.twcstorage.ru/35ffc2ef-1e09-463d-a2c4-c183d5deb59a/prints/pp2/W506373.webp
Белые софт-тач,iPhone 16 Pro,A:506374,W506374,ПП2,4899227370,5,https://s3.twcstorage.ru/35ffc2ef-1e09-463d-a2c4-c183d5deb59a/prints/pp2/W506374.webp
Силиконовые чехлы,iPhone 16 Pro,A:506375,W506375,ПП2,4895029778,80,https://s3.twcstorage.ru/35ffc2ef-1e09-463d-a2c4-c183d5deb59a/prints/pp2/W506375.webp
Матовые цветные чехлы для печати,iPhone 16 Pro,A:506376,W506376,ПП2,4895103628,57,https://s3.twcstorage.ru/35ffc2ef-1e09-463d-a2c4-c183d5deb59a/prints/pp2/W506376.webp
Матовые цветные чехлы для печати,iPhone 16 Pro,A:506377,W506377,ПП2,4895054032,73,https://s3.twcstorage.ru/35ffc2ef-1e09-463d-a2c4-c183d5deb59a/prints/pp2/W506377.webp
Белые софт-тач,iPhone 16 Pro,A:506378,W506378,ПП2,4899383506,46,https://s3.twcstorage.ru/35ffc2ef-1e09-463d-a2c4-c183d5deb59a/prints/pp2/W506378.webp
Белые софт-тач,iPhone 16 Pro,A:506379,W506379,ПП2,4899227720,19,https://s3.twcstorage.ru/35ffc2ef-1e09-463d-a2c4-c183d5deb59a/prints/pp2/W506379.webp
Белые софт-тач,iPhone 16 Pro,A:506380,W506380,ПП2,4899227092,42,https://s3.twcstorage.ru/35ffc2ef-1e09-463d-a2c4-c183d5deb59a/prints/pp2/W506380.webp
Матовые цветные чехлы для печати,iPhone 16 Pro,A:506381,W506381,ПП2,4895104141,26,https://s3.twcstorage.ru/35ffc2ef-1e09-463d-a2c4-c183d5deb59a/prints/pp2/W506381.webp
Силиконовые чехлы,iPhone 16 Pro,A:506383,Q506383,ПП2,4895030462,59,https://s3.twcstorage.ru/35ffc2ef-1e09-463d-a2c4-c183d5deb59a/prints/pp2/Q5063831.webp
Стеклянные чехлы,iPhone 16 Pro,A:506384,Q5063841,ПП2,4896566291,4,https://s3.twcstorage.ru/35ffc2ef-1e09-463d-a2c4-c183d5deb59a/prints/pp2/Q5063841.webp
Силиконовые чехлы,iPhone 16 Pro Max,A:501927,C501927,ПП2,3289069878,85,https://s3.twcstorage.ru/35ffc2ef-1e09-463d-a2c4-c183d5deb59a/prints/pp2/W501927.webp
Силиконовые чехлы,iPhone 16 Pro Max,A:501930,W501930,ПП2,3289066993,1000000,https://s3.twcstorage.ru/35ffc2ef-1e09-463d-a2c4-c183d5deb59a/prints/pp2/W501930.webp
Матовые цветные чехлы для печати,iPhone 16 Pro Max,A:501931,W501931,ПП2,3277171957,59,https://s3.twcstorage.ru/35ffc2ef-1e09-463d-a2c4-c183d5deb59a/prints/pp2/W501931.webp
Силиконовые чехлы,iPhone 16 Pro Max,A:501933,W501933,ПП2,3289070623,86,https://s3.twcstorage.ru/35ffc2ef-1e09-463d-a2c4-c183d5deb59a/prints/pp2/W501933.webp
Белые софт-тач,iPhone 16 Pro Max,A:501934,W501934,ПП2,3280959459,68,https://s3.twcstorage.ru/35ffc2ef-1e09-463d-a2c4-c183d5deb59a/prints/pp2/W501934.webp
Силиконовые чехлы,iPhone 16 Pro Max,A:501935,W501935,ПП2,3289067707,128,https://s3.twcstorage.ru/35ffc2ef-1e09-463d-a2c4-c183d5deb59a/prints/pp2/W501935.webp
Белые софт-тач,iPhone 16 Pro Max,A:501937,W501937,ПП2,3281007400,58,https://s3.twcstorage.ru/35ffc2ef-1e09-463d-a2c4-c183d5deb59a/prints/pp2/W501937.webp
Чёрные софт-тач,iPhone 16 Pro Max,A:501938,S501938,ПП2,3277045870,1000000,https://s3.twcstorage.ru/35ffc2ef-1e09-463d-a2c4-c183d5deb59a/prints/pp2/W501938.webp
Силиконовые чехлы,iPhone 16 Pro Max,A:501940,C501940,ПП2,3289070056,106,https://s3.twcstorage.ru/35ffc2ef-1e09-463d-a2c4-c183d5deb59a/prints/pp2/W501940.webp
Чёрные софт-тач,iPhone 16 Pro Max,A:501946,S501946,ПП2,3277046554,1,https://s3.twcstorage.ru/35ffc2ef-1e09-463d-a2c4-c183d5deb59a/prints/pp2/W501946.webp
Матовые цветные чехлы для печати,iPhone 16 Pro Max,A:501947,W501947,ПП2,3277171911,5,https://s3.twcstorage.ru/35ffc2ef-1e09-463d-a2c4-c183d5deb59a/prints/pp2/W501947.webp
Чёрные софт-тач,iPhone 16 Pro Max,A:501948,S501948,ПП2,3277046912,1000000,https://s3.twcstorage.ru/35ffc2ef-1e09-463d-a2c4-c183d5deb59a/prints/pp2/W501948.webp
Белые софт-тач,iPhone 16 Pro Max,A:501949,W501949,ПП2,3280959590,34,https://s3.twcstorage.ru/35ffc2ef-1e09-463d-a2c4-c183d5deb59a/prints/pp2/W501949.webp
Чёрные софт-тач,iPhone 16 Pro Max,A:501950,S501950,ПП2,3277046831,3,https://s3.twcstorage.ru/35ffc2ef-1e09-463d-a2c4-c183d5deb59a/prints/pp2/W501950.webp
Силиконовые чехлы,iPhone 16 Pro Max,A:501951,C501951,ПП2,3289070473,7,https://s3.twcstorage.ru/35ffc2ef-1e09-463d-a2c4-c183d5deb59a/prints/pp2/W501951.webp
Силиконовые чехлы,iPhone 16 Pro Max,A:501952,C501952,ПП2,3289070305,110,https://s3.twcstorage.ru/35ffc2ef-1e09-463d-a2c4-c183d5deb59a/prints/pp2/W501952.webp
Белые софт-тач,iPhone 16 Pro Max,A:501953,W501953,ПП2,3280959586,43,https://s3.twcstorage.ru/35ffc2ef-1e09-463d-a2c4-c183d5deb59a/prints/pp2/W501953.webp
Силиконовые чехлы,iPhone 16 Pro Max,A:501955,W501955,ПП2,3289067264,35,https://s3.twcstorage.ru/35ffc2ef-1e09-463d-a2c4-c183d5deb59a/prints/pp2/W501955.webp
Чёрные софт-тач,iPhone 16 Pro Max,A:501957,S501957,ПП2,3277045745,2,https://s3.twcstorage.ru/35ffc2ef-1e09-463d-a2c4-c183d5deb59a/prints/pp2/W501957.webp
Силиконовые чехлы,iPhone 16 Pro Max,A:501960,C501960,ПП2,3289066769,29,https://s3.twcstorage.ru/35ffc2ef-1e09-463d-a2c4-c183d5deb59a/prints/pp2/W501960.webp
Силиконовые чехлы,iPhone 16 Pro Max,A:501961,C501961,ПП2,3289071169,20,https://s3.twcstorage.ru/35ffc2ef-1e09-463d-a2c4-c183d5deb59a/prints/pp2/W501961.webp
Белые софт-тач,iPhone 16 Pro Max,A:501962,W501962,ПП2,3281004618,20,https://s3.twcstorage.ru/35ffc2ef-1e09-463d-a2c4-c183d5deb59a/prints/pp2/W501962.webp
Силиконовые чехлы,iPhone 16 Pro Max,A:501964,Q501964,ПП2,3289064269,135,https://s3.twcstorage.ru/35ffc2ef-1e09-463d-a2c4-c183d5deb59a/prints/pp2/Q5019641.webp
Силиконовые чехлы,iPhone 16 Pro Max,A:501965,Q501965,ПП2,3289066338,73,https://s3.twcstorage.ru/35ffc2ef-1e09-463d-a2c4-c183d5deb59a/prints/pp2/Q5019651.webp
Силиконовые чехлы,iPhone 16 Pro Max,A:501966,Q501966,ПП2,3289066626,87,https://s3.twcstorage.ru/35ffc2ef-1e09-463d-a2c4-c183d5deb59a/prints/pp2/W501966.webp
Силиконовые чехлы,iPhone 16 Pro Max,A:501968,W501968,ПП2,3289070050,91,https://s3.twcstorage.ru/35ffc2ef-1e09-463d-a2c4-c183d5deb59a/prints/pp2/W501968.webp
Силиконовые чехлы,iPhone 16 Pro Max,A:501978,Q501978,ПП2,3289072157,2,https://s3.twcstorage.ru/35ffc2ef-1e09-463d-a2c4-c183d5deb59a/prints/pp2/Q5019781.webp
Силиконовые чехлы,iPhone 16 Pro Max,A:501979,Q501979,ПП2,3289066916,32,https://s3.twcstorage.ru/35ffc2ef-1e09-463d-a2c4-c183d5deb59a/prints/pp2/Q5019791.webp
Стеклянные чехлы,iPhone 16 Pro Max,A:501980,Q5019801,ПП2,3277024382,1,https://s3.twcstorage.ru/35ffc2ef-1e09-463d-a2c4-c183d5deb59a/prints/pp2/Q5019801.webp
Силиконовые чехлы,iPhone 16 Pro Max,A:501981,Q501981,ПП2,3289070339,1000000,https://s3.twcstorage.ru/35ffc2ef-1e09-463d-a2c4-c183d5deb59a/prints/pp2/Y501981.webp
Силиконовые чехлы,iPhone 16 Pro Max,A:501982,Q501982,ПП2,3289071191,138,https://s3.twcstorage.ru/35ffc2ef-1e09-463d-a2c4-c183d5deb59a/prints/pp2/Y501982.webp
Силиконовые чехлы,iPhone 16 Pro Max,A:501983,Q501983,ПП2,3289071363,139,https://s3.twcstorage.ru/35ffc2ef-1e09-463d-a2c4-c183d5deb59a/prints/pp2/Y501983.webp
Силиконовые чехлы,iPhone 16 Pro Max,A:501986,Q501986,ПП2,3289070492,141,https://s3.twcstorage.ru/35ffc2ef-1e09-463d-a2c4-c183d5deb59a/prints/pp2/Y501986.webp
Силиконовые чехлы,iPhone 16 Pro Max,A:501987,Q501987,ПП2,3289066376,114,https://s3.twcstorage.ru/35ffc2ef-1e09-463d-a2c4-c183d5deb59a/prints/pp2/Y501987.webp
Силиконовые чехлы,iPhone 16 Pro Max,A:501988,Q501988,ПП2,3289067553,115,https://s3.twcstorage.ru/35ffc2ef-1e09-463d-a2c4-c183d5deb59a/prints/pp2/Y501988.webp
Силиконовые чехлы,iPhone 16 Pro Max,A:501989,Q501989,ПП2,3289066388,61,https://s3.twcstorage.ru/35ffc2ef-1e09-463d-a2c4-c183d5deb59a/prints/pp2/Y501989.webp
Силиконовые чехлы,iPhone 16 Pro Max,A:501990,Q501990,ПП2,3289070774,42,https://s3.twcstorage.ru/35ffc2ef-1e09-463d-a2c4-c183d5deb59a/prints/pp2/Y501990.webp
Стеклянные чехлы,iPhone 16 Pro Max,A:501993,Q5019931,ПП2,3277024292,3,https://s3.twcstorage.ru/35ffc2ef-1e09-463d-a2c4-c183d5deb59a/prints/pp2/Q5019931.webp
Силиконовые чехлы,iPhone 16 Pro Max,A:501998,W501998,ПП2,3289070349,142,https://s3.twcstorage.ru/35ffc2ef-1e09-463d-a2c4-c183d5deb59a/prints/pp2/W501998.webp
Матовые цветные чехлы для печати,iPhone 16 Pro Max,A:502003,W502003,ПП2,3277171783,20,https://s3.twcstorage.ru/35ffc2ef-1e09-463d-a2c4-c183d5deb59a/prints/pp2/W502003.webp
Матовые цветные чехлы для печати,iPhone 16 Pro Max,A:502005,W502005,ПП2,3277172046,61,https://s3.twcstorage.ru/35ffc2ef-1e09-463d-a2c4-c183d5deb59a/prints/pp2/W502005.webp
Матовые цветные чехлы для печати,iPhone 16 Pro Max,A:502006,W502006,ПП2,3277171944,21,https://s3.twcstorage.ru/35ffc2ef-1e09-463d-a2c4-c183d5deb59a/prints/pp2/W502006.webp
Матовые цветные чехлы для печати,iPhone 16 Pro Max,A:502007,W502007,ПП2,3277172064,15,https://s3.twcstorage.ru/35ffc2ef-1e09-463d-a2c4-c183d5deb59a/prints/pp2/W502007.webp
Силиконовые чехлы,iPhone 16 Pro Max,A:502008,W502008,ПП2,3289070448,6,https://s3.twcstorage.ru/35ffc2ef-1e09-463d-a2c4-c183d5deb59a/prints/pp2/W502008.webp
Силиконовые чехлы,iPhone 16 Pro Max,A:502009,W502009,ПП2,3289072815,5,https://s3.twcstorage.ru/35ffc2ef-1e09-463d-a2c4-c183d5deb59a/prints/pp2/W502009.webp
Силиконовые чехлы,iPhone 16 Pro Max,A:502010,W502010,ПП2,3289066984,3,https://s3.twcstorage.ru/35ffc2ef-1e09-463d-a2c4-c183d5deb59a/prints/pp2/W502010.webp
Силиконовые чехлы,iPhone 16 Pro Max,A:502011,W502011,ПП2,3289071056,62,https://s3.twcstorage.ru/35ffc2ef-1e09-463d-a2c4-c183d5deb59a/prints/pp2/W502011.webp
Матовые цветные чехлы для печати,iPhone 16 Pro Max,A:502012,W502012,ПП2,3277171922,1,https://s3.twcstorage.ru/35ffc2ef-1e09-463d-a2c4-c183d5deb59a/prints/pp2/W502012.webp
Силиконовые чехлы,iPhone 16 Pro Max,A:502014,W502014,ПП2,3289060359,1,https://s3.twcstorage.ru/35ffc2ef-1e09-463d-a2c4-c183d5deb59a/prints/pp2/W502014.webp
Белые софт-тач,iPhone 16 Pro Max,A:502016,W502016,ПП2,3281003842,24,https://s3.twcstorage.ru/35ffc2ef-1e09-463d-a2c4-c183d5deb59a/prints/pp2/W502016.webp
Силиконовые чехлы,iPhone 16 Pro Max,A:502018,W502018,ПП2,3289070343,38,https://s3.twcstorage.ru/35ffc2ef-1e09-463d-a2c4-c183d5deb59a/prints/pp2/W502018.webp
Силиконовые чехлы,iPhone 16 Pro Max,A:502019,W502019,ПП2,3289071676,24,https://s3.twcstorage.ru/35ffc2ef-1e09-463d-a2c4-c183d5deb59a/prints/pp2/W502019.webp
Матовые цветные чехлы для печати,iPhone 16 Pro Max,A:502022,W502022,ПП2,3277171902,1000000,https://s3.twcstorage.ru/35ffc2ef-1e09-463d-a2c4-c183d5deb59a/prints/pp2/Y502022.webp
Матовые цветные чехлы для печати,iPhone 16 Pro Max,A:502025,W502025,ПП2,3277171993,12,https://s3.twcstorage.ru/35ffc2ef-1e09-463d-a2c4-c183d5deb59a/prints/pp2/W502025.webp
Матовые цветные чехлы для печати,iPhone 16 Pro Max,A:502026,W502026,ПП2,3277171889,8,https://s3.twcstorage.ru/35ffc2ef-1e09-463d-a2c4-c183d5deb59a/prints/pp2/W502026.webp
Матовые цветные чехлы для печати,iPhone 16 Pro Max,A:502027,W502027,ПП2,3277172058,11,https://s3.twcstorage.ru/35ffc2ef-1e09-463d-a2c4-c183d5deb59a/prints/pp2/W502027.webp
Матовые цветные чехлы для печати,iPhone 16 Pro Max,A:502028,W502028,ПП2,3277172318,83,https://s3.twcstorage.ru/35ffc2ef-1e09-463d-a2c4-c183d5deb59a/prints/pp2/W502028.webp
Матовые цветные чехлы для печати,iPhone 16 Pro Max,A:502029,W502029,ПП2,3277171983,9,https://s3.twcstorage.ru/35ffc2ef-1e09-463d-a2c4-c183d5deb59a/prints/pp2/W502029.webp
Белые софт-тач,iPhone 16 Pro Max,A:502030,W502030,ПП2,3281006851,23,https://s3.twcstorage.ru/35ffc2ef-1e09-463d-a2c4-c183d5deb59a/prints/pp2/W502030.webp
Силиконовые чехлы,iPhone 16 Pro Max,A:502031,W502031,ПП2,3289071201,27,https://s3.twcstorage.ru/35ffc2ef-1e09-463d-a2c4-c183d5deb59a/prints/pp2/W502031.webp
Матовые цветные чехлы для печати,iPhone 16 Pro Max,A:502032,W502032,ПП2,3277171890,4,https://s3.twcstorage.ru/35ffc2ef-1e09-463d-a2c4-c183d5deb59a/prints/pp2/W502032.webp
Матовые цветные чехлы для печати,iPhone 16 Pro Max,A:502033,W502033,ПП2,3277171904,10,https://s3.twcstorage.ru/35ffc2ef-1e09-463d-a2c4-c183d5deb59a/prints/pp2/W502033.webp
Силиконовые чехлы,iPhone 16 Pro Max,A:502035,W502035,ПП2,3289066911,30,https://s3.twcstorage.ru/35ffc2ef-1e09-463d-a2c4-c183d5deb59a/prints/pp2/W502035.webp
Силиконовые чехлы,iPhone 16 Pro Max,A:502036,W502036,ПП2,3289071303,10,https://s3.twcstorage.ru/35ffc2ef-1e09-463d-a2c4-c183d5deb59a/prints/pp2/W502036.webp
Силиконовые чехлы,iPhone 16 Pro Max,A:502037,W502037,ПП2,3289071646,8,https://s3.twcstorage.ru/35ffc2ef-1e09-463d-a2c4-c183d5deb59a/prints/pp2/W502037.webp
Силиконовые чехлы,iPhone 16 Pro Max,A:502038,W502038,ПП2,3289070547,1000000,https://s3.twcstorage.ru/35ffc2ef-1e09-463d-a2c4-c183d5deb59a/prints/pp2/Y502038.webp
Силиконовые чехлы,iPhone 16 Pro Max,A:502039,W502039,ПП2,3289067238,95,https://s3.twcstorage.ru/35ffc2ef-1e09-463d-a2c4-c183d5deb59a/prints/pp2/W502039.webp
Белые софт-тач,iPhone 16 Pro Max,A:502047,W502047,ПП2,3280958519,22,https://s3.twcstorage.ru/35ffc2ef-1e09-463d-a2c4-c183d5deb59a/prints/pp2/W502047.webp
Белые софт-тач,iPhone 16 Pro Max,A:502048,W502048,ПП2,3280959568,18,https://s3.twcstorage.ru/35ffc2ef-1e09-463d-a2c4-c183d5deb59a/prints/pp2/Y502048.webp
Белые софт-тач,iPhone 16 Pro Max,A:502049,W502049,ПП2,3280957768,41,https://s3.twcstorage.ru/35ffc2ef-1e09-463d-a2c4-c183d5deb59a/prints/pp2/Y502049.webp
Белые софт-тач,iPhone 16 Pro Max,A:502050,W502050,ПП2,3281006845,49,https://s3.twcstorage.ru/35ffc2ef-1e09-463d-a2c4-c183d5deb59a/prints/pp2/Y502050.webp
Белые софт-тач,iPhone 16 Pro Max,A:502052,W502052,ПП2,3281006806,2,https://s3.twcstorage.ru/35ffc2ef-1e09-463d-a2c4-c183d5deb59a/prints/pp2/W502052.webp
Белые софт-тач,iPhone 16 Pro Max,A:502053,W502053,ПП2,3281004660,1,https://s3.twcstorage.ru/35ffc2ef-1e09-463d-a2c4-c183d5deb59a/prints/pp2/W502053.webp
Силиконовые чехлы,iPhone 16 Pro Max,A:502054,W502054,ПП2,3289069589,39,https://s3.twcstorage.ru/35ffc2ef-1e09-463d-a2c4-c183d5deb59a/prints/pp2/W502054.webp
Белые софт-тач,iPhone 16 Pro Max,A:502055,W502055,ПП2,3280959629,36,https://s3.twcstorage.ru/35ffc2ef-1e09-463d-a2c4-c183d5deb59a/prints/pp2/W502055.webp
Белые софт-тач,iPhone 16 Pro Max,A:502057,W502057,ПП2,3280958390,35,https://s3.twcstorage.ru/35ffc2ef-1e09-463d-a2c4-c183d5deb59a/prints/pp2/W502057.webp
Матовые цветные чехлы для печати,iPhone 16 Pro Max,A:502062,W502062,ПП2,3277171990,48,https://s3.twcstorage.ru/35ffc2ef-1e09-463d-a2c4-c183d5deb59a/prints/pp2/W502062.webp
Силиконовые чехлы,iPhone 16 Pro Max,A:502063,W502063,ПП2,3289060960,97,https://s3.twcstorage.ru/35ffc2ef-1e09-463d-a2c4-c183d5deb59a/prints/pp2/W502063.webp
Матовые цветные чехлы для печати,iPhone 16 Pro Max,A:502065,W502065,ПП2,3277172077,2,https://s3.twcstorage.ru/35ffc2ef-1e09-463d-a2c4-c183d5deb59a/prints/pp2/W502065.webp
Силиконовые чехлы,iPhone 16 Pro Max,A:502067,W502067,ПП2,3289070438,28,https://s3.twcstorage.ru/35ffc2ef-1e09-463d-a2c4-c183d5deb59a/prints/pp2/W5020671.webp
Белые софт-тач,iPhone 16 Pro Max,A:502069,W502069,ПП2,3281005408,8,https://s3.twcstorage.ru/35ffc2ef-1e09-463d-a2c4-c183d5deb59a/prints/pp2/W502069.webp
Белые софт-тач,iPhone 16 Pro Max,A:506329,W506329,ПП2,4896993588,40,https://s3.twcstorage.ru/35ffc2ef-1e09-463d-a2c4-c183d5deb59a/prints/pp2/W5063291.webp
Белые софт-тач,iPhone 16 Pro Max,A:506330,W506330,ПП2,4896994044,10,https://s3.twcstorage.ru/35ffc2ef-1e09-463d-a2c4-c183d5deb59a/prints/pp2/W5063301.webp
Белые софт-тач,iPhone 16 Pro Max,A:506331,W506331,ПП2,4896995131,4,https://s3.twcstorage.ru/35ffc2ef-1e09-463d-a2c4-c183d5deb59a/prints/pp2/W5063311.webp
Силиконовые чехлы,iPhone 16 Pro Max,A:506332,W506332,ПП2,4894969883,11,https://s3.twcstorage.ru/35ffc2ef-1e09-463d-a2c4-c183d5deb59a/prints/pp2/W5063321.webp
Силиконовые чехлы,iPhone 16 Pro Max,A:506333,W506333,ПП2,4894972142,56,https://s3.twcstorage.ru/35ffc2ef-1e09-463d-a2c4-c183d5deb59a/prints/pp2/W5063331.webp
Силиконовые чехлы,iPhone 16 Pro Max,A:506334,W506334,ПП2,4895029700,14,https://s3.twcstorage.ru/35ffc2ef-1e09-463d-a2c4-c183d5deb59a/prints/pp2/W5063341.webp
Белые софт-тач,iPhone 16 Pro Max,A:506335,W506335,ПП2,4896997587,61,https://s3.twcstorage.ru/35ffc2ef-1e09-463d-a2c4-c183d5deb59a/prints/pp2/W5063351.webp
Белые софт-тач,iPhone 16 Pro Max,A:506336,W506336,ПП2,4896994845,12,https://s3.twcstorage.ru/35ffc2ef-1e09-463d-a2c4-c183d5deb59a/prints/pp2/W5063361.webp
Белые софт-тач,iPhone 16 Pro Max,A:506337,W506337,ПП2,4896994009,16,https://s3.twcstorage.ru/35ffc2ef-1e09-463d-a2c4-c183d5deb59a/prints/pp2/W5063371.webp
Белые софт-тач,iPhone 16 Pro Max,A:506338,W506338,ПП2,4896993493,62,https://s3.twcstorage.ru/35ffc2ef-1e09-463d-a2c4-c183d5deb59a/prints/pp2/W5063381.webp
Силиконовые чехлы,iPhone 16 Pro Max,A:506339,W506339,ПП2,4895030138,23,https://s3.twcstorage.ru/35ffc2ef-1e09-463d-a2c4-c183d5deb59a/prints/pp2/W5063391.webp
Белые софт-тач,iPhone 16 Pro Max,A:506340,W506340,ПП2,4896997294,3,https://s3.twcstorage.ru/35ffc2ef-1e09-463d-a2c4-c183d5deb59a/prints/pp2/W5063401.webp
Белые софт-тач,iPhone 16 Pro Max,A:506341,W506341,ПП2,4896994000,51,https://s3.twcstorage.ru/35ffc2ef-1e09-463d-a2c4-c183d5deb59a/prints/pp2/W5063411.webp
Матовые цветные чехлы для печати,iPhone 16 Pro Max,A:506342,W5063421,ПП2,4895010225,1000000,https://s3.twcstorage.ru/35ffc2ef-1e09-463d-a2c4-c183d5deb59a/prints/pp2/W5063421.webp
Силиконовые чехлы,iPhone 16 Pro Max,A:506343,W506343,ПП2,4894971824,1000000,https://s3.twcstorage.ru/35ffc2ef-1e09-463d-a2c4-c183d5deb59a/prints/pp2/W5063431.webp
Матовые цветные чехлы для печати,iPhone 16 Pro Max,A:506344,W5063441,ПП2,4895013844,88,https://s3.twcstorage.ru/35ffc2ef-1e09-463d-a2c4-c183d5deb59a/prints/pp2/W5063441.webp
Силиконовые чехлы,iPhone 16 Pro Max,A:506345,W506345,ПП2,4894970084,150,https://s3.twcstorage.ru/35ffc2ef-1e09-463d-a2c4-c183d5deb59a/prints/pp2/W5063451.webp
Матовые цветные чехлы для печати,iPhone 16 Pro Max,A:506346,W506346,ПП2,4895010464,68,https://s3.twcstorage.ru/35ffc2ef-1e09-463d-a2c4-c183d5deb59a/prints/pp2/W506346.webp
Силиконовые чехлы,iPhone 16 Pro Max,A:506348,W506348,ПП2,4894968831,99,https://s3.twcstorage.ru/35ffc2ef-1e09-463d-a2c4-c183d5deb59a/prints/pp2/W506348.webp
Матовые цветные чехлы для печати,iPhone 16 Pro Max,A:506350,W5063501,ПП2,4895011839,50,https://s3.twcstorage.ru/35ffc2ef-1e09-463d-a2c4-c183d5deb59a/prints/pp2/W5063501.webp
Силиконовые чехлы,iPhone 16 Pro Max,A:506351,W506351,ПП2,4894970336,151,https://s3.twcstorage.ru/35ffc2ef-1e09-463d-a2c4-c183d5deb59a/prints/pp2/W5063511.webp
Силиконовые чехлы,iPhone 16 Pro Max,A:506361,W506361,ПП2,4894969465,50,https://s3.twcstorage.ru/35ffc2ef-1e09-463d-a2c4-c183d5deb59a/prints/pp2/W506361.webp
Силиконовые чехлы,iPhone 16 Pro Max,A:506362,W506362,ПП2,4894968986,155,https://s3.twcstorage.ru/35ffc2ef-1e09-463d-a2c4-c183d5deb59a/prints/pp2/W506362.webp
Матовые цветные чехлы для печати,iPhone 16 Pro Max,A:506364,W506364,ПП2,4895009919,56,https://s3.twcstorage.ru/35ffc2ef-1e09-463d-a2c4-c183d5deb59a/prints/pp2/W506364.webp
Силиконовые чехлы,iPhone 16 Pro Max,A:506366,W506366,ПП2,4894969629,156,https://s3.twcstorage.ru/35ffc2ef-1e09-463d-a2c4-c183d5deb59a/prints/pp2/W506366.webp
Силиконовые чехлы,iPhone 16 Pro Max,A:506367,W506367,ПП2,4894972519,1000000,https://s3.twcstorage.ru/35ffc2ef-1e09-463d-a2c4-c183d5deb59a/prints/pp2/W506367.webp
Матовые цветные чехлы для печати,iPhone 16 Pro Max,A:506369,W506369,ПП2,4895009680,1000000,https://s3.twcstorage.ru/35ffc2ef-1e09-463d-a2c4-c183d5deb59a/prints/pp2/W506369.webp
Белые софт-тач,iPhone 16 Pro Max,A:506370,W506370,ПП2,4896994749,65,https://s3.twcstorage.ru/35ffc2ef-1e09-463d-a2c4-c183d5deb59a/prints/pp2/W506370.webp
Силиконовые чехлы,iPhone 16 Pro Max,A:506371,W506371,ПП2,4894970206,157,https://s3.twcstorage.ru/35ffc2ef-1e09-463d-a2c4-c183d5deb59a/prints/pp2/W506371.webp
Матовые цветные чехлы для печати,iPhone 16 Pro Max,A:506372,W506372,ПП2,4895010116,25,https://s3.twcstorage.ru/35ffc2ef-1e09-463d-a2c4-c183d5deb59a/prints/pp2/W506372.webp
Белые софт-тач,iPhone 16 Pro Max,A:506373,W506373,ПП2,4896997333,6,https://s3.twcstorage.ru/35ffc2ef-1e09-463d-a2c4-c183d5deb59a/prints/pp2/W506373.webp
Белые софт-тач,iPhone 16 Pro Max,A:506374,W506374,ПП2,4896994710,5,https://s3.twcstorage.ru/35ffc2ef-1e09-463d-a2c4-c183d5deb59a/prints/pp2/W506374.webp
Силиконовые чехлы,iPhone 16 Pro Max,A:506375,W506375,ПП2,4894970474,80,https://s3.twcstorage.ru/35ffc2ef-1e09-463d-a2c4-c183d5deb59a/prints/pp2/W506375.webp
Силиконовые чехлы,iPhone 16 Pro Max,A:506377,W506377,ПП2,4895030607,102,https://s3.twcstorage.ru/35ffc2ef-1e09-463d-a2c4-c183d5deb59a/prints/pp2/W506377.webp
Силиконовые чехлы,iPhone 16 Pro Max,A:506378,W506378,ПП2,4894969540,82,https://s3.twcstorage.ru/35ffc2ef-1e09-463d-a2c4-c183d5deb59a/prints/pp2/W506378.webp
Белые софт-тач,iPhone 16 Pro Max,A:506379,W506379,ПП2,4896997672,19,https://s3.twcstorage.ru/35ffc2ef-1e09-463d-a2c4-c183d5deb59a/prints/pp2/W506379.webp
Силиконовые чехлы,iPhone 16 Pro Max,A:506380,W506380,ПП2,4894969355,83,https://s3.twcstorage.ru/35ffc2ef-1e09-463d-a2c4-c183d5deb59a/prints/pp2/W506380.webp
Матовые цветные чехлы для печати,iPhone 16 Pro Max,A:506381,W506381,ПП2,4895054567,26,https://s3.twcstorage.ru/35ffc2ef-1e09-463d-a2c4-c183d5deb59a/prints/pp2/W506381.webp
Стеклянные чехлы,iPhone 16 Pro Max,A:506382,Q5063821,ПП2,4896565590,8,https://s3.twcstorage.ru/35ffc2ef-1e09-463d-a2c4-c183d5deb59a/prints/pp2/Q5063821.webp
Силиконовые чехлы,iPhone 16 Pro Max,A:506383,Q506383,ПП2,4894972721,59,https://s3.twcstorage.ru/35ffc2ef-1e09-463d-a2c4-c183d5deb59a/prints/pp2/Q5063831.webp
Стеклянные чехлы,iPhone 16 Pro Max,A:506384,Q5063841,ПП2,4896566287,4,https://s3.twcstorage.ru/35ffc2ef-1e09-463d-a2c4-c183d5deb59a/prints/pp2/Q5063841.webp
Белые софт-тач,iPhone 16e/17e,A:501932,W501932,ПП2,3277244922,67,https://s3.twcstorage.ru/35ffc2ef-1e09-463d-a2c4-c183d5deb59a/prints/pp2/W501932.webp
Чёрные софт-тач,iPhone 16e/17e,A:501933,S501933,ПП2,3277071068,19,https://s3.twcstorage.ru/35ffc2ef-1e09-463d-a2c4-c183d5deb59a/prints/pp2/W501933.webp
Чёрные софт-тач,iPhone 16e/17e,A:501934,S501934,ПП2,3277071027,20,https://s3.twcstorage.ru/35ffc2ef-1e09-463d-a2c4-c183d5deb59a/prints/pp2/W501934.webp
Силиконовые чехлы,iPhone 16e/17e,A:501940,W501940,ПП2,3280747832,106,https://s3.twcstorage.ru/35ffc2ef-1e09-463d-a2c4-c183d5deb59a/prints/pp2/W501940.webp
Чёрные софт-тач,iPhone 16e/17e,A:501947,S501947,ПП2,3277071356,7,https://s3.twcstorage.ru/35ffc2ef-1e09-463d-a2c4-c183d5deb59a/prints/pp2/W501947.webp
Чёрные софт-тач,iPhone 16e/17e,A:501949,S501949,ПП2,3277071240,4,https://s3.twcstorage.ru/35ffc2ef-1e09-463d-a2c4-c183d5deb59a/prints/pp2/W501949.webp
Белые софт-тач,iPhone 16e/17e,A:501950,W501950,ПП2,3277244675,70,https://s3.twcstorage.ru/35ffc2ef-1e09-463d-a2c4-c183d5deb59a/prints/pp2/W501950.webp
Чёрные софт-тач,iPhone 16e/17e,A:501951,S501951,ПП2,3277071312,5,https://s3.twcstorage.ru/35ffc2ef-1e09-463d-a2c4-c183d5deb59a/prints/pp2/W501951.webp
Чёрные софт-тач,iPhone 16e/17e,A:501956,S501956,ПП2,3277071298,27,https://s3.twcstorage.ru/35ffc2ef-1e09-463d-a2c4-c183d5deb59a/prints/pp2/W501956.webp
Чёрные софт-тач,iPhone 16e/17e,A:501957,S501957,ПП2,3277071565,2,https://s3.twcstorage.ru/35ffc2ef-1e09-463d-a2c4-c183d5deb59a/prints/pp2/W501957.webp
Силиконовые чехлы,iPhone 16e/17e,A:501958,W501958,ПП2,3280748780,1000000,https://s3.twcstorage.ru/35ffc2ef-1e09-463d-a2c4-c183d5deb59a/prints/pp2/W501958.webp
Белые софт-тач,iPhone 16e/17e,A:501960,W501960,ПП2,3277244673,32,https://s3.twcstorage.ru/35ffc2ef-1e09-463d-a2c4-c183d5deb59a/prints/pp2/W501960.webp
Силиконовые чехлы,iPhone 16e/17e,A:501961,W501961,ПП2,3280745332,20,https://s3.twcstorage.ru/35ffc2ef-1e09-463d-a2c4-c183d5deb59a/prints/pp2/W501961.webp
Чёрные софт-тач,iPhone 16e/17e,A:501962,S501962,ПП2,3277071231,29,https://s3.twcstorage.ru/35ffc2ef-1e09-463d-a2c4-c183d5deb59a/prints/pp2/W501962.webp
Стеклянные чехлы,iPhone 16e/17e,A:501965,Q5019651,ПП2,3277031196,5,https://s3.twcstorage.ru/35ffc2ef-1e09-463d-a2c4-c183d5deb59a/prints/pp2/Q5019651.webp
Силиконовые чехлы,iPhone 16e/17e,A:501966,Q501966,ПП2,3280742402,87,https://s3.twcstorage.ru/35ffc2ef-1e09-463d-a2c4-c183d5deb59a/prints/pp2/W501966.webp
Силиконовые чехлы,iPhone 16e/17e,A:501978,Q501978,ПП2,3280745513,2,https://s3.twcstorage.ru/35ffc2ef-1e09-463d-a2c4-c183d5deb59a/prints/pp2/Q5019781.webp
Стеклянные чехлы,iPhone 16e/17e,A:501980,Q5019801,ПП2,3277029785,1,https://s3.twcstorage.ru/35ffc2ef-1e09-463d-a2c4-c183d5deb59a/prints/pp2/Q5019801.webp
Стеклянные чехлы,iPhone 16e/17e,A:501989,Y501989,ПП2,3277129052,1000000,https://s3.twcstorage.ru/35ffc2ef-1e09-463d-a2c4-c183d5deb59a/prints/pp2/Y501989.webp
Стеклянные чехлы,iPhone 16e/17e,A:501990,Y501990,ПП2,3277128937,13,https://s3.twcstorage.ru/35ffc2ef-1e09-463d-a2c4-c183d5deb59a/prints/pp2/Y501990.webp
Стеклянные чехлы,iPhone 16e/17e,A:501993,Q5019931,ПП2,3277029278,3,https://s3.twcstorage.ru/35ffc2ef-1e09-463d-a2c4-c183d5deb59a/prints/pp2/Q5019931.webp
Белые софт-тач,iPhone 16e/17e,A:501996,W501996,ПП2,3277244902,1000000,https://s3.twcstorage.ru/35ffc2ef-1e09-463d-a2c4-c183d5deb59a/prints/pp2/Y501996.webp
Матовые цветные чехлы для печати,iPhone 16e/17e,A:501997,W501997,ПП2,3277169766,43,https://s3.twcstorage.ru/35ffc2ef-1e09-463d-a2c4-c183d5deb59a/prints/pp2/Y501997.webp
Силиконовые чехлы,iPhone 16e/17e,A:501999,W501999,ПП2,3280753077,1000000,https://s3.twcstorage.ru/35ffc2ef-1e09-463d-a2c4-c183d5deb59a/prints/pp2/W501999.webp
Матовые цветные чехлы для печати,iPhone 16e/17e,A:502007,W502007,ПП2,3277170903,15,https://s3.twcstorage.ru/35ffc2ef-1e09-463d-a2c4-c183d5deb59a/prints/pp2/W502007.webp
Силиконовые чехлы,iPhone 16e/17e,A:502008,W502008,ПП2,3280746491,6,https://s3.twcstorage.ru/35ffc2ef-1e09-463d-a2c4-c183d5deb59a/prints/pp2/W502008.webp
Силиконовые чехлы,iPhone 16e/17e,A:502009,W502009,ПП2,3280756711,5,https://s3.twcstorage.ru/35ffc2ef-1e09-463d-a2c4-c183d5deb59a/prints/pp2/W502009.webp
Силиконовые чехлы,iPhone 16e/17e,A:502010,W502010,ПП2,3280755361,3,https://s3.twcstorage.ru/35ffc2ef-1e09-463d-a2c4-c183d5deb59a/prints/pp2/W502010.webp
Матовые цветные чехлы для печати,iPhone 16e/17e,A:502012,W502012,ПП2,3277169498,1,https://s3.twcstorage.ru/35ffc2ef-1e09-463d-a2c4-c183d5deb59a/prints/pp2/W502012.webp
Белые софт-тач,iPhone 16e/17e,A:502014,W502014,ПП2,3277244637,7,https://s3.twcstorage.ru/35ffc2ef-1e09-463d-a2c4-c183d5deb59a/prints/pp2/W502014.webp
Белые софт-тач,iPhone 16e/17e,A:502016,W502016,ПП2,3277245079,24,https://s3.twcstorage.ru/35ffc2ef-1e09-463d-a2c4-c183d5deb59a/prints/pp2/W502016.webp
Матовые цветные чехлы для печати,iPhone 16e/17e,A:502029,W502029,ПП2,3277169479,9,https://s3.twcstorage.ru/35ffc2ef-1e09-463d-a2c4-c183d5deb59a/prints/pp2/W502029.webp
Белые софт-тач,iPhone 16e/17e,A:502030,W502030,ПП2,3277245024,23,https://s3.twcstorage.ru/35ffc2ef-1e09-463d-a2c4-c183d5deb59a/prints/pp2/W502030.webp
Матовые цветные чехлы для печати,iPhone 16e/17e,A:502032,W502032,ПП2,3277169754,4,https://s3.twcstorage.ru/35ffc2ef-1e09-463d-a2c4-c183d5deb59a/prints/pp2/W502032.webp
Белые софт-тач,iPhone 16e/17e,A:502033,W502033,ПП2,3277244833,15,https://s3.twcstorage.ru/35ffc2ef-1e09-463d-a2c4-c183d5deb59a/prints/pp2/W502033.webp
Силиконовые чехлы,iPhone 16e/17e,A:502035,W502035,ПП2,3280755464,30,https://s3.twcstorage.ru/35ffc2ef-1e09-463d-a2c4-c183d5deb59a/prints/pp2/W502035.webp
Белые софт-тач,iPhone 16e/17e,A:502036,W502036,ПП2,3277245460,17,https://s3.twcstorage.ru/35ffc2ef-1e09-463d-a2c4-c183d5deb59a/prints/pp2/W502036.webp
Силиконовые чехлы,iPhone 16e/17e,A:502037,W502037,ПП2,3280742206,8,https://s3.twcstorage.ru/35ffc2ef-1e09-463d-a2c4-c183d5deb59a/prints/pp2/W502037.webp
Силиконовые чехлы,iPhone 16e/17e,A:502049,W502049,ПП2,3280747193,49,https://s3.twcstorage.ru/35ffc2ef-1e09-463d-a2c4-c183d5deb59a/prints/pp2/Y502049.webp
Белые софт-тач,iPhone 16e/17e,A:502052,W502052,ПП2,3277244418,2,https://s3.twcstorage.ru/35ffc2ef-1e09-463d-a2c4-c183d5deb59a/prints/pp2/W502052.webp
Белые софт-тач,iPhone 16e/17e,A:502053,W502053,ПП2,3277244650,1,https://s3.twcstorage.ru/35ffc2ef-1e09-463d-a2c4-c183d5deb59a/prints/pp2/W502053.webp
Белые софт-тач,iPhone 16e/17e,A:502054,W502054,ПП2,3277244618,45,https://s3.twcstorage.ru/35ffc2ef-1e09-463d-a2c4-c183d5deb59a/prints/pp2/W502054.webp
Матовые цветные чехлы для печати,iPhone 16e/17e,A:502055,W502055,ПП2,3277167072,1000000,https://s3.twcstorage.ru/35ffc2ef-1e09-463d-a2c4-c183d5deb59a/prints/pp2/W502055.webp
Силиконовые чехлы,iPhone 16e/17e,A:502057,W502057,ПП2,3280750059,78,https://s3.twcstorage.ru/35ffc2ef-1e09-463d-a2c4-c183d5deb59a/prints/pp2/W502057.webp
Матовые цветные чехлы для печати,iPhone 16e/17e,A:502065,W502065,ПП2,3277169622,2,https://s3.twcstorage.ru/35ffc2ef-1e09-463d-a2c4-c183d5deb59a/prints/pp2/W502065.webp
Белые софт-тач,iPhone 16e/17e,A:502069,W502069,ПП2,3277245473,8,https://s3.twcstorage.ru/35ffc2ef-1e09-463d-a2c4-c183d5deb59a/prints/pp2/W502069.webp
Объемные матовые чехлы коричневые,iPhone 16e/17e,A:506372,W506372,ПП2,4998399152,16,https://s3.twcstorage.ru/35ffc2ef-1e09-463d-a2c4-c183d5deb59a/prints/pp2/W506372.webp
Силиконовые чехлы,iPhone 17,A:501927,W501927,ПП2,3289119551,85,https://s3.twcstorage.ru/35ffc2ef-1e09-463d-a2c4-c183d5deb59a/prints/pp2/W501927.webp
Силиконовые чехлы,iPhone 17,A:501928,W501928,ПП2,3289121805,1000000,https://s3.twcstorage.ru/35ffc2ef-1e09-463d-a2c4-c183d5deb59a/prints/pp2/W501928.webp
Матовые цветные чехлы для печати,iPhone 17,A:501930,W501930,ПП2,3277178337,75,https://s3.twcstorage.ru/35ffc2ef-1e09-463d-a2c4-c183d5deb59a/prints/pp2/W501930.webp
Матовые цветные чехлы для печати,iPhone 17,A:501931,W501931,ПП2,3277178568,59,https://s3.twcstorage.ru/35ffc2ef-1e09-463d-a2c4-c183d5deb59a/prints/pp2/W501931.webp
Белые софт-тач,iPhone 17,A:501932,W501932,ПП2,3277260176,67,https://s3.twcstorage.ru/35ffc2ef-1e09-463d-a2c4-c183d5deb59a/prints/pp2/W501932.webp
Матовые цветные чехлы для печати,iPhone 17,A:501933,W501933,ПП2,3277177861,76,https://s3.twcstorage.ru/35ffc2ef-1e09-463d-a2c4-c183d5deb59a/prints/pp2/W501933.webp
Белые софт-тач,iPhone 17,A:501934,W501934,ПП2,3277260730,68,https://s3.twcstorage.ru/35ffc2ef-1e09-463d-a2c4-c183d5deb59a/prints/pp2/W501934.webp
Силиконовые чехлы,iPhone 17,A:501935,W501935,ПП2,3289122730,128,https://s3.twcstorage.ru/35ffc2ef-1e09-463d-a2c4-c183d5deb59a/prints/pp2/W501935.webp
Белые софт-тач,iPhone 17,A:501936,W501936,ПП2,3277260243,1000000,https://s3.twcstorage.ru/35ffc2ef-1e09-463d-a2c4-c183d5deb59a/prints/pp2/W501936.webp
Силиконовые чехлы,iPhone 17,A:501937,C501937,ПП2,3289113820,90,https://s3.twcstorage.ru/35ffc2ef-1e09-463d-a2c4-c183d5deb59a/prints/pp2/W501937.webp
Матовые цветные чехлы для печати,iPhone 17,A:501940,W501940,ПП2,3277177476,42,https://s3.twcstorage.ru/35ffc2ef-1e09-463d-a2c4-c183d5deb59a/prints/pp2/W501940.webp
Силиконовые чехлы,iPhone 17,A:501942,C501942,ПП2,3289119743,108,https://s3.twcstorage.ru/35ffc2ef-1e09-463d-a2c4-c183d5deb59a/prints/pp2/S501942.webp
Матовые цветные чехлы для печати,iPhone 17,A:501947,W501947,ПП2,3277177547,5,https://s3.twcstorage.ru/35ffc2ef-1e09-463d-a2c4-c183d5deb59a/prints/pp2/W501947.webp
Силиконовые чехлы,iPhone 17,A:501948,C501948,ПП2,3289119227,132,https://s3.twcstorage.ru/35ffc2ef-1e09-463d-a2c4-c183d5deb59a/prints/pp2/W501948.webp
Белые софт-тач,iPhone 17,A:501949,W501949,ПП2,3277260239,34,https://s3.twcstorage.ru/35ffc2ef-1e09-463d-a2c4-c183d5deb59a/prints/pp2/W501949.webp
Силиконовые чехлы,iPhone 17,A:501950,W501950,ПП2,3289114692,46,https://s3.twcstorage.ru/35ffc2ef-1e09-463d-a2c4-c183d5deb59a/prints/pp2/W501950.webp
Силиконовые чехлы,iPhone 17,A:501951,C501951,ПП2,3289119868,7,https://s3.twcstorage.ru/35ffc2ef-1e09-463d-a2c4-c183d5deb59a/prints/pp2/W501951.webp
Белые софт-тач,iPhone 17,A:501953,W501953,ПП2,3277260391,43,https://s3.twcstorage.ru/35ffc2ef-1e09-463d-a2c4-c183d5deb59a/prints/pp2/W501953.webp
Силиконовые чехлы,iPhone 17,A:501955,W501955,ПП2,3289120048,35,https://s3.twcstorage.ru/35ffc2ef-1e09-463d-a2c4-c183d5deb59a/prints/pp2/W501955.webp
Белые софт-тач,iPhone 17,A:501956,W501956,ПП2,3277260178,1000000,https://s3.twcstorage.ru/35ffc2ef-1e09-463d-a2c4-c183d5deb59a/prints/pp2/W501956.webp
Матовые цветные чехлы для печати,iPhone 17,A:501957,W501957,ПП2,3277177869,7,https://s3.twcstorage.ru/35ffc2ef-1e09-463d-a2c4-c183d5deb59a/prints/pp2/W501957.webp
Белые софт-тач,iPhone 17,A:501958,W501958,ПП2,3277260281,1000000,https://s3.twcstorage.ru/35ffc2ef-1e09-463d-a2c4-c183d5deb59a/prints/pp2/W501958.webp
Силиконовые чехлы,iPhone 17,A:501960,C501960,ПП2,3289119464,29,https://s3.twcstorage.ru/35ffc2ef-1e09-463d-a2c4-c183d5deb59a/prints/pp2/W501960.webp
Силиконовые чехлы,iPhone 17,A:501961,C501961,ПП2,3289119833,20,https://s3.twcstorage.ru/35ffc2ef-1e09-463d-a2c4-c183d5deb59a/prints/pp2/W501961.webp
Белые софт-тач,iPhone 17,A:501962,W501962,ПП2,3277259979,20,https://s3.twcstorage.ru/35ffc2ef-1e09-463d-a2c4-c183d5deb59a/prints/pp2/W501962.webp
Силиконовые чехлы,iPhone 17,A:501963,Q501963,ПП2,3289114729,111,https://s3.twcstorage.ru/35ffc2ef-1e09-463d-a2c4-c183d5deb59a/prints/pp2/Q5019631.webp
Стеклянные чехлы,iPhone 17,A:501965,Q5019651,ПП2,3277024525,5,https://s3.twcstorage.ru/35ffc2ef-1e09-463d-a2c4-c183d5deb59a/prints/pp2/Q5019651.webp
Силиконовые чехлы,iPhone 17,A:501966,W501966,ПП2,3289122122,87,https://s3.twcstorage.ru/35ffc2ef-1e09-463d-a2c4-c183d5deb59a/prints/pp2/W501966.webp
Силиконовые чехлы,iPhone 17,A:501968,Q501968,ПП2,3289114107,91,https://s3.twcstorage.ru/35ffc2ef-1e09-463d-a2c4-c183d5deb59a/prints/pp2/W501968.webp
Силиконовые чехлы,iPhone 17,A:501972,Q501972,ПП2,3289118453,112,https://s3.twcstorage.ru/35ffc2ef-1e09-463d-a2c4-c183d5deb59a/prints/pp2/Q501972.webp
Силиконовые чехлы,iPhone 17,A:501978,Q501978,ПП2,3289119576,2,https://s3.twcstorage.ru/35ffc2ef-1e09-463d-a2c4-c183d5deb59a/prints/pp2/Q5019781.webp
Силиконовые чехлы,iPhone 17,A:501979,Q501979,ПП2,3289118493,32,https://s3.twcstorage.ru/35ffc2ef-1e09-463d-a2c4-c183d5deb59a/prints/pp2/Q5019791.webp
Стеклянные чехлы,iPhone 17,A:501980,Q5019801,ПП2,3277024638,1,https://s3.twcstorage.ru/35ffc2ef-1e09-463d-a2c4-c183d5deb59a/prints/pp2/Q5019801.webp
Силиконовые чехлы,iPhone 17,A:501987,Q501987,ПП2,3289121952,114,https://s3.twcstorage.ru/35ffc2ef-1e09-463d-a2c4-c183d5deb59a/prints/pp2/Y501987.webp
Силиконовые чехлы,iPhone 17,A:501988,Q501988,ПП2,3289119913,115,https://s3.twcstorage.ru/35ffc2ef-1e09-463d-a2c4-c183d5deb59a/prints/pp2/Y501988.webp
Силиконовые чехлы,iPhone 17,A:501989,Q501989,ПП2,3289120234,61,https://s3.twcstorage.ru/35ffc2ef-1e09-463d-a2c4-c183d5deb59a/prints/pp2/Y501989.webp
Силиконовые чехлы,iPhone 17,A:501990,Q501990,ПП2,3289119789,42,https://s3.twcstorage.ru/35ffc2ef-1e09-463d-a2c4-c183d5deb59a/prints/pp2/Y501990.webp
Стеклянные чехлы,iPhone 17,A:501993,Q5019931,ПП2,3277024441,3,https://s3.twcstorage.ru/35ffc2ef-1e09-463d-a2c4-c183d5deb59a/prints/pp2/Q5019931.webp
Матовые цветные чехлы для печати,iPhone 17,A:501997,W501997,ПП2,3277177626,43,https://s3.twcstorage.ru/35ffc2ef-1e09-463d-a2c4-c183d5deb59a/prints/pp2/Y501997.webp
Силиконовые чехлы,iPhone 17,A:501998,W501998,ПП2,3289118976,142,https://s3.twcstorage.ru/35ffc2ef-1e09-463d-a2c4-c183d5deb59a/prints/pp2/W501998.webp
Матовые цветные чехлы для печати,iPhone 17,A:502003,W502003,ПП2,3277176435,20,https://s3.twcstorage.ru/35ffc2ef-1e09-463d-a2c4-c183d5deb59a/prints/pp2/W502003.webp
Силиконовые чехлы,iPhone 17,A:502004,W502004,ПП2,3289122067,144,https://s3.twcstorage.ru/35ffc2ef-1e09-463d-a2c4-c183d5deb59a/prints/pp2/W502004.webp
Белые софт-тач,iPhone 17,A:502005,W502005,ПП2,3277260389,54,https://s3.twcstorage.ru/35ffc2ef-1e09-463d-a2c4-c183d5deb59a/prints/pp2/W502005.webp
Матовые цветные чехлы для печати,iPhone 17,A:502006,W502006,ПП2,3277178637,21,https://s3.twcstorage.ru/35ffc2ef-1e09-463d-a2c4-c183d5deb59a/prints/pp2/W502006.webp
Матовые цветные чехлы для печати,iPhone 17,A:502007,W502007,ПП2,3277177620,15,https://s3.twcstorage.ru/35ffc2ef-1e09-463d-a2c4-c183d5deb59a/prints/pp2/W502007.webp
Силиконовые чехлы,iPhone 17,A:502008,W502008,ПП2,3289119473,6,https://s3.twcstorage.ru/35ffc2ef-1e09-463d-a2c4-c183d5deb59a/prints/pp2/W502008.webp
Силиконовые чехлы,iPhone 17,A:502009,W502009,ПП2,3289119911,5,https://s3.twcstorage.ru/35ffc2ef-1e09-463d-a2c4-c183d5deb59a/prints/pp2/W502009.webp
Силиконовые чехлы,iPhone 17,A:502010,W502010,ПП2,3289119258,3,https://s3.twcstorage.ru/35ffc2ef-1e09-463d-a2c4-c183d5deb59a/prints/pp2/W502010.webp
Силиконовые чехлы,iPhone 17,A:502011,W502011,ПП2,3289118972,62,https://s3.twcstorage.ru/35ffc2ef-1e09-463d-a2c4-c183d5deb59a/prints/pp2/W502011.webp
Матовые цветные чехлы для печати,iPhone 17,A:502012,W502012,ПП2,3277177494,1,https://s3.twcstorage.ru/35ffc2ef-1e09-463d-a2c4-c183d5deb59a/prints/pp2/W502012.webp
Силиконовые чехлы,iPhone 17,A:502014,W502014,ПП2,3289114681,1,https://s3.twcstorage.ru/35ffc2ef-1e09-463d-a2c4-c183d5deb59a/prints/pp2/W502014.webp
Матовые цветные чехлы для печати,iPhone 17,A:502016,W502016,ПП2,3277177811,23,https://s3.twcstorage.ru/35ffc2ef-1e09-463d-a2c4-c183d5deb59a/prints/pp2/W502016.webp
Силиконовые чехлы,iPhone 17,A:502017,W502017,ПП2,3289118071,63,https://s3.twcstorage.ru/35ffc2ef-1e09-463d-a2c4-c183d5deb59a/prints/pp2/W502017.webp
Силиконовые чехлы,iPhone 17,A:502018,W502018,ПП2,3289114309,38,https://s3.twcstorage.ru/35ffc2ef-1e09-463d-a2c4-c183d5deb59a/prints/pp2/W502018.webp
Силиконовые чехлы,iPhone 17,A:502019,W502019,ПП2,3289123180,24,https://s3.twcstorage.ru/35ffc2ef-1e09-463d-a2c4-c183d5deb59a/prints/pp2/W502019.webp
Силиконовые чехлы,iPhone 17,A:502020,W502020,ПП2,3289114835,88,https://s3.twcstorage.ru/35ffc2ef-1e09-463d-a2c4-c183d5deb59a/prints/pp2/W502020.webp
Матовые цветные чехлы для печати,iPhone 17,A:502021,W502021,ПП2,3277177976,82,https://s3.twcstorage.ru/35ffc2ef-1e09-463d-a2c4-c183d5deb59a/prints/pp2/Y502021.webp
Матовые цветные чехлы для печати,iPhone 17,A:502023,W502023,ПП2,3277177388,19,https://s3.twcstorage.ru/35ffc2ef-1e09-463d-a2c4-c183d5deb59a/prints/pp2/W502023.webp
Матовые цветные чехлы для печати,iPhone 17,A:502025,W502025,ПП2,3277177380,12,https://s3.twcstorage.ru/35ffc2ef-1e09-463d-a2c4-c183d5deb59a/prints/pp2/W502025.webp
Матовые цветные чехлы для печати,iPhone 17,A:502026,W502026,ПП2,3277177867,8,https://s3.twcstorage.ru/35ffc2ef-1e09-463d-a2c4-c183d5deb59a/prints/pp2/W502026.webp
Матовые цветные чехлы для печати,iPhone 17,A:502027,W502027,ПП2,3277178571,11,https://s3.twcstorage.ru/35ffc2ef-1e09-463d-a2c4-c183d5deb59a/prints/pp2/W502027.webp
Силиконовые чехлы,iPhone 17,A:502028,W502028,ПП2,3289119016,76,https://s3.twcstorage.ru/35ffc2ef-1e09-463d-a2c4-c183d5deb59a/prints/pp2/W502028.webp
Матовые цветные чехлы для печати,iPhone 17,A:502029,W502029,ПП2,3277177538,9,https://s3.twcstorage.ru/35ffc2ef-1e09-463d-a2c4-c183d5deb59a/prints/pp2/W502029.webp
Белые софт-тач,iPhone 17,A:502030,W502030,ПП2,3277261018,23,https://s3.twcstorage.ru/35ffc2ef-1e09-463d-a2c4-c183d5deb59a/prints/pp2/W502030.webp
Силиконовые чехлы,iPhone 17,A:502031,W502031,ПП2,3289118511,27,https://s3.twcstorage.ru/35ffc2ef-1e09-463d-a2c4-c183d5deb59a/prints/pp2/W502031.webp
Матовые цветные чехлы для печати,iPhone 17,A:502032,W502032,ПП2,3277178379,4,https://s3.twcstorage.ru/35ffc2ef-1e09-463d-a2c4-c183d5deb59a/prints/pp2/W502032.webp
Матовые цветные чехлы для печати,iPhone 17,A:502033,W502033,ПП2,3277177777,10,https://s3.twcstorage.ru/35ffc2ef-1e09-463d-a2c4-c183d5deb59a/prints/pp2/W502033.webp
Силиконовые чехлы,iPhone 17,A:502035,W502035,ПП2,3289120073,30,https://s3.twcstorage.ru/35ffc2ef-1e09-463d-a2c4-c183d5deb59a/prints/pp2/W502035.webp
Силиконовые чехлы,iPhone 17,A:502036,W502036,ПП2,3289119650,10,https://s3.twcstorage.ru/35ffc2ef-1e09-463d-a2c4-c183d5deb59a/prints/pp2/W502036.webp
Силиконовые чехлы,iPhone 17,A:502037,W502037,ПП2,3289114065,8,https://s3.twcstorage.ru/35ffc2ef-1e09-463d-a2c4-c183d5deb59a/prints/pp2/W502037.webp
Силиконовые чехлы,iPhone 17,A:502044,W502044,ПП2,3289119630,146,https://s3.twcstorage.ru/35ffc2ef-1e09-463d-a2c4-c183d5deb59a/prints/pp2/W502044.webp
Белые софт-тач,iPhone 17,A:502047,W502047,ПП2,3277260399,22,https://s3.twcstorage.ru/35ffc2ef-1e09-463d-a2c4-c183d5deb59a/prints/pp2/W502047.webp
Белые софт-тач,iPhone 17,A:502048,W502048,ПП2,3277259965,18,https://s3.twcstorage.ru/35ffc2ef-1e09-463d-a2c4-c183d5deb59a/prints/pp2/Y502048.webp
Матовые цветные чехлы для печати,iPhone 17,A:502049,W502049,ПП2,3277178472,45,https://s3.twcstorage.ru/35ffc2ef-1e09-463d-a2c4-c183d5deb59a/prints/pp2/Y502049.webp
Белые софт-тач,iPhone 17,A:502050,W502050,ПП2,3277260127,49,https://s3.twcstorage.ru/35ffc2ef-1e09-463d-a2c4-c183d5deb59a/prints/pp2/Y502050.webp
Белые софт-тач,iPhone 17,A:502051,W502051,ПП2,3277260082,44,https://s3.twcstorage.ru/35ffc2ef-1e09-463d-a2c4-c183d5deb59a/prints/pp2/W502051.webp
Белые софт-тач,iPhone 17,A:502052,W502052,ПП2,3277260338,2,https://s3.twcstorage.ru/35ffc2ef-1e09-463d-a2c4-c183d5deb59a/prints/pp2/W502052.webp
Белые софт-тач,iPhone 17,A:502053,W502053,ПП2,3277260225,1,https://s3.twcstorage.ru/35ffc2ef-1e09-463d-a2c4-c183d5deb59a/prints/pp2/W502053.webp
Силиконовые чехлы,iPhone 17,A:502054,W502054,ПП2,3289114700,39,https://s3.twcstorage.ru/35ffc2ef-1e09-463d-a2c4-c183d5deb59a/prints/pp2/W502054.webp
Белые софт-тач,iPhone 17,A:502055,W502055,ПП2,3277260302,36,https://s3.twcstorage.ru/35ffc2ef-1e09-463d-a2c4-c183d5deb59a/prints/pp2/W502055.webp
Матовые цветные чехлы для печати,iPhone 17,A:502056,W502056,ПП2,3277177623,47,https://s3.twcstorage.ru/35ffc2ef-1e09-463d-a2c4-c183d5deb59a/prints/pp2/W502056.webp
Белые софт-тач,iPhone 17,A:502057,W502057,ПП2,3277259957,35,https://s3.twcstorage.ru/35ffc2ef-1e09-463d-a2c4-c183d5deb59a/prints/pp2/W502057.webp
Силиконовые чехлы,iPhone 17,A:502059,W502059,ПП2,3289119483,1000000,https://s3.twcstorage.ru/35ffc2ef-1e09-463d-a2c4-c183d5deb59a/prints/pp2/W502059.webp
Белые софт-тач,iPhone 17,A:502060,W502060,ПП2,3277259951,71,https://s3.twcstorage.ru/35ffc2ef-1e09-463d-a2c4-c183d5deb59a/prints/pp2/W502060.webp
Матовые цветные чехлы для печати,iPhone 17,A:502062,W502062,ПП2,3277177487,48,https://s3.twcstorage.ru/35ffc2ef-1e09-463d-a2c4-c183d5deb59a/prints/pp2/W502062.webp
Белые софт-тач,iPhone 17,A:502063,W502063,ПП2,3277260186,1000000,https://s3.twcstorage.ru/35ffc2ef-1e09-463d-a2c4-c183d5deb59a/prints/pp2/W502063.webp
Силиконовые чехлы,iPhone 17,A:502064,W502064,ПП2,3289114579,121,https://s3.twcstorage.ru/35ffc2ef-1e09-463d-a2c4-c183d5deb59a/prints/pp2/W502064.webp
Матовые цветные чехлы для печати,iPhone 17,A:502065,W502065,ПП2,3277177985,2,https://s3.twcstorage.ru/35ffc2ef-1e09-463d-a2c4-c183d5deb59a/prints/pp2/W502065.webp
Белые софт-тач,iPhone 17,A:502066,W502066,ПП2,3277260123,60,https://s3.twcstorage.ru/35ffc2ef-1e09-463d-a2c4-c183d5deb59a/prints/pp2/W502066.webp
Силиконовые чехлы,iPhone 17,A:502067,W502067,ПП2,3289114153,28,https://s3.twcstorage.ru/35ffc2ef-1e09-463d-a2c4-c183d5deb59a/prints/pp2/W5020671.webp
Матовые цветные чехлы для печати,iPhone 17,A:502068,W502068,ПП2,3277177628,85,https://s3.twcstorage.ru/35ffc2ef-1e09-463d-a2c4-c183d5deb59a/prints/pp2/W502068.webp
Белые софт-тач,iPhone 17,A:502069,W502069,ПП2,3277260220,8,https://s3.twcstorage.ru/35ffc2ef-1e09-463d-a2c4-c183d5deb59a/prints/pp2/W502069.webp
Белые софт-тач,iPhone 17,A:506329,W506329,ПП2,4898885967,40,https://s3.twcstorage.ru/35ffc2ef-1e09-463d-a2c4-c183d5deb59a/prints/pp2/W5063291.webp
Белые софт-тач,iPhone 17,A:506330,W506330,ПП2,4898889094,10,https://s3.twcstorage.ru/35ffc2ef-1e09-463d-a2c4-c183d5deb59a/prints/pp2/W5063301.webp
Белые софт-тач,iPhone 17,A:506331,W506331,ПП2,4898895084,4,https://s3.twcstorage.ru/35ffc2ef-1e09-463d-a2c4-c183d5deb59a/prints/pp2/W5063311.webp
Силиконовые чехлы,iPhone 17,A:506332,W506332,ПП2,4895539393,11,https://s3.twcstorage.ru/35ffc2ef-1e09-463d-a2c4-c183d5deb59a/prints/pp2/W5063321.webp
Силиконовые чехлы,iPhone 17,A:506334,W506334,ПП2,4895537896,14,https://s3.twcstorage.ru/35ffc2ef-1e09-463d-a2c4-c183d5deb59a/prints/pp2/W5063341.webp
Силиконовые чехлы,iPhone 17,A:506335,W506335,ПП2,4895489965,71,https://s3.twcstorage.ru/35ffc2ef-1e09-463d-a2c4-c183d5deb59a/prints/pp2/W5063351.webp
Объемные матовые чехлы коричневые,iPhone 17,A:506336,W5063361,ПП2,4998380257,6,https://s3.twcstorage.ru/35ffc2ef-1e09-463d-a2c4-c183d5deb59a/prints/pp2/W5063361.webp
Белые софт-тач,iPhone 17,A:506337,W506337,ПП2,4898886513,16,https://s3.twcstorage.ru/35ffc2ef-1e09-463d-a2c4-c183d5deb59a/prints/pp2/W5063371.webp
Белые софт-тач,iPhone 17,A:506338,W506338,ПП2,4898883940,62,https://s3.twcstorage.ru/35ffc2ef-1e09-463d-a2c4-c183d5deb59a/prints/pp2/W5063381.webp
Силиконовые чехлы,iPhone 17,A:506339,W506339,ПП2,4895540807,23,https://s3.twcstorage.ru/35ffc2ef-1e09-463d-a2c4-c183d5deb59a/prints/pp2/W5063391.webp
Белые софт-тач,iPhone 17,A:506340,W506340,ПП2,4898890435,3,https://s3.twcstorage.ru/35ffc2ef-1e09-463d-a2c4-c183d5deb59a/prints/pp2/W5063401.webp
Силиконовые чехлы,iPhone 17,A:506341,W506341,ПП2,4895490524,149,https://s3.twcstorage.ru/35ffc2ef-1e09-463d-a2c4-c183d5deb59a/prints/pp2/W5063411.webp
Матовые цветные чехлы для печати,iPhone 17,A:506344,W5063441,ПП2,4895494873,88,https://s3.twcstorage.ru/35ffc2ef-1e09-463d-a2c4-c183d5deb59a/prints/pp2/W5063441.webp
Матовые цветные чехлы для печати,iPhone 17,A:506345,W5063451,ПП2,4895457982,67,https://s3.twcstorage.ru/35ffc2ef-1e09-463d-a2c4-c183d5deb59a/prints/pp2/W5063451.webp
Матовые цветные чехлы для печати,iPhone 17,A:506346,W506346,ПП2,4895461339,68,https://s3.twcstorage.ru/35ffc2ef-1e09-463d-a2c4-c183d5deb59a/prints/pp2/W506346.webp
Матовые цветные чехлы для печати,iPhone 17,A:506349,W506349,ПП2,4895497273,69,https://s3.twcstorage.ru/35ffc2ef-1e09-463d-a2c4-c183d5deb59a/prints/pp2/W506349.webp
Силиконовые чехлы,iPhone 17,A:506350,W506350,ПП2,4895542116,72,https://s3.twcstorage.ru/35ffc2ef-1e09-463d-a2c4-c183d5deb59a/prints/pp2/W5063501.webp
Матовые цветные чехлы для печати,iPhone 17,A:506351,W5063511,ПП2,4895459601,1000000,https://s3.twcstorage.ru/35ffc2ef-1e09-463d-a2c4-c183d5deb59a/prints/pp2/W5063511.webp
Матовые цветные чехлы для печати,iPhone 17,A:506354,W5063541,ПП2,4895494039,1000000,https://s3.twcstorage.ru/35ffc2ef-1e09-463d-a2c4-c183d5deb59a/prints/pp2/W5063541.webp
Силиконовые чехлы,iPhone 17,A:506360,W506360,ПП2,4895489710,154,https://s3.twcstorage.ru/35ffc2ef-1e09-463d-a2c4-c183d5deb59a/prints/pp2/W5063601.webp
Силиконовые чехлы,iPhone 17,A:506361,W506361,ПП2,4895536702,50,https://s3.twcstorage.ru/35ffc2ef-1e09-463d-a2c4-c183d5deb59a/prints/pp2/W506361.webp
Матовые цветные чехлы для печати,iPhone 17,A:506363,W506363,ПП2,4895459916,40,https://s3.twcstorage.ru/35ffc2ef-1e09-463d-a2c4-c183d5deb59a/prints/pp2/W506363.webp
Силиконовые чехлы,iPhone 17,A:506364,W506364,ПП2,4895536222,58,https://s3.twcstorage.ru/35ffc2ef-1e09-463d-a2c4-c183d5deb59a/prints/pp2/W506364.webp
Белые софт-тач,iPhone 17,A:506365,W506365,ПП2,4898884809,63,https://s3.twcstorage.ru/35ffc2ef-1e09-463d-a2c4-c183d5deb59a/prints/pp2/W506365.webp
Белые софт-тач,iPhone 17,A:506366,W506366,ПП2,4898892383,75,https://s3.twcstorage.ru/35ffc2ef-1e09-463d-a2c4-c183d5deb59a/prints/pp2/W506366.webp
Силиконовые чехлы,iPhone 17,A:506369,W506369,ПП2,4895537420,1000000,https://s3.twcstorage.ru/35ffc2ef-1e09-463d-a2c4-c183d5deb59a/prints/pp2/W506369.webp
Силиконовые чехлы,iPhone 17,A:506372,W506372,ПП2,4895536562,45,https://s3.twcstorage.ru/35ffc2ef-1e09-463d-a2c4-c183d5deb59a/prints/pp2/W506372.webp
Белые софт-тач,iPhone 17,A:506373,W506373,ПП2,4898888944,6,https://s3.twcstorage.ru/35ffc2ef-1e09-463d-a2c4-c183d5deb59a/prints/pp2/W506373.webp
Белые софт-тач,iPhone 17,A:506374,W506374,ПП2,4898887150,5,https://s3.twcstorage.ru/35ffc2ef-1e09-463d-a2c4-c183d5deb59a/prints/pp2/W506374.webp
Силиконовые чехлы,iPhone 17,A:506375,W506375,ПП2,4895492487,80,https://s3.twcstorage.ru/35ffc2ef-1e09-463d-a2c4-c183d5deb59a/prints/pp2/W506375.webp
Силиконовые чехлы,iPhone 17,A:506376,W506376,ПП2,4895490430,81,https://s3.twcstorage.ru/35ffc2ef-1e09-463d-a2c4-c183d5deb59a/prints/pp2/W506376.webp
Матовые цветные чехлы для печати,iPhone 17,A:506377,W506377,ПП2,4895460762,73,https://s3.twcstorage.ru/35ffc2ef-1e09-463d-a2c4-c183d5deb59a/prints/pp2/W506377.webp
Белые софт-тач,iPhone 17,A:506378,W506378,ПП2,4898888633,46,https://s3.twcstorage.ru/35ffc2ef-1e09-463d-a2c4-c183d5deb59a/prints/pp2/W506378.webp
Белые софт-тач,iPhone 17,A:506379,W506379,ПП2,4898885662,19,https://s3.twcstorage.ru/35ffc2ef-1e09-463d-a2c4-c183d5deb59a/prints/pp2/W506379.webp
Белые софт-тач,iPhone 17,A:506380,W506380,ПП2,4898885805,42,https://s3.twcstorage.ru/35ffc2ef-1e09-463d-a2c4-c183d5deb59a/prints/pp2/W506380.webp
Матовые цветные чехлы для печати,iPhone 17,A:506381,W506381,ПП2,4895495259,26,https://s3.twcstorage.ru/35ffc2ef-1e09-463d-a2c4-c183d5deb59a/prints/pp2/W506381.webp
Стеклянные чехлы,iPhone 17,A:506382,Q5063821,ПП2,4896566818,8,https://s3.twcstorage.ru/35ffc2ef-1e09-463d-a2c4-c183d5deb59a/prints/pp2/Q5063821.webp
Стеклянные чехлы,iPhone 17,A:506384,Q5063841,ПП2,4896566296,4,https://s3.twcstorage.ru/35ffc2ef-1e09-463d-a2c4-c183d5deb59a/prints/pp2/Q5063841.webp
Силиконовые чехлы,iPhone 17 Pro,A:501927,C501927,ПП2,3289113559,85,https://s3.twcstorage.ru/35ffc2ef-1e09-463d-a2c4-c183d5deb59a/prints/pp2/W501927.webp
Силиконовые чехлы,iPhone 17 Pro,A:501928,C501928,ПП2,3289113202,1000000,https://s3.twcstorage.ru/35ffc2ef-1e09-463d-a2c4-c183d5deb59a/prints/pp2/W501928.webp
Белые софт-тач,iPhone 17 Pro,A:501930,W501930,ПП2,3277225887,47,https://s3.twcstorage.ru/35ffc2ef-1e09-463d-a2c4-c183d5deb59a/prints/pp2/W501930.webp
Матовые цветные чехлы для печати,iPhone 17 Pro,A:501931,W501931,ПП2,3277176389,59,https://s3.twcstorage.ru/35ffc2ef-1e09-463d-a2c4-c183d5deb59a/prints/pp2/W501931.webp
Силиконовые чехлы,iPhone 17 Pro,A:501932,W501932,ПП2,3289113661,126,https://s3.twcstorage.ru/35ffc2ef-1e09-463d-a2c4-c183d5deb59a/prints/pp2/W501932.webp
Матовые цветные чехлы для печати,iPhone 17 Pro,A:501933,W501933,ПП2,3277177237,76,https://s3.twcstorage.ru/35ffc2ef-1e09-463d-a2c4-c183d5deb59a/prints/pp2/W501933.webp
Матовые цветные чехлы для печати,iPhone 17 Pro,A:501934,W501934,ПП2,3277176493,1000000,https://s3.twcstorage.ru/35ffc2ef-1e09-463d-a2c4-c183d5deb59a/prints/pp2/W501934.webp
Силиконовые чехлы,iPhone 17 Pro,A:501936,C501936,ПП2,3289112602,129,https://s3.twcstorage.ru/35ffc2ef-1e09-463d-a2c4-c183d5deb59a/prints/pp2/W501936.webp
Белые софт-тач,iPhone 17 Pro,A:501937,W501937,ПП2,3277223488,58,https://s3.twcstorage.ru/35ffc2ef-1e09-463d-a2c4-c183d5deb59a/prints/pp2/W501937.webp
Белые софт-тач,iPhone 17 Pro,A:501940,W501940,ПП2,3277225006,53,https://s3.twcstorage.ru/35ffc2ef-1e09-463d-a2c4-c183d5deb59a/prints/pp2/W501940.webp
Силиконовые чехлы,iPhone 17 Pro,A:501944,C501944,ПП2,3289113332,65,https://s3.twcstorage.ru/35ffc2ef-1e09-463d-a2c4-c183d5deb59a/prints/pp2/S501944.webp
Силиконовые чехлы,iPhone 17 Pro,A:501945,W501945,ПП2,3289113093,131,https://s3.twcstorage.ru/35ffc2ef-1e09-463d-a2c4-c183d5deb59a/prints/pp2/W501945.webp
Силиконовые чехлы,iPhone 17 Pro,A:501946,C501946,ПП2,3289113780,48,https://s3.twcstorage.ru/35ffc2ef-1e09-463d-a2c4-c183d5deb59a/prints/pp2/W501946.webp
Матовые цветные чехлы для печати,iPhone 17 Pro,A:501947,W501947,ПП2,3277177387,5,https://s3.twcstorage.ru/35ffc2ef-1e09-463d-a2c4-c183d5deb59a/prints/pp2/W501947.webp
Белые софт-тач,iPhone 17 Pro,A:501949,W501949,ПП2,3277223710,34,https://s3.twcstorage.ru/35ffc2ef-1e09-463d-a2c4-c183d5deb59a/prints/pp2/W501949.webp
Силиконовые чехлы,iPhone 17 Pro,A:501950,W501950,ПП2,3289109694,46,https://s3.twcstorage.ru/35ffc2ef-1e09-463d-a2c4-c183d5deb59a/prints/pp2/W501950.webp
Силиконовые чехлы,iPhone 17 Pro,A:501951,C501951,ПП2,3289114543,7,https://s3.twcstorage.ru/35ffc2ef-1e09-463d-a2c4-c183d5deb59a/prints/pp2/W501951.webp
Белые софт-тач,iPhone 17 Pro,A:501953,W501953,ПП2,3277223849,43,https://s3.twcstorage.ru/35ffc2ef-1e09-463d-a2c4-c183d5deb59a/prints/pp2/W501953.webp
Объемные матовые чехлы черные,iPhone 17 Pro,A:501955,W501955,ПП2,4998358940,9,https://s3.twcstorage.ru/35ffc2ef-1e09-463d-a2c4-c183d5deb59a/prints/pp2/W501955.webp
Белые софт-тач,iPhone 17 Pro,A:501956,W501956,ПП2,3277223380,1000000,https://s3.twcstorage.ru/35ffc2ef-1e09-463d-a2c4-c183d5deb59a/prints/pp2/W501956.webp
Матовые цветные чехлы для печати,iPhone 17 Pro,A:501957,W501957,ПП2,3277177885,7,https://s3.twcstorage.ru/35ffc2ef-1e09-463d-a2c4-c183d5deb59a/prints/pp2/W501957.webp
Силиконовые чехлы,iPhone 17 Pro,A:501958,C501958,ПП2,3289109539,1000000,https://s3.twcstorage.ru/35ffc2ef-1e09-463d-a2c4-c183d5deb59a/prints/pp2/W501958.webp
Силиконовые чехлы,iPhone 17 Pro,A:501960,C501960,ПП2,3289112859,29,https://s3.twcstorage.ru/35ffc2ef-1e09-463d-a2c4-c183d5deb59a/prints/pp2/W501960.webp
Силиконовые чехлы,iPhone 17 Pro,A:501961,C501961,ПП2,3289113797,20,https://s3.twcstorage.ru/35ffc2ef-1e09-463d-a2c4-c183d5deb59a/prints/pp2/W501961.webp
Белые софт-тач,iPhone 17 Pro,A:501962,W501962,ПП2,3277224921,20,https://s3.twcstorage.ru/35ffc2ef-1e09-463d-a2c4-c183d5deb59a/prints/pp2/W501962.webp
Силиконовые чехлы,iPhone 17 Pro,A:501965,Q501965,ПП2,3289113551,73,https://s3.twcstorage.ru/35ffc2ef-1e09-463d-a2c4-c183d5deb59a/prints/pp2/Q5019651.webp
Силиконовые чехлы,iPhone 17 Pro,A:501966,W501966,ПП2,3289109479,87,https://s3.twcstorage.ru/35ffc2ef-1e09-463d-a2c4-c183d5deb59a/prints/pp2/W501966.webp
Силиконовые чехлы,iPhone 17 Pro,A:501968,W501968,ПП2,3289113770,91,https://s3.twcstorage.ru/35ffc2ef-1e09-463d-a2c4-c183d5deb59a/prints/pp2/W501968.webp
Силиконовые чехлы,iPhone 17 Pro,A:501973,Q501973,ПП2,3289118048,1000000,https://s3.twcstorage.ru/35ffc2ef-1e09-463d-a2c4-c183d5deb59a/prints/pp2/Q501973.webp
Силиконовые чехлы,iPhone 17 Pro,A:501976,Q501976,ПП2,3289114302,75,https://s3.twcstorage.ru/35ffc2ef-1e09-463d-a2c4-c183d5deb59a/prints/pp2/Q501976.webp
Силиконовые чехлы,iPhone 17 Pro,A:501978,Q501978,ПП2,3289109481,2,https://s3.twcstorage.ru/35ffc2ef-1e09-463d-a2c4-c183d5deb59a/prints/pp2/Q5019781.webp
Силиконовые чехлы,iPhone 17 Pro,A:501979,Q501979,ПП2,3289114706,32,https://s3.twcstorage.ru/35ffc2ef-1e09-463d-a2c4-c183d5deb59a/prints/pp2/Q5019791.webp
Стеклянные чехлы,iPhone 17 Pro,A:501980,Q5019801,ПП2,3277025721,1,https://s3.twcstorage.ru/35ffc2ef-1e09-463d-a2c4-c183d5deb59a/prints/pp2/Q5019801.webp
Силиконовые чехлы,iPhone 17 Pro,A:501981,Q501981,ПП2,3289114685,1000000,https://s3.twcstorage.ru/35ffc2ef-1e09-463d-a2c4-c183d5deb59a/prints/pp2/Y501981.webp
Силиконовые чехлы,iPhone 17 Pro,A:501982,Q501982,ПП2,3289114351,138,https://s3.twcstorage.ru/35ffc2ef-1e09-463d-a2c4-c183d5deb59a/prints/pp2/Y501982.webp
Силиконовые чехлы,iPhone 17 Pro,A:501984,Q501984,ПП2,3289114533,140,https://s3.twcstorage.ru/35ffc2ef-1e09-463d-a2c4-c183d5deb59a/prints/pp2/Y501984.webp
Силиконовые чехлы,iPhone 17 Pro,A:501989,Q501989,ПП2,3289118084,61,https://s3.twcstorage.ru/35ffc2ef-1e09-463d-a2c4-c183d5deb59a/prints/pp2/Y501989.webp
Стеклянные чехлы,iPhone 17 Pro,A:501990,Y501990,ПП2,3277116600,13,https://s3.twcstorage.ru/35ffc2ef-1e09-463d-a2c4-c183d5deb59a/prints/pp2/Y501990.webp
Стеклянные чехлы,iPhone 17 Pro,A:501993,Q5019931,ПП2,3277024816,3,https://s3.twcstorage.ru/35ffc2ef-1e09-463d-a2c4-c183d5deb59a/prints/pp2/Q5019931.webp
Силиконовые чехлы,iPhone 17 Pro,A:501997,W501997,ПП2,3289115183,67,https://s3.twcstorage.ru/35ffc2ef-1e09-463d-a2c4-c183d5deb59a/prints/pp2/Y501997.webp
Силиконовые чехлы,iPhone 17 Pro,A:501998,W501998,ПП2,3289118697,142,https://s3.twcstorage.ru/35ffc2ef-1e09-463d-a2c4-c183d5deb59a/prints/pp2/W501998.webp
Объемные матовые чехлы черные,iPhone 17 Pro,A:502003,W502003,ПП2,4998358530,14,https://s3.twcstorage.ru/35ffc2ef-1e09-463d-a2c4-c183d5deb59a/prints/pp2/W502003.webp
Матовые цветные чехлы для печати,iPhone 17 Pro,A:502004,W502004,ПП2,3277176516,1000000,https://s3.twcstorage.ru/35ffc2ef-1e09-463d-a2c4-c183d5deb59a/prints/pp2/W502004.webp
Белые софт-тач,iPhone 17 Pro,A:502005,W502005,ПП2,3277223744,54,https://s3.twcstorage.ru/35ffc2ef-1e09-463d-a2c4-c183d5deb59a/prints/pp2/W502005.webp
Матовые цветные чехлы для печати,iPhone 17 Pro,A:502006,W502006,ПП2,3277177343,21,https://s3.twcstorage.ru/35ffc2ef-1e09-463d-a2c4-c183d5deb59a/prints/pp2/W502006.webp
Матовые цветные чехлы для печати,iPhone 17 Pro,A:502007,W502007,ПП2,3277176343,15,https://s3.twcstorage.ru/35ffc2ef-1e09-463d-a2c4-c183d5deb59a/prints/pp2/W502007.webp
Силиконовые чехлы,iPhone 17 Pro,A:502008,W502008,ПП2,3289114522,6,https://s3.twcstorage.ru/35ffc2ef-1e09-463d-a2c4-c183d5deb59a/prints/pp2/W502008.webp
Силиконовые чехлы,iPhone 17 Pro,A:502009,W502009,ПП2,3289114555,5,https://s3.twcstorage.ru/35ffc2ef-1e09-463d-a2c4-c183d5deb59a/prints/pp2/W502009.webp
Силиконовые чехлы,iPhone 17 Pro,A:502010,W502010,ПП2,3289109442,3,https://s3.twcstorage.ru/35ffc2ef-1e09-463d-a2c4-c183d5deb59a/prints/pp2/W502010.webp
Объемные матовые чехлы черные,iPhone 17 Pro,A:502011,W502011,ПП2,4998358591,16,https://s3.twcstorage.ru/35ffc2ef-1e09-463d-a2c4-c183d5deb59a/prints/pp2/W502011.webp
Матовые цветные чехлы для печати,iPhone 17 Pro,A:502012,W502012,ПП2,3277177279,1,https://s3.twcstorage.ru/35ffc2ef-1e09-463d-a2c4-c183d5deb59a/prints/pp2/W502012.webp
Силиконовые чехлы,iPhone 17 Pro,A:502014,W502014,ПП2,3289113485,1,https://s3.twcstorage.ru/35ffc2ef-1e09-463d-a2c4-c183d5deb59a/prints/pp2/W502014.webp
Матовые цветные чехлы для печати,iPhone 17 Pro,A:502015,W502015,ПП2,3277177128,44,https://s3.twcstorage.ru/35ffc2ef-1e09-463d-a2c4-c183d5deb59a/prints/pp2/W502015.webp
Матовые цветные чехлы для печати,iPhone 17 Pro,A:502016,W502016,ПП2,3277177240,23,https://s3.twcstorage.ru/35ffc2ef-1e09-463d-a2c4-c183d5deb59a/prints/pp2/W502016.webp
Силиконовые чехлы,iPhone 17 Pro,A:502018,W502018,ПП2,3289113268,38,https://s3.twcstorage.ru/35ffc2ef-1e09-463d-a2c4-c183d5deb59a/prints/pp2/W502018.webp
Силиконовые чехлы,iPhone 17 Pro,A:502019,W502019,ПП2,3289112341,24,https://s3.twcstorage.ru/35ffc2ef-1e09-463d-a2c4-c183d5deb59a/prints/pp2/W502019.webp
Силиконовые чехлы,iPhone 17 Pro,A:502021,W502021,ПП2,3289115000,116,https://s3.twcstorage.ru/35ffc2ef-1e09-463d-a2c4-c183d5deb59a/prints/pp2/Y502021.webp
Матовые цветные чехлы для печати,iPhone 17 Pro,A:502023,W502023,ПП2,3277177677,19,https://s3.twcstorage.ru/35ffc2ef-1e09-463d-a2c4-c183d5deb59a/prints/pp2/W502023.webp
Матовые цветные чехлы для печати,iPhone 17 Pro,A:502025,W502025,ПП2,3277177507,12,https://s3.twcstorage.ru/35ffc2ef-1e09-463d-a2c4-c183d5deb59a/prints/pp2/W502025.webp
Матовые цветные чехлы для печати,iPhone 17 Pro,A:502026,W502026,ПП2,3277177395,8,https://s3.twcstorage.ru/35ffc2ef-1e09-463d-a2c4-c183d5deb59a/prints/pp2/W502026.webp
Матовые цветные чехлы для печати,iPhone 17 Pro,A:502027,W502027,ПП2,3277177352,11,https://s3.twcstorage.ru/35ffc2ef-1e09-463d-a2c4-c183d5deb59a/prints/pp2/W502027.webp
Силиконовые чехлы,iPhone 17 Pro,A:502028,W502028,ПП2,3289114943,76,https://s3.twcstorage.ru/35ffc2ef-1e09-463d-a2c4-c183d5deb59a/prints/pp2/W502028.webp
Объемные матовые чехлы коричневые,iPhone 17 Pro,A:502029,W502029,ПП2,4998357190,2,https://s3.twcstorage.ru/35ffc2ef-1e09-463d-a2c4-c183d5deb59a/prints/pp2/W502029.webp
Белые софт-тач,iPhone 17 Pro,A:502030,W502030,ПП2,3277224781,23,https://s3.twcstorage.ru/35ffc2ef-1e09-463d-a2c4-c183d5deb59a/prints/pp2/W502030.webp
Силиконовые чехлы,iPhone 17 Pro,A:502031,W502031,ПП2,3289113778,27,https://s3.twcstorage.ru/35ffc2ef-1e09-463d-a2c4-c183d5deb59a/prints/pp2/W502031.webp
Матовые цветные чехлы для печати,iPhone 17 Pro,A:502032,W502032,ПП2,3277176535,4,https://s3.twcstorage.ru/35ffc2ef-1e09-463d-a2c4-c183d5deb59a/prints/pp2/W502032.webp
Матовые цветные чехлы для печати,iPhone 17 Pro,A:502033,W502033,ПП2,3277177412,10,https://s3.twcstorage.ru/35ffc2ef-1e09-463d-a2c4-c183d5deb59a/prints/pp2/W502033.webp
Силиконовые чехлы,iPhone 17 Pro,A:502035,W502035,ПП2,3289115099,30,https://s3.twcstorage.ru/35ffc2ef-1e09-463d-a2c4-c183d5deb59a/prints/pp2/W502035.webp
Силиконовые чехлы,iPhone 17 Pro,A:502036,W502036,ПП2,3289117576,10,https://s3.twcstorage.ru/35ffc2ef-1e09-463d-a2c4-c183d5deb59a/prints/pp2/W502036.webp
Силиконовые чехлы,iPhone 17 Pro,A:502037,W502037,ПП2,3289113261,8,https://s3.twcstorage.ru/35ffc2ef-1e09-463d-a2c4-c183d5deb59a/prints/pp2/W502037.webp
Силиконовые чехлы,iPhone 17 Pro,A:502038,W502038,ПП2,3289115539,1000000,https://s3.twcstorage.ru/35ffc2ef-1e09-463d-a2c4-c183d5deb59a/prints/pp2/Y502038.webp
Белые софт-тач,iPhone 17 Pro,A:502042,W502042,ПП2,3277223504,1000000,https://s3.twcstorage.ru/35ffc2ef-1e09-463d-a2c4-c183d5deb59a/prints/pp2/Y502042.webp
Силиконовые чехлы,iPhone 17 Pro,A:502044,W502044,ПП2,3289117420,146,https://s3.twcstorage.ru/35ffc2ef-1e09-463d-a2c4-c183d5deb59a/prints/pp2/W502044.webp
Белые софт-тач,iPhone 17 Pro,A:502047,W502047,ПП2,3277223641,22,https://s3.twcstorage.ru/35ffc2ef-1e09-463d-a2c4-c183d5deb59a/prints/pp2/W502047.webp
Белые софт-тач,iPhone 17 Pro,A:502048,W502048,ПП2,3277223635,18,https://s3.twcstorage.ru/35ffc2ef-1e09-463d-a2c4-c183d5deb59a/prints/pp2/Y502048.webp
Белые софт-тач,iPhone 17 Pro,A:502049,W502049,ПП2,3277223651,41,https://s3.twcstorage.ru/35ffc2ef-1e09-463d-a2c4-c183d5deb59a/prints/pp2/Y502049.webp
Матовые цветные чехлы для печати,iPhone 17 Pro,A:502050,W502050,ПП2,3277176506,46,https://s3.twcstorage.ru/35ffc2ef-1e09-463d-a2c4-c183d5deb59a/prints/pp2/Y502050.webp
Силиконовые чехлы,iPhone 17 Pro,A:502051,W502051,ПП2,3289112862,120,https://s3.twcstorage.ru/35ffc2ef-1e09-463d-a2c4-c183d5deb59a/prints/pp2/W502051.webp
Белые софт-тач,iPhone 17 Pro,A:502052,W502052,ПП2,3277224823,2,https://s3.twcstorage.ru/35ffc2ef-1e09-463d-a2c4-c183d5deb59a/prints/pp2/W502052.webp
Белые софт-тач,iPhone 17 Pro,A:502053,W502053,ПП2,3277226021,1,https://s3.twcstorage.ru/35ffc2ef-1e09-463d-a2c4-c183d5deb59a/prints/pp2/W502053.webp
Объемные матовые чехлы коричневые,iPhone 17 Pro,A:502054,W502054,ПП2,4998359165,8,https://s3.twcstorage.ru/35ffc2ef-1e09-463d-a2c4-c183d5deb59a/prints/pp2/W502054.webp
Белые софт-тач,iPhone 17 Pro,A:502055,W502055,ПП2,3277223605,36,https://s3.twcstorage.ru/35ffc2ef-1e09-463d-a2c4-c183d5deb59a/prints/pp2/W502055.webp
Белые софт-тач,iPhone 17 Pro,A:502057,W502057,ПП2,3277223779,35,https://s3.twcstorage.ru/35ffc2ef-1e09-463d-a2c4-c183d5deb59a/prints/pp2/W502057.webp
Силиконовые чехлы,iPhone 17 Pro,A:502058,W502058,ПП2,3289114152,1000000,https://s3.twcstorage.ru/35ffc2ef-1e09-463d-a2c4-c183d5deb59a/prints/pp2/W502058.webp
Силиконовые чехлы,iPhone 17 Pro,A:502061,W502061,ПП2,3289114331,147,https://s3.twcstorage.ru/35ffc2ef-1e09-463d-a2c4-c183d5deb59a/prints/pp2/Y502061.webp
Силиконовые чехлы,iPhone 17 Pro,A:502063,W502063,ПП2,3289113280,97,https://s3.twcstorage.ru/35ffc2ef-1e09-463d-a2c4-c183d5deb59a/prints/pp2/W502063.webp
Матовые цветные чехлы для печати,iPhone 17 Pro,A:502065,W502065,ПП2,3277176388,2,https://s3.twcstorage.ru/35ffc2ef-1e09-463d-a2c4-c183d5deb59a/prints/pp2/W502065.webp
Белые софт-тач,iPhone 17 Pro,A:502066,W502066,ПП2,3277225097,60,https://s3.twcstorage.ru/35ffc2ef-1e09-463d-a2c4-c183d5deb59a/prints/pp2/W502066.webp
Матовые цветные чехлы для печати,iPhone 17 Pro,A:502067,W5020671,ПП2,3277176127,28,https://s3.twcstorage.ru/35ffc2ef-1e09-463d-a2c4-c183d5deb59a/prints/pp2/W5020671.webp
Силиконовые чехлы,iPhone 17 Pro,A:502068,W502068,ПП2,3289113536,1000000,https://s3.twcstorage.ru/35ffc2ef-1e09-463d-a2c4-c183d5deb59a/prints/pp2/W502068.webp
Белые софт-тач,iPhone 17 Pro,A:502069,W502069,ПП2,3277225025,8,https://s3.twcstorage.ru/35ffc2ef-1e09-463d-a2c4-c183d5deb59a/prints/pp2/W502069.webp
Матовые цветные чехлы для печати,iPhone 17 Pro,A:506329,W5063291,ПП2,4895458715,38,https://s3.twcstorage.ru/35ffc2ef-1e09-463d-a2c4-c183d5deb59a/prints/pp2/W5063291.webp
Белые софт-тач,iPhone 17 Pro,A:506330,W506330,ПП2,4896561734,10,https://s3.twcstorage.ru/35ffc2ef-1e09-463d-a2c4-c183d5deb59a/prints/pp2/W5063301.webp
Белые софт-тач,iPhone 17 Pro,A:506331,W506331,ПП2,4896584158,4,https://s3.twcstorage.ru/35ffc2ef-1e09-463d-a2c4-c183d5deb59a/prints/pp2/W5063311.webp
Силиконовые чехлы,iPhone 17 Pro,A:506332,W506332,ПП2,4895490649,11,https://s3.twcstorage.ru/35ffc2ef-1e09-463d-a2c4-c183d5deb59a/prints/pp2/W5063321.webp
Белые софт-тач,iPhone 17 Pro,A:506333,W506333,ПП2,4896584207,50,https://s3.twcstorage.ru/35ffc2ef-1e09-463d-a2c4-c183d5deb59a/prints/pp2/W5063331.webp
Объемные матовые чехлы черные,iPhone 17 Pro,A:506334,W5063341,ПП2,4998357972,13,https://s3.twcstorage.ru/35ffc2ef-1e09-463d-a2c4-c183d5deb59a/prints/pp2/W5063341.webp
Силиконовые чехлы,iPhone 17 Pro,A:506335,W506335,ПП2,4895438765,71,https://s3.twcstorage.ru/35ffc2ef-1e09-463d-a2c4-c183d5deb59a/prints/pp2/W5063351.webp
Объемные матовые чехлы черные,iPhone 17 Pro,A:506336,W5063361,ПП2,4998357687,6,https://s3.twcstorage.ru/35ffc2ef-1e09-463d-a2c4-c183d5deb59a/prints/pp2/W5063361.webp
Белые софт-тач,iPhone 17 Pro,A:506337,W506337,ПП2,4896560464,16,https://s3.twcstorage.ru/35ffc2ef-1e09-463d-a2c4-c183d5deb59a/prints/pp2/W5063371.webp
Матовые цветные чехлы для печати,iPhone 17 Pro,A:506338,W5063381,ПП2,4895395188,86,https://s3.twcstorage.ru/35ffc2ef-1e09-463d-a2c4-c183d5deb59a/prints/pp2/W5063381.webp
Силиконовые чехлы,iPhone 17 Pro,A:506339,W506339,ПП2,4895490443,23,https://s3.twcstorage.ru/35ffc2ef-1e09-463d-a2c4-c183d5deb59a/prints/pp2/W5063391.webp
Объемные матовые чехлы черные,iPhone 17 Pro,A:506340,W5063401,ПП2,4998357626,2,https://s3.twcstorage.ru/35ffc2ef-1e09-463d-a2c4-c183d5deb59a/prints/pp2/W5063401.webp
Белые софт-тач,iPhone 17 Pro,A:506341,W506341,ПП2,4896584062,51,https://s3.twcstorage.ru/35ffc2ef-1e09-463d-a2c4-c183d5deb59a/prints/pp2/W5063411.webp
Силиконовые чехлы,iPhone 17 Pro,A:506344,W506344,ПП2,4895490541,122,https://s3.twcstorage.ru/35ffc2ef-1e09-463d-a2c4-c183d5deb59a/prints/pp2/W5063441.webp
Матовые цветные чехлы для печати,iPhone 17 Pro,A:506348,W506348,ПП2,4895397553,1000000,https://s3.twcstorage.ru/35ffc2ef-1e09-463d-a2c4-c183d5deb59a/prints/pp2/W506348.webp
Матовые цветные чехлы для печати,iPhone 17 Pro,A:506349,W506349,ПП2,4895458073,69,https://s3.twcstorage.ru/35ffc2ef-1e09-463d-a2c4-c183d5deb59a/prints/pp2/W506349.webp
Матовые цветные чехлы для печати,iPhone 17 Pro,A:506353,W5063531,ПП2,4895395164,1000000,https://s3.twcstorage.ru/35ffc2ef-1e09-463d-a2c4-c183d5deb59a/prints/pp2/W5063531.webp
Силиконовые чехлы,iPhone 17 Pro,A:506361,W506361,ПП2,4895438850,50,https://s3.twcstorage.ru/35ffc2ef-1e09-463d-a2c4-c183d5deb59a/prints/pp2/W506361.webp
Силиконовые чехлы,iPhone 17 Pro,A:506364,W506364,ПП2,4895490261,58,https://s3.twcstorage.ru/35ffc2ef-1e09-463d-a2c4-c183d5deb59a/prints/pp2/W506364.webp
Белые софт-тач,iPhone 17 Pro,A:506369,W506369,ПП2,4896561669,64,https://s3.twcstorage.ru/35ffc2ef-1e09-463d-a2c4-c183d5deb59a/prints/pp2/W506369.webp
Матовые цветные чехлы для печати,iPhone 17 Pro,A:506372,W506372,ПП2,4895397699,25,https://s3.twcstorage.ru/35ffc2ef-1e09-463d-a2c4-c183d5deb59a/prints/pp2/W506372.webp
Белые софт-тач,iPhone 17 Pro,A:506373,W506373,ПП2,4896584294,6,https://s3.twcstorage.ru/35ffc2ef-1e09-463d-a2c4-c183d5deb59a/prints/pp2/W506373.webp
Белые софт-тач,iPhone 17 Pro,A:506374,W506374,ПП2,4896560507,5,https://s3.twcstorage.ru/35ffc2ef-1e09-463d-a2c4-c183d5deb59a/prints/pp2/W506374.webp
Матовые цветные чехлы для печати,iPhone 17 Pro,A:506376,W506376,ПП2,4895458758,57,https://s3.twcstorage.ru/35ffc2ef-1e09-463d-a2c4-c183d5deb59a/prints/pp2/W506376.webp
Силиконовые чехлы,iPhone 17 Pro,A:506377,W506377,ПП2,4895490690,102,https://s3.twcstorage.ru/35ffc2ef-1e09-463d-a2c4-c183d5deb59a/prints/pp2/W506377.webp
Белые софт-тач,iPhone 17 Pro,A:506378,W506378,ПП2,4896584579,46,https://s3.twcstorage.ru/35ffc2ef-1e09-463d-a2c4-c183d5deb59a/prints/pp2/W506378.webp
Белые софт-тач,iPhone 17 Pro,A:506379,W506379,ПП2,4896584583,19,https://s3.twcstorage.ru/35ffc2ef-1e09-463d-a2c4-c183d5deb59a/prints/pp2/W506379.webp
Силиконовые чехлы,iPhone 17 Pro,A:506380,W506380,ПП2,4895439870,83,https://s3.twcstorage.ru/35ffc2ef-1e09-463d-a2c4-c183d5deb59a/prints/pp2/W506380.webp
Белые софт-тач,iPhone 17 Pro,A:506381,W506381,ПП2,4896585481,38,https://s3.twcstorage.ru/35ffc2ef-1e09-463d-a2c4-c183d5deb59a/prints/pp2/W506381.webp
Стеклянные чехлы,iPhone 17 Pro,A:506384,Q5063841,ПП2,4896565700,4,https://s3.twcstorage.ru/35ffc2ef-1e09-463d-a2c4-c183d5deb59a/prints/pp2/Q5063841.webp
Белые софт-тач,iPhone 17 Pro Max,A:501930,W501930,ПП2,3277249795,47,https://s3.twcstorage.ru/35ffc2ef-1e09-463d-a2c4-c183d5deb59a/prints/pp2/W501930.webp
Матовые цветные чехлы для печати,iPhone 17 Pro Max,A:501933,W501933,ПП2,3277173579,76,https://s3.twcstorage.ru/35ffc2ef-1e09-463d-a2c4-c183d5deb59a/prints/pp2/W501933.webp
Белые софт-тач,iPhone 17 Pro Max,A:501934,W501934,ПП2,3277247886,68,https://s3.twcstorage.ru/35ffc2ef-1e09-463d-a2c4-c183d5deb59a/prints/pp2/W501934.webp
Белые софт-тач,iPhone 17 Pro Max,A:501935,W501935,ПП2,3277247964,52,https://s3.twcstorage.ru/35ffc2ef-1e09-463d-a2c4-c183d5deb59a/prints/pp2/W501935.webp
Силиконовые чехлы,iPhone 17 Pro Max,A:501940,C501940,ПП2,3289090515,106,https://s3.twcstorage.ru/35ffc2ef-1e09-463d-a2c4-c183d5deb59a/prints/pp2/W501940.webp
Силиконовые чехлы,iPhone 17 Pro Max,A:501944,C501944,ПП2,3289094746,65,https://s3.twcstorage.ru/35ffc2ef-1e09-463d-a2c4-c183d5deb59a/prints/pp2/S501944.webp
Силиконовые чехлы,iPhone 17 Pro Max,A:501946,W501946,ПП2,3289088997,48,https://s3.twcstorage.ru/35ffc2ef-1e09-463d-a2c4-c183d5deb59a/prints/pp2/W501946.webp
Матовые цветные чехлы для печати,iPhone 17 Pro Max,A:501947,W501947,ПП2,3277173664,5,https://s3.twcstorage.ru/35ffc2ef-1e09-463d-a2c4-c183d5deb59a/prints/pp2/W501947.webp
Белые софт-тач,iPhone 17 Pro Max,A:501949,W501949,ПП2,3277247879,34,https://s3.twcstorage.ru/35ffc2ef-1e09-463d-a2c4-c183d5deb59a/prints/pp2/W501949.webp
Силиконовые чехлы,iPhone 17 Pro Max,A:501950,W501950,ПП2,3289089627,46,https://s3.twcstorage.ru/35ffc2ef-1e09-463d-a2c4-c183d5deb59a/prints/pp2/W501950.webp
Объемные матовые чехлы коричневые,iPhone 17 Pro Max,A:501951,W501951,ПП2,4998379808,3,https://s3.twcstorage.ru/35ffc2ef-1e09-463d-a2c4-c183d5deb59a/prints/pp2/W501951.webp
Силиконовые чехлы,iPhone 17 Pro Max,A:501953,W501953,ПП2,3289095080,133,https://s3.twcstorage.ru/35ffc2ef-1e09-463d-a2c4-c183d5deb59a/prints/pp2/W501953.webp
Силиконовые чехлы,iPhone 17 Pro Max,A:501955,W501955,ПП2,3289094844,35,https://s3.twcstorage.ru/35ffc2ef-1e09-463d-a2c4-c183d5deb59a/prints/pp2/W501955.webp
Матовые цветные чехлы для печати,iPhone 17 Pro Max,A:501956,W501956,ПП2,3277173926,1000000,https://s3.twcstorage.ru/35ffc2ef-1e09-463d-a2c4-c183d5deb59a/prints/pp2/W501956.webp
Матовые цветные чехлы для печати,iPhone 17 Pro Max,A:501957,W501957,ПП2,3277173853,7,https://s3.twcstorage.ru/35ffc2ef-1e09-463d-a2c4-c183d5deb59a/prints/pp2/W501957.webp
Матовые цветные чехлы для печати,iPhone 17 Pro Max,A:501958,W501958,ПП2,3277173709,1000000,https://s3.twcstorage.ru/35ffc2ef-1e09-463d-a2c4-c183d5deb59a/prints/pp2/W501958.webp
Силиконовые чехлы,iPhone 17 Pro Max,A:501960,C501960,ПП2,3289094814,29,https://s3.twcstorage.ru/35ffc2ef-1e09-463d-a2c4-c183d5deb59a/prints/pp2/W501960.webp
Силиконовые чехлы,iPhone 17 Pro Max,A:501961,C501961,ПП2,3289091100,20,https://s3.twcstorage.ru/35ffc2ef-1e09-463d-a2c4-c183d5deb59a/prints/pp2/W501961.webp
Белые софт-тач,iPhone 17 Pro Max,A:501962,W501962,ПП2,3277248906,20,https://s3.twcstorage.ru/35ffc2ef-1e09-463d-a2c4-c183d5deb59a/prints/pp2/W501962.webp
Силиконовые чехлы,iPhone 17 Pro Max,A:501963,Q501963,ПП2,3289086373,111,https://s3.twcstorage.ru/35ffc2ef-1e09-463d-a2c4-c183d5deb59a/prints/pp2/Q5019631.webp
Силиконовые чехлы,iPhone 17 Pro Max,A:501975,Q501975,ПП2,3289094196,92,https://s3.twcstorage.ru/35ffc2ef-1e09-463d-a2c4-c183d5deb59a/prints/pp2/Q501975.webp
Силиконовые чехлы,iPhone 17 Pro Max,A:501978,Q501978,ПП2,3289090397,2,https://s3.twcstorage.ru/35ffc2ef-1e09-463d-a2c4-c183d5deb59a/prints/pp2/Q5019781.webp
Стеклянные чехлы,iPhone 17 Pro Max,A:501979,Q5019791,ПП2,3277024592,6,https://s3.twcstorage.ru/35ffc2ef-1e09-463d-a2c4-c183d5deb59a/prints/pp2/Q5019791.webp
Стеклянные чехлы,iPhone 17 Pro Max,A:501980,Q5019801,ПП2,3277025764,1,https://s3.twcstorage.ru/35ffc2ef-1e09-463d-a2c4-c183d5deb59a/prints/pp2/Q5019801.webp
Силиконовые чехлы,iPhone 17 Pro Max,A:501983,Q501983,ПП2,3289092324,139,https://s3.twcstorage.ru/35ffc2ef-1e09-463d-a2c4-c183d5deb59a/prints/pp2/Y501983.webp
Силиконовые чехлы,iPhone 17 Pro Max,A:501987,Q501987,ПП2,3289094786,114,https://s3.twcstorage.ru/35ffc2ef-1e09-463d-a2c4-c183d5deb59a/prints/pp2/Y501987.webp
Силиконовые чехлы,iPhone 17 Pro Max,A:501988,Q501988,ПП2,3289094616,115,https://s3.twcstorage.ru/35ffc2ef-1e09-463d-a2c4-c183d5deb59a/prints/pp2/Y501988.webp
Силиконовые чехлы,iPhone 17 Pro Max,A:501989,Q501989,ПП2,3289091690,61,https://s3.twcstorage.ru/35ffc2ef-1e09-463d-a2c4-c183d5deb59a/prints/pp2/Y501989.webp
Силиконовые чехлы,iPhone 17 Pro Max,A:501990,Q501990,ПП2,3289091159,42,https://s3.twcstorage.ru/35ffc2ef-1e09-463d-a2c4-c183d5deb59a/prints/pp2/Y501990.webp
Стеклянные чехлы,iPhone 17 Pro Max,A:501993,Q5019931,ПП2,3277024229,3,https://s3.twcstorage.ru/35ffc2ef-1e09-463d-a2c4-c183d5deb59a/prints/pp2/Q5019931.webp
Силиконовые чехлы,iPhone 17 Pro Max,A:501997,W501997,ПП2,3289095597,67,https://s3.twcstorage.ru/35ffc2ef-1e09-463d-a2c4-c183d5deb59a/prints/pp2/Y501997.webp
Силиконовые чехлы,iPhone 17 Pro Max,A:502001,W502001,ПП2,3289090872,143,https://s3.twcstorage.ru/35ffc2ef-1e09-463d-a2c4-c183d5deb59a/prints/pp2/W502001.webp
Белые софт-тач,iPhone 17 Pro Max,A:502002,W502002,ПП2,3277247916,1000000,https://s3.twcstorage.ru/35ffc2ef-1e09-463d-a2c4-c183d5deb59a/prints/pp2/W502002.webp
Объемные матовые чехлы черные,iPhone 17 Pro Max,A:502003,W502003,ПП2,4998355625,14,https://s3.twcstorage.ru/35ffc2ef-1e09-463d-a2c4-c183d5deb59a/prints/pp2/W502003.webp
Объемные матовые чехлы коричневые,iPhone 17 Pro Max,A:502005,W502005,ПП2,4998378911,1000000,https://s3.twcstorage.ru/35ffc2ef-1e09-463d-a2c4-c183d5deb59a/prints/pp2/W502005.webp
Матовые цветные чехлы для печати,iPhone 17 Pro Max,A:502006,W502006,ПП2,3277173912,21,https://s3.twcstorage.ru/35ffc2ef-1e09-463d-a2c4-c183d5deb59a/prints/pp2/W502006.webp
Матовые цветные чехлы для печати,iPhone 17 Pro Max,A:502007,W502007,ПП2,3277173765,15,https://s3.twcstorage.ru/35ffc2ef-1e09-463d-a2c4-c183d5deb59a/prints/pp2/W502007.webp
Силиконовые чехлы,iPhone 17 Pro Max,A:502008,W502008,ПП2,3289095063,6,https://s3.twcstorage.ru/35ffc2ef-1e09-463d-a2c4-c183d5deb59a/prints/pp2/W502008.webp
Силиконовые чехлы,iPhone 17 Pro Max,A:502009,W502009,ПП2,3289090642,5,https://s3.twcstorage.ru/35ffc2ef-1e09-463d-a2c4-c183d5deb59a/prints/pp2/W502009.webp
Силиконовые чехлы,iPhone 17 Pro Max,A:502010,W502010,ПП2,3289095296,3,https://s3.twcstorage.ru/35ffc2ef-1e09-463d-a2c4-c183d5deb59a/prints/pp2/W502010.webp
Силиконовые чехлы,iPhone 17 Pro Max,A:502011,W502011,ПП2,3289090807,62,https://s3.twcstorage.ru/35ffc2ef-1e09-463d-a2c4-c183d5deb59a/prints/pp2/W502011.webp
Матовые цветные чехлы для печати,iPhone 17 Pro Max,A:502012,W502012,ПП2,3277173764,1,https://s3.twcstorage.ru/35ffc2ef-1e09-463d-a2c4-c183d5deb59a/prints/pp2/W502012.webp
Силиконовые чехлы,iPhone 17 Pro Max,A:502014,W502014,ПП2,3289089497,1,https://s3.twcstorage.ru/35ffc2ef-1e09-463d-a2c4-c183d5deb59a/prints/pp2/W502014.webp
Белые софт-тач,iPhone 17 Pro Max,A:502016,W502016,ПП2,3277247973,24,https://s3.twcstorage.ru/35ffc2ef-1e09-463d-a2c4-c183d5deb59a/prints/pp2/W502016.webp
Силиконовые чехлы,iPhone 17 Pro Max,A:502019,W502019,ПП2,3289090092,24,https://s3.twcstorage.ru/35ffc2ef-1e09-463d-a2c4-c183d5deb59a/prints/pp2/W502019.webp
Силиконовые чехлы,iPhone 17 Pro Max,A:502021,W502021,ПП2,3289090926,116,https://s3.twcstorage.ru/35ffc2ef-1e09-463d-a2c4-c183d5deb59a/prints/pp2/Y502021.webp
Матовые цветные чехлы для печати,iPhone 17 Pro Max,A:502023,W502023,ПП2,3277173775,19,https://s3.twcstorage.ru/35ffc2ef-1e09-463d-a2c4-c183d5deb59a/prints/pp2/W502023.webp
Силиконовые чехлы,iPhone 17 Pro Max,A:502024,W502024,ПП2,3289094958,117,https://s3.twcstorage.ru/35ffc2ef-1e09-463d-a2c4-c183d5deb59a/prints/pp2/W502024.webp
Силиконовые чехлы,iPhone 17 Pro Max,A:502025,W502025,ПП2,3289091508,54,https://s3.twcstorage.ru/35ffc2ef-1e09-463d-a2c4-c183d5deb59a/prints/pp2/W502025.webp
Силиконовые чехлы,iPhone 17 Pro Max,A:502026,W502026,ПП2,3289091167,52,https://s3.twcstorage.ru/35ffc2ef-1e09-463d-a2c4-c183d5deb59a/prints/pp2/W502026.webp
Матовые цветные чехлы для печати,iPhone 17 Pro Max,A:502027,W502027,ПП2,3277173838,11,https://s3.twcstorage.ru/35ffc2ef-1e09-463d-a2c4-c183d5deb59a/prints/pp2/W502027.webp
Силиконовые чехлы,iPhone 17 Pro Max,A:502028,W502028,ПП2,3289091555,76,https://s3.twcstorage.ru/35ffc2ef-1e09-463d-a2c4-c183d5deb59a/prints/pp2/W502028.webp
Объемные матовые чехлы коричневые,iPhone 17 Pro Max,A:502029,W502029,ПП2,4998382499,2,https://s3.twcstorage.ru/35ffc2ef-1e09-463d-a2c4-c183d5deb59a/prints/pp2/W502029.webp
Белые софт-тач,iPhone 17 Pro Max,A:502030,W502030,ПП2,3277248760,23,https://s3.twcstorage.ru/35ffc2ef-1e09-463d-a2c4-c183d5deb59a/prints/pp2/W502030.webp
Силиконовые чехлы,iPhone 17 Pro Max,A:502031,W502031,ПП2,3289089629,27,https://s3.twcstorage.ru/35ffc2ef-1e09-463d-a2c4-c183d5deb59a/prints/pp2/W502031.webp
Матовые цветные чехлы для печати,iPhone 17 Pro Max,A:502032,W502032,ПП2,3277174535,4,https://s3.twcstorage.ru/35ffc2ef-1e09-463d-a2c4-c183d5deb59a/prints/pp2/W502032.webp
Матовые цветные чехлы для печати,iPhone 17 Pro Max,A:502033,W502033,ПП2,3277173780,10,https://s3.twcstorage.ru/35ffc2ef-1e09-463d-a2c4-c183d5deb59a/prints/pp2/W502033.webp
Матовые цветные чехлы для печати,iPhone 17 Pro Max,A:502034,W502034,ПП2,3277173956,1000000,https://s3.twcstorage.ru/35ffc2ef-1e09-463d-a2c4-c183d5deb59a/prints/pp2/W502034.webp
Объемные матовые чехлы бордовые,iPhone 17 Pro Max,A:502035,W502035,ПП2,4989268064,3,https://s3.twcstorage.ru/35ffc2ef-1e09-463d-a2c4-c183d5deb59a/prints/pp2/W502035.webp
Силиконовые чехлы,iPhone 17 Pro Max,A:502036,W502036,ПП2,3289090861,10,https://s3.twcstorage.ru/35ffc2ef-1e09-463d-a2c4-c183d5deb59a/prints/pp2/W502036.webp
Силиконовые чехлы,iPhone 17 Pro Max,A:502037,W502037,ПП2,3289089414,8,https://s3.twcstorage.ru/35ffc2ef-1e09-463d-a2c4-c183d5deb59a/prints/pp2/W502037.webp
Силиконовые чехлы,iPhone 17 Pro Max,A:502044,W502044,ПП2,3289095358,146,https://s3.twcstorage.ru/35ffc2ef-1e09-463d-a2c4-c183d5deb59a/prints/pp2/W502044.webp
Белые софт-тач,iPhone 17 Pro Max,A:502047,W502047,ПП2,3277248593,22,https://s3.twcstorage.ru/35ffc2ef-1e09-463d-a2c4-c183d5deb59a/prints/pp2/W502047.webp
Белые софт-тач,iPhone 17 Pro Max,A:502048,W502048,ПП2,3277247963,18,https://s3.twcstorage.ru/35ffc2ef-1e09-463d-a2c4-c183d5deb59a/prints/pp2/Y502048.webp
Белые софт-тач,iPhone 17 Pro Max,A:502049,W502049,ПП2,3277248652,41,https://s3.twcstorage.ru/35ffc2ef-1e09-463d-a2c4-c183d5deb59a/prints/pp2/Y502049.webp
Белые софт-тач,iPhone 17 Pro Max,A:502050,W502050,ПП2,3277248688,49,https://s3.twcstorage.ru/35ffc2ef-1e09-463d-a2c4-c183d5deb59a/prints/pp2/Y502050.webp
Белые софт-тач,iPhone 17 Pro Max,A:502052,W502052,ПП2,3277248814,2,https://s3.twcstorage.ru/35ffc2ef-1e09-463d-a2c4-c183d5deb59a/prints/pp2/W502052.webp
Белые софт-тач,iPhone 17 Pro Max,A:502053,W502053,ПП2,3277249665,1,https://s3.twcstorage.ru/35ffc2ef-1e09-463d-a2c4-c183d5deb59a/prints/pp2/W502053.webp
Белые софт-тач,iPhone 17 Pro Max,A:502054,W502054,ПП2,3277247946,45,https://s3.twcstorage.ru/35ffc2ef-1e09-463d-a2c4-c183d5deb59a/prints/pp2/W502054.webp
Белые софт-тач,iPhone 17 Pro Max,A:502055,W502055,ПП2,3277248459,36,https://s3.twcstorage.ru/35ffc2ef-1e09-463d-a2c4-c183d5deb59a/prints/pp2/W502055.webp
Силиконовые чехлы,iPhone 17 Pro Max,A:502056,W502056,ПП2,3289089290,70,https://s3.twcstorage.ru/35ffc2ef-1e09-463d-a2c4-c183d5deb59a/prints/pp2/W502056.webp
Белые софт-тач,iPhone 17 Pro Max,A:502057,W502057,ПП2,3277247967,35,https://s3.twcstorage.ru/35ffc2ef-1e09-463d-a2c4-c183d5deb59a/prints/pp2/W502057.webp
Белые софт-тач,iPhone 17 Pro Max,A:502059,W502059,ПП2,3277247852,1000000,https://s3.twcstorage.ru/35ffc2ef-1e09-463d-a2c4-c183d5deb59a/prints/pp2/W502059.webp
Матовые цветные чехлы для печати,iPhone 17 Pro Max,A:502062,W502062,ПП2,3277173983,48,https://s3.twcstorage.ru/35ffc2ef-1e09-463d-a2c4-c183d5deb59a/prints/pp2/W502062.webp
Матовые цветные чехлы для печати,iPhone 17 Pro Max,A:502065,W502065,ПП2,3277173988,2,https://s3.twcstorage.ru/35ffc2ef-1e09-463d-a2c4-c183d5deb59a/prints/pp2/W502065.webp
Силиконовые чехлы,iPhone 17 Pro Max,A:502066,W502066,ПП2,3289086221,98,https://s3.twcstorage.ru/35ffc2ef-1e09-463d-a2c4-c183d5deb59a/prints/pp2/W502066.webp
Силиконовые чехлы,iPhone 17 Pro Max,A:502067,W502067,ПП2,3289086155,28,https://s3.twcstorage.ru/35ffc2ef-1e09-463d-a2c4-c183d5deb59a/prints/pp2/W5020671.webp
Силиконовые чехлы,iPhone 17 Pro Max,A:502068,W502068,ПП2,3289089876,1000000,https://s3.twcstorage.ru/35ffc2ef-1e09-463d-a2c4-c183d5deb59a/prints/pp2/W502068.webp
Белые софт-тач,iPhone 17 Pro Max,A:502069,W502069,ПП2,3277248799,8,https://s3.twcstorage.ru/35ffc2ef-1e09-463d-a2c4-c183d5deb59a/prints/pp2/W502069.webp
Матовые цветные чехлы для печати,iPhone 17 Pro Max,A:506329,W5063291,ПП2,4895190277,38,https://s3.twcstorage.ru/35ffc2ef-1e09-463d-a2c4-c183d5deb59a/prints/pp2/W5063291.webp
Белые софт-тач,iPhone 17 Pro Max,A:506330,W506330,ПП2,4897462505,10,https://s3.twcstorage.ru/35ffc2ef-1e09-463d-a2c4-c183d5deb59a/prints/pp2/W5063301.webp
Белые софт-тач,iPhone 17 Pro Max,A:506331,W506331,ПП2,4897644574,4,https://s3.twcstorage.ru/35ffc2ef-1e09-463d-a2c4-c183d5deb59a/prints/pp2/W5063311.webp
Объемные матовые чехлы черные,iPhone 17 Pro Max,A:506332,W5063321,ПП2,4998360806,5,https://s3.twcstorage.ru/35ffc2ef-1e09-463d-a2c4-c183d5deb59a/prints/pp2/W5063321.webp
Объемные матовые чехлы бордовые,iPhone 17 Pro Max,A:506333,W5063331,ПП2,4989232056,8,https://s3.twcstorage.ru/35ffc2ef-1e09-463d-a2c4-c183d5deb59a/prints/pp2/W5063331.webp
Объемные матовые чехлы черные,iPhone 17 Pro Max,A:506334,W5063341,ПП2,4998359192,13,https://s3.twcstorage.ru/35ffc2ef-1e09-463d-a2c4-c183d5deb59a/prints/pp2/W5063341.webp
Силиконовые чехлы,iPhone 17 Pro Max,A:506335,W506335,ПП2,4895233564,71,https://s3.twcstorage.ru/35ffc2ef-1e09-463d-a2c4-c183d5deb59a/prints/pp2/W5063351.webp
Белые софт-тач,iPhone 17 Pro Max,A:506336,W506336,ПП2,4897640129,12,https://s3.twcstorage.ru/35ffc2ef-1e09-463d-a2c4-c183d5deb59a/prints/pp2/W5063361.webp
Белые софт-тач,iPhone 17 Pro Max,A:506337,W506337,ПП2,4897640417,16,https://s3.twcstorage.ru/35ffc2ef-1e09-463d-a2c4-c183d5deb59a/prints/pp2/W5063371.webp
Силиконовые чехлы,iPhone 17 Pro Max,A:506338,W506338,ПП2,4895236490,64,https://s3.twcstorage.ru/35ffc2ef-1e09-463d-a2c4-c183d5deb59a/prints/pp2/W5063381.webp
Силиконовые чехлы,iPhone 17 Pro Max,A:506339,W506339,ПП2,4895232996,23,https://s3.twcstorage.ru/35ffc2ef-1e09-463d-a2c4-c183d5deb59a/prints/pp2/W5063391.webp
Объемные матовые чехлы черные,iPhone 17 Pro Max,A:506340,W5063401,ПП2,4998359328,2,https://s3.twcstorage.ru/35ffc2ef-1e09-463d-a2c4-c183d5deb59a/prints/pp2/W5063401.webp
Силиконовые чехлы,iPhone 17 Pro Max,A:506343,W506343,ПП2,4895233058,1000000,https://s3.twcstorage.ru/35ffc2ef-1e09-463d-a2c4-c183d5deb59a/prints/pp2/W5063431.webp
Матовые цветные чехлы для печати,iPhone 17 Pro Max,A:506344,W5063441,ПП2,4895192329,88,https://s3.twcstorage.ru/35ffc2ef-1e09-463d-a2c4-c183d5deb59a/prints/pp2/W5063441.webp
Матовые цветные чехлы для печати,iPhone 17 Pro Max,A:506346,W506346,ПП2,4895189782,68,https://s3.twcstorage.ru/35ffc2ef-1e09-463d-a2c4-c183d5deb59a/prints/pp2/W506346.webp
Силиконовые чехлы,iPhone 17 Pro Max,A:506348,W506348,ПП2,4895236172,99,https://s3.twcstorage.ru/35ffc2ef-1e09-463d-a2c4-c183d5deb59a/prints/pp2/W506348.webp
Силиконовые чехлы,iPhone 17 Pro Max,A:506349,W506349,ПП2,4895236244,100,https://s3.twcstorage.ru/35ffc2ef-1e09-463d-a2c4-c183d5deb59a/prints/pp2/W506349.webp
Матовые цветные чехлы для печати,iPhone 17 Pro Max,A:506351,W5063511,ПП2,4895190707,1000000,https://s3.twcstorage.ru/35ffc2ef-1e09-463d-a2c4-c183d5deb59a/prints/pp2/W5063511.webp
Силиконовые чехлы,iPhone 17 Pro Max,A:506358,W506358,ПП2,4895178837,153,https://s3.twcstorage.ru/35ffc2ef-1e09-463d-a2c4-c183d5deb59a/prints/pp2/W5063581.webp
Силиконовые чехлы,iPhone 17 Pro Max,A:506360,W506360,ПП2,4895179203,154,https://s3.twcstorage.ru/35ffc2ef-1e09-463d-a2c4-c183d5deb59a/prints/pp2/W5063601.webp
Силиконовые чехлы,iPhone 17 Pro Max,A:506361,W506361,ПП2,4895235476,50,https://s3.twcstorage.ru/35ffc2ef-1e09-463d-a2c4-c183d5deb59a/prints/pp2/W506361.webp
Белые софт-тач,iPhone 17 Pro Max,A:506363,W506363,ПП2,4897641798,74,https://s3.twcstorage.ru/35ffc2ef-1e09-463d-a2c4-c183d5deb59a/prints/pp2/W506363.webp
Силиконовые чехлы,iPhone 17 Pro Max,A:506367,W506367,ПП2,4895237239,1000000,https://s3.twcstorage.ru/35ffc2ef-1e09-463d-a2c4-c183d5deb59a/prints/pp2/W506367.webp
Силиконовые чехлы,iPhone 17 Pro Max,A:506369,W506369,ПП2,4895233176,1000000,https://s3.twcstorage.ru/35ffc2ef-1e09-463d-a2c4-c183d5deb59a/prints/pp2/W506369.webp
Белые софт-тач,iPhone 17 Pro Max,A:506370,W506370,ПП2,4897461998,65,https://s3.twcstorage.ru/35ffc2ef-1e09-463d-a2c4-c183d5deb59a/prints/pp2/W506370.webp
Объемные матовые чехлы черные,iPhone 17 Pro Max,A:506372,W506372,ПП2,4998359630,8,https://s3.twcstorage.ru/35ffc2ef-1e09-463d-a2c4-c183d5deb59a/prints/pp2/W506372.webp
Белые софт-тач,iPhone 17 Pro Max,A:506373,W506373,ПП2,4897644902,6,https://s3.twcstorage.ru/35ffc2ef-1e09-463d-a2c4-c183d5deb59a/prints/pp2/W506373.webp
Белые софт-тач,iPhone 17 Pro Max,A:506374,W506374,ПП2,4897639993,5,https://s3.twcstorage.ru/35ffc2ef-1e09-463d-a2c4-c183d5deb59a/prints/pp2/W506374.webp
Силиконовые чехлы,iPhone 17 Pro Max,A:506375,W506375,ПП2,4895233472,80,https://s3.twcstorage.ru/35ffc2ef-1e09-463d-a2c4-c183d5deb59a/prints/pp2/W506375.webp
Белые софт-тач,iPhone 17 Pro Max,A:506376,W506376,ПП2,4897640470,77,https://s3.twcstorage.ru/35ffc2ef-1e09-463d-a2c4-c183d5deb59a/prints/pp2/W506376.webp
Матовые цветные чехлы для печати,iPhone 17 Pro Max,A:506377,W506377,ПП2,4895190574,73,https://s3.twcstorage.ru/35ffc2ef-1e09-463d-a2c4-c183d5deb59a/prints/pp2/W506377.webp
Белые софт-тач,iPhone 17 Pro Max,A:506379,W506379,ПП2,4897642902,19,https://s3.twcstorage.ru/35ffc2ef-1e09-463d-a2c4-c183d5deb59a/prints/pp2/W506379.webp
Силиконовые чехлы,iPhone 17 Pro Max,A:506380,W506380,ПП2,4895233765,83,https://s3.twcstorage.ru/35ffc2ef-1e09-463d-a2c4-c183d5deb59a/prints/pp2/W506380.webp
Стеклянные чехлы,iPhone 17 Pro Max,A:506383,Q5063831,ПП2,4896566801,9,https://s3.twcstorage.ru/35ffc2ef-1e09-463d-a2c4-c183d5deb59a/prints/pp2/Q5063831.webp
Силиконовые чехлы,iPhone 17 Pro Max,A:506384,Q506384,ПП2,4895179362,84,https://s3.twcstorage.ru/35ffc2ef-1e09-463d-a2c4-c183d5deb59a/prints/pp2/Q5063841.webp
Силиконовые чехлы,iPhone 4/4s,A:501965,Q501965,ПП2,3857213834,73,https://s3.twcstorage.ru/35ffc2ef-1e09-463d-a2c4-c183d5deb59a/prints/pp2/Q5019651.webp
Силиконовые чехлы,iPhone 4/4s,A:501979,Q501979,ПП2,3857210328,32,https://s3.twcstorage.ru/35ffc2ef-1e09-463d-a2c4-c183d5deb59a/prints/pp2/Q5019791.webp
Силиконовые чехлы,iPhone 4/4s,A:501982,Q501982,ПП2,3857212492,138,https://s3.twcstorage.ru/35ffc2ef-1e09-463d-a2c4-c183d5deb59a/prints/pp2/Y501982.webp
Силиконовые чехлы,iPhone 4/4s,A:502062,W502062,ПП2,3857209712,148,https://s3.twcstorage.ru/35ffc2ef-1e09-463d-a2c4-c183d5deb59a/prints/pp2/W502062.webp
Силиконовые чехлы,iPhone 5/5s/SE,A:501947,W501947,ПП2,3346243525,16,https://s3.twcstorage.ru/35ffc2ef-1e09-463d-a2c4-c183d5deb59a/prints/pp2/W501947.webp
Силиконовые чехлы,iPhone 5/5s/SE,A:501983,Q501983,ПП2,3346240915,139,https://s3.twcstorage.ru/35ffc2ef-1e09-463d-a2c4-c183d5deb59a/prints/pp2/Y501983.webp
Силиконовые чехлы,iPhone 5/5s/SE,A:502004,W502004,ПП2,3346239927,144,https://s3.twcstorage.ru/35ffc2ef-1e09-463d-a2c4-c183d5deb59a/prints/pp2/W502004.webp
Силиконовые чехлы,iPhone 5/5s/SE,A:502061,W502061,ПП2,3346240503,147,https://s3.twcstorage.ru/35ffc2ef-1e09-463d-a2c4-c183d5deb59a/prints/pp2/Y502061.webp
Матовые цветные чехлы для печати,iPhone 5/5s/SE,A:502069,W502069,ПП2,3277170928,37,https://s3.twcstorage.ru/35ffc2ef-1e09-463d-a2c4-c183d5deb59a/prints/pp2/W502069.webp
Силиконовые чехлы,iPhone 6/6S,A:501952,C501952,ПП2,3346260122,110,https://s3.twcstorage.ru/35ffc2ef-1e09-463d-a2c4-c183d5deb59a/prints/pp2/W501952.webp
Силиконовые чехлы,iPhone 6/6S,A:501979,Q501979,ПП2,3346260202,32,https://s3.twcstorage.ru/35ffc2ef-1e09-463d-a2c4-c183d5deb59a/prints/pp2/Q5019791.webp
Чёрные софт-тач,iPhone 7 Plus/8 Plus,A:501927,S501927,ПП2,3277075593,13,https://s3.twcstorage.ru/35ffc2ef-1e09-463d-a2c4-c183d5deb59a/prints/pp2/W501927.webp
Чёрные софт-тач,iPhone 7 Plus/8 Plus,A:501931,S501931,ПП2,3277076773,18,https://s3.twcstorage.ru/35ffc2ef-1e09-463d-a2c4-c183d5deb59a/prints/pp2/W501931.webp
Чёрные софт-тач,iPhone 7 Plus/8 Plus,A:501935,S501935,ПП2,3277075714,21,https://s3.twcstorage.ru/35ffc2ef-1e09-463d-a2c4-c183d5deb59a/prints/pp2/W501935.webp
Чёрные софт-тач,iPhone 7 Plus/8 Plus,A:501946,S501946,ПП2,3277075863,1,https://s3.twcstorage.ru/35ffc2ef-1e09-463d-a2c4-c183d5deb59a/prints/pp2/W501946.webp
Чёрные софт-тач,iPhone 7 Plus/8 Plus,A:501953,S501953,ПП2,3277075197,16,https://s3.twcstorage.ru/35ffc2ef-1e09-463d-a2c4-c183d5deb59a/prints/pp2/W501953.webp
Чёрные софт-тач,iPhone 7 Plus/8 Plus,A:501957,S501957,ПП2,3277075433,2,https://s3.twcstorage.ru/35ffc2ef-1e09-463d-a2c4-c183d5deb59a/prints/pp2/W501957.webp
Силиконовые чехлы,iPhone 7 Plus/8 Plus,A:501980,Q501980,ПП2,3346244458,4,https://s3.twcstorage.ru/35ffc2ef-1e09-463d-a2c4-c183d5deb59a/prints/pp2/Q5019801.webp
Силиконовые чехлы,iPhone 7 Plus/8 Plus,A:501993,Q501993,ПП2,3346244288,21,https://s3.twcstorage.ru/35ffc2ef-1e09-463d-a2c4-c183d5deb59a/prints/pp2/Q5019931.webp
Силиконовые чехлы,iPhone 7 Plus/8 Plus,A:502010,W502010,ПП2,3346248261,3,https://s3.twcstorage.ru/35ffc2ef-1e09-463d-a2c4-c183d5deb59a/prints/pp2/W502010.webp
Силиконовые чехлы,iPhone 7 Plus/8 Plus,A:502014,W502014,ПП2,3346243098,1,https://s3.twcstorage.ru/35ffc2ef-1e09-463d-a2c4-c183d5deb59a/prints/pp2/W502014.webp
Матовые цветные чехлы для печати,iPhone 7 Plus/8 Plus,A:502018,W502018,ПП2,3280464584,62,https://s3.twcstorage.ru/35ffc2ef-1e09-463d-a2c4-c183d5deb59a/prints/pp2/W502018.webp
Матовые цветные чехлы для печати,iPhone 7 Plus/8 Plus,A:502029,W502029,ПП2,3280518983,9,https://s3.twcstorage.ru/35ffc2ef-1e09-463d-a2c4-c183d5deb59a/prints/pp2/W502029.webp
Силиконовые чехлы,iPhone 7 Plus/8 Plus,A:502039,W502039,ПП2,3346244239,95,https://s3.twcstorage.ru/35ffc2ef-1e09-463d-a2c4-c183d5deb59a/prints/pp2/W502039.webp
Силиконовые чехлы,iPhone 7 Plus/8 Plus,A:502047,W502047,ПП2,3346243743,36,https://s3.twcstorage.ru/35ffc2ef-1e09-463d-a2c4-c183d5deb59a/prints/pp2/W502047.webp
Матовые цветные чехлы для печати,iPhone 7 Plus/8 Plus,A:502059,W502059,ПП2,3280465127,1000000,https://s3.twcstorage.ru/35ffc2ef-1e09-463d-a2c4-c183d5deb59a/prints/pp2/W502059.webp
Силиконовые чехлы,iPhone 7 Plus/8 Plus,A:502061,W502061,ПП2,3346244809,147,https://s3.twcstorage.ru/35ffc2ef-1e09-463d-a2c4-c183d5deb59a/prints/pp2/Y502061.webp
Силиконовые чехлы,iPhone 7 Plus/8 Plus,A:502069,W502069,ПП2,3346243560,9,https://s3.twcstorage.ru/35ffc2ef-1e09-463d-a2c4-c183d5deb59a/prints/pp2/W502069.webp
Силиконовые чехлы,iPhone 7 Plus/8 Plus,A:506334,W506334,ПП2,4896229078,14,https://s3.twcstorage.ru/35ffc2ef-1e09-463d-a2c4-c183d5deb59a/prints/pp2/W5063341.webp
Матовые цветные чехлы для печати,iPhone 7 Plus/8 Plus,A:506362,W506362,ПП2,4896587412,1000000,https://s3.twcstorage.ru/35ffc2ef-1e09-463d-a2c4-c183d5deb59a/prints/pp2/W506362.webp
Чёрные софт-тач,iPhone 7/8/SE 2020/SE 2022,A:501931,S501931,ПП2,3277074539,18,https://s3.twcstorage.ru/35ffc2ef-1e09-463d-a2c4-c183d5deb59a/prints/pp2/W501931.webp
Матовые цветные чехлы для печати,iPhone 7/8/SE 2020/SE 2022,A:501935,W501935,ПП2,3277169884,77,https://s3.twcstorage.ru/35ffc2ef-1e09-463d-a2c4-c183d5deb59a/prints/pp2/W501935.webp
Белые софт-тач,iPhone 7/8/SE 2020/SE 2022,A:501940,W501940,ПП2,3837381936,53,https://s3.twcstorage.ru/35ffc2ef-1e09-463d-a2c4-c183d5deb59a/prints/pp2/W501940.webp
Чёрные софт-тач,iPhone 7/8/SE 2020/SE 2022,A:501946,S501946,ПП2,3277074240,1,https://s3.twcstorage.ru/35ffc2ef-1e09-463d-a2c4-c183d5deb59a/prints/pp2/W501946.webp
Матовые цветные чехлы для печати,iPhone 7/8/SE 2020/SE 2022,A:501947,W501947,ПП2,3277170615,5,https://s3.twcstorage.ru/35ffc2ef-1e09-463d-a2c4-c183d5deb59a/prints/pp2/W501947.webp
Чёрные софт-тач,iPhone 7/8/SE 2020/SE 2022,A:501949,S501949,ПП2,3277074524,4,https://s3.twcstorage.ru/35ffc2ef-1e09-463d-a2c4-c183d5deb59a/prints/pp2/W501949.webp
Белые софт-тач,iPhone 7/8/SE 2020/SE 2022,A:501951,W501951,ПП2,3837380289,9,https://s3.twcstorage.ru/35ffc2ef-1e09-463d-a2c4-c183d5deb59a/prints/pp2/W501951.webp
Белые софт-тач,iPhone 7/8/SE 2020/SE 2022,A:501955,W501955,ПП2,3837381642,39,https://s3.twcstorage.ru/35ffc2ef-1e09-463d-a2c4-c183d5deb59a/prints/pp2/W501955.webp
Белые софт-тач,iPhone 7/8/SE 2020/SE 2022,A:501957,W501957,ПП2,3837381692,27,https://s3.twcstorage.ru/35ffc2ef-1e09-463d-a2c4-c183d5deb59a/prints/pp2/W501957.webp
Белые софт-тач,iPhone 7/8/SE 2020/SE 2022,A:501960,W501960,ПП2,3837380035,32,https://s3.twcstorage.ru/35ffc2ef-1e09-463d-a2c4-c183d5deb59a/prints/pp2/W501960.webp
Белые софт-тач,iPhone 7/8/SE 2020/SE 2022,A:501961,W501961,ПП2,3837379854,26,https://s3.twcstorage.ru/35ffc2ef-1e09-463d-a2c4-c183d5deb59a/prints/pp2/W501961.webp
Белые софт-тач,iPhone 7/8/SE 2020/SE 2022,A:501962,W501962,ПП2,3837379771,20,https://s3.twcstorage.ru/35ffc2ef-1e09-463d-a2c4-c183d5deb59a/prints/pp2/W501962.webp
Силиконовые чехлы,iPhone 7/8/SE 2020/SE 2022,A:501978,Q501978,ПП2,3346167604,2,https://s3.twcstorage.ru/35ffc2ef-1e09-463d-a2c4-c183d5deb59a/prints/pp2/Q5019781.webp
Стеклянные чехлы,iPhone 7/8/SE 2020/SE 2022,A:501980,Q5019801,ПП2,3836134806,1,https://s3.twcstorage.ru/35ffc2ef-1e09-463d-a2c4-c183d5deb59a/prints/pp2/Q5019801.webp
Силиконовые чехлы,iPhone 7/8/SE 2020/SE 2022,A:501989,Q501989,ПП2,3346175218,61,https://s3.twcstorage.ru/35ffc2ef-1e09-463d-a2c4-c183d5deb59a/prints/pp2/Y501989.webp
Силиконовые чехлы,iPhone 7/8/SE 2020/SE 2022,A:501993,Q501993,ПП2,3346169171,21,https://s3.twcstorage.ru/35ffc2ef-1e09-463d-a2c4-c183d5deb59a/prints/pp2/Q5019931.webp
Объемные матовые чехлы коричневые,iPhone 7/8/SE 2020/SE 2022,A:502003,W502003,ПП2,4998362686,5,https://s3.twcstorage.ru/35ffc2ef-1e09-463d-a2c4-c183d5deb59a/prints/pp2/W502003.webp
Матовые цветные чехлы для печати,iPhone 7/8/SE 2020/SE 2022,A:502007,W502007,ПП2,3277169647,15,https://s3.twcstorage.ru/35ffc2ef-1e09-463d-a2c4-c183d5deb59a/prints/pp2/W502007.webp
Белые софт-тач,iPhone 7/8/SE 2020/SE 2022,A:502008,W502008,ПП2,3837379768,31,https://s3.twcstorage.ru/35ffc2ef-1e09-463d-a2c4-c183d5deb59a/prints/pp2/W502008.webp
Силиконовые чехлы,iPhone 7/8/SE 2020/SE 2022,A:502010,W502010,ПП2,3346166847,3,https://s3.twcstorage.ru/35ffc2ef-1e09-463d-a2c4-c183d5deb59a/prints/pp2/W502010.webp
Белые софт-тач,iPhone 7/8/SE 2020/SE 2022,A:502012,W502012,ПП2,3837381387,11,https://s3.twcstorage.ru/35ffc2ef-1e09-463d-a2c4-c183d5deb59a/prints/pp2/W502012.webp
Белые софт-тач,iPhone 7/8/SE 2020/SE 2022,A:502014,W502014,ПП2,3837379959,7,https://s3.twcstorage.ru/35ffc2ef-1e09-463d-a2c4-c183d5deb59a/prints/pp2/W502014.webp
Белые софт-тач,iPhone 7/8/SE 2020/SE 2022,A:502016,W502016,ПП2,3837379906,24,https://s3.twcstorage.ru/35ffc2ef-1e09-463d-a2c4-c183d5deb59a/prints/pp2/W502016.webp
Силиконовые чехлы,iPhone 7/8/SE 2020/SE 2022,A:502017,W502017,ПП2,3346170286,63,https://s3.twcstorage.ru/35ffc2ef-1e09-463d-a2c4-c183d5deb59a/prints/pp2/W502017.webp
Объемные матовые чехлы коричневые,iPhone 7/8/SE 2020/SE 2022,A:502029,W502029,ПП2,4998358395,2,https://s3.twcstorage.ru/35ffc2ef-1e09-463d-a2c4-c183d5deb59a/prints/pp2/W502029.webp
Белые софт-тач,iPhone 7/8/SE 2020/SE 2022,A:502031,W502031,ПП2,3837379883,30,https://s3.twcstorage.ru/35ffc2ef-1e09-463d-a2c4-c183d5deb59a/prints/pp2/W502031.webp
Объемные матовые чехлы коричневые,iPhone 7/8/SE 2020/SE 2022,A:502032,W502032,ПП2,4998357401,12,https://s3.twcstorage.ru/35ffc2ef-1e09-463d-a2c4-c183d5deb59a/prints/pp2/W502032.webp
Белые софт-тач,iPhone 7/8/SE 2020/SE 2022,A:502047,W502047,ПП2,3837379790,22,https://s3.twcstorage.ru/35ffc2ef-1e09-463d-a2c4-c183d5deb59a/prints/pp2/W502047.webp
Матовые цветные чехлы для печати,iPhone 7/8/SE 2020/SE 2022,A:502048,W502048,ПП2,3277169667,36,https://s3.twcstorage.ru/35ffc2ef-1e09-463d-a2c4-c183d5deb59a/prints/pp2/Y502048.webp
Белые софт-тач,iPhone 7/8/SE 2020/SE 2022,A:502049,W502049,ПП2,3837379977,41,https://s3.twcstorage.ru/35ffc2ef-1e09-463d-a2c4-c183d5deb59a/prints/pp2/Y502049.webp
Белые софт-тач,iPhone 7/8/SE 2020/SE 2022,A:502052,W502052,ПП2,3837381433,2,https://s3.twcstorage.ru/35ffc2ef-1e09-463d-a2c4-c183d5deb59a/prints/pp2/W502052.webp
Белые софт-тач,iPhone 7/8/SE 2020/SE 2022,A:502053,W502053,ПП2,3837381532,1,https://s3.twcstorage.ru/35ffc2ef-1e09-463d-a2c4-c183d5deb59a/prints/pp2/W502053.webp
Силиконовые чехлы,iPhone 7/8/SE 2020/SE 2022,A:502064,W502064,ПП2,3346168119,121,https://s3.twcstorage.ru/35ffc2ef-1e09-463d-a2c4-c183d5deb59a/prints/pp2/W502064.webp
Белые софт-тач,iPhone 7/8/SE 2020/SE 2022,A:506329,W506329,ПП2,4901991839,40,https://s3.twcstorage.ru/35ffc2ef-1e09-463d-a2c4-c183d5deb59a/prints/pp2/W5063291.webp
Белые софт-тач,iPhone 7/8/SE 2020/SE 2022,A:506330,W506330,ПП2,4901989939,10,https://s3.twcstorage.ru/35ffc2ef-1e09-463d-a2c4-c183d5deb59a/prints/pp2/W5063301.webp
Белые софт-тач,iPhone 7/8/SE 2020/SE 2022,A:506331,W506331,ПП2,4901990943,4,https://s3.twcstorage.ru/35ffc2ef-1e09-463d-a2c4-c183d5deb59a/prints/pp2/W5063311.webp
Белые софт-тач,iPhone 7/8/SE 2020/SE 2022,A:506332,W506332,ПП2,4901991168,56,https://s3.twcstorage.ru/35ffc2ef-1e09-463d-a2c4-c183d5deb59a/prints/pp2/W5063321.webp
Белые софт-тач,iPhone 7/8/SE 2020/SE 2022,A:506333,W506333,ПП2,4901992178,50,https://s3.twcstorage.ru/35ffc2ef-1e09-463d-a2c4-c183d5deb59a/prints/pp2/W5063331.webp
Белые софт-тач,iPhone 7/8/SE 2020/SE 2022,A:506336,W506336,ПП2,4901990994,12,https://s3.twcstorage.ru/35ffc2ef-1e09-463d-a2c4-c183d5deb59a/prints/pp2/W5063361.webp
Белые софт-тач,iPhone 7/8/SE 2020/SE 2022,A:506338,W506338,ПП2,4901990580,62,https://s3.twcstorage.ru/35ffc2ef-1e09-463d-a2c4-c183d5deb59a/prints/pp2/W5063381.webp
Матовые цветные чехлы для печати,iPhone 7/8/SE 2020/SE 2022,A:506339,W5063391,ПП2,4896535368,29,https://s3.twcstorage.ru/35ffc2ef-1e09-463d-a2c4-c183d5deb59a/prints/pp2/W5063391.webp
Белые софт-тач,iPhone 7/8/SE 2020/SE 2022,A:506340,W506340,ПП2,4901991211,3,https://s3.twcstorage.ru/35ffc2ef-1e09-463d-a2c4-c183d5deb59a/prints/pp2/W5063401.webp
Белые софт-тач,iPhone 7/8/SE 2020/SE 2022,A:506375,W506375,ПП2,4901992184,57,https://s3.twcstorage.ru/35ffc2ef-1e09-463d-a2c4-c183d5deb59a/prints/pp2/W506375.webp
Белые софт-тач,iPhone 7/8/SE 2020/SE 2022,A:506376,W506376,ПП2,4901992851,77,https://s3.twcstorage.ru/35ffc2ef-1e09-463d-a2c4-c183d5deb59a/prints/pp2/W506376.webp
Матовые цветные чехлы для печати,iPhone 7/8/SE 2020/SE 2022,A:506379,W506379,ПП2,4896536990,1000000,https://s3.twcstorage.ru/35ffc2ef-1e09-463d-a2c4-c183d5deb59a/prints/pp2/W506379.webp
Белые софт-тач,iPhone 7/8/SE 2020/SE 2022,A:506381,W506381,ПП2,4901992602,38,https://s3.twcstorage.ru/35ffc2ef-1e09-463d-a2c4-c183d5deb59a/prints/pp2/W506381.webp
Стеклянные чехлы,iPhone 7/8/SE 2020/SE 2022,A:506383,Q5063831,ПП2,4896849267,9,https://s3.twcstorage.ru/35ffc2ef-1e09-463d-a2c4-c183d5deb59a/prints/pp2/Q5063831.webp
Стеклянные чехлы,iPhone 7/8/SE 2020/SE 2022,A:506384,Q5063841,ПП2,4896848987,4,https://s3.twcstorage.ru/35ffc2ef-1e09-463d-a2c4-c183d5deb59a/prints/pp2/Q5063841.webp
Силиконовые чехлы,iPhone Air,A:501929,W501929,ПП2,3346253773,125,https://s3.twcstorage.ru/35ffc2ef-1e09-463d-a2c4-c183d5deb59a/prints/pp2/W501929.webp
Силиконовые чехлы,iPhone Air,A:501933,W501933,ПП2,3346250587,86,https://s3.twcstorage.ru/35ffc2ef-1e09-463d-a2c4-c183d5deb59a/prints/pp2/W501933.webp
Силиконовые чехлы,iPhone Air,A:501940,W501940,ПП2,3346251051,106,https://s3.twcstorage.ru/35ffc2ef-1e09-463d-a2c4-c183d5deb59a/prints/pp2/W501940.webp
Белые софт-тач,iPhone Air,A:501947,W501947,ПП2,3277256905,13,https://s3.twcstorage.ru/35ffc2ef-1e09-463d-a2c4-c183d5deb59a/prints/pp2/W501947.webp
Силиконовые чехлы,iPhone Air,A:501949,W501949,ПП2,3346250651,60,https://s3.twcstorage.ru/35ffc2ef-1e09-463d-a2c4-c183d5deb59a/prints/pp2/W501949.webp
Силиконовые чехлы,iPhone Air,A:501951,C501951,ПП2,3346250318,7,https://s3.twcstorage.ru/35ffc2ef-1e09-463d-a2c4-c183d5deb59a/prints/pp2/W501951.webp
Белые софт-тач,iPhone Air,A:501957,W501957,ПП2,3277256053,27,https://s3.twcstorage.ru/35ffc2ef-1e09-463d-a2c4-c183d5deb59a/prints/pp2/W501957.webp
Белые софт-тач,iPhone Air,A:501961,W501961,ПП2,3277256091,26,https://s3.twcstorage.ru/35ffc2ef-1e09-463d-a2c4-c183d5deb59a/prints/pp2/W501961.webp
Стеклянные чехлы,iPhone Air,A:501965,Q5019651,ПП2,3277033404,5,https://s3.twcstorage.ru/35ffc2ef-1e09-463d-a2c4-c183d5deb59a/prints/pp2/Q5019651.webp
Силиконовые чехлы,iPhone Air,A:501978,Q501978,ПП2,3346248591,2,https://s3.twcstorage.ru/35ffc2ef-1e09-463d-a2c4-c183d5deb59a/prints/pp2/Q5019781.webp
Стеклянные чехлы,iPhone Air,A:501990,Y501990,ПП2,3277131540,13,https://s3.twcstorage.ru/35ffc2ef-1e09-463d-a2c4-c183d5deb59a/prints/pp2/Y501990.webp
Силиконовые чехлы,iPhone Air,A:501993,Q501993,ПП2,3346250396,21,https://s3.twcstorage.ru/35ffc2ef-1e09-463d-a2c4-c183d5deb59a/prints/pp2/Q5019931.webp
Силиконовые чехлы,iPhone Air,A:502010,W502010,ПП2,3346250463,3,https://s3.twcstorage.ru/35ffc2ef-1e09-463d-a2c4-c183d5deb59a/prints/pp2/W502010.webp
Белые софт-тач,iPhone Air,A:502014,W502014,ПП2,3277256144,7,https://s3.twcstorage.ru/35ffc2ef-1e09-463d-a2c4-c183d5deb59a/prints/pp2/W502014.webp
Силиконовые чехлы,iPhone Air,A:502017,W502017,ПП2,3346250918,63,https://s3.twcstorage.ru/35ffc2ef-1e09-463d-a2c4-c183d5deb59a/prints/pp2/W502017.webp
Белые софт-тач,iPhone Air,A:502032,W502032,ПП2,3277256064,14,https://s3.twcstorage.ru/35ffc2ef-1e09-463d-a2c4-c183d5deb59a/prints/pp2/W502032.webp
Матовые цветные чехлы для печати,iPhone Air,A:502033,W502033,ПП2,3280559287,10,https://s3.twcstorage.ru/35ffc2ef-1e09-463d-a2c4-c183d5deb59a/prints/pp2/W502033.webp
Белые софт-тач,iPhone Air,A:502036,W502036,ПП2,3277256255,17,https://s3.twcstorage.ru/35ffc2ef-1e09-463d-a2c4-c183d5deb59a/prints/pp2/W502036.webp
Белые софт-тач,iPhone Air,A:502052,W502052,ПП2,3277256136,2,https://s3.twcstorage.ru/35ffc2ef-1e09-463d-a2c4-c183d5deb59a/prints/pp2/W502052.webp
Белые софт-тач,iPhone Air,A:502053,W502053,ПП2,3277255891,1,https://s3.twcstorage.ru/35ffc2ef-1e09-463d-a2c4-c183d5deb59a/prints/pp2/W502053.webp
Чёрные софт-тач,iPhone X/XS,A:501927,S501927,ПП2,3277065391,13,https://s3.twcstorage.ru/35ffc2ef-1e09-463d-a2c4-c183d5deb59a/prints/pp2/W501927.webp
Чёрные софт-тач,iPhone X/XS,A:501937,S501937,ПП2,3277063966,14,https://s3.twcstorage.ru/35ffc2ef-1e09-463d-a2c4-c183d5deb59a/prints/pp2/W501937.webp
Чёрные софт-тач,iPhone X/XS,A:501943,S501943,ПП2,3277064225,15,https://s3.twcstorage.ru/35ffc2ef-1e09-463d-a2c4-c183d5deb59a/prints/pp2/S501943.webp
Белые софт-тач,iPhone X/XS,A:501956,W501956,ПП2,3280934057,1000000,https://s3.twcstorage.ru/35ffc2ef-1e09-463d-a2c4-c183d5deb59a/prints/pp2/W501956.webp
Чёрные софт-тач,iPhone X/XS,A:501957,S501957,ПП2,3277064226,2,https://s3.twcstorage.ru/35ffc2ef-1e09-463d-a2c4-c183d5deb59a/prints/pp2/W501957.webp
Силиконовые чехлы,iPhone X/XS,A:501970,Q501970,ПП2,3345665306,1000000,https://s3.twcstorage.ru/35ffc2ef-1e09-463d-a2c4-c183d5deb59a/prints/pp2/W501970.webp
Матовые цветные чехлы для печати,iPhone X/XS,A:501997,W501997,ПП2,3277148932,43,https://s3.twcstorage.ru/35ffc2ef-1e09-463d-a2c4-c183d5deb59a/prints/pp2/Y501997.webp
Матовые цветные чехлы для печати,iPhone X/XS,A:502006,W502006,ПП2,3277152443,21,https://s3.twcstorage.ru/35ffc2ef-1e09-463d-a2c4-c183d5deb59a/prints/pp2/W502006.webp
Силиконовые чехлы,iPhone X/XS,A:502009,W502009,ПП2,3345677546,5,https://s3.twcstorage.ru/35ffc2ef-1e09-463d-a2c4-c183d5deb59a/prints/pp2/W502009.webp
Силиконовые чехлы,iPhone X/XS,A:502010,W502010,ПП2,3345668934,3,https://s3.twcstorage.ru/35ffc2ef-1e09-463d-a2c4-c183d5deb59a/prints/pp2/W502010.webp
Силиконовые чехлы,iPhone X/XS,A:502014,W502014,ПП2,3345669378,1,https://s3.twcstorage.ru/35ffc2ef-1e09-463d-a2c4-c183d5deb59a/prints/pp2/W502014.webp
Белые софт-тач,iPhone X/XS,A:502032,W502032,ПП2,3280962547,14,https://s3.twcstorage.ru/35ffc2ef-1e09-463d-a2c4-c183d5deb59a/prints/pp2/W502032.webp
Матовые цветные чехлы для печати,iPhone X/XS,A:502033,W502033,ПП2,3277150858,10,https://s3.twcstorage.ru/35ffc2ef-1e09-463d-a2c4-c183d5deb59a/prints/pp2/W502033.webp
Матовые цветные чехлы для печати,iPhone X/XS,A:502035,W502035,ПП2,3277148655,31,https://s3.twcstorage.ru/35ffc2ef-1e09-463d-a2c4-c183d5deb59a/prints/pp2/W502035.webp
Белые софт-тач,iPhone X/XS,A:502052,W502052,ПП2,3280962454,2,https://s3.twcstorage.ru/35ffc2ef-1e09-463d-a2c4-c183d5deb59a/prints/pp2/W502052.webp
Белые софт-тач,iPhone X/XS,A:502053,W502053,ПП2,3280963800,1,https://s3.twcstorage.ru/35ffc2ef-1e09-463d-a2c4-c183d5deb59a/prints/pp2/W502053.webp
Силиконовые чехлы,iPhone X/XS,A:502055,W502055,ПП2,3345670054,96,https://s3.twcstorage.ru/35ffc2ef-1e09-463d-a2c4-c183d5deb59a/prints/pp2/W502055.webp
Матовые цветные чехлы для печати,iPhone X/XS,A:502065,W502065,ПП2,3277149344,2,https://s3.twcstorage.ru/35ffc2ef-1e09-463d-a2c4-c183d5deb59a/prints/pp2/W502065.webp
Матовые цветные чехлы для печати,iPhone X/XS,A:506350,W5063501,ПП2,4899021977,50,https://s3.twcstorage.ru/35ffc2ef-1e09-463d-a2c4-c183d5deb59a/prints/pp2/W5063501.webp
Силиконовые чехлы,iPhone X/XS,A:506379,W506379,ПП2,4896235680,51,https://s3.twcstorage.ru/35ffc2ef-1e09-463d-a2c4-c183d5deb59a/prints/pp2/W506379.webp
Чёрные софт-тач,iPhone XR,A:501928,S501928,ПП2,3277066206,1000000,https://s3.twcstorage.ru/35ffc2ef-1e09-463d-a2c4-c183d5deb59a/prints/pp2/W501928.webp
Чёрные софт-тач,iPhone XR,A:501937,S501937,ПП2,3277065621,14,https://s3.twcstorage.ru/35ffc2ef-1e09-463d-a2c4-c183d5deb59a/prints/pp2/W501937.webp
Чёрные софт-тач,iPhone XR,A:501944,S501944,ПП2,3277065820,9,https://s3.twcstorage.ru/35ffc2ef-1e09-463d-a2c4-c183d5deb59a/prints/pp2/S501944.webp
Матовые цветные чехлы для печати,iPhone XR,A:501947,W501947,ПП2,3277156059,5,https://s3.twcstorage.ru/35ffc2ef-1e09-463d-a2c4-c183d5deb59a/prints/pp2/W501947.webp
Силиконовые чехлы,iPhone XR,A:501951,W501951,ПП2,3345745464,7,https://s3.twcstorage.ru/35ffc2ef-1e09-463d-a2c4-c183d5deb59a/prints/pp2/W501951.webp
Чёрные софт-тач,iPhone XR,A:501953,S501953,ПП2,3277066286,16,https://s3.twcstorage.ru/35ffc2ef-1e09-463d-a2c4-c183d5deb59a/prints/pp2/W501953.webp
Чёрные софт-тач,iPhone XR,A:501957,S501957,ПП2,3277066179,2,https://s3.twcstorage.ru/35ffc2ef-1e09-463d-a2c4-c183d5deb59a/prints/pp2/W501957.webp
Чёрные софт-тач,iPhone XR,A:501959,S501959,ПП2,3277065738,12,https://s3.twcstorage.ru/35ffc2ef-1e09-463d-a2c4-c183d5deb59a/prints/pp2/S501959.webp
Чёрные софт-тач,iPhone XR,A:501962,S501962,ПП2,3277066860,29,https://s3.twcstorage.ru/35ffc2ef-1e09-463d-a2c4-c183d5deb59a/prints/pp2/W501962.webp
Силиконовые чехлы,iPhone XR,A:501965,Q501965,ПП2,3345735477,73,https://s3.twcstorage.ru/35ffc2ef-1e09-463d-a2c4-c183d5deb59a/prints/pp2/Q5019651.webp
Силиконовые чехлы,iPhone XR,A:501978,Q501978,ПП2,3345744275,2,https://s3.twcstorage.ru/35ffc2ef-1e09-463d-a2c4-c183d5deb59a/prints/pp2/Q5019781.webp
Силиконовые чехлы,iPhone XR,A:501980,Q501980,ПП2,3345743820,4,https://s3.twcstorage.ru/35ffc2ef-1e09-463d-a2c4-c183d5deb59a/prints/pp2/Q5019801.webp
Силиконовые чехлы,iPhone XR,A:501989,Q501989,ПП2,3345743781,61,https://s3.twcstorage.ru/35ffc2ef-1e09-463d-a2c4-c183d5deb59a/prints/pp2/Y501989.webp
Стеклянные чехлы,iPhone XR,A:501993,Q5019931,ПП2,3836123388,3,https://s3.twcstorage.ru/35ffc2ef-1e09-463d-a2c4-c183d5deb59a/prints/pp2/Q5019931.webp
Матовые цветные чехлы для печати,iPhone XR,A:502003,W502003,ПП2,3277154856,20,https://s3.twcstorage.ru/35ffc2ef-1e09-463d-a2c4-c183d5deb59a/prints/pp2/W502003.webp
Силиконовые чехлы,iPhone XR,A:502005,W502005,ПП2,3345744128,94,https://s3.twcstorage.ru/35ffc2ef-1e09-463d-a2c4-c183d5deb59a/prints/pp2/W502005.webp
Силиконовые чехлы,iPhone XR,A:502007,W502007,ПП2,3345743224,25,https://s3.twcstorage.ru/35ffc2ef-1e09-463d-a2c4-c183d5deb59a/prints/pp2/W502007.webp
Силиконовые чехлы,iPhone XR,A:502008,W502008,ПП2,3345744654,6,https://s3.twcstorage.ru/35ffc2ef-1e09-463d-a2c4-c183d5deb59a/prints/pp2/W502008.webp
Силиконовые чехлы,iPhone XR,A:502009,W502009,ПП2,3345744537,5,https://s3.twcstorage.ru/35ffc2ef-1e09-463d-a2c4-c183d5deb59a/prints/pp2/W502009.webp
Матовые цветные чехлы для печати,iPhone XR,A:502010,W502010,ПП2,3277154844,6,https://s3.twcstorage.ru/35ffc2ef-1e09-463d-a2c4-c183d5deb59a/prints/pp2/W502010.webp
Матовые цветные чехлы для печати,iPhone XR,A:502012,W502012,ПП2,3277156723,1,https://s3.twcstorage.ru/35ffc2ef-1e09-463d-a2c4-c183d5deb59a/prints/pp2/W502012.webp
Силиконовые чехлы,iPhone XR,A:502014,W502014,ПП2,3345738290,1,https://s3.twcstorage.ru/35ffc2ef-1e09-463d-a2c4-c183d5deb59a/prints/pp2/W502014.webp
Матовые цветные чехлы для печати,iPhone XR,A:502019,W502019,ПП2,3277156287,27,https://s3.twcstorage.ru/35ffc2ef-1e09-463d-a2c4-c183d5deb59a/prints/pp2/W502019.webp
Белые софт-тач,iPhone XR,A:502032,W502032,ПП2,3277231616,14,https://s3.twcstorage.ru/35ffc2ef-1e09-463d-a2c4-c183d5deb59a/prints/pp2/W502032.webp
Матовые цветные чехлы для печати,iPhone XR,A:502034,W502034,ПП2,3277156640,1000000,https://s3.twcstorage.ru/35ffc2ef-1e09-463d-a2c4-c183d5deb59a/prints/pp2/W502034.webp
Силиконовые чехлы,iPhone XR,A:502035,W502035,ПП2,3345739129,30,https://s3.twcstorage.ru/35ffc2ef-1e09-463d-a2c4-c183d5deb59a/prints/pp2/W502035.webp
Силиконовые чехлы,iPhone XR,A:502036,W502036,ПП2,3345742990,10,https://s3.twcstorage.ru/35ffc2ef-1e09-463d-a2c4-c183d5deb59a/prints/pp2/W502036.webp
Матовые цветные чехлы для печати,iPhone XR,A:502049,W502049,ПП2,3277155163,45,https://s3.twcstorage.ru/35ffc2ef-1e09-463d-a2c4-c183d5deb59a/prints/pp2/Y502049.webp
Белые софт-тач,iPhone XR,A:502053,W502053,ПП2,3277231969,1,https://s3.twcstorage.ru/35ffc2ef-1e09-463d-a2c4-c183d5deb59a/prints/pp2/W502053.webp
Матовые цветные чехлы для печати,iPhone XR,A:502065,W502065,ПП2,3277156602,2,https://s3.twcstorage.ru/35ffc2ef-1e09-463d-a2c4-c183d5deb59a/prints/pp2/W502065.webp
Силиконовые чехлы,iPhone XR,A:502069,W502069,ПП2,3345735238,9,https://s3.twcstorage.ru/35ffc2ef-1e09-463d-a2c4-c183d5deb59a/prints/pp2/W502069.webp
Белые софт-тач,iPhone XR,A:506330,W506330,ПП2,4896774913,10,https://s3.twcstorage.ru/35ffc2ef-1e09-463d-a2c4-c183d5deb59a/prints/pp2/W5063301.webp
Матовые цветные чехлы для печати,iPhone XR,A:506331,W5063311,ПП2,4900102809,17,https://s3.twcstorage.ru/35ffc2ef-1e09-463d-a2c4-c183d5deb59a/prints/pp2/W5063311.webp
Силиконовые чехлы,iPhone XR,A:506332,W506332,ПП2,4896395066,11,https://s3.twcstorage.ru/35ffc2ef-1e09-463d-a2c4-c183d5deb59a/prints/pp2/W5063321.webp
Силиконовые чехлы,iPhone XR,A:506334,W506334,ПП2,4896412744,14,https://s3.twcstorage.ru/35ffc2ef-1e09-463d-a2c4-c183d5deb59a/prints/pp2/W5063341.webp
Матовые цветные чехлы для печати,iPhone XR,A:506337,W5063371,ПП2,4900003099,33,https://s3.twcstorage.ru/35ffc2ef-1e09-463d-a2c4-c183d5deb59a/prints/pp2/W5063371.webp
Матовые цветные чехлы для печати,iPhone XR,A:506338,W5063381,ПП2,4900004269,86,https://s3.twcstorage.ru/35ffc2ef-1e09-463d-a2c4-c183d5deb59a/prints/pp2/W5063381.webp
Матовые цветные чехлы для печати,iPhone XR,A:506339,W5063391,ПП2,4900004293,29,https://s3.twcstorage.ru/35ffc2ef-1e09-463d-a2c4-c183d5deb59a/prints/pp2/W5063391.webp
Силиконовые чехлы,iPhone XR,A:506345,W506345,ПП2,4896394814,150,https://s3.twcstorage.ru/35ffc2ef-1e09-463d-a2c4-c183d5deb59a/prints/pp2/W5063451.webp
Силиконовые чехлы,iPhone XR,A:506364,W506364,ПП2,4896412627,58,https://s3.twcstorage.ru/35ffc2ef-1e09-463d-a2c4-c183d5deb59a/prints/pp2/W506364.webp
Матовые цветные чехлы для печати,iPhone XR,A:506374,W506374,ПП2,4900098892,30,https://s3.twcstorage.ru/35ffc2ef-1e09-463d-a2c4-c183d5deb59a/prints/pp2/W506374.webp
Чёрные софт-тач,iPhone XS Max,A:501930,S501930,ПП2,3277075403,1000000,https://s3.twcstorage.ru/35ffc2ef-1e09-463d-a2c4-c183d5deb59a/prints/pp2/W501930.webp
Силиконовые чехлы,iPhone XS Max,A:501934,C501934,ПП2,3346260358,127,https://s3.twcstorage.ru/35ffc2ef-1e09-463d-a2c4-c183d5deb59a/prints/pp2/W501934.webp
Силиконовые чехлы,iPhone XS Max,A:501945,W501945,ПП2,3346260405,131,https://s3.twcstorage.ru/35ffc2ef-1e09-463d-a2c4-c183d5deb59a/prints/pp2/W501945.webp
Чёрные софт-тач,iPhone XS Max,A:501955,S501955,ПП2,3277075451,26,https://s3.twcstorage.ru/35ffc2ef-1e09-463d-a2c4-c183d5deb59a/prints/pp2/W501955.webp
Чёрные софт-тач,iPhone XS Max,A:501957,S501957,ПП2,3277075551,2,https://s3.twcstorage.ru/35ffc2ef-1e09-463d-a2c4-c183d5deb59a/prints/pp2/W501957.webp
Силиконовые чехлы,iPhone XS Max,A:501960,C501960,ПП2,3346267508,29,https://s3.twcstorage.ru/35ffc2ef-1e09-463d-a2c4-c183d5deb59a/prints/pp2/W501960.webp
Чёрные софт-тач,iPhone XS Max,A:501961,S501961,ПП2,3277075331,17,https://s3.twcstorage.ru/35ffc2ef-1e09-463d-a2c4-c183d5deb59a/prints/pp2/W501961.webp
Силиконовые чехлы,iPhone XS Max,A:501962,C501962,ПП2,3346264745,31,https://s3.twcstorage.ru/35ffc2ef-1e09-463d-a2c4-c183d5deb59a/prints/pp2/W501962.webp
Силиконовые чехлы,iPhone XS Max,A:501969,W501969,ПП2,3346264584,1000000,https://s3.twcstorage.ru/35ffc2ef-1e09-463d-a2c4-c183d5deb59a/prints/pp2/W501969.webp
Силиконовые чехлы,iPhone XS Max,A:501990,Q501990,ПП2,3346264552,42,https://s3.twcstorage.ru/35ffc2ef-1e09-463d-a2c4-c183d5deb59a/prints/pp2/Y501990.webp
Силиконовые чехлы,iPhone XS Max,A:501996,W501996,ПП2,3346260242,66,https://s3.twcstorage.ru/35ffc2ef-1e09-463d-a2c4-c183d5deb59a/prints/pp2/Y501996.webp
Силиконовые чехлы,iPhone XS Max,A:502008,W502008,ПП2,3346268220,6,https://s3.twcstorage.ru/35ffc2ef-1e09-463d-a2c4-c183d5deb59a/prints/pp2/W502008.webp
Силиконовые чехлы,iPhone XS Max,A:502010,W502010,ПП2,3346268026,3,https://s3.twcstorage.ru/35ffc2ef-1e09-463d-a2c4-c183d5deb59a/prints/pp2/W502010.webp
Силиконовые чехлы,iPhone XS Max,A:502031,W502031,ПП2,3346260347,27,https://s3.twcstorage.ru/35ffc2ef-1e09-463d-a2c4-c183d5deb59a/prints/pp2/W502031.webp
Силиконовые чехлы,iPhone XS Max,A:502035,W502035,ПП2,3346264806,30,https://s3.twcstorage.ru/35ffc2ef-1e09-463d-a2c4-c183d5deb59a/prints/pp2/W502035.webp
Силиконовые чехлы,iPhone XS Max,A:502069,W502069,ПП2,3346260418,9,https://s3.twcstorage.ru/35ffc2ef-1e09-463d-a2c4-c183d5deb59a/prints/pp2/W502069.webp
