cp_category,cp_model,group_key,art_print,pp,product_id,rank,image_url
Матовые цветные чехлы для печати,CMF Phone 2 pro,A:502010,W502010,ПП2,1139999815,10,https://s3.twcstorage.ru/35ffc2ef-1e09-463d-a2c4-c183d5deb59a/prints/pp2/W502010.webp
Силиконовые чехлы,CMF Phone 2 pro,A:506334,W506334,ПП2,1137059345,12,https://s3.twcstorage.ru/35ffc2ef-1e09-463d-a2c4-c183d5deb59a/prints/pp2/W5063341.webp
Силиконовые чехлы,CMF Phone 2 pro,A:506385,Q506385,ПП2,1137011252,1000000,https://s3.twcstorage.ru/35ffc2ef-1e09-463d-a2c4-c183d5deb59a/prints/pp2/Q5063851.webp
Чёрные софт-тач,Google Pixel 10,A:501927,S501927,ПП2,727132458,1000000,https://s3.twcstorage.ru/35ffc2ef-1e09-463d-a2c4-c183d5deb59a/prints/pp2/W501927.webp
Чёрные софт-тач,Google Pixel 10,A:501942,S501942,ПП2,727112809,1000000,https://s3.twcstorage.ru/35ffc2ef-1e09-463d-a2c4-c183d5deb59a/prints/pp2/S501942.webp
Чёрные софт-тач,Google Pixel 10,A:501947,S501947,ПП2,727136170,8,https://s3.twcstorage.ru/35ffc2ef-1e09-463d-a2c4-c183d5deb59a/prints/pp2/W501947.webp
Чёрные софт-тач,Google Pixel 10,A:501951,S501951,ПП2,727137934,5,https://s3.twcstorage.ru/35ffc2ef-1e09-463d-a2c4-c183d5deb59a/prints/pp2/W501951.webp
Чёрные софт-тач,Google Pixel 10,A:501954,S501954,ПП2,727117257,1000000,https://s3.twcstorage.ru/35ffc2ef-1e09-463d-a2c4-c183d5deb59a/prints/pp2/W501954.webp
Чёрные софт-тач,Google Pixel 10,A:501961,S501961,ПП2,727156321,10,https://s3.twcstorage.ru/35ffc2ef-1e09-463d-a2c4-c183d5deb59a/prints/pp2/W501961.webp
Силиконовые чехлы,Google Pixel 10,A:506334,W506334,ПП2,1137056750,12,https://s3.twcstorage.ru/35ffc2ef-1e09-463d-a2c4-c183d5deb59a/prints/pp2/W5063341.webp
Силиконовые чехлы,Google Pixel 10,A:506338,W506338,ПП2,1137085227,56,https://s3.twcstorage.ru/35ffc2ef-1e09-463d-a2c4-c183d5deb59a/prints/pp2/W5063381.webp
Силиконовые чехлы,Google Pixel 10,A:506381,W506381,ПП2,1137448085,51,https://s3.twcstorage.ru/35ffc2ef-1e09-463d-a2c4-c183d5deb59a/prints/pp2/W506381.webp
Чёрные софт-тач,Google Pixel 10 Pro,A:501943,S501943,ПП2,727105302,6,https://s3.twcstorage.ru/35ffc2ef-1e09-463d-a2c4-c183d5deb59a/prints/pp2/S501943.webp
Силиконовые чехлы,Google Pixel 10 Pro,A:501945,C501945,ПП2,727268877,120,https://s3.twcstorage.ru/35ffc2ef-1e09-463d-a2c4-c183d5deb59a/prints/pp2/W501945.webp
Силиконовые чехлы,Google Pixel 10 Pro,A:501990,Q501990,ПП2,727815810,63,https://s3.twcstorage.ru/35ffc2ef-1e09-463d-a2c4-c183d5deb59a/prints/pp2/Y501990.webp
Матовые цветные чехлы для печати,Google Pixel 10 Pro,A:502008,W502008,ПП2,1139994148,43,https://s3.twcstorage.ru/35ffc2ef-1e09-463d-a2c4-c183d5deb59a/prints/pp2/W502008.webp
Силиконовые чехлы,Google Pixel 10 Pro XL,A:501976,Q501976,ПП2,1122344313,79,https://s3.twcstorage.ru/35ffc2ef-1e09-463d-a2c4-c183d5deb59a/prints/pp2/Q501976.webp
Силиконовые чехлы,Google Pixel 10 Pro XL,A:501978,Q501978,ПП2,1121707636,2,https://s3.twcstorage.ru/35ffc2ef-1e09-463d-a2c4-c183d5deb59a/prints/pp2/Q5019781.webp
Силиконовые чехлы,Google Pixel 10 Pro XL,A:502062,W502062,ПП2,1120569659,1000000,https://s3.twcstorage.ru/35ffc2ef-1e09-463d-a2c4-c183d5deb59a/prints/pp2/W502062.webp
Силиконовые чехлы,Google Pixel 6,A:501974,Q501974,ПП2,1122271779,70,https://s3.twcstorage.ru/35ffc2ef-1e09-463d-a2c4-c183d5deb59a/prints/pp2/Q501974.webp
Силиконовые чехлы,Google Pixel 6 Pro,A:501968,Q501968,ПП2,1121577937,78,https://s3.twcstorage.ru/35ffc2ef-1e09-463d-a2c4-c183d5deb59a/prints/pp2/W501968.webp
Силиконовые чехлы,Google Pixel 6A,A:501978,Q501978,ПП2,1121709155,2,https://s3.twcstorage.ru/35ffc2ef-1e09-463d-a2c4-c183d5deb59a/prints/pp2/Q5019781.webp
Силиконовые чехлы,Google Pixel 6A,A:502003,W502003,ПП2,1124171365,72,https://s3.twcstorage.ru/35ffc2ef-1e09-463d-a2c4-c183d5deb59a/prints/pp2/W502003.webp
Силиконовые чехлы,Google Pixel 6A,A:506339,W506339,ПП2,1137093517,13,https://s3.twcstorage.ru/35ffc2ef-1e09-463d-a2c4-c183d5deb59a/prints/pp2/W5063391.webp
Силиконовые чехлы,Google Pixel 7,A:501947,C501947,ПП2,727778544,69,https://s3.twcstorage.ru/35ffc2ef-1e09-463d-a2c4-c183d5deb59a/prints/pp2/W501947.webp
Силиконовые чехлы,Google Pixel 7,A:501960,W501960,ПП2,727511919,41,https://s3.twcstorage.ru/35ffc2ef-1e09-463d-a2c4-c183d5deb59a/prints/pp2/W501960.webp
Силиконовые чехлы,Google Pixel 7,A:501963,Q501963,ПП2,726950441,77,https://s3.twcstorage.ru/35ffc2ef-1e09-463d-a2c4-c183d5deb59a/prints/pp2/Q5019631.webp
Силиконовые чехлы,Google Pixel 7,A:501969,Q501969,ПП2,726913778,1000000,https://s3.twcstorage.ru/35ffc2ef-1e09-463d-a2c4-c183d5deb59a/prints/pp2/W501969.webp
Силиконовые чехлы,Google Pixel 7,A:501978,Q501978,ПП2,727219157,2,https://s3.twcstorage.ru/35ffc2ef-1e09-463d-a2c4-c183d5deb59a/prints/pp2/Q5019781.webp
Силиконовые чехлы,Google Pixel 7,A:501980,Q501980,ПП2,727178900,4,https://s3.twcstorage.ru/35ffc2ef-1e09-463d-a2c4-c183d5deb59a/prints/pp2/Q5019801.webp
Силиконовые чехлы,Google Pixel 7,A:502030,W502030,ПП2,727551201,66,https://s3.twcstorage.ru/35ffc2ef-1e09-463d-a2c4-c183d5deb59a/prints/pp2/W502030.webp
Силиконовые чехлы,Google Pixel 7,A:502048,W502048,ПП2,726991970,26,https://s3.twcstorage.ru/35ffc2ef-1e09-463d-a2c4-c183d5deb59a/prints/pp2/Y502048.webp
Силиконовые чехлы,Google Pixel 7,A:502049,W502049,ПП2,727020233,40,https://s3.twcstorage.ru/35ffc2ef-1e09-463d-a2c4-c183d5deb59a/prints/pp2/Y502049.webp
Силиконовые чехлы,Google Pixel 7,A:502065,W502065,ПП2,727847220,49,https://s3.twcstorage.ru/35ffc2ef-1e09-463d-a2c4-c183d5deb59a/prints/pp2/W502065.webp
Силиконовые чехлы,Google Pixel 7,A:506340,W506340,ПП2,1186675247,5,https://s3.twcstorage.ru/35ffc2ef-1e09-463d-a2c4-c183d5deb59a/prints/pp2/W5063401.webp
Матовые цветные чехлы для печати,Google Pixel 7 Pro,A:502028,W502028,ПП2,1153238743,69,https://s3.twcstorage.ru/35ffc2ef-1e09-463d-a2c4-c183d5deb59a/prints/pp2/W502028.webp
Матовые цветные чехлы для печати,Google Pixel 7 Pro,A:502031,W502031,ПП2,1140006278,59,https://s3.twcstorage.ru/35ffc2ef-1e09-463d-a2c4-c183d5deb59a/prints/pp2/W502031.webp
Матовые цветные чехлы для печати,Google Pixel 7 Pro,A:502048,W502048,ПП2,1140020447,72,https://s3.twcstorage.ru/35ffc2ef-1e09-463d-a2c4-c183d5deb59a/prints/pp2/Y502048.webp
Матовые цветные чехлы для печати,Google Pixel 7 Pro,A:502059,W502059,ПП2,1152758851,75,https://s3.twcstorage.ru/35ffc2ef-1e09-463d-a2c4-c183d5deb59a/prints/pp2/W502059.webp
Матовые цветные чехлы для печати,Google Pixel 7 Pro,A:506334,W5063341,ПП2,1153853692,1,https://s3.twcstorage.ru/35ffc2ef-1e09-463d-a2c4-c183d5deb59a/prints/pp2/W5063341.webp
Силиконовые чехлы,Google Pixel 9,A:501980,Q501980,ПП2,1121617101,4,https://s3.twcstorage.ru/35ffc2ef-1e09-463d-a2c4-c183d5deb59a/prints/pp2/Q5019801.webp
Силиконовые чехлы,Google Pixel 9,A:502030,W502030,ПП2,1123639817,66,https://s3.twcstorage.ru/35ffc2ef-1e09-463d-a2c4-c183d5deb59a/prints/pp2/W502030.webp
Силиконовые чехлы,Google Pixel 9,A:502057,W502057,ПП2,1201621708,142,https://s3.twcstorage.ru/35ffc2ef-1e09-463d-a2c4-c183d5deb59a/prints/pp2/W502057.webp
Матовые цветные чехлы для печати,Google Pixel 9,A:506331,W5063311,ПП2,1196195724,5,https://s3.twcstorage.ru/35ffc2ef-1e09-463d-a2c4-c183d5deb59a/prints/pp2/W5063311.webp
Матовые цветные чехлы для печати,Google Pixel 9,A:506332,W5063321,ПП2,1153724904,2,https://s3.twcstorage.ru/35ffc2ef-1e09-463d-a2c4-c183d5deb59a/prints/pp2/W5063321.webp
Матовые цветные чехлы для печати,Google Pixel 9,A:506336,W5063361,ПП2,1153920703,15,https://s3.twcstorage.ru/35ffc2ef-1e09-463d-a2c4-c183d5deb59a/prints/pp2/W5063361.webp
Матовые цветные чехлы для печати,Google Pixel 9,A:506339,W5063391,ПП2,1154078367,8,https://s3.twcstorage.ru/35ffc2ef-1e09-463d-a2c4-c183d5deb59a/prints/pp2/W5063391.webp
Матовые цветные чехлы для печати,Google Pixel 9,A:506377,W506377,ПП2,1152406781,21,https://s3.twcstorage.ru/35ffc2ef-1e09-463d-a2c4-c183d5deb59a/prints/pp2/W506377.webp
Матовые цветные чехлы для печати,Google Pixel 9,A:506378,W506378,ПП2,1152413902,100,https://s3.twcstorage.ru/35ffc2ef-1e09-463d-a2c4-c183d5deb59a/prints/pp2/W506378.webp
Матовые цветные чехлы для печати,Google Pixel 9 Pro,A:502001,W502001,ПП2,1152708539,66,https://s3.twcstorage.ru/35ffc2ef-1e09-463d-a2c4-c183d5deb59a/prints/pp2/W502001.webp
Силиконовые чехлы,Google Pixel 9 Pro,A:502010,W502010,ПП2,1121289097,1,https://s3.twcstorage.ru/35ffc2ef-1e09-463d-a2c4-c183d5deb59a/prints/pp2/W502010.webp
Силиконовые чехлы,Google Pixel 9 Pro,A:506372,W506372,ПП2,1137401940,16,https://s3.twcstorage.ru/35ffc2ef-1e09-463d-a2c4-c183d5deb59a/prints/pp2/W506372.webp
Силиконовые чехлы,Google Pixel 9 Pro XL,A:501934,W501934,ПП2,1120913017,1000000,https://s3.twcstorage.ru/35ffc2ef-1e09-463d-a2c4-c183d5deb59a/prints/pp2/W501934.webp
Силиконовые чехлы,Google Pixel 9 Pro XL,A:502033,W502033,ПП2,1122422921,104,https://s3.twcstorage.ru/35ffc2ef-1e09-463d-a2c4-c183d5deb59a/prints/pp2/W502033.webp
Силиконовые чехлы,Google Pixel 9 Pro XL,A:502057,W502057,ПП2,1120983815,142,https://s3.twcstorage.ru/35ffc2ef-1e09-463d-a2c4-c183d5deb59a/prints/pp2/W502057.webp
Силиконовые чехлы,Google Pixel 9 Pro XL,A:502067,W502067,ПП2,1121388411,1000000,https://s3.twcstorage.ru/35ffc2ef-1e09-463d-a2c4-c183d5deb59a/prints/pp2/W5020671.webp
Матовые цветные чехлы для печати,Google Pixel 9 Pro XL,A:506350,W5063501,ПП2,1154518594,32,https://s3.twcstorage.ru/35ffc2ef-1e09-463d-a2c4-c183d5deb59a/prints/pp2/W5063501.webp
Матовые цветные чехлы для печати,Google Pixel 9 Pro XL,A:506381,W506381,ПП2,1152440624,14,https://s3.twcstorage.ru/35ffc2ef-1e09-463d-a2c4-c183d5deb59a/prints/pp2/W506381.webp
Силиконовые чехлы,Google Pixel 9a,A:502032,W502032,ПП2,1123616782,25,https://s3.twcstorage.ru/35ffc2ef-1e09-463d-a2c4-c183d5deb59a/prints/pp2/W502032.webp
Силиконовые чехлы,Google Pixel 9a,A:506335,W506335,ПП2,1137063717,15,https://s3.twcstorage.ru/35ffc2ef-1e09-463d-a2c4-c183d5deb59a/prints/pp2/W5063351.webp
Чёрные софт-тач,Honor 200,A:501946,S501946,ПП2,727097116,7,https://s3.twcstorage.ru/35ffc2ef-1e09-463d-a2c4-c183d5deb59a/prints/pp2/W501946.webp
Силиконовые чехлы,Honor 200,A:501980,Q501980,ПП2,727175025,4,https://s3.twcstorage.ru/35ffc2ef-1e09-463d-a2c4-c183d5deb59a/prints/pp2/Q5019801.webp
Матовые цветные чехлы для печати,Honor 200,A:502003,W502003,ПП2,726735929,38,https://s3.twcstorage.ru/35ffc2ef-1e09-463d-a2c4-c183d5deb59a/prints/pp2/W502003.webp
Матовые цветные чехлы для печати,Honor 200,A:502024,W502024,ПП2,726874381,57,https://s3.twcstorage.ru/35ffc2ef-1e09-463d-a2c4-c183d5deb59a/prints/pp2/W502024.webp
Матовые цветные чехлы для печати,Honor 200,A:502035,W502035,ПП2,726757327,50,https://s3.twcstorage.ru/35ffc2ef-1e09-463d-a2c4-c183d5deb59a/prints/pp2/W502035.webp
Матовые цветные чехлы для печати,Honor 200,A:506332,W5063321,ПП2,1189296512,2,https://s3.twcstorage.ru/35ffc2ef-1e09-463d-a2c4-c183d5deb59a/prints/pp2/W5063321.webp
Матовые цветные чехлы для печати,Honor 200,A:506336,W5063361,ПП2,1185743599,15,https://s3.twcstorage.ru/35ffc2ef-1e09-463d-a2c4-c183d5deb59a/prints/pp2/W5063361.webp
Матовые цветные чехлы для печати,Honor 200,A:506340,W5063401,ПП2,1185549813,4,https://s3.twcstorage.ru/35ffc2ef-1e09-463d-a2c4-c183d5deb59a/prints/pp2/W5063401.webp
Силиконовые чехлы,Honor 200,A:506360,W506360,ПП2,1186400366,59,https://s3.twcstorage.ru/35ffc2ef-1e09-463d-a2c4-c183d5deb59a/prints/pp2/W5063601.webp
Матовые цветные чехлы для печати,Honor 200,A:506372,W506372,ПП2,1185465476,9,https://s3.twcstorage.ru/35ffc2ef-1e09-463d-a2c4-c183d5deb59a/prints/pp2/W506372.webp
Силиконовые чехлы,Honor 200 Lite,A:501927,W501927,ПП2,727240298,114,https://s3.twcstorage.ru/35ffc2ef-1e09-463d-a2c4-c183d5deb59a/prints/pp2/W501927.webp
Силиконовые чехлы,Honor 200 Lite,A:501944,C501944,ПП2,727274060,85,https://s3.twcstorage.ru/35ffc2ef-1e09-463d-a2c4-c183d5deb59a/prints/pp2/S501944.webp
Чёрные софт-тач,Honor 200 Lite,A:501950,S501950,ПП2,727134304,2,https://s3.twcstorage.ru/35ffc2ef-1e09-463d-a2c4-c183d5deb59a/prints/pp2/W501950.webp
Чёрные софт-тач,Honor 200 Lite,A:501957,S501957,ПП2,727125077,3,https://s3.twcstorage.ru/35ffc2ef-1e09-463d-a2c4-c183d5deb59a/prints/pp2/W501957.webp
Матовые цветные чехлы для печати,Honor 200 Lite,A:506335,W5063351,ПП2,1153890641,23,https://s3.twcstorage.ru/35ffc2ef-1e09-463d-a2c4-c183d5deb59a/prints/pp2/W5063351.webp
Матовые цветные чехлы для печати,Honor 200 Lite,A:506340,W5063401,ПП2,1154148300,4,https://s3.twcstorage.ru/35ffc2ef-1e09-463d-a2c4-c183d5deb59a/prints/pp2/W5063401.webp
Матовые цветные чехлы для печати,Honor 200 Lite,A:506364,W506364,ПП2,1152311138,29,https://s3.twcstorage.ru/35ffc2ef-1e09-463d-a2c4-c183d5deb59a/prints/pp2/W506364.webp
Чёрные софт-тач,Honor 200 Pro,A:501959,S501959,ПП2,727130857,1000000,https://s3.twcstorage.ru/35ffc2ef-1e09-463d-a2c4-c183d5deb59a/prints/pp2/S501959.webp
Силиконовые чехлы,Honor 200 Pro,A:502008,W502008,ПП2,1123637333,18,https://s3.twcstorage.ru/35ffc2ef-1e09-463d-a2c4-c183d5deb59a/prints/pp2/W502008.webp
Силиконовые чехлы,Honor 200 Pro,A:502010,W502010,ПП2,1196417116,1,https://s3.twcstorage.ru/35ffc2ef-1e09-463d-a2c4-c183d5deb59a/prints/pp2/W502010.webp
Силиконовые чехлы,Honor 200 Pro,A:502062,W502062,ПП2,1120556212,1000000,https://s3.twcstorage.ru/35ffc2ef-1e09-463d-a2c4-c183d5deb59a/prints/pp2/W502062.webp
Чёрные софт-тач,Honor 400,A:501946,S501946,ПП2,727095280,7,https://s3.twcstorage.ru/35ffc2ef-1e09-463d-a2c4-c183d5deb59a/prints/pp2/W501946.webp
Чехол с вкладышем,Honor 400,A:501947,W501947,ПП2,994233512,1000000,https://s3.twcstorage.ru/35ffc2ef-1e09-463d-a2c4-c183d5deb59a/prints/pp2/W501947.webp
Чёрные софт-тач,Honor 400,A:501949,S501949,ПП2,727139342,1,https://s3.twcstorage.ru/35ffc2ef-1e09-463d-a2c4-c183d5deb59a/prints/pp2/W501949.webp
Объемные матовые чехлы коричневые,Honor 400,A:501950,W501950,ПП2,1156162157,8,https://s3.twcstorage.ru/35ffc2ef-1e09-463d-a2c4-c183d5deb59a/prints/pp2/W501950.webp
Белые софт-тач,Honor 400,A:501955,W501955,ПП2,726606280,44,https://s3.twcstorage.ru/35ffc2ef-1e09-463d-a2c4-c183d5deb59a/prints/pp2/W501955.webp
Силиконовые чехлы,Honor 400,A:501960,C501960,ПП2,727208606,41,https://s3.twcstorage.ru/35ffc2ef-1e09-463d-a2c4-c183d5deb59a/prints/pp2/W501960.webp
Силиконовые чехлы,Honor 400,A:501978,Q501978,ПП2,727217328,2,https://s3.twcstorage.ru/35ffc2ef-1e09-463d-a2c4-c183d5deb59a/prints/pp2/Q5019781.webp
Силиконовые чехлы,Honor 400,A:501980,Q501980,ПП2,727174788,4,https://s3.twcstorage.ru/35ffc2ef-1e09-463d-a2c4-c183d5deb59a/prints/pp2/Q5019801.webp
Матовые цветные чехлы для печати,Honor 400,A:502027,W502027,ПП2,726879304,1000000,https://s3.twcstorage.ru/35ffc2ef-1e09-463d-a2c4-c183d5deb59a/prints/pp2/W502027.webp
Чехол с вкладышем,Honor 400,A:502032,W502032,ПП2,994235796,1000000,https://s3.twcstorage.ru/35ffc2ef-1e09-463d-a2c4-c183d5deb59a/prints/pp2/W502032.webp
Белые софт-тач,Honor 400,A:502033,W502033,ПП2,726638381,10,https://s3.twcstorage.ru/35ffc2ef-1e09-463d-a2c4-c183d5deb59a/prints/pp2/W502033.webp
Чехол с вкладышем,Honor 400,A:502047,W502047,ПП2,994236089,1000000,https://s3.twcstorage.ru/35ffc2ef-1e09-463d-a2c4-c183d5deb59a/prints/pp2/W502047.webp
Чехол с вкладышем,Honor 400,A:502048,W502048,ПП2,994236177,1000000,https://s3.twcstorage.ru/35ffc2ef-1e09-463d-a2c4-c183d5deb59a/prints/pp2/Y502048.webp
Белые софт-тач,Honor 400,A:502052,W502052,ПП2,726641836,2,https://s3.twcstorage.ru/35ffc2ef-1e09-463d-a2c4-c183d5deb59a/prints/pp2/W502052.webp
Белые софт-тач,Honor 400,A:502053,W502053,ПП2,726639737,1,https://s3.twcstorage.ru/35ffc2ef-1e09-463d-a2c4-c183d5deb59a/prints/pp2/W502053.webp
Белые софт-тач,Honor 400,A:502056,W502056,ПП2,726575863,73,https://s3.twcstorage.ru/35ffc2ef-1e09-463d-a2c4-c183d5deb59a/prints/pp2/W502056.webp
Матовые цветные чехлы для печати,Honor 400,A:502057,W502057,ПП2,726774982,74,https://s3.twcstorage.ru/35ffc2ef-1e09-463d-a2c4-c183d5deb59a/prints/pp2/W502057.webp
Белые софт-тач,Honor 400,A:502059,W502059,ПП2,726617903,22,https://s3.twcstorage.ru/35ffc2ef-1e09-463d-a2c4-c183d5deb59a/prints/pp2/W502059.webp
Матовые цветные чехлы для печати,Honor 400,A:502062,W502062,ПП2,726776384,97,https://s3.twcstorage.ru/35ffc2ef-1e09-463d-a2c4-c183d5deb59a/prints/pp2/W502062.webp
Белые софт-тач,Honor 400,A:502065,W502065,ПП2,726661460,23,https://s3.twcstorage.ru/35ffc2ef-1e09-463d-a2c4-c183d5deb59a/prints/pp2/W502065.webp
Силиконовые чехлы,Honor 400,A:506329,W506329,ПП2,1186718009,24,https://s3.twcstorage.ru/35ffc2ef-1e09-463d-a2c4-c183d5deb59a/prints/pp2/W5063291.webp
Белые софт-тач,Honor 400,A:506332,W506332,ПП2,1164176627,8,https://s3.twcstorage.ru/35ffc2ef-1e09-463d-a2c4-c183d5deb59a/prints/pp2/W5063321.webp
Объемные матовые чехлы светло-розовые,Honor 400,A:506334,W506334,ПП2,1152728741,33,https://s3.twcstorage.ru/35ffc2ef-1e09-463d-a2c4-c183d5deb59a/prints/pp2/W5063341.webp
Объемные матовые чехлы бордовые,Honor 400,A:506336,W5063361,ПП2,1153375489,27,https://s3.twcstorage.ru/35ffc2ef-1e09-463d-a2c4-c183d5deb59a/prints/pp2/W5063361.webp
Объемные матовые чехлы светло-розовые,Honor 400,A:506349,W506349,ПП2,1152737503,56,https://s3.twcstorage.ru/35ffc2ef-1e09-463d-a2c4-c183d5deb59a/prints/pp2/W506349.webp
Белые софт-тач,Honor 400,A:506374,W506374,ПП2,1163958492,3,https://s3.twcstorage.ru/35ffc2ef-1e09-463d-a2c4-c183d5deb59a/prints/pp2/W506374.webp
Чехол с вкладышем,Honor 400 Lite,A:501939,W501939,ПП2,994243167,1000000,https://s3.twcstorage.ru/35ffc2ef-1e09-463d-a2c4-c183d5deb59a/prints/pp2/W501939.webp
Матовые цветные чехлы для печати,Honor 400 Lite,A:501947,W501947,ПП2,726780517,28,https://s3.twcstorage.ru/35ffc2ef-1e09-463d-a2c4-c183d5deb59a/prints/pp2/W501947.webp
Объемные матовые чехлы коричневые,Honor 400 Lite,A:501957,W501957,ПП2,1156306340,42,https://s3.twcstorage.ru/35ffc2ef-1e09-463d-a2c4-c183d5deb59a/prints/pp2/W501957.webp
Чёрные софт-тач,Honor 400 Lite,A:501960,S501960,ПП2,727149445,15,https://s3.twcstorage.ru/35ffc2ef-1e09-463d-a2c4-c183d5deb59a/prints/pp2/W501960.webp
Белые софт-тач,Honor 400 Lite,A:501961,W501961,ПП2,726672994,12,https://s3.twcstorage.ru/35ffc2ef-1e09-463d-a2c4-c183d5deb59a/prints/pp2/W501961.webp
Чехол с вкладышем,Honor 400 Lite,A:501968,W501968,ПП2,994243710,1000000,https://s3.twcstorage.ru/35ffc2ef-1e09-463d-a2c4-c183d5deb59a/prints/pp2/W501968.webp
Силиконовые чехлы,Honor 400 Lite,A:501971,Q501971,ПП2,726914731,87,https://s3.twcstorage.ru/35ffc2ef-1e09-463d-a2c4-c183d5deb59a/prints/pp2/Q501971.webp
Силиконовые чехлы,Honor 400 Lite,A:501976,Q501976,ПП2,727302765,79,https://s3.twcstorage.ru/35ffc2ef-1e09-463d-a2c4-c183d5deb59a/prints/pp2/Q501976.webp
Силиконовые чехлы,Honor 400 Lite,A:501978,Q501978,ПП2,727217360,2,https://s3.twcstorage.ru/35ffc2ef-1e09-463d-a2c4-c183d5deb59a/prints/pp2/Q5019781.webp
Силиконовые чехлы,Honor 400 Lite,A:501979,Q501979,ПП2,727779193,48,https://s3.twcstorage.ru/35ffc2ef-1e09-463d-a2c4-c183d5deb59a/prints/pp2/Q5019791.webp
Стеклянные чехлы,Honor 400 Lite,A:501980,Q5019801,ПП2,727506545,2,https://s3.twcstorage.ru/35ffc2ef-1e09-463d-a2c4-c183d5deb59a/prints/pp2/Q5019801.webp
Силиконовые чехлы,Honor 400 Lite,A:501990,Q501990,ПП2,727813063,63,https://s3.twcstorage.ru/35ffc2ef-1e09-463d-a2c4-c183d5deb59a/prints/pp2/Y501990.webp
Объемные матовые чехлы молочные,Honor 400 Lite,A:501996,W501996,ПП2,1046974864,55,https://s3.twcstorage.ru/35ffc2ef-1e09-463d-a2c4-c183d5deb59a/prints/pp2/Y501996.webp
Белые софт-тач,Honor 400 Lite,A:502001,W502001,ПП2,726598719,1000000,https://s3.twcstorage.ru/35ffc2ef-1e09-463d-a2c4-c183d5deb59a/prints/pp2/W502001.webp
Чехол с вкладышем,Honor 400 Lite,A:502008,W502008,ПП2,994244641,1000000,https://s3.twcstorage.ru/35ffc2ef-1e09-463d-a2c4-c183d5deb59a/prints/pp2/W502008.webp
Чехол с вкладышем,Honor 400 Lite,A:502014,W502014,ПП2,994244802,1000000,https://s3.twcstorage.ru/35ffc2ef-1e09-463d-a2c4-c183d5deb59a/prints/pp2/W502014.webp
Белые софт-тач,Honor 400 Lite,A:502030,W502030,ПП2,726634538,39,https://s3.twcstorage.ru/35ffc2ef-1e09-463d-a2c4-c183d5deb59a/prints/pp2/W502030.webp
Белые софт-тач,Honor 400 Lite,A:502047,W502047,ПП2,726571961,32,https://s3.twcstorage.ru/35ffc2ef-1e09-463d-a2c4-c183d5deb59a/prints/pp2/W502047.webp
Матовые цветные чехлы для печати,Honor 400 Lite,A:502048,W502048,ПП2,726761376,72,https://s3.twcstorage.ru/35ffc2ef-1e09-463d-a2c4-c183d5deb59a/prints/pp2/Y502048.webp
Чехол с вкладышем,Honor 400 Lite,A:502049,W502049,ПП2,994248165,1000000,https://s3.twcstorage.ru/35ffc2ef-1e09-463d-a2c4-c183d5deb59a/prints/pp2/Y502049.webp
Белые софт-тач,Honor 400 Lite,A:502052,W502052,ПП2,726641709,2,https://s3.twcstorage.ru/35ffc2ef-1e09-463d-a2c4-c183d5deb59a/prints/pp2/W502052.webp
Белые софт-тач,Honor 400 Lite,A:502053,W502053,ПП2,726640054,1,https://s3.twcstorage.ru/35ffc2ef-1e09-463d-a2c4-c183d5deb59a/prints/pp2/W502053.webp
Белые софт-тач,Honor 400 Lite,A:502059,W502059,ПП2,726618021,22,https://s3.twcstorage.ru/35ffc2ef-1e09-463d-a2c4-c183d5deb59a/prints/pp2/W502059.webp
Чехол с вкладышем,Honor 400 Lite,A:502065,W502065,ПП2,994248435,1000000,https://s3.twcstorage.ru/35ffc2ef-1e09-463d-a2c4-c183d5deb59a/prints/pp2/W502065.webp
Объемные матовые чехлы бордовые,Honor 400 Lite,A:506332,W5063321,ПП2,1153319813,5,https://s3.twcstorage.ru/35ffc2ef-1e09-463d-a2c4-c183d5deb59a/prints/pp2/W5063321.webp
Силиконовые чехлы,Honor 400 Lite,A:506348,W506348,ПП2,1186299518,83,https://s3.twcstorage.ru/35ffc2ef-1e09-463d-a2c4-c183d5deb59a/prints/pp2/W506348.webp
Силиконовые чехлы,Honor 400 Lite,A:506373,W506373,ПП2,1186782912,6,https://s3.twcstorage.ru/35ffc2ef-1e09-463d-a2c4-c183d5deb59a/prints/pp2/W506373.webp
Стеклянные чехлы,Honor 400 Lite,A:506384,Q5063841,ПП2,1186850912,1,https://s3.twcstorage.ru/35ffc2ef-1e09-463d-a2c4-c183d5deb59a/prints/pp2/Q5063841.webp
Чёрные софт-тач,Honor 400 Pro,A:501949,S501949,ПП2,727153366,1,https://s3.twcstorage.ru/35ffc2ef-1e09-463d-a2c4-c183d5deb59a/prints/pp2/W501949.webp
Силиконовые чехлы,Honor 400 Pro,A:501978,Q501978,ПП2,727218448,2,https://s3.twcstorage.ru/35ffc2ef-1e09-463d-a2c4-c183d5deb59a/prints/pp2/Q5019781.webp
Силиконовые чехлы,Honor 400 Pro,A:501980,Q501980,ПП2,727175506,4,https://s3.twcstorage.ru/35ffc2ef-1e09-463d-a2c4-c183d5deb59a/prints/pp2/Q5019801.webp
Силиконовые чехлы,Honor 400 Pro,A:501986,Q501986,ПП2,727857646,127,https://s3.twcstorage.ru/35ffc2ef-1e09-463d-a2c4-c183d5deb59a/prints/pp2/Y501986.webp
Силиконовые чехлы,Honor 400 Pro,A:501990,Q501990,ПП2,727814732,63,https://s3.twcstorage.ru/35ffc2ef-1e09-463d-a2c4-c183d5deb59a/prints/pp2/Y501990.webp
Белые софт-тач,Honor 400 Pro,A:502007,W502007,ПП2,726644446,71,https://s3.twcstorage.ru/35ffc2ef-1e09-463d-a2c4-c183d5deb59a/prints/pp2/W502007.webp
Силиконовые чехлы,Honor 400 Pro,A:502010,W502010,ПП2,727231837,1,https://s3.twcstorage.ru/35ffc2ef-1e09-463d-a2c4-c183d5deb59a/prints/pp2/W502010.webp
Силиконовые чехлы,Honor 400 Pro,A:502015,W502015,ПП2,727820180,1000000,https://s3.twcstorage.ru/35ffc2ef-1e09-463d-a2c4-c183d5deb59a/prints/pp2/W502015.webp
Силиконовые чехлы,Honor 400 Pro,A:502026,W502026,ПП2,727542181,73,https://s3.twcstorage.ru/35ffc2ef-1e09-463d-a2c4-c183d5deb59a/prints/pp2/W502026.webp
Белые софт-тач,Honor 400 Pro,A:502039,W502039,ПП2,726622181,31,https://s3.twcstorage.ru/35ffc2ef-1e09-463d-a2c4-c183d5deb59a/prints/pp2/W502039.webp
Объемные матовые чехлы коричневые,Honor 400 Pro,A:502052,W502052,ПП2,1156496436,2,https://s3.twcstorage.ru/35ffc2ef-1e09-463d-a2c4-c183d5deb59a/prints/pp2/W502052.webp
Белые софт-тач,Honor 400 Pro,A:502053,W502053,ПП2,726640206,1,https://s3.twcstorage.ru/35ffc2ef-1e09-463d-a2c4-c183d5deb59a/prints/pp2/W502053.webp
Матовые цветные чехлы для печати,Honor 400 Pro,A:506334,W5063341,ПП2,1153815735,1,https://s3.twcstorage.ru/35ffc2ef-1e09-463d-a2c4-c183d5deb59a/prints/pp2/W5063341.webp
Объемные матовые чехлы черные,Honor 400 Pro,A:506340,W5063401,ПП2,1158086559,8,https://s3.twcstorage.ru/35ffc2ef-1e09-463d-a2c4-c183d5deb59a/prints/pp2/W5063401.webp
Белые софт-тач,Honor 400 Pro,A:506372,W506372,ПП2,1163918094,18,https://s3.twcstorage.ru/35ffc2ef-1e09-463d-a2c4-c183d5deb59a/prints/pp2/W506372.webp
Силиконовые чехлы,Honor 400 Pro,A:506383,Q506383,ПП2,1186032920,32,https://s3.twcstorage.ru/35ffc2ef-1e09-463d-a2c4-c183d5deb59a/prints/pp2/Q5063831.webp
Силиконовые чехлы,Honor 600 Lite,A:501950,W501950,ПП2,1242120024,97,https://s3.twcstorage.ru/35ffc2ef-1e09-463d-a2c4-c183d5deb59a/prints/pp2/W501950.webp
Силиконовые чехлы,Honor 600 Pro,A:501980,Q501980,ПП2,1242289586,4,https://s3.twcstorage.ru/35ffc2ef-1e09-463d-a2c4-c183d5deb59a/prints/pp2/Q5019801.webp
Силиконовые чехлы,Honor 600 Pro,A:502006,W502006,ПП2,1242243972,23,https://s3.twcstorage.ru/35ffc2ef-1e09-463d-a2c4-c183d5deb59a/prints/pp2/W502006.webp
Силиконовые чехлы,Honor 600 Pro,A:502009,W502009,ПП2,1242195241,8,https://s3.twcstorage.ru/35ffc2ef-1e09-463d-a2c4-c183d5deb59a/prints/pp2/W502009.webp
Стеклянные чехлы,Honor 70,A:501978,Q5019781,ПП2,1119189298,3,https://s3.twcstorage.ru/35ffc2ef-1e09-463d-a2c4-c183d5deb59a/prints/pp2/Q5019781.webp
Силиконовые чехлы,Honor 70,A:501980,Q501980,ПП2,1121616816,4,https://s3.twcstorage.ru/35ffc2ef-1e09-463d-a2c4-c183d5deb59a/prints/pp2/Q5019801.webp
Чёрные софт-тач,Honor 90,A:501946,S501946,ПП2,727096380,7,https://s3.twcstorage.ru/35ffc2ef-1e09-463d-a2c4-c183d5deb59a/prints/pp2/W501946.webp
Чёрные софт-тач,Honor 90,A:501949,S501949,ПП2,727145107,1,https://s3.twcstorage.ru/35ffc2ef-1e09-463d-a2c4-c183d5deb59a/prints/pp2/W501949.webp
Силиконовые чехлы,Honor 90,A:501964,Q501964,ПП2,726952870,1000000,https://s3.twcstorage.ru/35ffc2ef-1e09-463d-a2c4-c183d5deb59a/prints/pp2/Q5019641.webp
Силиконовые чехлы,Honor 90,A:501972,Q501972,ПП2,727066522,125,https://s3.twcstorage.ru/35ffc2ef-1e09-463d-a2c4-c183d5deb59a/prints/pp2/Q501972.webp
Стеклянные чехлы,Honor 90,A:501978,Q5019781,ПП2,727506376,3,https://s3.twcstorage.ru/35ffc2ef-1e09-463d-a2c4-c183d5deb59a/prints/pp2/Q5019781.webp
Стеклянные чехлы,Honor 90,A:501980,Q5019801,ПП2,727506992,2,https://s3.twcstorage.ru/35ffc2ef-1e09-463d-a2c4-c183d5deb59a/prints/pp2/Q5019801.webp
Силиконовые чехлы,Honor 90,A:501993,Q501993,ПП2,727180319,37,https://s3.twcstorage.ru/35ffc2ef-1e09-463d-a2c4-c183d5deb59a/prints/pp2/Q5019931.webp
Силиконовые чехлы,Honor 90,A:502007,W502007,ПП2,727852394,55,https://s3.twcstorage.ru/35ffc2ef-1e09-463d-a2c4-c183d5deb59a/prints/pp2/W502007.webp
Силиконовые чехлы,Honor 90,A:502009,W502009,ПП2,727510723,8,https://s3.twcstorage.ru/35ffc2ef-1e09-463d-a2c4-c183d5deb59a/prints/pp2/W502009.webp
Силиконовые чехлы,Honor 90,A:502014,W502014,ПП2,726983926,7,https://s3.twcstorage.ru/35ffc2ef-1e09-463d-a2c4-c183d5deb59a/prints/pp2/W502014.webp
Силиконовые чехлы,Honor 90,A:502049,W502049,ПП2,726994946,40,https://s3.twcstorage.ru/35ffc2ef-1e09-463d-a2c4-c183d5deb59a/prints/pp2/Y502049.webp
Матовые цветные чехлы для печати,Honor 90,A:506329,W5063291,ПП2,1153549864,7,https://s3.twcstorage.ru/35ffc2ef-1e09-463d-a2c4-c183d5deb59a/prints/pp2/W5063291.webp
Силиконовые чехлы,Honor 90,A:506331,W506331,ПП2,1186120534,9,https://s3.twcstorage.ru/35ffc2ef-1e09-463d-a2c4-c183d5deb59a/prints/pp2/W5063311.webp
Матовые цветные чехлы для печати,Honor 90,A:506332,W5063321,ПП2,1153717079,2,https://s3.twcstorage.ru/35ffc2ef-1e09-463d-a2c4-c183d5deb59a/prints/pp2/W5063321.webp
Матовые цветные чехлы для печати,Honor 90,A:506336,W5063361,ПП2,1153913480,15,https://s3.twcstorage.ru/35ffc2ef-1e09-463d-a2c4-c183d5deb59a/prints/pp2/W5063361.webp
Матовые цветные чехлы для печати,Honor 90,A:506340,W5063401,ПП2,1154120651,4,https://s3.twcstorage.ru/35ffc2ef-1e09-463d-a2c4-c183d5deb59a/prints/pp2/W5063401.webp
Силиконовые чехлы,Honor 90,A:506355,W506355,ПП2,1186362672,143,https://s3.twcstorage.ru/35ffc2ef-1e09-463d-a2c4-c183d5deb59a/prints/pp2/W5063551.webp
Матовые цветные чехлы для печати,Honor 90,A:506372,W506372,ПП2,1152363257,9,https://s3.twcstorage.ru/35ffc2ef-1e09-463d-a2c4-c183d5deb59a/prints/pp2/W506372.webp
Силиконовые чехлы,Honor 90,A:506384,Q506384,ПП2,1186049331,36,https://s3.twcstorage.ru/35ffc2ef-1e09-463d-a2c4-c183d5deb59a/prints/pp2/Q5063841.webp
Силиконовые чехлы,Honor 90 Lite,A:501951,C501951,ПП2,727818816,20,https://s3.twcstorage.ru/35ffc2ef-1e09-463d-a2c4-c183d5deb59a/prints/pp2/W501951.webp
Силиконовые чехлы,Honor 90 Lite,A:502009,W502009,ПП2,727513092,8,https://s3.twcstorage.ru/35ffc2ef-1e09-463d-a2c4-c183d5deb59a/prints/pp2/W502009.webp
Матовые цветные чехлы для печати,Honor 90 Lite,A:502048,W502048,ПП2,1140019709,72,https://s3.twcstorage.ru/35ffc2ef-1e09-463d-a2c4-c183d5deb59a/prints/pp2/Y502048.webp
Матовые цветные чехлы для печати,Honor 90 Lite,A:502069,W502069,ПП2,1140065477,31,https://s3.twcstorage.ru/35ffc2ef-1e09-463d-a2c4-c183d5deb59a/prints/pp2/W502069.webp
Матовые цветные чехлы для печати,Honor 90 Lite,A:506349,W506349,ПП2,1152460988,35,https://s3.twcstorage.ru/35ffc2ef-1e09-463d-a2c4-c183d5deb59a/prints/pp2/W506349.webp
Силиконовые чехлы,Honor 90 Lite,A:506350,W506350,ПП2,1186666458,45,https://s3.twcstorage.ru/35ffc2ef-1e09-463d-a2c4-c183d5deb59a/prints/pp2/W5063501.webp
Силиконовые чехлы,Honor 90 Lite,A:506373,W506373,ПП2,1186501482,6,https://s3.twcstorage.ru/35ffc2ef-1e09-463d-a2c4-c183d5deb59a/prints/pp2/W506373.webp
Силиконовые чехлы,Honor 90 Lite,A:506380,W506380,ПП2,1186553353,76,https://s3.twcstorage.ru/35ffc2ef-1e09-463d-a2c4-c183d5deb59a/prints/pp2/W506380.webp
Силиконовые чехлы,Honor Magic 6 Pro,A:501980,Q501980,ПП2,1196378228,4,https://s3.twcstorage.ru/35ffc2ef-1e09-463d-a2c4-c183d5deb59a/prints/pp2/Q5019801.webp
Матовые цветные чехлы для печати,Honor Magic 7 Pro,A:501947,W501947,ПП2,1140199788,28,https://s3.twcstorage.ru/35ffc2ef-1e09-463d-a2c4-c183d5deb59a/prints/pp2/W501947.webp
Стеклянные чехлы,Honor Magic 7 Pro,A:501977,Q5019771,ПП2,727526450,1000000,https://s3.twcstorage.ru/35ffc2ef-1e09-463d-a2c4-c183d5deb59a/prints/pp2/Q5019771.webp
Стеклянные чехлы,Honor Magic 7 Pro,A:501978,Q5019781,ПП2,727506307,3,https://s3.twcstorage.ru/35ffc2ef-1e09-463d-a2c4-c183d5deb59a/prints/pp2/Q5019781.webp
Стеклянные чехлы,Honor Magic 7 Pro,A:501980,Q5019801,ПП2,727507086,2,https://s3.twcstorage.ru/35ffc2ef-1e09-463d-a2c4-c183d5deb59a/prints/pp2/Q5019801.webp
Матовые цветные чехлы для печати,Honor Magic 7 Pro,A:502028,W502028,ПП2,1153219275,69,https://s3.twcstorage.ru/35ffc2ef-1e09-463d-a2c4-c183d5deb59a/prints/pp2/W502028.webp
Матовые цветные чехлы для печати,Honor Magic 7 Pro,A:502063,W502063,ПП2,1153015644,76,https://s3.twcstorage.ru/35ffc2ef-1e09-463d-a2c4-c183d5deb59a/prints/pp2/W502063.webp
Матовые цветные чехлы для печати,Honor Magic 7 Pro,A:502066,W502066,ПП2,1140210615,1000000,https://s3.twcstorage.ru/35ffc2ef-1e09-463d-a2c4-c183d5deb59a/prints/pp2/W502066.webp
Матовые цветные чехлы для печати,Honor Magic 7 Pro,A:506339,W5063391,ПП2,1154086713,8,https://s3.twcstorage.ru/35ffc2ef-1e09-463d-a2c4-c183d5deb59a/prints/pp2/W5063391.webp
Силиконовые чехлы,Honor X5c/X5c Plus/X5d/X5d Plus,A:501980,Q501980,ПП2,933601488,4,https://s3.twcstorage.ru/35ffc2ef-1e09-463d-a2c4-c183d5deb59a/prints/pp2/Q5019801.webp
Силиконовые чехлы,Honor X5c/X5c Plus/X5d/X5d Plus,A:502031,W502031,ПП2,933646929,52,https://s3.twcstorage.ru/35ffc2ef-1e09-463d-a2c4-c183d5deb59a/prints/pp2/W502031.webp
Силиконовые чехлы,Honor X5c/X5c Plus/X5d/X5d Plus,A:502037,W502037,ПП2,933597754,38,https://s3.twcstorage.ru/35ffc2ef-1e09-463d-a2c4-c183d5deb59a/prints/pp2/W502037.webp
Силиконовые чехлы,Honor X6b,A:502030,W502030,ПП2,1123486625,66,https://s3.twcstorage.ru/35ffc2ef-1e09-463d-a2c4-c183d5deb59a/prints/pp2/W502030.webp
Матовые цветные чехлы для печати,Honor X6c,A:501937,W501937,ПП2,726808956,1000000,https://s3.twcstorage.ru/35ffc2ef-1e09-463d-a2c4-c183d5deb59a/prints/pp2/W501937.webp
Матовые цветные чехлы для печати,Honor X6c,A:501938,W501938,ПП2,726788118,1000000,https://s3.twcstorage.ru/35ffc2ef-1e09-463d-a2c4-c183d5deb59a/prints/pp2/W501938.webp
Силиконовые чехлы,Honor X6c,A:501941,C501941,ПП2,727242507,1000000,https://s3.twcstorage.ru/35ffc2ef-1e09-463d-a2c4-c183d5deb59a/prints/pp2/S501941.webp
Силиконовые чехлы,Honor X6c,A:501947,W501947,ПП2,727840437,69,https://s3.twcstorage.ru/35ffc2ef-1e09-463d-a2c4-c183d5deb59a/prints/pp2/W501947.webp
Объемные матовые чехлы молочные,Honor X6c,A:501951,W501951,ПП2,1154852358,1000000,https://s3.twcstorage.ru/35ffc2ef-1e09-463d-a2c4-c183d5deb59a/prints/pp2/W501951.webp
Матовые цветные чехлы для печати,Honor X6c,A:501956,W501956,ПП2,726826835,1000000,https://s3.twcstorage.ru/35ffc2ef-1e09-463d-a2c4-c183d5deb59a/prints/pp2/W501956.webp
Матовые цветные чехлы для печати,Honor X6c,A:501957,W501957,ПП2,726828580,17,https://s3.twcstorage.ru/35ffc2ef-1e09-463d-a2c4-c183d5deb59a/prints/pp2/W501957.webp
Силиконовые чехлы,Honor X6c,A:501960,W501960,ПП2,727584572,41,https://s3.twcstorage.ru/35ffc2ef-1e09-463d-a2c4-c183d5deb59a/prints/pp2/W501960.webp
Силиконовые чехлы,Honor X6c,A:501961,W501961,ПП2,727555131,21,https://s3.twcstorage.ru/35ffc2ef-1e09-463d-a2c4-c183d5deb59a/prints/pp2/W501961.webp
Силиконовые чехлы,Honor X6c,A:501978,Q501978,ПП2,727217688,2,https://s3.twcstorage.ru/35ffc2ef-1e09-463d-a2c4-c183d5deb59a/prints/pp2/Q5019781.webp
Силиконовые чехлы,Honor X6c,A:501984,Q501984,ПП2,727518811,126,https://s3.twcstorage.ru/35ffc2ef-1e09-463d-a2c4-c183d5deb59a/prints/pp2/Y501984.webp
Матовые цветные чехлы для печати,Honor X6c,A:502004,W502004,ПП2,726737271,1000000,https://s3.twcstorage.ru/35ffc2ef-1e09-463d-a2c4-c183d5deb59a/prints/pp2/W502004.webp
Силиконовые чехлы,Honor X6c,A:502008,W502008,ПП2,727825850,18,https://s3.twcstorage.ru/35ffc2ef-1e09-463d-a2c4-c183d5deb59a/prints/pp2/W502008.webp
Силиконовые чехлы,Honor X6c,A:502010,W502010,ПП2,727230261,1,https://s3.twcstorage.ru/35ffc2ef-1e09-463d-a2c4-c183d5deb59a/prints/pp2/W502010.webp
Матовые цветные чехлы для печати,Honor X6c,A:502012,W502012,ПП2,726855029,6,https://s3.twcstorage.ru/35ffc2ef-1e09-463d-a2c4-c183d5deb59a/prints/pp2/W502012.webp
Силиконовые чехлы,Honor X6c,A:502014,W502014,ПП2,726980685,7,https://s3.twcstorage.ru/35ffc2ef-1e09-463d-a2c4-c183d5deb59a/prints/pp2/W502014.webp
Матовые цветные чехлы для печати,Honor X6c,A:502020,W502020,ПП2,726823230,1000000,https://s3.twcstorage.ru/35ffc2ef-1e09-463d-a2c4-c183d5deb59a/prints/pp2/W502020.webp
Объемные матовые чехлы коричневые,Honor X6c,A:502025,W502025,ПП2,1156187365,1000000,https://s3.twcstorage.ru/35ffc2ef-1e09-463d-a2c4-c183d5deb59a/prints/pp2/W502025.webp
Матовые цветные чехлы для печати,Honor X6c,A:502035,W502035,ПП2,726756373,50,https://s3.twcstorage.ru/35ffc2ef-1e09-463d-a2c4-c183d5deb59a/prints/pp2/W502035.webp
Матовые цветные чехлы для печати,Honor X6c,A:502050,W502050,ПП2,726766948,94,https://s3.twcstorage.ru/35ffc2ef-1e09-463d-a2c4-c183d5deb59a/prints/pp2/Y502050.webp
Силиконовые чехлы,Honor X6c,A:502055,W502055,ПП2,727009383,91,https://s3.twcstorage.ru/35ffc2ef-1e09-463d-a2c4-c183d5deb59a/prints/pp2/W502055.webp
Матовые цветные чехлы для печати,Honor X6c,A:502057,W502057,ПП2,726775223,74,https://s3.twcstorage.ru/35ffc2ef-1e09-463d-a2c4-c183d5deb59a/prints/pp2/W502057.webp
Силиконовые чехлы,Honor X6c,A:502060,W502060,ПП2,727805364,1000000,https://s3.twcstorage.ru/35ffc2ef-1e09-463d-a2c4-c183d5deb59a/prints/pp2/W502060.webp
Силиконовые чехлы,Honor X6c,A:502067,W502067,ПП2,727078671,1000000,https://s3.twcstorage.ru/35ffc2ef-1e09-463d-a2c4-c183d5deb59a/prints/pp2/W5020671.webp
Силиконовые чехлы,Honor X7A/X7A Plus,A:501978,Q501978,ПП2,1121706390,2,https://s3.twcstorage.ru/35ffc2ef-1e09-463d-a2c4-c183d5deb59a/prints/pp2/Q5019781.webp
Силиконовые чехлы,Honor X7A/X7A Plus,A:506364,W506364,ПП2,1137346473,44,https://s3.twcstorage.ru/35ffc2ef-1e09-463d-a2c4-c183d5deb59a/prints/pp2/W506364.webp
Силиконовые чехлы,Honor X7b/90 Smart,A:501978,Q501978,ПП2,1121718595,2,https://s3.twcstorage.ru/35ffc2ef-1e09-463d-a2c4-c183d5deb59a/prints/pp2/Q5019781.webp
Силиконовые чехлы,Honor X7b/90 Smart,A:502009,W502009,ПП2,1136983062,8,https://s3.twcstorage.ru/35ffc2ef-1e09-463d-a2c4-c183d5deb59a/prints/pp2/W502009.webp
Матовые цветные чехлы для печати,Honor X7b/90 Smart,A:502010,W502010,ПП2,1140000012,10,https://s3.twcstorage.ru/35ffc2ef-1e09-463d-a2c4-c183d5deb59a/prints/pp2/W502010.webp
Силиконовые чехлы,Honor X7b/90 Smart,A:502014,W502014,ПП2,1120799724,7,https://s3.twcstorage.ru/35ffc2ef-1e09-463d-a2c4-c183d5deb59a/prints/pp2/W502014.webp
Силиконовые чехлы,Honor X7b/90 Smart,A:506384,Q506384,ПП2,1137002009,36,https://s3.twcstorage.ru/35ffc2ef-1e09-463d-a2c4-c183d5deb59a/prints/pp2/Q5063841.webp
Объемные матовые чехлы коричневые,Honor X7c,A:501949,W501949,ПП2,1156358986,20,https://s3.twcstorage.ru/35ffc2ef-1e09-463d-a2c4-c183d5deb59a/prints/pp2/W501949.webp
Силиконовые чехлы,Honor X7c,A:501962,W501962,ПП2,727557858,62,https://s3.twcstorage.ru/35ffc2ef-1e09-463d-a2c4-c183d5deb59a/prints/pp2/W501962.webp
Силиконовые чехлы,Honor X7c,A:501978,Q501978,ПП2,727217475,2,https://s3.twcstorage.ru/35ffc2ef-1e09-463d-a2c4-c183d5deb59a/prints/pp2/Q5019781.webp
Силиконовые чехлы,Honor X7c,A:501980,Q501980,ПП2,727174663,4,https://s3.twcstorage.ru/35ffc2ef-1e09-463d-a2c4-c183d5deb59a/prints/pp2/Q5019801.webp
Матовые цветные чехлы для печати,Honor X7c,A:502005,W502005,ПП2,726860051,89,https://s3.twcstorage.ru/35ffc2ef-1e09-463d-a2c4-c183d5deb59a/prints/pp2/W502005.webp
Силиконовые чехлы,Honor X7c,A:502010,W502010,ПП2,727230285,1,https://s3.twcstorage.ru/35ffc2ef-1e09-463d-a2c4-c183d5deb59a/prints/pp2/W502010.webp
Матовые цветные чехлы для печати,Honor X7c,A:502014,W502014,ПП2,726749981,18,https://s3.twcstorage.ru/35ffc2ef-1e09-463d-a2c4-c183d5deb59a/prints/pp2/W502014.webp
Матовые цветные чехлы для печати,Honor X7c,A:502016,W502016,ПП2,726816136,39,https://s3.twcstorage.ru/35ffc2ef-1e09-463d-a2c4-c183d5deb59a/prints/pp2/W502016.webp
Силиконовые чехлы,Honor X7c,A:502032,W502032,ПП2,727774746,25,https://s3.twcstorage.ru/35ffc2ef-1e09-463d-a2c4-c183d5deb59a/prints/pp2/W502032.webp
Белые софт-тач,Honor X7c,A:502034,W502034,ПП2,726652958,1000000,https://s3.twcstorage.ru/35ffc2ef-1e09-463d-a2c4-c183d5deb59a/prints/pp2/W502034.webp
Белые софт-тач,Honor X7c,A:502052,W502052,ПП2,726642858,2,https://s3.twcstorage.ru/35ffc2ef-1e09-463d-a2c4-c183d5deb59a/prints/pp2/W502052.webp
Белые софт-тач,Honor X7c,A:502053,W502053,ПП2,726640535,1,https://s3.twcstorage.ru/35ffc2ef-1e09-463d-a2c4-c183d5deb59a/prints/pp2/W502053.webp
Белые софт-тач,Honor X7c,A:502061,W502061,ПП2,726621242,1000000,https://s3.twcstorage.ru/35ffc2ef-1e09-463d-a2c4-c183d5deb59a/prints/pp2/Y502061.webp
Силиконовые чехлы,Honor X7c,A:502065,W502065,ПП2,727846279,49,https://s3.twcstorage.ru/35ffc2ef-1e09-463d-a2c4-c183d5deb59a/prints/pp2/W502065.webp
Силиконовые чехлы,Honor X7c,A:502067,W502067,ПП2,727040296,1000000,https://s3.twcstorage.ru/35ffc2ef-1e09-463d-a2c4-c183d5deb59a/prints/pp2/W5020671.webp
Матовые цветные чехлы для печати,Honor X7c,A:502069,W502069,ПП2,726799453,31,https://s3.twcstorage.ru/35ffc2ef-1e09-463d-a2c4-c183d5deb59a/prints/pp2/W502069.webp
Белые софт-тач,Honor X7c,A:506337,W506337,ПП2,1164277267,77,https://s3.twcstorage.ru/35ffc2ef-1e09-463d-a2c4-c183d5deb59a/prints/pp2/W5063371.webp
Силиконовые чехлы,Honor X7d,A:501939,C501939,ПП2,727190227,1000000,https://s3.twcstorage.ru/35ffc2ef-1e09-463d-a2c4-c183d5deb59a/prints/pp2/W501939.webp
Силиконовые чехлы,Honor X7d,A:501947,C501947,ПП2,727777918,69,https://s3.twcstorage.ru/35ffc2ef-1e09-463d-a2c4-c183d5deb59a/prints/pp2/W501947.webp
Белые софт-тач,Honor X7d,A:501951,W501951,ПП2,726586312,7,https://s3.twcstorage.ru/35ffc2ef-1e09-463d-a2c4-c183d5deb59a/prints/pp2/W501951.webp
Матовые цветные чехлы для печати,Honor X7d,A:501957,W501957,ПП2,726829134,17,https://s3.twcstorage.ru/35ffc2ef-1e09-463d-a2c4-c183d5deb59a/prints/pp2/W501957.webp
Силиконовые чехлы,Honor X7d,A:501960,C501960,ПП2,727209514,41,https://s3.twcstorage.ru/35ffc2ef-1e09-463d-a2c4-c183d5deb59a/prints/pp2/W501960.webp
Силиконовые чехлы,Honor X7d,A:501977,Q501977,ПП2,727769991,88,https://s3.twcstorage.ru/35ffc2ef-1e09-463d-a2c4-c183d5deb59a/prints/pp2/Q5019771.webp
Стеклянные чехлы,Honor X7d,A:501980,Q5019801,ПП2,727506989,2,https://s3.twcstorage.ru/35ffc2ef-1e09-463d-a2c4-c183d5deb59a/prints/pp2/Q5019801.webp
Матовые цветные чехлы для печати,Honor X7d,A:502004,W502004,ПП2,726738262,1000000,https://s3.twcstorage.ru/35ffc2ef-1e09-463d-a2c4-c183d5deb59a/prints/pp2/W502004.webp
Силиконовые чехлы,Honor X7d,A:502007,W502007,ПП2,727852215,55,https://s3.twcstorage.ru/35ffc2ef-1e09-463d-a2c4-c183d5deb59a/prints/pp2/W502007.webp
Матовые цветные чехлы для печати,Honor X7d,A:502010,W502010,ПП2,726745531,10,https://s3.twcstorage.ru/35ffc2ef-1e09-463d-a2c4-c183d5deb59a/prints/pp2/W502010.webp
Силиконовые чехлы,Honor X7d,A:502014,W502014,ПП2,726982988,7,https://s3.twcstorage.ru/35ffc2ef-1e09-463d-a2c4-c183d5deb59a/prints/pp2/W502014.webp
Силиконовые чехлы,Honor X7d,A:506340,W506340,ПП2,1186237033,5,https://s3.twcstorage.ru/35ffc2ef-1e09-463d-a2c4-c183d5deb59a/prints/pp2/W5063401.webp
Матовые цветные чехлы для печати,Honor X7d,A:506381,W506381,ПП2,1195456894,14,https://s3.twcstorage.ru/35ffc2ef-1e09-463d-a2c4-c183d5deb59a/prints/pp2/W506381.webp
Силиконовые чехлы,Honor X8,A:501954,C501954,ПП2,727255730,122,https://s3.twcstorage.ru/35ffc2ef-1e09-463d-a2c4-c183d5deb59a/prints/pp2/W501954.webp
Силиконовые чехлы,Honor X8,A:501970,Q501970,ПП2,727789438,1000000,https://s3.twcstorage.ru/35ffc2ef-1e09-463d-a2c4-c183d5deb59a/prints/pp2/W501970.webp
Силиконовые чехлы,Honor X8,A:501972,Q501972,ПП2,727067364,125,https://s3.twcstorage.ru/35ffc2ef-1e09-463d-a2c4-c183d5deb59a/prints/pp2/Q501972.webp
Силиконовые чехлы,Honor X8,A:501978,Q501978,ПП2,727218851,2,https://s3.twcstorage.ru/35ffc2ef-1e09-463d-a2c4-c183d5deb59a/prints/pp2/Q5019781.webp
Силиконовые чехлы,Honor X8,A:501979,Q501979,ПП2,727780156,48,https://s3.twcstorage.ru/35ffc2ef-1e09-463d-a2c4-c183d5deb59a/prints/pp2/Q5019791.webp
Силиконовые чехлы,Honor X8,A:502014,W502014,ПП2,727028074,7,https://s3.twcstorage.ru/35ffc2ef-1e09-463d-a2c4-c183d5deb59a/prints/pp2/W502014.webp
Силиконовые чехлы,Honor X8,A:502037,W502037,ПП2,727059596,38,https://s3.twcstorage.ru/35ffc2ef-1e09-463d-a2c4-c183d5deb59a/prints/pp2/W502037.webp
Силиконовые чехлы,Honor X8,A:506372,W506372,ПП2,1186491547,16,https://s3.twcstorage.ru/35ffc2ef-1e09-463d-a2c4-c183d5deb59a/prints/pp2/W506372.webp
Силиконовые чехлы,Honor X8,A:506383,Q506383,ПП2,1186035520,32,https://s3.twcstorage.ru/35ffc2ef-1e09-463d-a2c4-c183d5deb59a/prints/pp2/Q5063831.webp
Чёрные софт-тач,Honor X8A,A:501932,S501932,ПП2,727081898,1000000,https://s3.twcstorage.ru/35ffc2ef-1e09-463d-a2c4-c183d5deb59a/prints/pp2/W501932.webp
Чёрные софт-тач,Honor X8A,A:501943,S501943,ПП2,727104724,6,https://s3.twcstorage.ru/35ffc2ef-1e09-463d-a2c4-c183d5deb59a/prints/pp2/S501943.webp
Чёрные софт-тач,Honor X8A,A:501947,S501947,ПП2,727135894,8,https://s3.twcstorage.ru/35ffc2ef-1e09-463d-a2c4-c183d5deb59a/prints/pp2/W501947.webp
Чёрные софт-тач,Honor X8A,A:501950,S501950,ПП2,727134099,2,https://s3.twcstorage.ru/35ffc2ef-1e09-463d-a2c4-c183d5deb59a/prints/pp2/W501950.webp
Силиконовые чехлы,Honor X8A,A:501951,W501951,ПП2,727844008,20,https://s3.twcstorage.ru/35ffc2ef-1e09-463d-a2c4-c183d5deb59a/prints/pp2/W501951.webp
Чёрные софт-тач,Honor X8A,A:501957,S501957,ПП2,727124853,3,https://s3.twcstorage.ru/35ffc2ef-1e09-463d-a2c4-c183d5deb59a/prints/pp2/W501957.webp
Силиконовые чехлы,Honor X8A,A:501972,Q501972,ПП2,727067953,125,https://s3.twcstorage.ru/35ffc2ef-1e09-463d-a2c4-c183d5deb59a/prints/pp2/Q501972.webp
Силиконовые чехлы,Honor X8A,A:501980,Q501980,ПП2,727178467,4,https://s3.twcstorage.ru/35ffc2ef-1e09-463d-a2c4-c183d5deb59a/prints/pp2/Q5019801.webp
Силиконовые чехлы,Honor X8A,A:502008,W502008,ПП2,727826809,18,https://s3.twcstorage.ru/35ffc2ef-1e09-463d-a2c4-c183d5deb59a/prints/pp2/W502008.webp
Силиконовые чехлы,Honor X8A,A:502009,W502009,ПП2,727511340,8,https://s3.twcstorage.ru/35ffc2ef-1e09-463d-a2c4-c183d5deb59a/prints/pp2/W502009.webp
Силиконовые чехлы,Honor X8A,A:502010,W502010,ПП2,727233348,1,https://s3.twcstorage.ru/35ffc2ef-1e09-463d-a2c4-c183d5deb59a/prints/pp2/W502010.webp
Силиконовые чехлы,Honor X8A,A:502029,W502029,ПП2,727529186,42,https://s3.twcstorage.ru/35ffc2ef-1e09-463d-a2c4-c183d5deb59a/prints/pp2/W502029.webp
Белые софт-тач,Honor X8A,A:502053,W502053,ПП2,726639853,1,https://s3.twcstorage.ru/35ffc2ef-1e09-463d-a2c4-c183d5deb59a/prints/pp2/W502053.webp
Силиконовые чехлы,Honor X8A,A:502069,W502069,ПП2,726943086,11,https://s3.twcstorage.ru/35ffc2ef-1e09-463d-a2c4-c183d5deb59a/prints/pp2/W502069.webp
Матовые цветные чехлы для печати,Honor X8A,A:506332,W5063321,ПП2,1153720365,2,https://s3.twcstorage.ru/35ffc2ef-1e09-463d-a2c4-c183d5deb59a/prints/pp2/W5063321.webp
Белые софт-тач,Honor X8b,A:501930,W501930,ПП2,726672186,65,https://s3.twcstorage.ru/35ffc2ef-1e09-463d-a2c4-c183d5deb59a/prints/pp2/W501930.webp
Белые софт-тач,Honor X8b,A:501931,W501931,ПП2,726582241,66,https://s3.twcstorage.ru/35ffc2ef-1e09-463d-a2c4-c183d5deb59a/prints/pp2/W501931.webp
Чёрные софт-тач,Honor X8b,A:501957,S501957,ПП2,727124663,3,https://s3.twcstorage.ru/35ffc2ef-1e09-463d-a2c4-c183d5deb59a/prints/pp2/W501957.webp
Стеклянные чехлы,Honor X8b,A:501963,Q5019631,ПП2,727505167,1000000,https://s3.twcstorage.ru/35ffc2ef-1e09-463d-a2c4-c183d5deb59a/prints/pp2/Q5019631.webp
Силиконовые чехлы,Honor X8b,A:501976,Q501976,ПП2,727302784,79,https://s3.twcstorage.ru/35ffc2ef-1e09-463d-a2c4-c183d5deb59a/prints/pp2/Q501976.webp
Силиконовые чехлы,Honor X8b,A:501978,Q501978,ПП2,727218118,2,https://s3.twcstorage.ru/35ffc2ef-1e09-463d-a2c4-c183d5deb59a/prints/pp2/Q5019781.webp
Стеклянные чехлы,Honor X8b,A:501979,Q5019791,ПП2,727507779,6,https://s3.twcstorage.ru/35ffc2ef-1e09-463d-a2c4-c183d5deb59a/prints/pp2/Q5019791.webp
Стеклянные чехлы,Honor X8b,A:501980,Q5019801,ПП2,727506819,2,https://s3.twcstorage.ru/35ffc2ef-1e09-463d-a2c4-c183d5deb59a/prints/pp2/Q5019801.webp
Матовые цветные чехлы для печати,Honor X8b,A:502005,W502005,ПП2,726860482,89,https://s3.twcstorage.ru/35ffc2ef-1e09-463d-a2c4-c183d5deb59a/prints/pp2/W502005.webp
Матовые цветные чехлы для печати,Honor X8b,A:502008,W502008,ПП2,726740020,43,https://s3.twcstorage.ru/35ffc2ef-1e09-463d-a2c4-c183d5deb59a/prints/pp2/W502008.webp
Матовые цветные чехлы для печати,Honor X8b,A:502014,W502014,ПП2,726750553,18,https://s3.twcstorage.ru/35ffc2ef-1e09-463d-a2c4-c183d5deb59a/prints/pp2/W502014.webp
Белые софт-тач,Honor X8b,A:502016,W502016,ПП2,726632677,1000000,https://s3.twcstorage.ru/35ffc2ef-1e09-463d-a2c4-c183d5deb59a/prints/pp2/W502016.webp
Объемные матовые чехлы коричневые,Honor X8b,A:502029,W502029,ПП2,1156259813,5,https://s3.twcstorage.ru/35ffc2ef-1e09-463d-a2c4-c183d5deb59a/prints/pp2/W502029.webp
Матовые цветные чехлы для печати,Honor X8b,A:502031,W502031,ПП2,726755335,59,https://s3.twcstorage.ru/35ffc2ef-1e09-463d-a2c4-c183d5deb59a/prints/pp2/W502031.webp
Объемные матовые чехлы коричневые,Honor X8b,A:502032,W502032,ПП2,1156558363,1,https://s3.twcstorage.ru/35ffc2ef-1e09-463d-a2c4-c183d5deb59a/prints/pp2/W502032.webp
Силиконовые чехлы,Honor X8b,A:502035,W502035,ПП2,727782017,43,https://s3.twcstorage.ru/35ffc2ef-1e09-463d-a2c4-c183d5deb59a/prints/pp2/W502035.webp
Объемные матовые чехлы черные,Honor X8b,A:502037,W502037,ПП2,1157582004,52,https://s3.twcstorage.ru/35ffc2ef-1e09-463d-a2c4-c183d5deb59a/prints/pp2/W502037.webp
Белые софт-тач,Honor X8b,A:502047,W502047,ПП2,726572453,32,https://s3.twcstorage.ru/35ffc2ef-1e09-463d-a2c4-c183d5deb59a/prints/pp2/W502047.webp
Матовые цветные чехлы для печати,Honor X8b,A:502049,W502049,ПП2,726765884,60,https://s3.twcstorage.ru/35ffc2ef-1e09-463d-a2c4-c183d5deb59a/prints/pp2/Y502049.webp
Белые софт-тач,Honor X8b,A:502053,W502053,ПП2,726640663,1,https://s3.twcstorage.ru/35ffc2ef-1e09-463d-a2c4-c183d5deb59a/prints/pp2/W502053.webp
Силиконовые чехлы,Honor X8b,A:502064,W502064,ПП2,726920364,80,https://s3.twcstorage.ru/35ffc2ef-1e09-463d-a2c4-c183d5deb59a/prints/pp2/W502064.webp
Белые софт-тач,Honor X8b,A:502069,W502069,ПП2,726667139,16,https://s3.twcstorage.ru/35ffc2ef-1e09-463d-a2c4-c183d5deb59a/prints/pp2/W502069.webp
Матовые цветные чехлы для печати,Honor X8b,A:506339,W5063391,ПП2,1185628534,8,https://s3.twcstorage.ru/35ffc2ef-1e09-463d-a2c4-c183d5deb59a/prints/pp2/W5063391.webp
Матовые цветные чехлы для печати,Honor X8b,A:506376,W506376,ПП2,1185633979,42,https://s3.twcstorage.ru/35ffc2ef-1e09-463d-a2c4-c183d5deb59a/prints/pp2/W506376.webp
Силиконовые чехлы,Honor X8c,A:501947,C501947,ПП2,727777477,69,https://s3.twcstorage.ru/35ffc2ef-1e09-463d-a2c4-c183d5deb59a/prints/pp2/W501947.webp
Белые софт-тач,Honor X8c,A:501961,W501961,ПП2,726674427,12,https://s3.twcstorage.ru/35ffc2ef-1e09-463d-a2c4-c183d5deb59a/prints/pp2/W501961.webp
Силиконовые чехлы,Honor X8c,A:501964,Q501964,ПП2,726951561,1000000,https://s3.twcstorage.ru/35ffc2ef-1e09-463d-a2c4-c183d5deb59a/prints/pp2/Q5019641.webp
Объемные матовые чехлы коричневые,Honor X8c,A:501976,Q501976,ПП2,1156125377,25,https://s3.twcstorage.ru/35ffc2ef-1e09-463d-a2c4-c183d5deb59a/prints/pp2/Q501976.webp
Силиконовые чехлы,Honor X8c,A:501983,Q501983,ПП2,727855923,71,https://s3.twcstorage.ru/35ffc2ef-1e09-463d-a2c4-c183d5deb59a/prints/pp2/Y501983.webp
Белые софт-тач,Honor X8c,A:502008,W502008,ПП2,726646262,57,https://s3.twcstorage.ru/35ffc2ef-1e09-463d-a2c4-c183d5deb59a/prints/pp2/W502008.webp
Матовые цветные чехлы для печати,Honor X8c,A:502009,W502009,ПП2,726742727,22,https://s3.twcstorage.ru/35ffc2ef-1e09-463d-a2c4-c183d5deb59a/prints/pp2/W502009.webp
Матовые цветные чехлы для печати,Honor X8c,A:502023,W502023,ПП2,726867498,56,https://s3.twcstorage.ru/35ffc2ef-1e09-463d-a2c4-c183d5deb59a/prints/pp2/W502023.webp
Матовые цветные чехлы для печати,Honor X8c,A:502025,W502025,ПП2,726876166,34,https://s3.twcstorage.ru/35ffc2ef-1e09-463d-a2c4-c183d5deb59a/prints/pp2/W502025.webp
Матовые цветные чехлы для печати,Honor X8c,A:502028,W502028,ПП2,726871467,69,https://s3.twcstorage.ru/35ffc2ef-1e09-463d-a2c4-c183d5deb59a/prints/pp2/W502028.webp
Белые софт-тач,Honor X8c,A:502053,W502053,ПП2,726640037,1,https://s3.twcstorage.ru/35ffc2ef-1e09-463d-a2c4-c183d5deb59a/prints/pp2/W502053.webp
Матовые цветные чехлы для печати,Honor X8c,A:506331,W5063311,ПП2,1185470562,5,https://s3.twcstorage.ru/35ffc2ef-1e09-463d-a2c4-c183d5deb59a/prints/pp2/W5063311.webp
Силиконовые чехлы,Honor X8d,A:501978,Q501978,ПП2,1242339550,2,https://s3.twcstorage.ru/35ffc2ef-1e09-463d-a2c4-c183d5deb59a/prints/pp2/Q5019781.webp
Силиконовые чехлы,Honor X9A,A:501980,Q501980,ПП2,1121616306,4,https://s3.twcstorage.ru/35ffc2ef-1e09-463d-a2c4-c183d5deb59a/prints/pp2/Q5019801.webp
Силиконовые чехлы,Honor X9A,A:501990,Q501990,ПП2,1202174104,63,https://s3.twcstorage.ru/35ffc2ef-1e09-463d-a2c4-c183d5deb59a/prints/pp2/Y501990.webp
Матовые цветные чехлы для печати,Honor X9A,A:502033,W502033,ПП2,1196176393,70,https://s3.twcstorage.ru/35ffc2ef-1e09-463d-a2c4-c183d5deb59a/prints/pp2/W502033.webp
Объемные матовые чехлы бордовые,Honor X9A,A:506333,W5063331,ПП2,1153812234,47,https://s3.twcstorage.ru/35ffc2ef-1e09-463d-a2c4-c183d5deb59a/prints/pp2/W5063331.webp
Матовые цветные чехлы для печати,Honor X9A,A:506379,W506379,ПП2,1152421491,24,https://s3.twcstorage.ru/35ffc2ef-1e09-463d-a2c4-c183d5deb59a/prints/pp2/W506379.webp
Матовые цветные чехлы для печати,Honor X9C Smart,A:506334,W5063341,ПП2,1153849630,1,https://s3.twcstorage.ru/35ffc2ef-1e09-463d-a2c4-c183d5deb59a/prints/pp2/W5063341.webp
Белые софт-тач,Honor X9C/X60 Pro,A:501949,W501949,ПП2,726582816,52,https://s3.twcstorage.ru/35ffc2ef-1e09-463d-a2c4-c183d5deb59a/prints/pp2/W501949.webp
Силиконовые чехлы,Honor X9C/X60 Pro,A:501968,Q501968,ПП2,726900447,78,https://s3.twcstorage.ru/35ffc2ef-1e09-463d-a2c4-c183d5deb59a/prints/pp2/W501968.webp
Силиконовые чехлы,Honor X9C/X60 Pro,A:501980,Q501980,ПП2,727179128,4,https://s3.twcstorage.ru/35ffc2ef-1e09-463d-a2c4-c183d5deb59a/prints/pp2/Q5019801.webp
Силиконовые чехлы,Honor X9C/X60 Pro,A:501996,W501996,ПП2,727051418,1000000,https://s3.twcstorage.ru/35ffc2ef-1e09-463d-a2c4-c183d5deb59a/prints/pp2/Y501996.webp
Силиконовые чехлы,Honor X9C/X60 Pro,A:502008,W502008,ПП2,727827324,18,https://s3.twcstorage.ru/35ffc2ef-1e09-463d-a2c4-c183d5deb59a/prints/pp2/W502008.webp
Силиконовые чехлы,Honor X9C/X60 Pro,A:502026,W502026,ПП2,727543371,73,https://s3.twcstorage.ru/35ffc2ef-1e09-463d-a2c4-c183d5deb59a/prints/pp2/W502026.webp
Силиконовые чехлы,Honor X9C/X60 Pro,A:502037,W502037,ПП2,727061248,38,https://s3.twcstorage.ru/35ffc2ef-1e09-463d-a2c4-c183d5deb59a/prints/pp2/W502037.webp
Белые софт-тач,Honor X9C/X60 Pro,A:502053,W502053,ПП2,726639895,1,https://s3.twcstorage.ru/35ffc2ef-1e09-463d-a2c4-c183d5deb59a/prints/pp2/W502053.webp
Объемные матовые чехлы коричневые,Honor X9C/X60 Pro,A:506384,Q506384,ПП2,1156704158,16,https://s3.twcstorage.ru/35ffc2ef-1e09-463d-a2c4-c183d5deb59a/prints/pp2/Q5063841.webp
Матовые цветные чехлы для печати,Honor X9b,A:501938,W501938,ПП2,1140053741,1000000,https://s3.twcstorage.ru/35ffc2ef-1e09-463d-a2c4-c183d5deb59a/prints/pp2/W501938.webp
Силиконовые чехлы,Honor X9b,A:506334,W506334,ПП2,1137056792,12,https://s3.twcstorage.ru/35ffc2ef-1e09-463d-a2c4-c183d5deb59a/prints/pp2/W5063341.webp
Матовые цветные чехлы для печати,Honor X9b,A:506344,W5063441,ПП2,1154354881,51,https://s3.twcstorage.ru/35ffc2ef-1e09-463d-a2c4-c183d5deb59a/prints/pp2/W5063441.webp
Силиконовые чехлы,Honor X9d,A:501942,C501942,ПП2,727246016,118,https://s3.twcstorage.ru/35ffc2ef-1e09-463d-a2c4-c183d5deb59a/prints/pp2/S501942.webp
Белые софт-тач,Honor X9d,A:501947,W501947,ПП2,930925699,27,https://s3.twcstorage.ru/35ffc2ef-1e09-463d-a2c4-c183d5deb59a/prints/pp2/W501947.webp
Белые софт-тач,Honor X9d,A:501951,W501951,ПП2,930919254,7,https://s3.twcstorage.ru/35ffc2ef-1e09-463d-a2c4-c183d5deb59a/prints/pp2/W501951.webp
Силиконовые чехлы,Honor X9d,A:501954,C501954,ПП2,727255801,122,https://s3.twcstorage.ru/35ffc2ef-1e09-463d-a2c4-c183d5deb59a/prints/pp2/W501954.webp
Силиконовые чехлы,Honor X9d,A:501957,C501957,ПП2,727257792,54,https://s3.twcstorage.ru/35ffc2ef-1e09-463d-a2c4-c183d5deb59a/prints/pp2/W501957.webp
Силиконовые чехлы,Honor X9d,A:501980,Q501980,ПП2,727175445,4,https://s3.twcstorage.ru/35ffc2ef-1e09-463d-a2c4-c183d5deb59a/prints/pp2/Q5019801.webp
Силиконовые чехлы,HuaweI nova Y61,A:501933,W501933,ПП2,727222948,1000000,https://s3.twcstorage.ru/35ffc2ef-1e09-463d-a2c4-c183d5deb59a/prints/pp2/W501933.webp
Силиконовые чехлы,HuaweI nova Y61,A:501978,Q501978,ПП2,727219159,2,https://s3.twcstorage.ru/35ffc2ef-1e09-463d-a2c4-c183d5deb59a/prints/pp2/Q5019781.webp
Силиконовые чехлы,HuaweI nova Y61,A:502031,W502031,ПП2,727054857,52,https://s3.twcstorage.ru/35ffc2ef-1e09-463d-a2c4-c183d5deb59a/prints/pp2/W502031.webp
Матовые цветные чехлы для печати,HuaweI nova Y61,A:506338,W5063381,ПП2,1154030231,26,https://s3.twcstorage.ru/35ffc2ef-1e09-463d-a2c4-c183d5deb59a/prints/pp2/W5063381.webp
Силиконовые чехлы,Huawei Honor 10X Lite,A:506361,W506361,ПП2,1137321804,30,https://s3.twcstorage.ru/35ffc2ef-1e09-463d-a2c4-c183d5deb59a/prints/pp2/W506361.webp
Силиконовые чехлы,Huawei Honor 10X Lite,A:506363,W506363,ПП2,1137338547,67,https://s3.twcstorage.ru/35ffc2ef-1e09-463d-a2c4-c183d5deb59a/prints/pp2/W506363.webp
Чёрные софт-тач,Huawei Honor 20 Pro,A:501961,S501961,ПП2,727162290,10,https://s3.twcstorage.ru/35ffc2ef-1e09-463d-a2c4-c183d5deb59a/prints/pp2/W501961.webp
Силиконовые чехлы,Huawei Honor 20 Pro,A:501978,Q501978,ПП2,727219522,2,https://s3.twcstorage.ru/35ffc2ef-1e09-463d-a2c4-c183d5deb59a/prints/pp2/Q5019781.webp
Силиконовые чехлы,Huawei Honor 20 Pro,A:501980,Q501980,ПП2,727179200,4,https://s3.twcstorage.ru/35ffc2ef-1e09-463d-a2c4-c183d5deb59a/prints/pp2/Q5019801.webp
Силиконовые чехлы,Huawei Honor 20 Pro,A:501981,Q501981,ПП2,727788751,101,https://s3.twcstorage.ru/35ffc2ef-1e09-463d-a2c4-c183d5deb59a/prints/pp2/Y501981.webp
Объемные матовые чехлы молочные,Huawei Honor 20 Pro,A:501993,Q501993,ПП2,1155708910,40,https://s3.twcstorage.ru/35ffc2ef-1e09-463d-a2c4-c183d5deb59a/prints/pp2/Q5019931.webp
Силиконовые чехлы,Huawei Honor 20 Pro,A:502009,W502009,ПП2,727510912,8,https://s3.twcstorage.ru/35ffc2ef-1e09-463d-a2c4-c183d5deb59a/prints/pp2/W502009.webp
Белые софт-тач,Huawei Honor 20 Pro,A:502053,W502053,ПП2,726640101,1,https://s3.twcstorage.ru/35ffc2ef-1e09-463d-a2c4-c183d5deb59a/prints/pp2/W502053.webp
Силиконовые чехлы,Huawei Honor 20 Pro,A:506378,W506378,ПП2,1186752464,22,https://s3.twcstorage.ru/35ffc2ef-1e09-463d-a2c4-c183d5deb59a/prints/pp2/W506378.webp
Силиконовые чехлы,Huawei Honor 20/Huawei Nova 5T,A:501978,Q501978,ПП2,1196399355,2,https://s3.twcstorage.ru/35ffc2ef-1e09-463d-a2c4-c183d5deb59a/prints/pp2/Q5019781.webp
Силиконовые чехлы,Huawei Honor 20/Huawei Nova 5T,A:502005,W502005,ПП2,1201908638,64,https://s3.twcstorage.ru/35ffc2ef-1e09-463d-a2c4-c183d5deb59a/prints/pp2/W502005.webp
Силиконовые чехлы,Huawei Honor 50/Nova 9,A:501960,W501960,ПП2,1124344372,41,https://s3.twcstorage.ru/35ffc2ef-1e09-463d-a2c4-c183d5deb59a/prints/pp2/W501960.webp
Силиконовые чехлы,Huawei Honor 50/Nova 9,A:501980,Q501980,ПП2,1121941378,4,https://s3.twcstorage.ru/35ffc2ef-1e09-463d-a2c4-c183d5deb59a/prints/pp2/Q5019801.webp
Силиконовые чехлы,Huawei Honor 50/Nova 9,A:502011,W502011,ПП2,1121977825,58,https://s3.twcstorage.ru/35ffc2ef-1e09-463d-a2c4-c183d5deb59a/prints/pp2/W502011.webp
Силиконовые чехлы,Huawei Honor 50/Nova 9,A:506350,W506350,ПП2,1137174365,45,https://s3.twcstorage.ru/35ffc2ef-1e09-463d-a2c4-c183d5deb59a/prints/pp2/W5063501.webp
Силиконовые чехлы,Huawei Honor 9A,A:502010,W502010,ПП2,1121287540,1,https://s3.twcstorage.ru/35ffc2ef-1e09-463d-a2c4-c183d5deb59a/prints/pp2/W502010.webp
Силиконовые чехлы,Huawei Honor x6/x6s,A:501963,Q501963,ПП2,1120685315,77,https://s3.twcstorage.ru/35ffc2ef-1e09-463d-a2c4-c183d5deb59a/prints/pp2/Q5019631.webp
Силиконовые чехлы,Huawei Mate 50 Pro,A:502014,W502014,ПП2,1120799103,7,https://s3.twcstorage.ru/35ffc2ef-1e09-463d-a2c4-c183d5deb59a/prints/pp2/W502014.webp
Силиконовые чехлы,Huawei Mate 70 Pro,A:506331,W506331,ПП2,1137034810,9,https://s3.twcstorage.ru/35ffc2ef-1e09-463d-a2c4-c183d5deb59a/prints/pp2/W5063311.webp
Матовые цветные чехлы для печати,Huawei Mate 70 Pro,A:506339,W5063391,ПП2,1154115401,8,https://s3.twcstorage.ru/35ffc2ef-1e09-463d-a2c4-c183d5deb59a/prints/pp2/W5063391.webp
Матовые цветные чехлы для печати,Huawei NOVA 12/NOVA 13,A:501957,W501957,ПП2,726828542,17,https://s3.twcstorage.ru/35ffc2ef-1e09-463d-a2c4-c183d5deb59a/prints/pp2/W501957.webp
Силиконовые чехлы,Huawei NOVA 12/NOVA 13,A:501980,Q501980,ПП2,727174715,4,https://s3.twcstorage.ru/35ffc2ef-1e09-463d-a2c4-c183d5deb59a/prints/pp2/Q5019801.webp
Силиконовые чехлы,Huawei NOVA 12/NOVA 13,A:502014,W502014,ПП2,726980475,7,https://s3.twcstorage.ru/35ffc2ef-1e09-463d-a2c4-c183d5deb59a/prints/pp2/W502014.webp
Объемные матовые чехлы светло-розовые,Huawei NOVA 12/NOVA 13,A:502048,W502048,ПП2,1152719364,16,https://s3.twcstorage.ru/35ffc2ef-1e09-463d-a2c4-c183d5deb59a/prints/pp2/Y502048.webp
Объемные матовые чехлы молочные,Huawei NOVA 12/NOVA 13,A:502052,W502052,ПП2,1180247106,10,https://s3.twcstorage.ru/35ffc2ef-1e09-463d-a2c4-c183d5deb59a/prints/pp2/W502052.webp
Объемные матовые чехлы молочные,Huawei NOVA 12/NOVA 13,A:502053,W502053,ПП2,1155055144,1,https://s3.twcstorage.ru/35ffc2ef-1e09-463d-a2c4-c183d5deb59a/prints/pp2/W502053.webp
Объемные матовые чехлы светло-розовые,Huawei NOVA 12/NOVA 13,A:506330,W5063301,ПП2,1157907547,17,https://s3.twcstorage.ru/35ffc2ef-1e09-463d-a2c4-c183d5deb59a/prints/pp2/W5063301.webp
Объемные матовые чехлы молочные,Huawei NOVA 12/NOVA 13,A:506332,W506332,ПП2,1155205593,19,https://s3.twcstorage.ru/35ffc2ef-1e09-463d-a2c4-c183d5deb59a/prints/pp2/W5063321.webp
Объемные матовые чехлы бордовые,Huawei NOVA 12/NOVA 13,A:506339,W5063391,ПП2,1153422587,36,https://s3.twcstorage.ru/35ffc2ef-1e09-463d-a2c4-c183d5deb59a/prints/pp2/W5063391.webp
Матовые цветные чехлы для печати,Huawei NOVA 12/NOVA 13,A:506369,W506369,ПП2,1152341384,81,https://s3.twcstorage.ru/35ffc2ef-1e09-463d-a2c4-c183d5deb59a/prints/pp2/W506369.webp
Силиконовые чехлы,Huawei NOVA 13 Pro,A:501960,C501960,ПП2,727210620,41,https://s3.twcstorage.ru/35ffc2ef-1e09-463d-a2c4-c183d5deb59a/prints/pp2/W501960.webp
Силиконовые чехлы,Huawei NOVA 13 Pro,A:502009,W502009,ПП2,727510871,8,https://s3.twcstorage.ru/35ffc2ef-1e09-463d-a2c4-c183d5deb59a/prints/pp2/W502009.webp
Силиконовые чехлы,Huawei NOVA 13 Pro,A:502014,W502014,ПП2,726984021,7,https://s3.twcstorage.ru/35ffc2ef-1e09-463d-a2c4-c183d5deb59a/prints/pp2/W502014.webp
Силиконовые чехлы,Huawei NOVA 13 Pro,A:502065,W502065,ПП2,727846986,49,https://s3.twcstorage.ru/35ffc2ef-1e09-463d-a2c4-c183d5deb59a/prints/pp2/W502065.webp
Силиконовые чехлы,Huawei Nova 10,A:501961,W501961,ПП2,1124073519,21,https://s3.twcstorage.ru/35ffc2ef-1e09-463d-a2c4-c183d5deb59a/prints/pp2/W501961.webp
Силиконовые чехлы,Huawei Nova 10 SE,A:502014,W502014,ПП2,1121121532,7,https://s3.twcstorage.ru/35ffc2ef-1e09-463d-a2c4-c183d5deb59a/prints/pp2/W502014.webp
Силиконовые чехлы,Huawei Nova 10 SE,A:502025,W502025,ПП2,1200192970,65,https://s3.twcstorage.ru/35ffc2ef-1e09-463d-a2c4-c183d5deb59a/prints/pp2/W502025.webp
Силиконовые чехлы,Huawei Nova 10 SE,A:506334,W506334,ПП2,1137055425,12,https://s3.twcstorage.ru/35ffc2ef-1e09-463d-a2c4-c183d5deb59a/prints/pp2/W5063341.webp
Матовые цветные чехлы для печати,Huawei Nova 11/Nova 12S,A:501939,W501939,ПП2,726792115,87,https://s3.twcstorage.ru/35ffc2ef-1e09-463d-a2c4-c183d5deb59a/prints/pp2/W501939.webp
Белые софт-тач,Huawei Nova 11/Nova 12S,A:501947,W501947,ПП2,726590002,27,https://s3.twcstorage.ru/35ffc2ef-1e09-463d-a2c4-c183d5deb59a/prints/pp2/W501947.webp
Белые софт-тач,Huawei Nova 11/Nova 12S,A:501951,W501951,ПП2,726698057,7,https://s3.twcstorage.ru/35ffc2ef-1e09-463d-a2c4-c183d5deb59a/prints/pp2/W501951.webp
Белые софт-тач,Huawei Nova 11/Nova 12S,A:501958,W501958,ПП2,726611480,30,https://s3.twcstorage.ru/35ffc2ef-1e09-463d-a2c4-c183d5deb59a/prints/pp2/W501958.webp
Силиконовые чехлы,Huawei Nova 11/Nova 12S,A:501979,Q501979,ПП2,727779895,48,https://s3.twcstorage.ru/35ffc2ef-1e09-463d-a2c4-c183d5deb59a/prints/pp2/Q5019791.webp
Силиконовые чехлы,Huawei Nova 11/Nova 12S,A:501980,Q501980,ПП2,727174903,4,https://s3.twcstorage.ru/35ffc2ef-1e09-463d-a2c4-c183d5deb59a/prints/pp2/Q5019801.webp
Силиконовые чехлы,Huawei Nova 11/Nova 12S,A:501993,Q501993,ПП2,727180042,37,https://s3.twcstorage.ru/35ffc2ef-1e09-463d-a2c4-c183d5deb59a/prints/pp2/Q5019931.webp
Матовые цветные чехлы для печати,Huawei Nova 11/Nova 12S,A:502009,W502009,ПП2,726742559,22,https://s3.twcstorage.ru/35ffc2ef-1e09-463d-a2c4-c183d5deb59a/prints/pp2/W502009.webp
Силиконовые чехлы,Huawei Nova 11/Nova 12S,A:502010,W502010,ПП2,727230898,1,https://s3.twcstorage.ru/35ffc2ef-1e09-463d-a2c4-c183d5deb59a/prints/pp2/W502010.webp
Матовые цветные чехлы для печати,Huawei Nova 11/Nova 12S,A:502012,W502012,ПП2,726855659,6,https://s3.twcstorage.ru/35ffc2ef-1e09-463d-a2c4-c183d5deb59a/prints/pp2/W502012.webp
Силиконовые чехлы,Huawei Nova 11/Nova 12S,A:502018,W502018,ПП2,727022914,89,https://s3.twcstorage.ru/35ffc2ef-1e09-463d-a2c4-c183d5deb59a/prints/pp2/W502018.webp
Белые софт-тач,Huawei Nova 11/Nova 12S,A:502048,W502048,ПП2,726573436,21,https://s3.twcstorage.ru/35ffc2ef-1e09-463d-a2c4-c183d5deb59a/prints/pp2/Y502048.webp
Белые софт-тач,Huawei Nova 11/Nova 12S,A:502053,W502053,ПП2,726640359,1,https://s3.twcstorage.ru/35ffc2ef-1e09-463d-a2c4-c183d5deb59a/prints/pp2/W502053.webp
Силиконовые чехлы,Huawei Nova 11/Nova 12S,A:502055,W502055,ПП2,727010718,91,https://s3.twcstorage.ru/35ffc2ef-1e09-463d-a2c4-c183d5deb59a/prints/pp2/W502055.webp
Силиконовые чехлы,Huawei Nova 11/Nova 12S,A:502056,W502056,ПП2,727015202,106,https://s3.twcstorage.ru/35ffc2ef-1e09-463d-a2c4-c183d5deb59a/prints/pp2/W502056.webp
Матовые цветные чехлы для печати,Huawei Nova 11/Nova 12S,A:506337,W5063371,ПП2,1185750307,13,https://s3.twcstorage.ru/35ffc2ef-1e09-463d-a2c4-c183d5deb59a/prints/pp2/W5063371.webp
Матовые цветные чехлы для печати,Huawei Nova 11/Nova 12S,A:506350,W5063501,ПП2,1185468791,32,https://s3.twcstorage.ru/35ffc2ef-1e09-463d-a2c4-c183d5deb59a/prints/pp2/W5063501.webp
Силиконовые чехлы,Huawei Nova 11i,A:501943,C501943,ПП2,727271350,119,https://s3.twcstorage.ru/35ffc2ef-1e09-463d-a2c4-c183d5deb59a/prints/pp2/S501943.webp
Силиконовые чехлы,Huawei Nova 11i,A:501956,C501956,ПП2,727249704,123,https://s3.twcstorage.ru/35ffc2ef-1e09-463d-a2c4-c183d5deb59a/prints/pp2/W501956.webp
Силиконовые чехлы,Huawei Nova 11i,A:501957,C501957,ПП2,727257987,54,https://s3.twcstorage.ru/35ffc2ef-1e09-463d-a2c4-c183d5deb59a/prints/pp2/W501957.webp
Силиконовые чехлы,Huawei Nova 11i,A:501958,W501958,ПП2,727301868,99,https://s3.twcstorage.ru/35ffc2ef-1e09-463d-a2c4-c183d5deb59a/prints/pp2/W501958.webp
Силиконовые чехлы,Huawei Nova 11i,A:501966,Q501966,ПП2,726966628,124,https://s3.twcstorage.ru/35ffc2ef-1e09-463d-a2c4-c183d5deb59a/prints/pp2/W501966.webp
Силиконовые чехлы,Huawei Nova 11i,A:502009,W502009,ПП2,727511327,8,https://s3.twcstorage.ru/35ffc2ef-1e09-463d-a2c4-c183d5deb59a/prints/pp2/W502009.webp
Матовые цветные чехлы для печати,Huawei Nova 11i,A:502010,W502010,ПП2,1140210150,10,https://s3.twcstorage.ru/35ffc2ef-1e09-463d-a2c4-c183d5deb59a/prints/pp2/W502010.webp
Силиконовые чехлы,Huawei Nova 11i,A:502065,W502065,ПП2,727847010,49,https://s3.twcstorage.ru/35ffc2ef-1e09-463d-a2c4-c183d5deb59a/prints/pp2/W502065.webp
Силиконовые чехлы,Huawei Nova 12i/Nova 13i,A:501934,W501934,ПП2,726903611,1000000,https://s3.twcstorage.ru/35ffc2ef-1e09-463d-a2c4-c183d5deb59a/prints/pp2/W501934.webp
Чёрные софт-тач,Huawei Nova 12i/Nova 13i,A:501939,S501939,ПП2,727160609,1000000,https://s3.twcstorage.ru/35ffc2ef-1e09-463d-a2c4-c183d5deb59a/prints/pp2/W501939.webp
Силиконовые чехлы,Huawei Nova 12i/Nova 13i,A:501953,C501953,ПП2,727252623,98,https://s3.twcstorage.ru/35ffc2ef-1e09-463d-a2c4-c183d5deb59a/prints/pp2/W501953.webp
Силиконовые чехлы,Huawei Nova 12i/Nova 13i,A:501960,W501960,ПП2,727586003,41,https://s3.twcstorage.ru/35ffc2ef-1e09-463d-a2c4-c183d5deb59a/prints/pp2/W501960.webp
Силиконовые чехлы,Huawei Nova 12i/Nova 13i,A:501980,Q501980,ПП2,727183210,4,https://s3.twcstorage.ru/35ffc2ef-1e09-463d-a2c4-c183d5deb59a/prints/pp2/Q5019801.webp
Силиконовые чехлы,Huawei Nova 12i/Nova 13i,A:502005,W502005,ПП2,727848070,64,https://s3.twcstorage.ru/35ffc2ef-1e09-463d-a2c4-c183d5deb59a/prints/pp2/W502005.webp
Силиконовые чехлы,Huawei Nova 12i/Nova 13i,A:502014,W502014,ПП2,726983823,7,https://s3.twcstorage.ru/35ffc2ef-1e09-463d-a2c4-c183d5deb59a/prints/pp2/W502014.webp
Силиконовые чехлы,Huawei Nova 12i/Nova 13i,A:502061,W502061,ПП2,727807835,108,https://s3.twcstorage.ru/35ffc2ef-1e09-463d-a2c4-c183d5deb59a/prints/pp2/Y502061.webp
Матовые цветные чехлы для печати,Huawei Nova 14,A:501957,W501957,ПП2,1152724165,17,https://s3.twcstorage.ru/35ffc2ef-1e09-463d-a2c4-c183d5deb59a/prints/pp2/W501957.webp
Силиконовые чехлы,Huawei Nova 14,A:501983,Q501983,ПП2,727856012,71,https://s3.twcstorage.ru/35ffc2ef-1e09-463d-a2c4-c183d5deb59a/prints/pp2/Y501983.webp
Силиконовые чехлы,Huawei Nova 14,A:502008,W502008,ПП2,727826280,18,https://s3.twcstorage.ru/35ffc2ef-1e09-463d-a2c4-c183d5deb59a/prints/pp2/W502008.webp
Силиконовые чехлы,Huawei Nova 14,A:502014,W502014,ПП2,726983067,7,https://s3.twcstorage.ru/35ffc2ef-1e09-463d-a2c4-c183d5deb59a/prints/pp2/W502014.webp
Матовые цветные чехлы для печати,Huawei Nova 14,A:502016,W502016,ПП2,1196086334,39,https://s3.twcstorage.ru/35ffc2ef-1e09-463d-a2c4-c183d5deb59a/prints/pp2/W502016.webp
Силиконовые чехлы,Huawei Nova 14,A:502048,W502048,ПП2,726990875,26,https://s3.twcstorage.ru/35ffc2ef-1e09-463d-a2c4-c183d5deb59a/prints/pp2/Y502048.webp
Силиконовые чехлы,Huawei Nova 14,A:502060,W502060,ПП2,727806023,1000000,https://s3.twcstorage.ru/35ffc2ef-1e09-463d-a2c4-c183d5deb59a/prints/pp2/W502060.webp
Матовые цветные чехлы для печати,Huawei Nova 14,A:506331,W5063311,ПП2,1154831865,5,https://s3.twcstorage.ru/35ffc2ef-1e09-463d-a2c4-c183d5deb59a/prints/pp2/W5063311.webp
Силиконовые чехлы,Huawei Nova 14,A:506335,W506335,ПП2,1186188313,15,https://s3.twcstorage.ru/35ffc2ef-1e09-463d-a2c4-c183d5deb59a/prints/pp2/W5063351.webp
Матовые цветные чехлы для печати,Huawei Nova 14,A:506345,W5063451,ПП2,1154381882,27,https://s3.twcstorage.ru/35ffc2ef-1e09-463d-a2c4-c183d5deb59a/prints/pp2/W5063451.webp
Силиконовые чехлы,Huawei Nova 14,A:506383,Q506383,ПП2,1186033674,32,https://s3.twcstorage.ru/35ffc2ef-1e09-463d-a2c4-c183d5deb59a/prints/pp2/Q5063831.webp
Силиконовые чехлы,Huawei Nova 14 Pro,A:501953,W501953,ПП2,1122171509,98,https://s3.twcstorage.ru/35ffc2ef-1e09-463d-a2c4-c183d5deb59a/prints/pp2/W501953.webp
Силиконовые чехлы,Huawei Nova 14 Pro,A:506332,W506332,ПП2,1137037715,3,https://s3.twcstorage.ru/35ffc2ef-1e09-463d-a2c4-c183d5deb59a/prints/pp2/W5063321.webp
Силиконовые чехлы,Huawei Nova 14 Pro,A:506340,W506340,ПП2,1137107286,5,https://s3.twcstorage.ru/35ffc2ef-1e09-463d-a2c4-c183d5deb59a/prints/pp2/W5063401.webp
Силиконовые чехлы,Huawei Nova 15,A:502069,W502069,ПП2,1242219162,11,https://s3.twcstorage.ru/35ffc2ef-1e09-463d-a2c4-c183d5deb59a/prints/pp2/W502069.webp
Силиконовые чехлы,Huawei Nova 15 Pro,A:506330,W506330,ПП2,1242396589,17,https://s3.twcstorage.ru/35ffc2ef-1e09-463d-a2c4-c183d5deb59a/prints/pp2/W5063301.webp
Силиконовые чехлы,Huawei Nova 15 Pro,A:506374,W506374,ПП2,1242284757,10,https://s3.twcstorage.ru/35ffc2ef-1e09-463d-a2c4-c183d5deb59a/prints/pp2/W506374.webp
Силиконовые чехлы,Huawei Nova Y70/Y71,A:501957,C501957,ПП2,727258621,54,https://s3.twcstorage.ru/35ffc2ef-1e09-463d-a2c4-c183d5deb59a/prints/pp2/W501957.webp
Матовые цветные чехлы для печати,Huawei Nova Y72/Y72S/Y63,A:501937,W501937,ПП2,1153028943,1000000,https://s3.twcstorage.ru/35ffc2ef-1e09-463d-a2c4-c183d5deb59a/prints/pp2/W501937.webp
Силиконовые чехлы,Huawei Nova Y72/Y72S/Y63,A:501957,W501957,ПП2,727794796,54,https://s3.twcstorage.ru/35ffc2ef-1e09-463d-a2c4-c183d5deb59a/prints/pp2/W501957.webp
Силиконовые чехлы,Huawei Nova Y72/Y72S/Y63,A:501987,Q501987,ПП2,727812639,1000000,https://s3.twcstorage.ru/35ffc2ef-1e09-463d-a2c4-c183d5deb59a/prints/pp2/Y501987.webp
Силиконовые чехлы,Huawei Nova Y72/Y72S/Y63,A:502010,W502010,ПП2,727233399,1,https://s3.twcstorage.ru/35ffc2ef-1e09-463d-a2c4-c183d5deb59a/prints/pp2/W502010.webp
Силиконовые чехлы,Huawei Nova Y73,A:501953,W501953,ПП2,727281809,98,https://s3.twcstorage.ru/35ffc2ef-1e09-463d-a2c4-c183d5deb59a/prints/pp2/W501953.webp
Силиконовые чехлы,Huawei Nova Y73,A:501961,C501961,ПП2,727535681,21,https://s3.twcstorage.ru/35ffc2ef-1e09-463d-a2c4-c183d5deb59a/prints/pp2/W501961.webp
Силиконовые чехлы,Huawei Nova Y73,A:501962,C501962,ПП2,727532762,62,https://s3.twcstorage.ru/35ffc2ef-1e09-463d-a2c4-c183d5deb59a/prints/pp2/W501962.webp
Силиконовые чехлы,Huawei Nova Y73,A:502002,W502002,ПП2,727045160,1000000,https://s3.twcstorage.ru/35ffc2ef-1e09-463d-a2c4-c183d5deb59a/prints/pp2/W502002.webp
Силиконовые чехлы,Huawei Nova Y90,A:502010,W502010,ПП2,1121281941,1,https://s3.twcstorage.ru/35ffc2ef-1e09-463d-a2c4-c183d5deb59a/prints/pp2/W502010.webp
Матовые цветные чехлы для печати,Huawei Nova Y91,A:501947,W501947,ПП2,1140045096,28,https://s3.twcstorage.ru/35ffc2ef-1e09-463d-a2c4-c183d5deb59a/prints/pp2/W501947.webp
Матовые цветные чехлы для печати,Huawei Nova Y91,A:506374,W506374,ПП2,1152381096,11,https://s3.twcstorage.ru/35ffc2ef-1e09-463d-a2c4-c183d5deb59a/prints/pp2/W506374.webp
Силиконовые чехлы,Huawei P Smart Z/Honor 9X,A:501988,Q501988,ПП2,1123904148,128,https://s3.twcstorage.ru/35ffc2ef-1e09-463d-a2c4-c183d5deb59a/prints/pp2/Y501988.webp
Силиконовые чехлы,Huawei P30 Lite/Honor 20S/Honor 20 Lite 2020,A:501960,W501960,ПП2,727512106,41,https://s3.twcstorage.ru/35ffc2ef-1e09-463d-a2c4-c183d5deb59a/prints/pp2/W501960.webp
Силиконовые чехлы,Huawei P30 Lite/Honor 20S/Honor 20 Lite 2020,A:502027,W502027,ПП2,727548126,1000000,https://s3.twcstorage.ru/35ffc2ef-1e09-463d-a2c4-c183d5deb59a/prints/pp2/W502027.webp
Силиконовые чехлы,Huawei P40 lite E/Honor 9C/Y7p,A:501969,Q501969,ПП2,1120927559,1000000,https://s3.twcstorage.ru/35ffc2ef-1e09-463d-a2c4-c183d5deb59a/prints/pp2/W501969.webp
Силиконовые чехлы,Huawei P60/P60 Pro,A:501957,W501957,ПП2,727794740,54,https://s3.twcstorage.ru/35ffc2ef-1e09-463d-a2c4-c183d5deb59a/prints/pp2/W501957.webp
Силиконовые чехлы,Huawei P60/P60 Pro,A:501978,Q501978,ПП2,727218880,2,https://s3.twcstorage.ru/35ffc2ef-1e09-463d-a2c4-c183d5deb59a/prints/pp2/Q5019781.webp
Силиконовые чехлы,Huawei P60/P60 Pro,A:501980,Q501980,ПП2,727178476,4,https://s3.twcstorage.ru/35ffc2ef-1e09-463d-a2c4-c183d5deb59a/prints/pp2/Q5019801.webp
Силиконовые чехлы,Huawei P60/P60 Pro,A:501988,Q501988,ПП2,727514733,128,https://s3.twcstorage.ru/35ffc2ef-1e09-463d-a2c4-c183d5deb59a/prints/pp2/Y501988.webp
Силиконовые чехлы,Huawei P60/P60 Pro,A:502005,W502005,ПП2,727848764,64,https://s3.twcstorage.ru/35ffc2ef-1e09-463d-a2c4-c183d5deb59a/prints/pp2/W502005.webp
Силиконовые чехлы,Huawei P60/P60 Pro,A:502030,W502030,ПП2,727550580,66,https://s3.twcstorage.ru/35ffc2ef-1e09-463d-a2c4-c183d5deb59a/prints/pp2/W502030.webp
Белые софт-тач,Huawei P60/P60 Pro,A:502033,W502033,ПП2,931005724,10,https://s3.twcstorage.ru/35ffc2ef-1e09-463d-a2c4-c183d5deb59a/prints/pp2/W502033.webp
Белые софт-тач,Huawei P60/P60 Pro,A:502035,W502035,ПП2,930857079,20,https://s3.twcstorage.ru/35ffc2ef-1e09-463d-a2c4-c183d5deb59a/prints/pp2/W502035.webp
Силиконовые чехлы,Huawei P60/P60 Pro,A:506340,W506340,ПП2,1186239774,5,https://s3.twcstorage.ru/35ffc2ef-1e09-463d-a2c4-c183d5deb59a/prints/pp2/W5063401.webp
Силиконовые чехлы,Huawei P60/P60 Pro,A:506361,W506361,ПП2,1186411083,30,https://s3.twcstorage.ru/35ffc2ef-1e09-463d-a2c4-c183d5deb59a/prints/pp2/W506361.webp
Чёрные софт-тач,Huawei Pura 70,A:501936,S501936,ПП2,727077726,1000000,https://s3.twcstorage.ru/35ffc2ef-1e09-463d-a2c4-c183d5deb59a/prints/pp2/W501936.webp
Чёрные софт-тач,Huawei Pura 70,A:501944,S501944,ПП2,727107149,4,https://s3.twcstorage.ru/35ffc2ef-1e09-463d-a2c4-c183d5deb59a/prints/pp2/S501944.webp
Чёрные софт-тач,Huawei Pura 70,A:501946,S501946,ПП2,727097490,7,https://s3.twcstorage.ru/35ffc2ef-1e09-463d-a2c4-c183d5deb59a/prints/pp2/W501946.webp
Белые софт-тач,Huawei Pura 70,A:501947,W501947,ПП2,930926897,27,https://s3.twcstorage.ru/35ffc2ef-1e09-463d-a2c4-c183d5deb59a/prints/pp2/W501947.webp
Чёрные софт-тач,Huawei Pura 70,A:501959,S501959,ПП2,727130757,1000000,https://s3.twcstorage.ru/35ffc2ef-1e09-463d-a2c4-c183d5deb59a/prints/pp2/S501959.webp
Матовые цветные чехлы для печати,Huawei Pura 70,A:502008,W502008,ПП2,933324973,43,https://s3.twcstorage.ru/35ffc2ef-1e09-463d-a2c4-c183d5deb59a/prints/pp2/W502008.webp
Белые софт-тач,Huawei Pura 70,A:502014,W502014,ПП2,931018640,15,https://s3.twcstorage.ru/35ffc2ef-1e09-463d-a2c4-c183d5deb59a/prints/pp2/W502014.webp
Матовые цветные чехлы для печати,Huawei Pura 70,A:502019,W502019,ПП2,933297024,55,https://s3.twcstorage.ru/35ffc2ef-1e09-463d-a2c4-c183d5deb59a/prints/pp2/W502019.webp
Матовые цветные чехлы для печати,Huawei Pura 70,A:502023,W502023,ПП2,933317306,56,https://s3.twcstorage.ru/35ffc2ef-1e09-463d-a2c4-c183d5deb59a/prints/pp2/W502023.webp
Матовые цветные чехлы для печати,Huawei Pura 70,A:502025,W502025,ПП2,933313082,34,https://s3.twcstorage.ru/35ffc2ef-1e09-463d-a2c4-c183d5deb59a/prints/pp2/W502025.webp
Матовые цветные чехлы для печати,Huawei Pura 70,A:502028,W502028,ПП2,933315091,69,https://s3.twcstorage.ru/35ffc2ef-1e09-463d-a2c4-c183d5deb59a/prints/pp2/W502028.webp
Матовые цветные чехлы для печати,Huawei Pura 70,A:502031,W502031,ПП2,933310278,59,https://s3.twcstorage.ru/35ffc2ef-1e09-463d-a2c4-c183d5deb59a/prints/pp2/W502031.webp
Белые софт-тач,Huawei Pura 70,A:502053,W502053,ПП2,931009506,1,https://s3.twcstorage.ru/35ffc2ef-1e09-463d-a2c4-c183d5deb59a/prints/pp2/W502053.webp
Белые софт-тач,Huawei Pura 70,A:502057,W502057,ПП2,930895910,26,https://s3.twcstorage.ru/35ffc2ef-1e09-463d-a2c4-c183d5deb59a/prints/pp2/W502057.webp
Белые софт-тач,Huawei Pura 70,A:502058,W502058,ПП2,930974183,1000000,https://s3.twcstorage.ru/35ffc2ef-1e09-463d-a2c4-c183d5deb59a/prints/pp2/W502058.webp
Белые софт-тач,Huawei Pura 70,A:502069,W502069,ПП2,931037933,16,https://s3.twcstorage.ru/35ffc2ef-1e09-463d-a2c4-c183d5deb59a/prints/pp2/W502069.webp
Белые софт-тач,Huawei Pura 70,A:506330,W506330,ПП2,1164152562,17,https://s3.twcstorage.ru/35ffc2ef-1e09-463d-a2c4-c183d5deb59a/prints/pp2/W5063301.webp
Силиконовые чехлы,Huawei Pura 70 Pro/Pura 70 Pro+,A:502025,W502025,ПП2,1124376653,65,https://s3.twcstorage.ru/35ffc2ef-1e09-463d-a2c4-c183d5deb59a/prints/pp2/W502025.webp
Силиконовые чехлы,Huawei Pura 80,A:501943,C501943,ПП2,727270430,119,https://s3.twcstorage.ru/35ffc2ef-1e09-463d-a2c4-c183d5deb59a/prints/pp2/S501943.webp
Силиконовые чехлы,Huawei Pura 80,A:501944,C501944,ПП2,727272225,85,https://s3.twcstorage.ru/35ffc2ef-1e09-463d-a2c4-c183d5deb59a/prints/pp2/S501944.webp
Матовые цветные чехлы для печати,Huawei Pura 80,A:501958,W501958,ПП2,726831401,65,https://s3.twcstorage.ru/35ffc2ef-1e09-463d-a2c4-c183d5deb59a/prints/pp2/W501958.webp
Силиконовые чехлы,Huawei Pura 80,A:501978,Q501978,ПП2,727218025,2,https://s3.twcstorage.ru/35ffc2ef-1e09-463d-a2c4-c183d5deb59a/prints/pp2/Q5019781.webp
Матовые цветные чехлы для печати,Huawei Pura 80,A:502003,W502003,ПП2,726736238,38,https://s3.twcstorage.ru/35ffc2ef-1e09-463d-a2c4-c183d5deb59a/prints/pp2/W502003.webp
Силиконовые чехлы,Huawei Pura 80,A:502006,W502006,ПП2,727850891,23,https://s3.twcstorage.ru/35ffc2ef-1e09-463d-a2c4-c183d5deb59a/prints/pp2/W502006.webp
Силиконовые чехлы,Huawei Pura 80,A:502008,W502008,ПП2,727826236,18,https://s3.twcstorage.ru/35ffc2ef-1e09-463d-a2c4-c183d5deb59a/prints/pp2/W502008.webp
Силиконовые чехлы,Huawei Pura 80,A:502010,W502010,ПП2,727230926,1,https://s3.twcstorage.ru/35ffc2ef-1e09-463d-a2c4-c183d5deb59a/prints/pp2/W502010.webp
Матовые цветные чехлы для печати,Huawei Pura 80,A:502012,W502012,ПП2,726855704,6,https://s3.twcstorage.ru/35ffc2ef-1e09-463d-a2c4-c183d5deb59a/prints/pp2/W502012.webp
Матовые цветные чехлы для печати,Huawei Pura 80,A:502016,W502016,ПП2,726816707,39,https://s3.twcstorage.ru/35ffc2ef-1e09-463d-a2c4-c183d5deb59a/prints/pp2/W502016.webp
Матовые цветные чехлы для печати,Huawei Pura 80,A:502020,W502020,ПП2,726824552,1000000,https://s3.twcstorage.ru/35ffc2ef-1e09-463d-a2c4-c183d5deb59a/prints/pp2/W502020.webp
Матовые цветные чехлы для печати,Huawei Pura 80,A:502030,W502030,ПП2,726856914,20,https://s3.twcstorage.ru/35ffc2ef-1e09-463d-a2c4-c183d5deb59a/prints/pp2/W502030.webp
Матовые цветные чехлы для печати,Huawei Pura 80,A:502032,W502032,ПП2,726858727,40,https://s3.twcstorage.ru/35ffc2ef-1e09-463d-a2c4-c183d5deb59a/prints/pp2/W502032.webp
Матовые цветные чехлы для печати,Huawei Pura 80,A:502033,W502033,ПП2,726863145,70,https://s3.twcstorage.ru/35ffc2ef-1e09-463d-a2c4-c183d5deb59a/prints/pp2/W502033.webp
Белые софт-тач,Huawei Pura 80,A:502052,W502052,ПП2,931011507,2,https://s3.twcstorage.ru/35ffc2ef-1e09-463d-a2c4-c183d5deb59a/prints/pp2/W502052.webp
Белые софт-тач,Huawei Pura 80,A:502053,W502053,ПП2,931008199,1,https://s3.twcstorage.ru/35ffc2ef-1e09-463d-a2c4-c183d5deb59a/prints/pp2/W502053.webp
Матовые цветные чехлы для печати,Huawei Pura 80,A:502069,W502069,ПП2,726800099,31,https://s3.twcstorage.ru/35ffc2ef-1e09-463d-a2c4-c183d5deb59a/prints/pp2/W502069.webp
Силиконовые чехлы,Huawei Pura 80,A:506329,W506329,ПП2,1186078125,24,https://s3.twcstorage.ru/35ffc2ef-1e09-463d-a2c4-c183d5deb59a/prints/pp2/W5063291.webp
Силиконовые чехлы,Huawei Pura 80,A:506332,W506332,ПП2,1186134742,3,https://s3.twcstorage.ru/35ffc2ef-1e09-463d-a2c4-c183d5deb59a/prints/pp2/W5063321.webp
Белые софт-тач,Huawei Pura 80,A:506337,W506337,ПП2,1164284284,77,https://s3.twcstorage.ru/35ffc2ef-1e09-463d-a2c4-c183d5deb59a/prints/pp2/W5063371.webp
Матовые цветные чехлы для печати,Huawei Pura 80,A:506340,W5063401,ПП2,1185717681,4,https://s3.twcstorage.ru/35ffc2ef-1e09-463d-a2c4-c183d5deb59a/prints/pp2/W5063401.webp
Белые софт-тач,Huawei Pura 80,A:506374,W506374,ПП2,1163971425,3,https://s3.twcstorage.ru/35ffc2ef-1e09-463d-a2c4-c183d5deb59a/prints/pp2/W506374.webp
Матовые цветные чехлы для печати,Huawei Pura 80,A:506377,W506377,ПП2,1189287708,21,https://s3.twcstorage.ru/35ffc2ef-1e09-463d-a2c4-c183d5deb59a/prints/pp2/W506377.webp
Силиконовые чехлы,Huawei Pura 80,A:506382,Q506382,ПП2,1186015170,47,https://s3.twcstorage.ru/35ffc2ef-1e09-463d-a2c4-c183d5deb59a/prints/pp2/Q5063821.webp
Силиконовые чехлы,Huawei Pura 80,A:506383,Q506383,ПП2,1186030732,32,https://s3.twcstorage.ru/35ffc2ef-1e09-463d-a2c4-c183d5deb59a/prints/pp2/Q5063831.webp
Силиконовые чехлы,Huawei Pura 80 Pro/Pura 80 Pro+,A:501933,W501933,ПП2,727222014,1000000,https://s3.twcstorage.ru/35ffc2ef-1e09-463d-a2c4-c183d5deb59a/prints/pp2/W501933.webp
Силиконовые чехлы,Huawei Pura 80 Pro/Pura 80 Pro+,A:501946,W501946,ПП2,726972354,121,https://s3.twcstorage.ru/35ffc2ef-1e09-463d-a2c4-c183d5deb59a/prints/pp2/W501946.webp
Силиконовые чехлы,Huawei Pura 80 Pro/Pura 80 Pro+,A:501951,W501951,ПП2,727844245,20,https://s3.twcstorage.ru/35ffc2ef-1e09-463d-a2c4-c183d5deb59a/prints/pp2/W501951.webp
Силиконовые чехлы,Huawei Pura 80 Pro/Pura 80 Pro+,A:501978,Q501978,ПП2,727218670,2,https://s3.twcstorage.ru/35ffc2ef-1e09-463d-a2c4-c183d5deb59a/prints/pp2/Q5019781.webp
Стеклянные чехлы,Huawei Pura 80 Pro/Pura 80 Pro+,A:501997,Y501997,ПП2,1138670315,9,https://s3.twcstorage.ru/35ffc2ef-1e09-463d-a2c4-c183d5deb59a/prints/pp2/Y501997.webp
Силиконовые чехлы,Huawei Pura 80 Pro/Pura 80 Pro+,A:502006,W502006,ПП2,727851323,23,https://s3.twcstorage.ru/35ffc2ef-1e09-463d-a2c4-c183d5deb59a/prints/pp2/W502006.webp
Силиконовые чехлы,Huawei Pura 80 Pro/Pura 80 Pro+,A:502008,W502008,ПП2,727826597,18,https://s3.twcstorage.ru/35ffc2ef-1e09-463d-a2c4-c183d5deb59a/prints/pp2/W502008.webp
Силиконовые чехлы,Huawei Pura 80 Pro/Pura 80 Pro+,A:502010,W502010,ПП2,727232469,1,https://s3.twcstorage.ru/35ffc2ef-1e09-463d-a2c4-c183d5deb59a/prints/pp2/W502010.webp
Силиконовые чехлы,Huawei Pura 80 Pro/Pura 80 Pro+,A:502014,W502014,ПП2,726984082,7,https://s3.twcstorage.ru/35ffc2ef-1e09-463d-a2c4-c183d5deb59a/prints/pp2/W502014.webp
Силиконовые чехлы,Huawei Pura 80 Pro/Pura 80 Pro+,A:502018,W502018,ПП2,727026124,89,https://s3.twcstorage.ru/35ffc2ef-1e09-463d-a2c4-c183d5deb59a/prints/pp2/W502018.webp
Силиконовые чехлы,Huawei Pura 80 Pro/Pura 80 Pro+,A:502020,W502020,ПП2,727036822,132,https://s3.twcstorage.ru/35ffc2ef-1e09-463d-a2c4-c183d5deb59a/prints/pp2/W502020.webp
Силиконовые чехлы,Huawei Pura 80 Pro/Pura 80 Pro+,A:502025,W502025,ПП2,727527199,65,https://s3.twcstorage.ru/35ffc2ef-1e09-463d-a2c4-c183d5deb59a/prints/pp2/W502025.webp
Силиконовые чехлы,Huawei Pura 80 Pro/Pura 80 Pro+,A:502029,W502029,ПП2,727529118,42,https://s3.twcstorage.ru/35ffc2ef-1e09-463d-a2c4-c183d5deb59a/prints/pp2/W502029.webp
Силиконовые чехлы,Huawei Pura 80 Pro/Pura 80 Pro+,A:502037,W502037,ПП2,727059718,38,https://s3.twcstorage.ru/35ffc2ef-1e09-463d-a2c4-c183d5deb59a/prints/pp2/W502037.webp
Матовые цветные чехлы для печати,Huawei Pura 80 Pro/Pura 80 Pro+,A:506330,W5063301,ПП2,1153595252,3,https://s3.twcstorage.ru/35ffc2ef-1e09-463d-a2c4-c183d5deb59a/prints/pp2/W5063301.webp
Силиконовые чехлы,Huawei Pura 80 Pro/Pura 80 Pro+,A:506346,W506346,ПП2,1186297366,81,https://s3.twcstorage.ru/35ffc2ef-1e09-463d-a2c4-c183d5deb59a/prints/pp2/W506346.webp
Силиконовые чехлы,Huawei Pura 80 Ultra,A:501948,W501948,ПП2,1120783402,96,https://s3.twcstorage.ru/35ffc2ef-1e09-463d-a2c4-c183d5deb59a/prints/pp2/W501948.webp
Силиконовые чехлы,Infinix GT 20 Pro,A:501957,W501957,ПП2,1122527331,54,https://s3.twcstorage.ru/35ffc2ef-1e09-463d-a2c4-c183d5deb59a/prints/pp2/W501957.webp
Матовые цветные чехлы для печати,Infinix GT 20 Pro,A:506337,W5063371,ПП2,1154847584,13,https://s3.twcstorage.ru/35ffc2ef-1e09-463d-a2c4-c183d5deb59a/prints/pp2/W5063371.webp
Матовые цветные чехлы для печати,Infinix GT 30 Pro,A:502010,W502010,ПП2,1139999167,10,https://s3.twcstorage.ru/35ffc2ef-1e09-463d-a2c4-c183d5deb59a/prints/pp2/W502010.webp
Силиконовые чехлы,Infinix GT 30 Pro,A:506331,W506331,ПП2,1186125506,9,https://s3.twcstorage.ru/35ffc2ef-1e09-463d-a2c4-c183d5deb59a/prints/pp2/W5063311.webp
Матовые цветные чехлы для печати,Infinix GT 30 Pro,A:506332,W5063321,ПП2,1153741930,2,https://s3.twcstorage.ru/35ffc2ef-1e09-463d-a2c4-c183d5deb59a/prints/pp2/W5063321.webp
Белые софт-тач,Infinix HOT 40/40 Pro,A:501952,W501952,ПП2,726597224,19,https://s3.twcstorage.ru/35ffc2ef-1e09-463d-a2c4-c183d5deb59a/prints/pp2/W501952.webp
Матовые цветные чехлы для печати,Infinix HOT 40/40 Pro,A:501957,W501957,ПП2,1152911397,17,https://s3.twcstorage.ru/35ffc2ef-1e09-463d-a2c4-c183d5deb59a/prints/pp2/W501957.webp
Силиконовые чехлы,Infinix HOT 40/40 Pro,A:501967,Q501967,ПП2,727091513,1000000,https://s3.twcstorage.ru/35ffc2ef-1e09-463d-a2c4-c183d5deb59a/prints/pp2/W501967.webp
Силиконовые чехлы,Infinix HOT 40/40 Pro,A:501978,Q501978,ПП2,727218732,2,https://s3.twcstorage.ru/35ffc2ef-1e09-463d-a2c4-c183d5deb59a/prints/pp2/Q5019781.webp
Силиконовые чехлы,Infinix HOT 40/40 Pro,A:501980,Q501980,ПП2,727175480,4,https://s3.twcstorage.ru/35ffc2ef-1e09-463d-a2c4-c183d5deb59a/prints/pp2/Q5019801.webp
Силиконовые чехлы,Infinix HOT 40/40 Pro,A:501991,Q501991,ПП2,727213824,1000000,https://s3.twcstorage.ru/35ffc2ef-1e09-463d-a2c4-c183d5deb59a/prints/pp2/Q501991.webp
Матовые цветные чехлы для печати,Infinix HOT 40/40 Pro,A:501999,W501999,ПП2,1152715648,88,https://s3.twcstorage.ru/35ffc2ef-1e09-463d-a2c4-c183d5deb59a/prints/pp2/W501999.webp
Силиконовые чехлы,Infinix HOT 40/40 Pro,A:502010,W502010,ПП2,727231830,1,https://s3.twcstorage.ru/35ffc2ef-1e09-463d-a2c4-c183d5deb59a/prints/pp2/W502010.webp
Силиконовые чехлы,Infinix HOT 40/40 Pro,A:502014,W502014,ПП2,726983935,7,https://s3.twcstorage.ru/35ffc2ef-1e09-463d-a2c4-c183d5deb59a/prints/pp2/W502014.webp
Матовые цветные чехлы для печати,Infinix HOT 40/40 Pro,A:502020,W502020,ПП2,1153002438,1000000,https://s3.twcstorage.ru/35ffc2ef-1e09-463d-a2c4-c183d5deb59a/prints/pp2/W502020.webp
Матовые цветные чехлы для печати,Infinix HOT 40/40 Pro,A:502048,W502048,ПП2,1140019622,72,https://s3.twcstorage.ru/35ffc2ef-1e09-463d-a2c4-c183d5deb59a/prints/pp2/Y502048.webp
Силиконовые чехлы,Infinix HOT 40/40 Pro,A:502055,W502055,ПП2,727011810,91,https://s3.twcstorage.ru/35ffc2ef-1e09-463d-a2c4-c183d5deb59a/prints/pp2/W502055.webp
Матовые цветные чехлы для печати,Infinix HOT 40/40 Pro,A:506332,W5063321,ПП2,1153733473,2,https://s3.twcstorage.ru/35ffc2ef-1e09-463d-a2c4-c183d5deb59a/prints/pp2/W5063321.webp
Силиконовые чехлы,Infinix Hot 12 Pro,A:501936,C501936,ПП2,1139266910,1000000,https://s3.twcstorage.ru/35ffc2ef-1e09-463d-a2c4-c183d5deb59a/prints/pp2/W501936.webp
Матовые цветные чехлы для печати,Infinix Hot 12 Pro,A:506340,W5063401,ПП2,1154855843,4,https://s3.twcstorage.ru/35ffc2ef-1e09-463d-a2c4-c183d5deb59a/prints/pp2/W5063401.webp
Силиконовые чехлы,Infinix Hot 30,A:501936,C501936,ПП2,1139461835,1000000,https://s3.twcstorage.ru/35ffc2ef-1e09-463d-a2c4-c183d5deb59a/prints/pp2/W501936.webp
Силиконовые чехлы,Infinix Hot 30,A:501941,C501941,ПП2,1139262220,1000000,https://s3.twcstorage.ru/35ffc2ef-1e09-463d-a2c4-c183d5deb59a/prints/pp2/S501941.webp
Силиконовые чехлы,Infinix Hot 30i,A:501935,W501935,ПП2,727823002,1000000,https://s3.twcstorage.ru/35ffc2ef-1e09-463d-a2c4-c183d5deb59a/prints/pp2/W501935.webp
Силиконовые чехлы,Infinix Hot 30i,A:501947,W501947,ПП2,727841319,69,https://s3.twcstorage.ru/35ffc2ef-1e09-463d-a2c4-c183d5deb59a/prints/pp2/W501947.webp
Силиконовые чехлы,Infinix Hot 30i,A:501978,Q501978,ПП2,727218665,2,https://s3.twcstorage.ru/35ffc2ef-1e09-463d-a2c4-c183d5deb59a/prints/pp2/Q5019781.webp
Силиконовые чехлы,Infinix Hot 30i,A:501980,Q501980,ПП2,727178480,4,https://s3.twcstorage.ru/35ffc2ef-1e09-463d-a2c4-c183d5deb59a/prints/pp2/Q5019801.webp
Силиконовые чехлы,Infinix Hot 30i,A:502010,W502010,ПП2,727231426,1,https://s3.twcstorage.ru/35ffc2ef-1e09-463d-a2c4-c183d5deb59a/prints/pp2/W502010.webp
Силиконовые чехлы,Infinix Hot 50 4G,A:501989,Q501989,ПП2,727518279,1000000,https://s3.twcstorage.ru/35ffc2ef-1e09-463d-a2c4-c183d5deb59a/prints/pp2/Y501989.webp
Силиконовые чехлы,Infinix Hot 50 4G,A:502022,W502022,ПП2,727576630,1000000,https://s3.twcstorage.ru/35ffc2ef-1e09-463d-a2c4-c183d5deb59a/prints/pp2/Y502022.webp
Силиконовые чехлы,Infinix Hot 50 Pro,A:501957,W501957,ПП2,1122537160,54,https://s3.twcstorage.ru/35ffc2ef-1e09-463d-a2c4-c183d5deb59a/prints/pp2/W501957.webp
Силиконовые чехлы,Infinix Hot 50 Pro,A:502010,W502010,ПП2,1121282263,1,https://s3.twcstorage.ru/35ffc2ef-1e09-463d-a2c4-c183d5deb59a/prints/pp2/W502010.webp
Силиконовые чехлы,Infinix Hot 50 Pro,A:502058,W502058,ПП2,1123130557,1000000,https://s3.twcstorage.ru/35ffc2ef-1e09-463d-a2c4-c183d5deb59a/prints/pp2/W502058.webp
Силиконовые чехлы,Infinix Hot 50 Pro,A:502069,W502069,ПП2,1120662065,11,https://s3.twcstorage.ru/35ffc2ef-1e09-463d-a2c4-c183d5deb59a/prints/pp2/W502069.webp
Силиконовые чехлы,Infinix Hot 50 Pro,A:506340,W506340,ПП2,1137109069,5,https://s3.twcstorage.ru/35ffc2ef-1e09-463d-a2c4-c183d5deb59a/prints/pp2/W5063401.webp
Силиконовые чехлы,Infinix Hot 60,A:501978,Q501978,ПП2,1121704480,2,https://s3.twcstorage.ru/35ffc2ef-1e09-463d-a2c4-c183d5deb59a/prints/pp2/Q5019781.webp
Силиконовые чехлы,Infinix Hot 60 Pro,A:501939,C501939,ПП2,1139290611,1000000,https://s3.twcstorage.ru/35ffc2ef-1e09-463d-a2c4-c183d5deb59a/prints/pp2/W501939.webp
Силиконовые чехлы,Infinix Hot 60 Pro,A:502010,W502010,ПП2,1196417442,1,https://s3.twcstorage.ru/35ffc2ef-1e09-463d-a2c4-c183d5deb59a/prints/pp2/W502010.webp
Силиконовые чехлы,Infinix Hot 60 Pro,A:502014,W502014,ПП2,1121100067,7,https://s3.twcstorage.ru/35ffc2ef-1e09-463d-a2c4-c183d5deb59a/prints/pp2/W502014.webp
Белые софт-тач,Infinix Note 12 Pro 4G/Note 12 2023,A:502033,W502033,ПП2,1015331988,10,https://s3.twcstorage.ru/35ffc2ef-1e09-463d-a2c4-c183d5deb59a/prints/pp2/W502033.webp
Стеклянные чехлы,Infinix Note 12 Pro 4G/Note 12 2023,A:502048,Y502048,ПП2,1138663943,1000000,https://s3.twcstorage.ru/35ffc2ef-1e09-463d-a2c4-c183d5deb59a/prints/pp2/Y502048.webp
Силиконовые чехлы,Infinix Note 12 Pro 4G/Note 12 2023,A:506335,W506335,ПП2,1137063131,15,https://s3.twcstorage.ru/35ffc2ef-1e09-463d-a2c4-c183d5deb59a/prints/pp2/W5063351.webp
Белые софт-тач,Infinix Note 30 4G,A:501947,W501947,ПП2,726589911,27,https://s3.twcstorage.ru/35ffc2ef-1e09-463d-a2c4-c183d5deb59a/prints/pp2/W501947.webp
Чёрные софт-тач,Infinix Note 30 Pro,A:501948,S501948,ПП2,727139641,1000000,https://s3.twcstorage.ru/35ffc2ef-1e09-463d-a2c4-c183d5deb59a/prints/pp2/W501948.webp
Силиконовые чехлы,Infinix Note 30 Pro,A:501962,C501962,ПП2,727532866,62,https://s3.twcstorage.ru/35ffc2ef-1e09-463d-a2c4-c183d5deb59a/prints/pp2/W501962.webp
Силиконовые чехлы,Infinix Note 30 Pro,A:501963,Q501963,ПП2,726950377,77,https://s3.twcstorage.ru/35ffc2ef-1e09-463d-a2c4-c183d5deb59a/prints/pp2/Q5019631.webp
Силиконовые чехлы,Infinix Note 30 Pro,A:501978,Q501978,ПП2,727219113,2,https://s3.twcstorage.ru/35ffc2ef-1e09-463d-a2c4-c183d5deb59a/prints/pp2/Q5019781.webp
Силиконовые чехлы,Infinix Note 30 Pro,A:502019,W502019,ПП2,727215984,131,https://s3.twcstorage.ru/35ffc2ef-1e09-463d-a2c4-c183d5deb59a/prints/pp2/W502019.webp
Силиконовые чехлы,Infinix Note 30 Pro,A:502055,W502055,ПП2,727013334,91,https://s3.twcstorage.ru/35ffc2ef-1e09-463d-a2c4-c183d5deb59a/prints/pp2/W502055.webp
Силиконовые чехлы,Infinix Note 30 Pro,A:502063,W502063,ПП2,726935286,1000000,https://s3.twcstorage.ru/35ffc2ef-1e09-463d-a2c4-c183d5deb59a/prints/pp2/W502063.webp
Белые софт-тач,Infinix Note 30 Pro,A:502069,W502069,ПП2,726666147,16,https://s3.twcstorage.ru/35ffc2ef-1e09-463d-a2c4-c183d5deb59a/prints/pp2/W502069.webp
Белые софт-тач,Infinix Note 30i,A:501954,W501954,ПП2,726598529,1000000,https://s3.twcstorage.ru/35ffc2ef-1e09-463d-a2c4-c183d5deb59a/prints/pp2/W501954.webp
Силиконовые чехлы,Infinix Note 30i,A:501962,C501962,ПП2,727532256,62,https://s3.twcstorage.ru/35ffc2ef-1e09-463d-a2c4-c183d5deb59a/prints/pp2/W501962.webp
Силиконовые чехлы,Infinix Note 30i,A:501980,Q501980,ПП2,727175215,4,https://s3.twcstorage.ru/35ffc2ef-1e09-463d-a2c4-c183d5deb59a/prints/pp2/Q5019801.webp
Стеклянные чехлы,Infinix Note 30i,A:501993,Q5019931,ПП2,727504754,4,https://s3.twcstorage.ru/35ffc2ef-1e09-463d-a2c4-c183d5deb59a/prints/pp2/Q5019931.webp
Матовые цветные чехлы для печати,Infinix Note 30i,A:501997,W501997,ПП2,726812116,1000000,https://s3.twcstorage.ru/35ffc2ef-1e09-463d-a2c4-c183d5deb59a/prints/pp2/Y501997.webp
Матовые цветные чехлы для печати,Infinix Note 30i,A:502005,W502005,ПП2,726860573,89,https://s3.twcstorage.ru/35ffc2ef-1e09-463d-a2c4-c183d5deb59a/prints/pp2/W502005.webp
Белые софт-тач,Infinix Note 30i,A:502007,W502007,ПП2,726645396,71,https://s3.twcstorage.ru/35ffc2ef-1e09-463d-a2c4-c183d5deb59a/prints/pp2/W502007.webp
Матовые цветные чехлы для печати,Infinix Note 30i,A:502010,W502010,ПП2,726745589,10,https://s3.twcstorage.ru/35ffc2ef-1e09-463d-a2c4-c183d5deb59a/prints/pp2/W502010.webp
Матовые цветные чехлы для печати,Infinix Note 30i,A:502012,W502012,ПП2,726855787,6,https://s3.twcstorage.ru/35ffc2ef-1e09-463d-a2c4-c183d5deb59a/prints/pp2/W502012.webp
Белые софт-тач,Infinix Note 30i,A:502053,W502053,ПП2,726641057,1,https://s3.twcstorage.ru/35ffc2ef-1e09-463d-a2c4-c183d5deb59a/prints/pp2/W502053.webp
Матовые цветные чехлы для печати,Infinix Note 30i,A:506340,W5063401,ПП2,1185535313,4,https://s3.twcstorage.ru/35ffc2ef-1e09-463d-a2c4-c183d5deb59a/prints/pp2/W5063401.webp
Матовые цветные чехлы для печати,Infinix Note 40 Pro 4G,A:501957,W501957,ПП2,1152726789,17,https://s3.twcstorage.ru/35ffc2ef-1e09-463d-a2c4-c183d5deb59a/prints/pp2/W501957.webp
Чёрные софт-тач,Infinix Note 50 pro,A:501945,S501945,ПП2,727121118,1000000,https://s3.twcstorage.ru/35ffc2ef-1e09-463d-a2c4-c183d5deb59a/prints/pp2/W501945.webp
Силиконовые чехлы,Infinix Note 50 pro,A:501949,W501949,ПП2,1123264004,19,https://s3.twcstorage.ru/35ffc2ef-1e09-463d-a2c4-c183d5deb59a/prints/pp2/W501949.webp
Силиконовые чехлы,Infinix Note 50 pro,A:501978,Q501978,ПП2,1121702311,2,https://s3.twcstorage.ru/35ffc2ef-1e09-463d-a2c4-c183d5deb59a/prints/pp2/Q5019781.webp
Силиконовые чехлы,Infinix Note 50 pro,A:501980,Q501980,ПП2,1121619102,4,https://s3.twcstorage.ru/35ffc2ef-1e09-463d-a2c4-c183d5deb59a/prints/pp2/Q5019801.webp
Силиконовые чехлы,Infinix Note 50 pro,A:506332,W506332,ПП2,1137037477,3,https://s3.twcstorage.ru/35ffc2ef-1e09-463d-a2c4-c183d5deb59a/prints/pp2/W5063321.webp
Силиконовые чехлы,Infinix Note 50 pro,A:506334,W506334,ПП2,1137056224,12,https://s3.twcstorage.ru/35ffc2ef-1e09-463d-a2c4-c183d5deb59a/prints/pp2/W5063341.webp
Матовые цветные чехлы для печати,Infinix Note 50 pro/Infinix Note 50,A:501996,W501996,ПП2,1140050976,1000000,https://s3.twcstorage.ru/35ffc2ef-1e09-463d-a2c4-c183d5deb59a/prints/pp2/Y501996.webp
Силиконовые чехлы,Infinix Note 60 Pro,A:501978,Q501978,ПП2,1242262521,2,https://s3.twcstorage.ru/35ffc2ef-1e09-463d-a2c4-c183d5deb59a/prints/pp2/Q5019781.webp
Матовые цветные чехлы для печати,Infinix Note 60 Pro,A:502024,W502024,ПП2,1248494682,57,https://s3.twcstorage.ru/35ffc2ef-1e09-463d-a2c4-c183d5deb59a/prints/pp2/W502024.webp
Силиконовые чехлы,Infinix Note 60 Pro,A:502029,W502029,ПП2,1242154370,42,https://s3.twcstorage.ru/35ffc2ef-1e09-463d-a2c4-c183d5deb59a/prints/pp2/W502029.webp
Силиконовые чехлы,Infinix Note 60 Pro,A:506329,W506329,ПП2,1242373206,24,https://s3.twcstorage.ru/35ffc2ef-1e09-463d-a2c4-c183d5deb59a/prints/pp2/W5063291.webp
Матовые цветные чехлы для печати,Infinix Smart 10,A:501940,W501940,ПП2,726793546,1000000,https://s3.twcstorage.ru/35ffc2ef-1e09-463d-a2c4-c183d5deb59a/prints/pp2/W501940.webp
Силиконовые чехлы,Infinix Smart 10,A:501978,Q501978,ПП2,727217655,2,https://s3.twcstorage.ru/35ffc2ef-1e09-463d-a2c4-c183d5deb59a/prints/pp2/Q5019781.webp
Силиконовые чехлы,Infinix Smart 10,A:501979,Q501979,ПП2,727779684,48,https://s3.twcstorage.ru/35ffc2ef-1e09-463d-a2c4-c183d5deb59a/prints/pp2/Q5019791.webp
Силиконовые чехлы,Infinix Smart 10,A:502009,W502009,ПП2,727510461,8,https://s3.twcstorage.ru/35ffc2ef-1e09-463d-a2c4-c183d5deb59a/prints/pp2/W502009.webp
Силиконовые чехлы,Infinix Smart 10,A:502014,W502014,ПП2,726981033,7,https://s3.twcstorage.ru/35ffc2ef-1e09-463d-a2c4-c183d5deb59a/prints/pp2/W502014.webp
Силиконовые чехлы,Infinix Smart 10,A:502017,W502017,ПП2,727027407,1000000,https://s3.twcstorage.ru/35ffc2ef-1e09-463d-a2c4-c183d5deb59a/prints/pp2/W502017.webp
Матовые цветные чехлы для печати,Infinix Smart 10,A:502031,W502031,ПП2,726754478,59,https://s3.twcstorage.ru/35ffc2ef-1e09-463d-a2c4-c183d5deb59a/prints/pp2/W502031.webp
Силиконовые чехлы,Infinix Smart 10,A:502039,W502039,ПП2,727802081,34,https://s3.twcstorage.ru/35ffc2ef-1e09-463d-a2c4-c183d5deb59a/prints/pp2/W502039.webp
Силиконовые чехлы,Infinix Smart 10,A:502069,W502069,ПП2,726941857,11,https://s3.twcstorage.ru/35ffc2ef-1e09-463d-a2c4-c183d5deb59a/prints/pp2/W502069.webp
Силиконовые чехлы,Infinix Smart 9/Hot 50i,A:501993,Q501993,ПП2,727180970,37,https://s3.twcstorage.ru/35ffc2ef-1e09-463d-a2c4-c183d5deb59a/prints/pp2/Q5019931.webp
Силиконовые чехлы,Infinix Smart 9/Hot 50i,A:502010,W502010,ПП2,727231561,1,https://s3.twcstorage.ru/35ffc2ef-1e09-463d-a2c4-c183d5deb59a/prints/pp2/W502010.webp
Силиконовые чехлы,Infinix Smart 9/Hot 50i,A:502030,W502030,ПП2,727550727,66,https://s3.twcstorage.ru/35ffc2ef-1e09-463d-a2c4-c183d5deb59a/prints/pp2/W502030.webp
Силиконовые чехлы,Infinix Smart 9/Hot 50i,A:502058,W502058,ПП2,727767045,1000000,https://s3.twcstorage.ru/35ffc2ef-1e09-463d-a2c4-c183d5deb59a/prints/pp2/W502058.webp
Матовые цветные чехлы для печати,Infinix Zero 40 5G,A:506377,W506377,ПП2,1152410393,21,https://s3.twcstorage.ru/35ffc2ef-1e09-463d-a2c4-c183d5deb59a/prints/pp2/W506377.webp
Силиконовые чехлы,Nothing Phone (1),A:501962,W501962,ПП2,1124372175,62,https://s3.twcstorage.ru/35ffc2ef-1e09-463d-a2c4-c183d5deb59a/prints/pp2/W501962.webp
Силиконовые чехлы,Nothing Phone (1),A:502003,W502003,ПП2,1124371922,72,https://s3.twcstorage.ru/35ffc2ef-1e09-463d-a2c4-c183d5deb59a/prints/pp2/W502003.webp
Силиконовые чехлы,Nothing Phone (1),A:506333,W506333,ПП2,1137045379,50,https://s3.twcstorage.ru/35ffc2ef-1e09-463d-a2c4-c183d5deb59a/prints/pp2/W5063331.webp
Силиконовые чехлы,Nothing Phone (1),A:506347,W506347,ПП2,1137152476,82,https://s3.twcstorage.ru/35ffc2ef-1e09-463d-a2c4-c183d5deb59a/prints/pp2/W5063471.webp
Силиконовые чехлы,Nothing Phone (1),A:506348,W506348,ПП2,1137163148,83,https://s3.twcstorage.ru/35ffc2ef-1e09-463d-a2c4-c183d5deb59a/prints/pp2/W506348.webp
Силиконовые чехлы,Nothing Phone (1),A:506349,W506349,ПП2,1137169117,111,https://s3.twcstorage.ru/35ffc2ef-1e09-463d-a2c4-c183d5deb59a/prints/pp2/W506349.webp
Силиконовые чехлы,Nothing Phone (1),A:506382,Q506382,ПП2,1136983930,47,https://s3.twcstorage.ru/35ffc2ef-1e09-463d-a2c4-c183d5deb59a/prints/pp2/Q5063821.webp
Силиконовые чехлы,Nothing Phone 2a/2a Plus,A:501960,W501960,ПП2,1124058500,41,https://s3.twcstorage.ru/35ffc2ef-1e09-463d-a2c4-c183d5deb59a/prints/pp2/W501960.webp
Силиконовые чехлы,Nothing Phone 2a/2a Plus,A:506344,W506344,ПП2,1137138546,57,https://s3.twcstorage.ru/35ffc2ef-1e09-463d-a2c4-c183d5deb59a/prints/pp2/W5063441.webp
Силиконовые чехлы,Nothing Phone 3a,A:501957,C501957,ПП2,727257885,54,https://s3.twcstorage.ru/35ffc2ef-1e09-463d-a2c4-c183d5deb59a/prints/pp2/W501957.webp
Силиконовые чехлы,Nothing Phone 3a,A:506382,Q506382,ПП2,1186021131,47,https://s3.twcstorage.ru/35ffc2ef-1e09-463d-a2c4-c183d5deb59a/prints/pp2/Q5063821.webp
Силиконовые чехлы,Nothing Phone 3a Pro,A:502029,W502029,ПП2,1123995355,42,https://s3.twcstorage.ru/35ffc2ef-1e09-463d-a2c4-c183d5deb59a/prints/pp2/W502029.webp
Белые софт-тач,OPPO A5 (2025) Global,A:501951,W501951,ПП2,1019035889,7,https://s3.twcstorage.ru/35ffc2ef-1e09-463d-a2c4-c183d5deb59a/prints/pp2/W501951.webp
Силиконовые чехлы,OPPO A5x,A:501962,C501962,ПП2,727532847,62,https://s3.twcstorage.ru/35ffc2ef-1e09-463d-a2c4-c183d5deb59a/prints/pp2/W501962.webp
Силиконовые чехлы,OPPO A5x,A:501978,Q501978,ПП2,727219094,2,https://s3.twcstorage.ru/35ffc2ef-1e09-463d-a2c4-c183d5deb59a/prints/pp2/Q5019781.webp
Силиконовые чехлы,OPPO A5x,A:502069,W502069,ПП2,726943733,11,https://s3.twcstorage.ru/35ffc2ef-1e09-463d-a2c4-c183d5deb59a/prints/pp2/W502069.webp
Белые софт-тач,OnePlus 13,A:501951,W501951,ПП2,726586285,7,https://s3.twcstorage.ru/35ffc2ef-1e09-463d-a2c4-c183d5deb59a/prints/pp2/W501951.webp
Силиконовые чехлы,OnePlus 13,A:501956,W501956,ПП2,727792999,123,https://s3.twcstorage.ru/35ffc2ef-1e09-463d-a2c4-c183d5deb59a/prints/pp2/W501956.webp
Силиконовые чехлы,OnePlus 13,A:501957,W501957,ПП2,727795730,54,https://s3.twcstorage.ru/35ffc2ef-1e09-463d-a2c4-c183d5deb59a/prints/pp2/W501957.webp
Силиконовые чехлы,OnePlus 13,A:501974,Q501974,ПП2,727295043,70,https://s3.twcstorage.ru/35ffc2ef-1e09-463d-a2c4-c183d5deb59a/prints/pp2/Q501974.webp
Силиконовые чехлы,OnePlus 13,A:501978,Q501978,ПП2,727219542,2,https://s3.twcstorage.ru/35ffc2ef-1e09-463d-a2c4-c183d5deb59a/prints/pp2/Q5019781.webp
Силиконовые чехлы,OnePlus 13,A:502009,W502009,ПП2,727510906,8,https://s3.twcstorage.ru/35ffc2ef-1e09-463d-a2c4-c183d5deb59a/prints/pp2/W502009.webp
Белые софт-тач,OnePlus 13,A:502012,W502012,ПП2,726629261,14,https://s3.twcstorage.ru/35ffc2ef-1e09-463d-a2c4-c183d5deb59a/prints/pp2/W502012.webp
Силиконовые чехлы,OnePlus 13,A:502044,W502044,ПП2,727804329,139,https://s3.twcstorage.ru/35ffc2ef-1e09-463d-a2c4-c183d5deb59a/prints/pp2/W502044.webp
Белые софт-тач,OnePlus 13,A:502053,W502053,ПП2,726640023,1,https://s3.twcstorage.ru/35ffc2ef-1e09-463d-a2c4-c183d5deb59a/prints/pp2/W502053.webp
Белые софт-тач,OnePlus 13,A:502067,W502067,ПП2,726574482,63,https://s3.twcstorage.ru/35ffc2ef-1e09-463d-a2c4-c183d5deb59a/prints/pp2/W5020671.webp
Матовые цветные чехлы для печати,OnePlus 13,A:506338,W5063381,ПП2,1154040487,26,https://s3.twcstorage.ru/35ffc2ef-1e09-463d-a2c4-c183d5deb59a/prints/pp2/W5063381.webp
Силиконовые чехлы,OnePlus 13T,A:506332,W506332,ПП2,1137042566,3,https://s3.twcstorage.ru/35ffc2ef-1e09-463d-a2c4-c183d5deb59a/prints/pp2/W5063321.webp
Матовые цветные чехлы для печати,OnePlus 15,A:501947,W501947,ПП2,933321444,28,https://s3.twcstorage.ru/35ffc2ef-1e09-463d-a2c4-c183d5deb59a/prints/pp2/W501947.webp
Силиконовые чехлы,OnePlus 15,A:501957,W501957,ПП2,933587521,54,https://s3.twcstorage.ru/35ffc2ef-1e09-463d-a2c4-c183d5deb59a/prints/pp2/W501957.webp
Силиконовые чехлы,OnePlus 15,A:501962,W501962,ПП2,933623054,62,https://s3.twcstorage.ru/35ffc2ef-1e09-463d-a2c4-c183d5deb59a/prints/pp2/W501962.webp
Стеклянные чехлы,OnePlus 15,A:501980,Q5019801,ПП2,933509942,2,https://s3.twcstorage.ru/35ffc2ef-1e09-463d-a2c4-c183d5deb59a/prints/pp2/Q5019801.webp
Матовые цветные чехлы для печати,OnePlus 15,A:502017,W502017,ПП2,933304398,92,https://s3.twcstorage.ru/35ffc2ef-1e09-463d-a2c4-c183d5deb59a/prints/pp2/W502017.webp
Матовые цветные чехлы для печати,OnePlus 15,A:502025,W502025,ПП2,933291117,34,https://s3.twcstorage.ru/35ffc2ef-1e09-463d-a2c4-c183d5deb59a/prints/pp2/W502025.webp
Матовые цветные чехлы для печати,OnePlus 15,A:502029,W502029,ПП2,933295138,30,https://s3.twcstorage.ru/35ffc2ef-1e09-463d-a2c4-c183d5deb59a/prints/pp2/W502029.webp
Матовые цветные чехлы для печати,OnePlus 15,A:502031,W502031,ПП2,933284040,59,https://s3.twcstorage.ru/35ffc2ef-1e09-463d-a2c4-c183d5deb59a/prints/pp2/W502031.webp
Силиконовые чехлы,OnePlus 15,A:502054,W502054,ПП2,933666475,141,https://s3.twcstorage.ru/35ffc2ef-1e09-463d-a2c4-c183d5deb59a/prints/pp2/W502054.webp
Матовые цветные чехлы для печати,OnePlus 15,A:502065,W502065,ПП2,933295406,16,https://s3.twcstorage.ru/35ffc2ef-1e09-463d-a2c4-c183d5deb59a/prints/pp2/W502065.webp
Силиконовые чехлы,OnePlus 15,A:502069,W502069,ПП2,933661526,11,https://s3.twcstorage.ru/35ffc2ef-1e09-463d-a2c4-c183d5deb59a/prints/pp2/W502069.webp
Силиконовые чехлы,OnePlus 15,A:506329,W506329,ПП2,1186666381,24,https://s3.twcstorage.ru/35ffc2ef-1e09-463d-a2c4-c183d5deb59a/prints/pp2/W5063291.webp
Матовые цветные чехлы для печати,OnePlus 15,A:506331,W5063311,ПП2,1185747204,5,https://s3.twcstorage.ru/35ffc2ef-1e09-463d-a2c4-c183d5deb59a/prints/pp2/W5063311.webp
Матовые цветные чехлы для печати,OnePlus 15,A:506336,W5063361,ПП2,1185623933,15,https://s3.twcstorage.ru/35ffc2ef-1e09-463d-a2c4-c183d5deb59a/prints/pp2/W5063361.webp
Матовые цветные чехлы для печати,OnePlus 15,A:506337,W5063371,ПП2,1185380589,13,https://s3.twcstorage.ru/35ffc2ef-1e09-463d-a2c4-c183d5deb59a/prints/pp2/W5063371.webp
Матовые цветные чехлы для печати,OnePlus 15,A:506338,W5063381,ПП2,1189282128,26,https://s3.twcstorage.ru/35ffc2ef-1e09-463d-a2c4-c183d5deb59a/prints/pp2/W5063381.webp
Силиконовые чехлы,OnePlus 15,A:506339,W506339,ПП2,1186732301,13,https://s3.twcstorage.ru/35ffc2ef-1e09-463d-a2c4-c183d5deb59a/prints/pp2/W5063391.webp
Силиконовые чехлы,OnePlus 15,A:506364,W506364,ПП2,1186668050,44,https://s3.twcstorage.ru/35ffc2ef-1e09-463d-a2c4-c183d5deb59a/prints/pp2/W506364.webp
Матовые цветные чехлы для печати,OnePlus 15,A:506374,W506374,ПП2,1185749786,11,https://s3.twcstorage.ru/35ffc2ef-1e09-463d-a2c4-c183d5deb59a/prints/pp2/W506374.webp
Силиконовые чехлы,OnePlus Nord 4 5G,A:501949,W501949,ПП2,1123272692,19,https://s3.twcstorage.ru/35ffc2ef-1e09-463d-a2c4-c183d5deb59a/prints/pp2/W501949.webp
Силиконовые чехлы,OnePlus Nord 4 5G,A:502064,W502064,ПП2,1120965722,80,https://s3.twcstorage.ru/35ffc2ef-1e09-463d-a2c4-c183d5deb59a/prints/pp2/W502064.webp
Силиконовые чехлы,OnePlus Nord 5,A:501943,C501943,ПП2,727271259,119,https://s3.twcstorage.ru/35ffc2ef-1e09-463d-a2c4-c183d5deb59a/prints/pp2/S501943.webp
Стеклянные чехлы,OnePlus Nord 5,A:501964,Q5019641,ПП2,933503223,1000000,https://s3.twcstorage.ru/35ffc2ef-1e09-463d-a2c4-c183d5deb59a/prints/pp2/Q5019641.webp
Матовые цветные чехлы для печати,OnePlus Nord 5,A:502009,W502009,ПП2,933289357,22,https://s3.twcstorage.ru/35ffc2ef-1e09-463d-a2c4-c183d5deb59a/prints/pp2/W502009.webp
Матовые цветные чехлы для печати,OnePlus Nord 5,A:502065,W502065,ПП2,933294924,16,https://s3.twcstorage.ru/35ffc2ef-1e09-463d-a2c4-c183d5deb59a/prints/pp2/W502065.webp
Силиконовые чехлы,OnePlus Nord 5,A:502067,W502067,ПП2,727041309,1000000,https://s3.twcstorage.ru/35ffc2ef-1e09-463d-a2c4-c183d5deb59a/prints/pp2/W5020671.webp
Матовые цветные чехлы для печати,OnePlus Nord 5,A:506341,W5063411,ПП2,1213133065,36,https://s3.twcstorage.ru/35ffc2ef-1e09-463d-a2c4-c183d5deb59a/prints/pp2/W5063411.webp
Матовые цветные чехлы для печати,OnePlus Nord CE 5,A:506337,W5063371,ПП2,1153978430,13,https://s3.twcstorage.ru/35ffc2ef-1e09-463d-a2c4-c183d5deb59a/prints/pp2/W5063371.webp
Матовые цветные чехлы для печати,OnePlus Nord CE 5,A:506345,W5063451,ПП2,1154395381,27,https://s3.twcstorage.ru/35ffc2ef-1e09-463d-a2c4-c183d5deb59a/prints/pp2/W5063451.webp
Матовые цветные чехлы для печати,OnePlus Nord CE 5,A:506370,W506370,ПП2,1152350581,63,https://s3.twcstorage.ru/35ffc2ef-1e09-463d-a2c4-c183d5deb59a/prints/pp2/W506370.webp
Силиконовые чехлы,Oppo A38/A18,A:501960,W501960,ПП2,1124065790,41,https://s3.twcstorage.ru/35ffc2ef-1e09-463d-a2c4-c183d5deb59a/prints/pp2/W501960.webp
Силиконовые чехлы,Oppo A38/A18,A:502009,W502009,ПП2,1136983007,8,https://s3.twcstorage.ru/35ffc2ef-1e09-463d-a2c4-c183d5deb59a/prints/pp2/W502009.webp
Силиконовые чехлы,Oppo A5 (2020)/A9 (2020),A:501982,Q501982,ПП2,1123892344,1000000,https://s3.twcstorage.ru/35ffc2ef-1e09-463d-a2c4-c183d5deb59a/prints/pp2/Y501982.webp
Силиконовые чехлы,Oppo Realme 8/8 Pro,A:502011,W502011,ПП2,1202336772,58,https://s3.twcstorage.ru/35ffc2ef-1e09-463d-a2c4-c183d5deb59a/prints/pp2/W502011.webp
Силиконовые чехлы,Oppo Realme 8/8 Pro,A:502014,W502014,ПП2,1121113522,7,https://s3.twcstorage.ru/35ffc2ef-1e09-463d-a2c4-c183d5deb59a/prints/pp2/W502014.webp
Силиконовые чехлы,Oppo Realme XT,A:506372,W506372,ПП2,1137401254,16,https://s3.twcstorage.ru/35ffc2ef-1e09-463d-a2c4-c183d5deb59a/prints/pp2/W506372.webp
Силиконовые чехлы,Oppo Reno 14F,A:502024,W502024,ПП2,1123971478,134,https://s3.twcstorage.ru/35ffc2ef-1e09-463d-a2c4-c183d5deb59a/prints/pp2/W502024.webp
Матовые цветные чехлы для печати,Oppo Reno 14F,A:502069,W502069,ПП2,1140066404,31,https://s3.twcstorage.ru/35ffc2ef-1e09-463d-a2c4-c183d5deb59a/prints/pp2/W502069.webp
Силиконовые чехлы,Oppo Reno 5 Lite,A:501991,Q501991,ПП2,1121663409,1000000,https://s3.twcstorage.ru/35ffc2ef-1e09-463d-a2c4-c183d5deb59a/prints/pp2/Q501991.webp
Матовые цветные чехлы для печати,Oppo Reno 8T 4G,A:506375,W506375,ПП2,1152392682,45,https://s3.twcstorage.ru/35ffc2ef-1e09-463d-a2c4-c183d5deb59a/prints/pp2/W506375.webp
Матовые цветные чехлы для печати,POCO F8 PRO 5G,A:502037,W502037,ПП2,1196050163,71,https://s3.twcstorage.ru/35ffc2ef-1e09-463d-a2c4-c183d5deb59a/prints/pp2/W502037.webp
Силиконовые чехлы,POCO F8 PRO 5G,A:502051,W502051,ПП2,1121098887,140,https://s3.twcstorage.ru/35ffc2ef-1e09-463d-a2c4-c183d5deb59a/prints/pp2/W502051.webp
Силиконовые чехлы,Poco M7 4G,A:501971,Q501971,ПП2,726918321,87,https://s3.twcstorage.ru/35ffc2ef-1e09-463d-a2c4-c183d5deb59a/prints/pp2/Q501971.webp
Силиконовые чехлы,Poco M7 4G,A:501974,Q501974,ПП2,727295044,70,https://s3.twcstorage.ru/35ffc2ef-1e09-463d-a2c4-c183d5deb59a/prints/pp2/Q501974.webp
Силиконовые чехлы,Poco M7 4G,A:501983,Q501983,ПП2,727856183,71,https://s3.twcstorage.ru/35ffc2ef-1e09-463d-a2c4-c183d5deb59a/prints/pp2/Y501983.webp
Матовые цветные чехлы для печати,Poco M7 4G,A:506331,W5063311,ПП2,1154875240,5,https://s3.twcstorage.ru/35ffc2ef-1e09-463d-a2c4-c183d5deb59a/prints/pp2/W5063311.webp
Силиконовые чехлы,Poco M7 4G,A:506340,W506340,ПП2,1186756756,5,https://s3.twcstorage.ru/35ffc2ef-1e09-463d-a2c4-c183d5deb59a/prints/pp2/W5063401.webp
Матовые цветные чехлы для печати,Poco M7 4G,A:506379,W506379,ПП2,1152421612,24,https://s3.twcstorage.ru/35ffc2ef-1e09-463d-a2c4-c183d5deb59a/prints/pp2/W506379.webp
Силиконовые чехлы,Poco X6/Redmi Note 13 Pro 5G,A:501974,Q501974,ПП2,1196464115,70,https://s3.twcstorage.ru/35ffc2ef-1e09-463d-a2c4-c183d5deb59a/prints/pp2/Q501974.webp
Силиконовые чехлы,Poco X6/Redmi Note 13 Pro 5G,A:501978,Q501978,ПП2,1196398846,2,https://s3.twcstorage.ru/35ffc2ef-1e09-463d-a2c4-c183d5deb59a/prints/pp2/Q5019781.webp
Силиконовые чехлы,Poco X6/Redmi Note 13 Pro 5G,A:501979,Q501979,ПП2,1196488123,48,https://s3.twcstorage.ru/35ffc2ef-1e09-463d-a2c4-c183d5deb59a/prints/pp2/Q5019791.webp
Силиконовые чехлы,Poco X6/Redmi Note 13 Pro 5G,A:501980,Q501980,ПП2,1196376246,4,https://s3.twcstorage.ru/35ffc2ef-1e09-463d-a2c4-c183d5deb59a/prints/pp2/Q5019801.webp
Матовые цветные чехлы для печати,Poco X6/Redmi Note 13 Pro 5G,A:502006,W502006,ПП2,1196173840,47,https://s3.twcstorage.ru/35ffc2ef-1e09-463d-a2c4-c183d5deb59a/prints/pp2/W502006.webp
Матовые цветные чехлы для печати,Poco X6/Redmi Note 13 Pro 5G,A:502009,W502009,ПП2,1139996134,22,https://s3.twcstorage.ru/35ffc2ef-1e09-463d-a2c4-c183d5deb59a/prints/pp2/W502009.webp
Силиконовые чехлы,Poco X6/Redmi Note 13 Pro 5G,A:502012,W502012,ПП2,1196358385,35,https://s3.twcstorage.ru/35ffc2ef-1e09-463d-a2c4-c183d5deb59a/prints/pp2/W502012.webp
Матовые цветные чехлы для печати,Poco X6/Redmi Note 13 Pro 5G,A:502023,W502023,ПП2,1153005273,56,https://s3.twcstorage.ru/35ffc2ef-1e09-463d-a2c4-c183d5deb59a/prints/pp2/W502023.webp
Силиконовые чехлы,Poco X6/Redmi Note 13 Pro 5G,A:502064,W502064,ПП2,1121085272,80,https://s3.twcstorage.ru/35ffc2ef-1e09-463d-a2c4-c183d5deb59a/prints/pp2/W502064.webp
Матовые цветные чехлы для печати,Poco X6/Redmi Note 13 Pro 5G,A:506332,W5063321,ПП2,1153735407,2,https://s3.twcstorage.ru/35ffc2ef-1e09-463d-a2c4-c183d5deb59a/prints/pp2/W5063321.webp
Матовые цветные чехлы для печати,Poco X6/Redmi Note 13 Pro 5G,A:506334,W5063341,ПП2,1153830868,1,https://s3.twcstorage.ru/35ffc2ef-1e09-463d-a2c4-c183d5deb59a/prints/pp2/W5063341.webp
Матовые цветные чехлы для печати,Poco X6/Redmi Note 13 Pro 5G,A:506340,W5063401,ПП2,1154140470,4,https://s3.twcstorage.ru/35ffc2ef-1e09-463d-a2c4-c183d5deb59a/prints/pp2/W5063401.webp
Силиконовые чехлы,Poco X6/Redmi Note 13 Pro 5G,A:506380,W506380,ПП2,1137440733,76,https://s3.twcstorage.ru/35ffc2ef-1e09-463d-a2c4-c183d5deb59a/prints/pp2/W506380.webp
Силиконовые чехлы,Poco X8 Pro Max,A:502035,W502035,ПП2,1242557308,43,https://s3.twcstorage.ru/35ffc2ef-1e09-463d-a2c4-c183d5deb59a/prints/pp2/W502035.webp
Стеклянные чехлы,Realme 10 4G,A:501978,Q5019781,ПП2,727506209,3,https://s3.twcstorage.ru/35ffc2ef-1e09-463d-a2c4-c183d5deb59a/prints/pp2/Q5019781.webp
Стеклянные чехлы,Realme 10 4G,A:501980,Q5019801,ПП2,727506804,2,https://s3.twcstorage.ru/35ffc2ef-1e09-463d-a2c4-c183d5deb59a/prints/pp2/Q5019801.webp
Силиконовые чехлы,Realme 10 4G,A:502010,W502010,ПП2,727230912,1,https://s3.twcstorage.ru/35ffc2ef-1e09-463d-a2c4-c183d5deb59a/prints/pp2/W502010.webp
Белые софт-тач,Realme 10 4G,A:502013,W502013,ПП2,930968288,72,https://s3.twcstorage.ru/35ffc2ef-1e09-463d-a2c4-c183d5deb59a/prints/pp2/W502013.webp
Силиконовые чехлы,Realme 10 4G,A:502014,W502014,ПП2,726980916,7,https://s3.twcstorage.ru/35ffc2ef-1e09-463d-a2c4-c183d5deb59a/prints/pp2/W502014.webp
Белые софт-тач,Realme 10 4G,A:502053,W502053,ПП2,931008752,1,https://s3.twcstorage.ru/35ffc2ef-1e09-463d-a2c4-c183d5deb59a/prints/pp2/W502053.webp
Белые софт-тач,Realme 10 4G,A:506330,W506330,ПП2,1164152399,17,https://s3.twcstorage.ru/35ffc2ef-1e09-463d-a2c4-c183d5deb59a/prints/pp2/W5063301.webp
Силиконовые чехлы,Realme 10 Pro+,A:506333,W506333,ПП2,1137051898,50,https://s3.twcstorage.ru/35ffc2ef-1e09-463d-a2c4-c183d5deb59a/prints/pp2/W5063331.webp
Силиконовые чехлы,Realme 11 4G,A:501978,Q501978,ПП2,727218728,2,https://s3.twcstorage.ru/35ffc2ef-1e09-463d-a2c4-c183d5deb59a/prints/pp2/Q5019781.webp
Силиконовые чехлы,Realme 11 4G,A:501980,Q501980,ПП2,727178114,4,https://s3.twcstorage.ru/35ffc2ef-1e09-463d-a2c4-c183d5deb59a/prints/pp2/Q5019801.webp
Силиконовые чехлы,Realme 11 4G,A:501982,Q501982,ПП2,727553614,1000000,https://s3.twcstorage.ru/35ffc2ef-1e09-463d-a2c4-c183d5deb59a/prints/pp2/Y501982.webp
Силиконовые чехлы,Realme 11 4G,A:502010,W502010,ПП2,727232982,1,https://s3.twcstorage.ru/35ffc2ef-1e09-463d-a2c4-c183d5deb59a/prints/pp2/W502010.webp
Силиконовые чехлы,Realme 11 4G,A:502035,W502035,ПП2,727782866,43,https://s3.twcstorage.ru/35ffc2ef-1e09-463d-a2c4-c183d5deb59a/prints/pp2/W502035.webp
Силиконовые чехлы,Realme 11 4G,A:502048,W502048,ПП2,726991370,26,https://s3.twcstorage.ru/35ffc2ef-1e09-463d-a2c4-c183d5deb59a/prints/pp2/Y502048.webp
Силиконовые чехлы,Realme 11 4G,A:502049,W502049,ПП2,726995507,40,https://s3.twcstorage.ru/35ffc2ef-1e09-463d-a2c4-c183d5deb59a/prints/pp2/Y502049.webp
Силиконовые чехлы,Realme 11 Pro,A:501980,Q501980,ПП2,1196380312,4,https://s3.twcstorage.ru/35ffc2ef-1e09-463d-a2c4-c183d5deb59a/prints/pp2/Q5019801.webp
Силиконовые чехлы,Realme 11 Pro,A:502038,W502038,ПП2,1201896532,135,https://s3.twcstorage.ru/35ffc2ef-1e09-463d-a2c4-c183d5deb59a/prints/pp2/Y502038.webp
Силиконовые чехлы,Realme 11 Pro,A:502069,W502069,ПП2,1120675181,11,https://s3.twcstorage.ru/35ffc2ef-1e09-463d-a2c4-c183d5deb59a/prints/pp2/W502069.webp
Силиконовые чехлы,Realme 11 Pro,A:506370,W506370,ПП2,1137386832,95,https://s3.twcstorage.ru/35ffc2ef-1e09-463d-a2c4-c183d5deb59a/prints/pp2/W506370.webp
Силиконовые чехлы,Realme 11 Pro,A:506383,Q506383,ПП2,1136995545,32,https://s3.twcstorage.ru/35ffc2ef-1e09-463d-a2c4-c183d5deb59a/prints/pp2/Q5063831.webp
Силиконовые чехлы,Realme 11 Pro+,A:501978,Q501978,ПП2,1196400435,2,https://s3.twcstorage.ru/35ffc2ef-1e09-463d-a2c4-c183d5deb59a/prints/pp2/Q5019781.webp
Силиконовые чехлы,Realme 11 Pro+,A:501980,Q501980,ПП2,1196379360,4,https://s3.twcstorage.ru/35ffc2ef-1e09-463d-a2c4-c183d5deb59a/prints/pp2/Q5019801.webp
Силиконовые чехлы,Realme 11 Pro+,A:502038,W502038,ПП2,1202250373,135,https://s3.twcstorage.ru/35ffc2ef-1e09-463d-a2c4-c183d5deb59a/prints/pp2/Y502038.webp
Силиконовые чехлы,Realme 11 Pro+,A:502069,W502069,ПП2,1120669761,11,https://s3.twcstorage.ru/35ffc2ef-1e09-463d-a2c4-c183d5deb59a/prints/pp2/W502069.webp
Силиконовые чехлы,Realme 11 Pro+,A:506383,Q506383,ПП2,1136994053,32,https://s3.twcstorage.ru/35ffc2ef-1e09-463d-a2c4-c183d5deb59a/prints/pp2/Q5063831.webp
Силиконовые чехлы,Realme 12 5G/Realme 13 5G,A:501993,Q501993,ПП2,1121650312,37,https://s3.twcstorage.ru/35ffc2ef-1e09-463d-a2c4-c183d5deb59a/prints/pp2/Q5019931.webp
Силиконовые чехлы,Realme 12 5G/Realme 13 5G,A:502066,W502066,ПП2,1121476471,1000000,https://s3.twcstorage.ru/35ffc2ef-1e09-463d-a2c4-c183d5deb59a/prints/pp2/W502066.webp
Силиконовые чехлы,Realme 12 5G/Realme 13 5G,A:506332,W506332,ПП2,1137041079,3,https://s3.twcstorage.ru/35ffc2ef-1e09-463d-a2c4-c183d5deb59a/prints/pp2/W5063321.webp
Матовые цветные чехлы для печати,Realme 12 5G/Realme 13 5G,A:506335,W5063351,ПП2,1153901423,23,https://s3.twcstorage.ru/35ffc2ef-1e09-463d-a2c4-c183d5deb59a/prints/pp2/W5063351.webp
Матовые цветные чехлы для печати,Realme 12 5G/Realme 13 5G,A:506338,W5063381,ПП2,1154841346,26,https://s3.twcstorage.ru/35ffc2ef-1e09-463d-a2c4-c183d5deb59a/prints/pp2/W5063381.webp
Силиконовые чехлы,Realme 12 Pro+,A:501990,Q501990,ПП2,1123699472,63,https://s3.twcstorage.ru/35ffc2ef-1e09-463d-a2c4-c183d5deb59a/prints/pp2/Y501990.webp
Силиконовые чехлы,Realme 12+/Realme 12 4G/Realme 13 4G,A:502010,W502010,ПП2,1196417420,1,https://s3.twcstorage.ru/35ffc2ef-1e09-463d-a2c4-c183d5deb59a/prints/pp2/W502010.webp
Силиконовые чехлы,Realme 12+/Realme 12 4G/Realme 13 4G,A:506384,Q506384,ПП2,1136996241,36,https://s3.twcstorage.ru/35ffc2ef-1e09-463d-a2c4-c183d5deb59a/prints/pp2/Q5063841.webp
Силиконовые чехлы,Realme 13+,A:502065,W502065,ПП2,1123224692,49,https://s3.twcstorage.ru/35ffc2ef-1e09-463d-a2c4-c183d5deb59a/prints/pp2/W502065.webp
Силиконовые чехлы,Realme 14 5G,A:502016,W502016,ПП2,727822340,130,https://s3.twcstorage.ru/35ffc2ef-1e09-463d-a2c4-c183d5deb59a/prints/pp2/W502016.webp
Силиконовые чехлы,Realme 14 5G,A:502029,W502029,ПП2,727529209,42,https://s3.twcstorage.ru/35ffc2ef-1e09-463d-a2c4-c183d5deb59a/prints/pp2/W502029.webp
Объемные матовые чехлы черные,Realme 14 5G,A:502032,W502032,ПП2,1181464986,32,https://s3.twcstorage.ru/35ffc2ef-1e09-463d-a2c4-c183d5deb59a/prints/pp2/W502032.webp
Белые софт-тач,Realme 14 5G,A:502053,W502053,ПП2,726640323,1,https://s3.twcstorage.ru/35ffc2ef-1e09-463d-a2c4-c183d5deb59a/prints/pp2/W502053.webp
Силиконовые чехлы,Realme 14 5G,A:506332,W506332,ПП2,1186769510,3,https://s3.twcstorage.ru/35ffc2ef-1e09-463d-a2c4-c183d5deb59a/prints/pp2/W5063321.webp
Силиконовые чехлы,Realme 14 Pro +,A:501947,C501947,ПП2,727777917,69,https://s3.twcstorage.ru/35ffc2ef-1e09-463d-a2c4-c183d5deb59a/prints/pp2/W501947.webp
Чехол с вкладышем,Realme 14 Pro +,A:502014,W502014,ПП2,994452083,1000000,https://s3.twcstorage.ru/35ffc2ef-1e09-463d-a2c4-c183d5deb59a/prints/pp2/W502014.webp
Чехол с вкладышем,Realme 14 Pro +,A:502036,W502036,ПП2,994453076,1000000,https://s3.twcstorage.ru/35ffc2ef-1e09-463d-a2c4-c183d5deb59a/prints/pp2/W502036.webp
Силиконовые чехлы,Realme 14 Pro +,A:506329,W506329,ПП2,1186079043,24,https://s3.twcstorage.ru/35ffc2ef-1e09-463d-a2c4-c183d5deb59a/prints/pp2/W5063291.webp
Силиконовые чехлы,Realme 14T,A:501978,Q501978,ПП2,727218886,2,https://s3.twcstorage.ru/35ffc2ef-1e09-463d-a2c4-c183d5deb59a/prints/pp2/Q5019781.webp
Силиконовые чехлы,Realme 14T,A:502039,W502039,ПП2,727802774,34,https://s3.twcstorage.ru/35ffc2ef-1e09-463d-a2c4-c183d5deb59a/prints/pp2/W502039.webp
Белые софт-тач,Realme 14T,A:502053,W502053,ПП2,726639875,1,https://s3.twcstorage.ru/35ffc2ef-1e09-463d-a2c4-c183d5deb59a/prints/pp2/W502053.webp
Силиконовые чехлы,Realme 15,A:501996,W501996,ПП2,933653898,1000000,https://s3.twcstorage.ru/35ffc2ef-1e09-463d-a2c4-c183d5deb59a/prints/pp2/Y501996.webp
Силиконовые чехлы,Realme 15,A:502009,W502009,ПП2,933603881,8,https://s3.twcstorage.ru/35ffc2ef-1e09-463d-a2c4-c183d5deb59a/prints/pp2/W502009.webp
Силиконовые чехлы,Realme 15,A:506332,W506332,ПП2,1137037007,3,https://s3.twcstorage.ru/35ffc2ef-1e09-463d-a2c4-c183d5deb59a/prints/pp2/W5063321.webp
Матовые цветные чехлы для печати,Realme 15,A:506334,W5063341,ПП2,1153830484,1,https://s3.twcstorage.ru/35ffc2ef-1e09-463d-a2c4-c183d5deb59a/prints/pp2/W5063341.webp
Силиконовые чехлы,Realme 15 Pro,A:501978,Q501978,ПП2,933664984,2,https://s3.twcstorage.ru/35ffc2ef-1e09-463d-a2c4-c183d5deb59a/prints/pp2/Q5019781.webp
Силиконовые чехлы,Realme 15 Pro,A:501980,Q501980,ПП2,934616057,4,https://s3.twcstorage.ru/35ffc2ef-1e09-463d-a2c4-c183d5deb59a/prints/pp2/Q5019801.webp
Силиконовые чехлы,Realme 15 Pro,A:501993,Q501993,ПП2,933648208,37,https://s3.twcstorage.ru/35ffc2ef-1e09-463d-a2c4-c183d5deb59a/prints/pp2/Q5019931.webp
Силиконовые чехлы,Realme 15 Pro,A:502065,W502065,ПП2,933598945,49,https://s3.twcstorage.ru/35ffc2ef-1e09-463d-a2c4-c183d5deb59a/prints/pp2/W502065.webp
Силиконовые чехлы,Realme 15 Pro,A:506340,W506340,ПП2,1137105187,5,https://s3.twcstorage.ru/35ffc2ef-1e09-463d-a2c4-c183d5deb59a/prints/pp2/W5063401.webp
Матовые цветные чехлы для печати,Realme 15 Pro,A:506373,W506373,ПП2,1152369020,12,https://s3.twcstorage.ru/35ffc2ef-1e09-463d-a2c4-c183d5deb59a/prints/pp2/W506373.webp
Силиконовые чехлы,Realme 15T,A:501947,C501947,ПП2,727778028,69,https://s3.twcstorage.ru/35ffc2ef-1e09-463d-a2c4-c183d5deb59a/prints/pp2/W501947.webp
Силиконовые чехлы,Realme 15T,A:501949,W501949,ПП2,727853800,19,https://s3.twcstorage.ru/35ffc2ef-1e09-463d-a2c4-c183d5deb59a/prints/pp2/W501949.webp
Силиконовые чехлы,Realme 15T,A:501990,Q501990,ПП2,727814711,63,https://s3.twcstorage.ru/35ffc2ef-1e09-463d-a2c4-c183d5deb59a/prints/pp2/Y501990.webp
Матовые цветные чехлы для печати,Realme 15T,A:502006,W502006,ПП2,726862285,47,https://s3.twcstorage.ru/35ffc2ef-1e09-463d-a2c4-c183d5deb59a/prints/pp2/W502006.webp
Матовые цветные чехлы для печати,Realme 15T,A:502067,W5020671,ПП2,726733435,41,https://s3.twcstorage.ru/35ffc2ef-1e09-463d-a2c4-c183d5deb59a/prints/pp2/W5020671.webp
Матовые цветные чехлы для печати,Realme 15T,A:502068,W502068,ПП2,726797257,77,https://s3.twcstorage.ru/35ffc2ef-1e09-463d-a2c4-c183d5deb59a/prints/pp2/W502068.webp
Матовые цветные чехлы для печати,Realme 15T,A:506331,W5063311,ПП2,1155033320,5,https://s3.twcstorage.ru/35ffc2ef-1e09-463d-a2c4-c183d5deb59a/prints/pp2/W5063311.webp
Матовые цветные чехлы для печати,Realme 15T,A:506340,W5063401,ПП2,1154131332,4,https://s3.twcstorage.ru/35ffc2ef-1e09-463d-a2c4-c183d5deb59a/prints/pp2/W5063401.webp
Силиконовые чехлы,Realme 8i,A:501937,W501937,ПП2,1196437904,116,https://s3.twcstorage.ru/35ffc2ef-1e09-463d-a2c4-c183d5deb59a/prints/pp2/W501937.webp
Силиконовые чехлы,Realme 8i,A:501980,Q501980,ПП2,1196376232,4,https://s3.twcstorage.ru/35ffc2ef-1e09-463d-a2c4-c183d5deb59a/prints/pp2/Q5019801.webp
Силиконовые чехлы,Realme 8i,A:502008,W502008,ПП2,1123653475,18,https://s3.twcstorage.ru/35ffc2ef-1e09-463d-a2c4-c183d5deb59a/prints/pp2/W502008.webp
Силиконовые чехлы,Realme 8i,A:502010,W502010,ПП2,1121922033,1,https://s3.twcstorage.ru/35ffc2ef-1e09-463d-a2c4-c183d5deb59a/prints/pp2/W502010.webp
Силиконовые чехлы,Realme 9 Pro/9 5G,A:501938,W501938,ПП2,727562032,68,https://s3.twcstorage.ru/35ffc2ef-1e09-463d-a2c4-c183d5deb59a/prints/pp2/W501938.webp
Силиконовые чехлы,Realme 9 Pro/9 5G,A:501947,W501947,ПП2,727841383,69,https://s3.twcstorage.ru/35ffc2ef-1e09-463d-a2c4-c183d5deb59a/prints/pp2/W501947.webp
Силиконовые чехлы,Realme 9 Pro/9 5G,A:501980,Q501980,ПП2,727178457,4,https://s3.twcstorage.ru/35ffc2ef-1e09-463d-a2c4-c183d5deb59a/prints/pp2/Q5019801.webp
Силиконовые чехлы,Realme 9 Pro/9 5G,A:501981,Q501981,ПП2,727788396,101,https://s3.twcstorage.ru/35ffc2ef-1e09-463d-a2c4-c183d5deb59a/prints/pp2/Y501981.webp
Силиконовые чехлы,Realme 9 Pro/9 5G,A:501982,Q501982,ПП2,727554170,1000000,https://s3.twcstorage.ru/35ffc2ef-1e09-463d-a2c4-c183d5deb59a/prints/pp2/Y501982.webp
Силиконовые чехлы,Realme 9 Pro/9 5G,A:502008,W502008,ПП2,727826786,18,https://s3.twcstorage.ru/35ffc2ef-1e09-463d-a2c4-c183d5deb59a/prints/pp2/W502008.webp
Силиконовые чехлы,Realme 9/9 Pro Plus,A:501980,Q501980,ПП2,727179202,4,https://s3.twcstorage.ru/35ffc2ef-1e09-463d-a2c4-c183d5deb59a/prints/pp2/Q5019801.webp
Силиконовые чехлы,Realme 9/9 Pro Plus,A:502029,W502029,ПП2,727529174,42,https://s3.twcstorage.ru/35ffc2ef-1e09-463d-a2c4-c183d5deb59a/prints/pp2/W502029.webp
Белые софт-тач,Realme 9/9 Pro Plus,A:506329,W506329,ПП2,1164120667,24,https://s3.twcstorage.ru/35ffc2ef-1e09-463d-a2c4-c183d5deb59a/prints/pp2/W5063291.webp
Силиконовые чехлы,Realme 9i/Oppo A96 4G,A:502069,W502069,ПП2,1121090405,11,https://s3.twcstorage.ru/35ffc2ef-1e09-463d-a2c4-c183d5deb59a/prints/pp2/W502069.webp
Силиконовые чехлы,Realme C53/C51/Note 50,A:501931,C501931,ПП2,727203343,1000000,https://s3.twcstorage.ru/35ffc2ef-1e09-463d-a2c4-c183d5deb59a/prints/pp2/W501931.webp
Силиконовые чехлы,Realme C53/C51/Note 50,A:501978,Q501978,ПП2,727217701,2,https://s3.twcstorage.ru/35ffc2ef-1e09-463d-a2c4-c183d5deb59a/prints/pp2/Q5019781.webp
Стеклянные чехлы,Realme C53/C51/Note 50,A:501980,Q5019801,ПП2,727506759,2,https://s3.twcstorage.ru/35ffc2ef-1e09-463d-a2c4-c183d5deb59a/prints/pp2/Q5019801.webp
Объемные матовые чехлы коричневые,Realme C53/C51/Note 50,A:501986,Q501986,ПП2,1156027579,1000000,https://s3.twcstorage.ru/35ffc2ef-1e09-463d-a2c4-c183d5deb59a/prints/pp2/Y501986.webp
Силиконовые чехлы,Realme C53/C51/Note 50,A:501987,Q501987,ПП2,727811056,1000000,https://s3.twcstorage.ru/35ffc2ef-1e09-463d-a2c4-c183d5deb59a/prints/pp2/Y501987.webp
Чехол с вкладышем,Realme C53/C51/Note 50,A:501997,W501997,ПП2,994480370,1000000,https://s3.twcstorage.ru/35ffc2ef-1e09-463d-a2c4-c183d5deb59a/prints/pp2/Y501997.webp
Матовые цветные чехлы для печати,Realme C53/C51/Note 50,A:502004,W502004,ПП2,726737985,1000000,https://s3.twcstorage.ru/35ffc2ef-1e09-463d-a2c4-c183d5deb59a/prints/pp2/W502004.webp
Чехол с вкладышем,Realme C53/C51/Note 50,A:502005,W502005,ПП2,994480649,1000000,https://s3.twcstorage.ru/35ffc2ef-1e09-463d-a2c4-c183d5deb59a/prints/pp2/W502005.webp
Матовые цветные чехлы для печати,Realme C53/C51/Note 50,A:502009,W502009,ПП2,726742703,22,https://s3.twcstorage.ru/35ffc2ef-1e09-463d-a2c4-c183d5deb59a/prints/pp2/W502009.webp
Белые софт-тач,Realme C53/C51/Note 50,A:502014,W502014,ПП2,726648002,15,https://s3.twcstorage.ru/35ffc2ef-1e09-463d-a2c4-c183d5deb59a/prints/pp2/W502014.webp
Чехол с вкладышем,Realme C53/C51/Note 50,A:502016,W502016,ПП2,994482176,1000000,https://s3.twcstorage.ru/35ffc2ef-1e09-463d-a2c4-c183d5deb59a/prints/pp2/W502016.webp
Чехол с вкладышем,Realme C53/C51/Note 50,A:502019,W502019,ПП2,994482425,1000000,https://s3.twcstorage.ru/35ffc2ef-1e09-463d-a2c4-c183d5deb59a/prints/pp2/W502019.webp
Матовые цветные чехлы для печати,Realme C53/C51/Note 50,A:502031,W502031,ПП2,726754556,59,https://s3.twcstorage.ru/35ffc2ef-1e09-463d-a2c4-c183d5deb59a/prints/pp2/W502031.webp
Матовые цветные чехлы для печати,Realme C53/C51/Note 50,A:502032,W502032,ПП2,726858722,40,https://s3.twcstorage.ru/35ffc2ef-1e09-463d-a2c4-c183d5deb59a/prints/pp2/W502032.webp
Матовые цветные чехлы для печати,Realme C53/C51/Note 50,A:502035,W502035,ПП2,726756683,50,https://s3.twcstorage.ru/35ffc2ef-1e09-463d-a2c4-c183d5deb59a/prints/pp2/W502035.webp
Матовые цветные чехлы для печати,Realme C53/C51/Note 50,A:502037,W502037,ПП2,726758714,71,https://s3.twcstorage.ru/35ffc2ef-1e09-463d-a2c4-c183d5deb59a/prints/pp2/W502037.webp
Силиконовые чехлы,Realme C53/C51/Note 50,A:502046,W502046,ПП2,727287883,1000000,https://s3.twcstorage.ru/35ffc2ef-1e09-463d-a2c4-c183d5deb59a/prints/pp2/W5020461.webp
Матовые цветные чехлы для печати,Realme C53/C51/Note 50,A:502049,W502049,ПП2,726764604,60,https://s3.twcstorage.ru/35ffc2ef-1e09-463d-a2c4-c183d5deb59a/prints/pp2/Y502049.webp
Белые софт-тач,Realme C53/C51/Note 50,A:502053,W502053,ПП2,726640415,1,https://s3.twcstorage.ru/35ffc2ef-1e09-463d-a2c4-c183d5deb59a/prints/pp2/W502053.webp
Объемные матовые чехлы черные,Realme C53/C51/Note 50,A:502057,W502057,ПП2,1157499861,46,https://s3.twcstorage.ru/35ffc2ef-1e09-463d-a2c4-c183d5deb59a/prints/pp2/W502057.webp
Белые софт-тач,Realme C53/C51/Note 50,A:502067,W502067,ПП2,726574953,63,https://s3.twcstorage.ru/35ffc2ef-1e09-463d-a2c4-c183d5deb59a/prints/pp2/W5020671.webp
Белые софт-тач,Realme C53/C51/Note 50,A:502068,W502068,ПП2,726664617,1000000,https://s3.twcstorage.ru/35ffc2ef-1e09-463d-a2c4-c183d5deb59a/prints/pp2/W502068.webp
Объемные матовые чехлы черные,Realme C53/C51/Note 50,A:506329,W5063291,ПП2,1157897155,21,https://s3.twcstorage.ru/35ffc2ef-1e09-463d-a2c4-c183d5deb59a/prints/pp2/W5063291.webp
Объемные матовые чехлы коричневые,Realme C53/C51/Note 50,A:506340,W506340,ПП2,1156723818,6,https://s3.twcstorage.ru/35ffc2ef-1e09-463d-a2c4-c183d5deb59a/prints/pp2/W5063401.webp
Силиконовые чехлы,Realme C53/C51/Note 50,A:506364,W506364,ПП2,1186432075,44,https://s3.twcstorage.ru/35ffc2ef-1e09-463d-a2c4-c183d5deb59a/prints/pp2/W506364.webp
Силиконовые чехлы,Realme C53/C51/Note 50,A:506372,W506372,ПП2,1186487139,16,https://s3.twcstorage.ru/35ffc2ef-1e09-463d-a2c4-c183d5deb59a/prints/pp2/W506372.webp
Стеклянные чехлы,Realme C53/C51/Note 50,A:506382,Q5063821,ПП2,1186844104,7,https://s3.twcstorage.ru/35ffc2ef-1e09-463d-a2c4-c183d5deb59a/prints/pp2/Q5063821.webp
Силиконовые чехлы,Realme C55,A:501949,W501949,ПП2,727854522,19,https://s3.twcstorage.ru/35ffc2ef-1e09-463d-a2c4-c183d5deb59a/prints/pp2/W501949.webp
Белые софт-тач,Realme C55,A:501957,W501957,ПП2,726610276,29,https://s3.twcstorage.ru/35ffc2ef-1e09-463d-a2c4-c183d5deb59a/prints/pp2/W501957.webp
Силиконовые чехлы,Realme C55,A:501968,W501968,ПП2,727075357,78,https://s3.twcstorage.ru/35ffc2ef-1e09-463d-a2c4-c183d5deb59a/prints/pp2/W501968.webp
Силиконовые чехлы,Realme C55,A:501978,Q501978,ПП2,727218736,2,https://s3.twcstorage.ru/35ffc2ef-1e09-463d-a2c4-c183d5deb59a/prints/pp2/Q5019781.webp
Белые софт-тач,Realme C55,A:502007,W502007,ПП2,726645355,71,https://s3.twcstorage.ru/35ffc2ef-1e09-463d-a2c4-c183d5deb59a/prints/pp2/W502007.webp
Матовые цветные чехлы для печати,Realme C55,A:502008,W502008,ПП2,1139993497,43,https://s3.twcstorage.ru/35ffc2ef-1e09-463d-a2c4-c183d5deb59a/prints/pp2/W502008.webp
Силиконовые чехлы,Realme C55,A:502037,W502037,ПП2,727059375,38,https://s3.twcstorage.ru/35ffc2ef-1e09-463d-a2c4-c183d5deb59a/prints/pp2/W502037.webp
Белые софт-тач,Realme C55,A:502042,W502042,ПП2,726620362,60,https://s3.twcstorage.ru/35ffc2ef-1e09-463d-a2c4-c183d5deb59a/prints/pp2/Y502042.webp
Белые софт-тач,Realme C55,A:502048,W502048,ПП2,726573915,21,https://s3.twcstorage.ru/35ffc2ef-1e09-463d-a2c4-c183d5deb59a/prints/pp2/Y502048.webp
Белые софт-тач,Realme C55,A:506332,W506332,ПП2,1164187450,8,https://s3.twcstorage.ru/35ffc2ef-1e09-463d-a2c4-c183d5deb59a/prints/pp2/W5063321.webp
Белые софт-тач,Realme C61 4G (Global),A:501931,W501931,ПП2,726582032,66,https://s3.twcstorage.ru/35ffc2ef-1e09-463d-a2c4-c183d5deb59a/prints/pp2/W501931.webp
Силиконовые чехлы,Realme C61 4G (Global),A:501939,C501939,ПП2,727189751,1000000,https://s3.twcstorage.ru/35ffc2ef-1e09-463d-a2c4-c183d5deb59a/prints/pp2/W501939.webp
Чёрные софт-тач,Realme C61 4G (Global),A:501949,S501949,ПП2,727140348,1,https://s3.twcstorage.ru/35ffc2ef-1e09-463d-a2c4-c183d5deb59a/prints/pp2/W501949.webp
Силиконовые чехлы,Realme C61 4G (Global),A:501951,W501951,ПП2,727842340,20,https://s3.twcstorage.ru/35ffc2ef-1e09-463d-a2c4-c183d5deb59a/prints/pp2/W501951.webp
Матовые цветные чехлы для печати,Realme C61 4G (Global),A:501957,W501957,ПП2,726829063,17,https://s3.twcstorage.ru/35ffc2ef-1e09-463d-a2c4-c183d5deb59a/prints/pp2/W501957.webp
Силиконовые чехлы,Realme C61 4G (Global),A:501968,Q501968,ПП2,726898538,78,https://s3.twcstorage.ru/35ffc2ef-1e09-463d-a2c4-c183d5deb59a/prints/pp2/W501968.webp
Силиконовые чехлы,Realme C61 4G (Global),A:501978,Q501978,ПП2,727217798,2,https://s3.twcstorage.ru/35ffc2ef-1e09-463d-a2c4-c183d5deb59a/prints/pp2/Q5019781.webp
Силиконовые чехлы,Realme C61 4G (Global),A:501980,Q501980,ПП2,727175401,4,https://s3.twcstorage.ru/35ffc2ef-1e09-463d-a2c4-c183d5deb59a/prints/pp2/Q5019801.webp
Силиконовые чехлы,Realme C61 4G (Global),A:501988,Q501988,ПП2,727513846,128,https://s3.twcstorage.ru/35ffc2ef-1e09-463d-a2c4-c183d5deb59a/prints/pp2/Y501988.webp
Силиконовые чехлы,Realme C61 4G (Global),A:501993,Q501993,ПП2,727179313,37,https://s3.twcstorage.ru/35ffc2ef-1e09-463d-a2c4-c183d5deb59a/prints/pp2/Q5019931.webp
Матовые цветные чехлы для печати,Realme C61 4G (Global),A:502030,W502030,ПП2,726857042,20,https://s3.twcstorage.ru/35ffc2ef-1e09-463d-a2c4-c183d5deb59a/prints/pp2/W502030.webp
Матовые цветные чехлы для печати,Realme C61 4G (Global),A:502031,W502031,ПП2,726754636,59,https://s3.twcstorage.ru/35ffc2ef-1e09-463d-a2c4-c183d5deb59a/prints/pp2/W502031.webp
Матовые цветные чехлы для печати,Realme C61 4G (Global),A:502032,W502032,ПП2,726858801,40,https://s3.twcstorage.ru/35ffc2ef-1e09-463d-a2c4-c183d5deb59a/prints/pp2/W502032.webp
Белые софт-тач,Realme C61 4G (Global),A:502036,W502036,ПП2,726650190,25,https://s3.twcstorage.ru/35ffc2ef-1e09-463d-a2c4-c183d5deb59a/prints/pp2/W502036.webp
Силиконовые чехлы,Realme C61 4G (Global),A:502039,W502039,ПП2,727802224,34,https://s3.twcstorage.ru/35ffc2ef-1e09-463d-a2c4-c183d5deb59a/prints/pp2/W502039.webp
Белые софт-тач,Realme C61 4G (Global),A:502058,W502058,ПП2,726616659,1000000,https://s3.twcstorage.ru/35ffc2ef-1e09-463d-a2c4-c183d5deb59a/prints/pp2/W502058.webp
Силиконовые чехлы,Realme C67 4G,A:501962,W501962,ПП2,1124354947,62,https://s3.twcstorage.ru/35ffc2ef-1e09-463d-a2c4-c183d5deb59a/prints/pp2/W501962.webp
Силиконовые чехлы,Realme C67 4G,A:501978,Q501978,ПП2,1196398945,2,https://s3.twcstorage.ru/35ffc2ef-1e09-463d-a2c4-c183d5deb59a/prints/pp2/Q5019781.webp
Матовые цветные чехлы для печати,Realme C67 4G,A:502062,W502062,ПП2,1140041757,97,https://s3.twcstorage.ru/35ffc2ef-1e09-463d-a2c4-c183d5deb59a/prints/pp2/W502062.webp
Матовые цветные чехлы для печати,Realme C67 4G,A:506330,W5063301,ПП2,1153622078,3,https://s3.twcstorage.ru/35ffc2ef-1e09-463d-a2c4-c183d5deb59a/prints/pp2/W5063301.webp
Матовые цветные чехлы для печати,Realme C67 4G,A:506372,W506372,ПП2,1152365586,9,https://s3.twcstorage.ru/35ffc2ef-1e09-463d-a2c4-c183d5deb59a/prints/pp2/W506372.webp
Матовые цветные чехлы для печати,Realme C71/P3 Lite 4G,A:501931,W501931,ПП2,726804103,84,https://s3.twcstorage.ru/35ffc2ef-1e09-463d-a2c4-c183d5deb59a/prints/pp2/W501931.webp
Объемные матовые чехлы черные,Realme C71/P3 Lite 4G,A:501937,W501937,ПП2,1157441297,18,https://s3.twcstorage.ru/35ffc2ef-1e09-463d-a2c4-c183d5deb59a/prints/pp2/W501937.webp
Белые софт-тач,Realme C71/P3 Lite 4G,A:501951,W501951,ПП2,726586094,7,https://s3.twcstorage.ru/35ffc2ef-1e09-463d-a2c4-c183d5deb59a/prints/pp2/W501951.webp
Чехол с вкладышем,Realme C71/P3 Lite 4G,A:501953,W501953,ПП2,994464090,1000000,https://s3.twcstorage.ru/35ffc2ef-1e09-463d-a2c4-c183d5deb59a/prints/pp2/W501953.webp
Матовые цветные чехлы для печати,Realme C71/P3 Lite 4G,A:501957,W501957,ПП2,726828659,17,https://s3.twcstorage.ru/35ffc2ef-1e09-463d-a2c4-c183d5deb59a/prints/pp2/W501957.webp
Белые софт-тач,Realme C71/P3 Lite 4G,A:501961,W501961,ПП2,726672655,12,https://s3.twcstorage.ru/35ffc2ef-1e09-463d-a2c4-c183d5deb59a/prints/pp2/W501961.webp
Силиконовые чехлы,Realme C71/P3 Lite 4G,A:501978,Q501978,ПП2,727217743,2,https://s3.twcstorage.ru/35ffc2ef-1e09-463d-a2c4-c183d5deb59a/prints/pp2/Q5019781.webp
Стеклянные чехлы,Realme C71/P3 Lite 4G,A:501980,Q5019801,ПП2,727506669,2,https://s3.twcstorage.ru/35ffc2ef-1e09-463d-a2c4-c183d5deb59a/prints/pp2/Q5019801.webp
Силиконовые чехлы,Realme C71/P3 Lite 4G,A:501989,Q501989,ПП2,727516705,1000000,https://s3.twcstorage.ru/35ffc2ef-1e09-463d-a2c4-c183d5deb59a/prints/pp2/Y501989.webp
Чехол с вкладышем,Realme C71/P3 Lite 4G,A:502003,W502003,ПП2,994465582,1000000,https://s3.twcstorage.ru/35ffc2ef-1e09-463d-a2c4-c183d5deb59a/prints/pp2/W502003.webp
Матовые цветные чехлы для печати,Realme C71/P3 Lite 4G,A:502004,W502004,ПП2,726737380,1000000,https://s3.twcstorage.ru/35ffc2ef-1e09-463d-a2c4-c183d5deb59a/prints/pp2/W502004.webp
Чехол с вкладышем,Realme C71/P3 Lite 4G,A:502005,W502005,ПП2,994465855,1000000,https://s3.twcstorage.ru/35ffc2ef-1e09-463d-a2c4-c183d5deb59a/prints/pp2/W502005.webp
Чехол с вкладышем,Realme C71/P3 Lite 4G,A:502007,W502007,ПП2,994466131,1000000,https://s3.twcstorage.ru/35ffc2ef-1e09-463d-a2c4-c183d5deb59a/prints/pp2/W502007.webp
Матовые цветные чехлы для печати,Realme C71/P3 Lite 4G,A:502010,W502010,ПП2,726744715,10,https://s3.twcstorage.ru/35ffc2ef-1e09-463d-a2c4-c183d5deb59a/prints/pp2/W502010.webp
Матовые цветные чехлы для печати,Realme C71/P3 Lite 4G,A:502013,W502013,ПП2,726746833,90,https://s3.twcstorage.ru/35ffc2ef-1e09-463d-a2c4-c183d5deb59a/prints/pp2/W502013.webp
Белые софт-тач,Realme C71/P3 Lite 4G,A:502016,W502016,ПП2,726631996,1000000,https://s3.twcstorage.ru/35ffc2ef-1e09-463d-a2c4-c183d5deb59a/prints/pp2/W502016.webp
Матовые цветные чехлы для печати,Realme C71/P3 Lite 4G,A:502031,W502031,ПП2,726754187,59,https://s3.twcstorage.ru/35ffc2ef-1e09-463d-a2c4-c183d5deb59a/prints/pp2/W502031.webp
Матовые цветные чехлы для печати,Realme C71/P3 Lite 4G,A:502032,W502032,ПП2,726858529,40,https://s3.twcstorage.ru/35ffc2ef-1e09-463d-a2c4-c183d5deb59a/prints/pp2/W502032.webp
Объемные матовые чехлы молочные,Realme C71/P3 Lite 4G,A:502037,W502037,ПП2,1155818543,1000000,https://s3.twcstorage.ru/35ffc2ef-1e09-463d-a2c4-c183d5deb59a/prints/pp2/W502037.webp
Белые софт-тач,Realme C71/P3 Lite 4G,A:502053,W502053,ПП2,726639920,1,https://s3.twcstorage.ru/35ffc2ef-1e09-463d-a2c4-c183d5deb59a/prints/pp2/W502053.webp
Матовые цветные чехлы для печати,Realme C75 4G,A:501938,W501938,ПП2,726788662,1000000,https://s3.twcstorage.ru/35ffc2ef-1e09-463d-a2c4-c183d5deb59a/prints/pp2/W501938.webp
Силиконовые чехлы,Realme C75 4G,A:501947,W501947,ПП2,727840459,69,https://s3.twcstorage.ru/35ffc2ef-1e09-463d-a2c4-c183d5deb59a/prints/pp2/W501947.webp
Белые софт-тач,Realme C75 4G,A:501951,W501951,ПП2,726586892,7,https://s3.twcstorage.ru/35ffc2ef-1e09-463d-a2c4-c183d5deb59a/prints/pp2/W501951.webp
Силиконовые чехлы,Realme C75 4G,A:501960,C501960,ПП2,727209154,41,https://s3.twcstorage.ru/35ffc2ef-1e09-463d-a2c4-c183d5deb59a/prints/pp2/W501960.webp
Силиконовые чехлы,Realme C75 4G,A:501961,C501961,ПП2,727534367,21,https://s3.twcstorage.ru/35ffc2ef-1e09-463d-a2c4-c183d5deb59a/prints/pp2/W501961.webp
Силиконовые чехлы,Realme C75 4G,A:501978,Q501978,ПП2,727217829,2,https://s3.twcstorage.ru/35ffc2ef-1e09-463d-a2c4-c183d5deb59a/prints/pp2/Q5019781.webp
Стеклянные чехлы,Realme C75 4G,A:501980,Q5019801,ПП2,727506769,2,https://s3.twcstorage.ru/35ffc2ef-1e09-463d-a2c4-c183d5deb59a/prints/pp2/Q5019801.webp
Силиконовые чехлы,Realme C75 4G,A:501981,Q501981,ПП2,727787584,101,https://s3.twcstorage.ru/35ffc2ef-1e09-463d-a2c4-c183d5deb59a/prints/pp2/Y501981.webp
Белые софт-тач,Realme C75 4G,A:502005,W502005,ПП2,726626267,55,https://s3.twcstorage.ru/35ffc2ef-1e09-463d-a2c4-c183d5deb59a/prints/pp2/W502005.webp
Матовые цветные чехлы для печати,Realme C75 4G,A:502010,W502010,ПП2,726744940,10,https://s3.twcstorage.ru/35ffc2ef-1e09-463d-a2c4-c183d5deb59a/prints/pp2/W502010.webp
Белые софт-тач,Realme C75 4G,A:502047,W502047,ПП2,726572197,32,https://s3.twcstorage.ru/35ffc2ef-1e09-463d-a2c4-c183d5deb59a/prints/pp2/W502047.webp
Белые софт-тач,Realme C75 4G,A:502048,W502048,ПП2,726573439,21,https://s3.twcstorage.ru/35ffc2ef-1e09-463d-a2c4-c183d5deb59a/prints/pp2/Y502048.webp
Силиконовые чехлы,Realme C75 4G,A:506330,W506330,ПП2,1186089432,17,https://s3.twcstorage.ru/35ffc2ef-1e09-463d-a2c4-c183d5deb59a/prints/pp2/W5063301.webp
Матовые цветные чехлы для печати,Realme C75 4G,A:506332,W5063321,ПП2,1185620821,2,https://s3.twcstorage.ru/35ffc2ef-1e09-463d-a2c4-c183d5deb59a/prints/pp2/W5063321.webp
Силиконовые чехлы,Realme GT 2 Pro,A:502065,W502065,ПП2,1123231165,49,https://s3.twcstorage.ru/35ffc2ef-1e09-463d-a2c4-c183d5deb59a/prints/pp2/W502065.webp
Силиконовые чехлы,Realme GT 2 Pro,A:506364,W506364,ПП2,1137349816,44,https://s3.twcstorage.ru/35ffc2ef-1e09-463d-a2c4-c183d5deb59a/prints/pp2/W506364.webp
Силиконовые чехлы,Realme GT 6/GT 6T/GT Neo 6/GT Neo 6 SE,A:501970,W501970,ПП2,1124157329,1000000,https://s3.twcstorage.ru/35ffc2ef-1e09-463d-a2c4-c183d5deb59a/prints/pp2/W501970.webp
Силиконовые чехлы,Realme GT 7 Pro,A:502014,W502014,ПП2,1120800665,7,https://s3.twcstorage.ru/35ffc2ef-1e09-463d-a2c4-c183d5deb59a/prints/pp2/W502014.webp
Силиконовые чехлы,Realme GT Master Edition,A:506335,W506335,ПП2,1137062949,15,https://s3.twcstorage.ru/35ffc2ef-1e09-463d-a2c4-c183d5deb59a/prints/pp2/W5063351.webp
Силиконовые чехлы,Realme GT Neo 3T/Neo 2,A:501971,Q501971,ПП2,1120947999,87,https://s3.twcstorage.ru/35ffc2ef-1e09-463d-a2c4-c183d5deb59a/prints/pp2/Q501971.webp
Силиконовые чехлы,Realme Narzo 50A,A:501980,Q501980,ПП2,1196380155,4,https://s3.twcstorage.ru/35ffc2ef-1e09-463d-a2c4-c183d5deb59a/prints/pp2/Q5019801.webp
Силиконовые чехлы,Realme Note 60/Note 60X,A:501927,C501927,ПП2,726900843,114,https://s3.twcstorage.ru/35ffc2ef-1e09-463d-a2c4-c183d5deb59a/prints/pp2/W501927.webp
Силиконовые чехлы,Realme Note 60/Note 60X,A:501931,C501931,ПП2,727202424,1000000,https://s3.twcstorage.ru/35ffc2ef-1e09-463d-a2c4-c183d5deb59a/prints/pp2/W501931.webp
Белые софт-тач,Realme Note 60/Note 60X,A:501955,W501955,ПП2,726607233,44,https://s3.twcstorage.ru/35ffc2ef-1e09-463d-a2c4-c183d5deb59a/prints/pp2/W501955.webp
Матовые цветные чехлы для печати,Realme Note 60/Note 60X,A:501957,W501957,ПП2,726828339,17,https://s3.twcstorage.ru/35ffc2ef-1e09-463d-a2c4-c183d5deb59a/prints/pp2/W501957.webp
Белые софт-тач,Realme Note 60/Note 60X,A:501961,W501961,ПП2,726675629,12,https://s3.twcstorage.ru/35ffc2ef-1e09-463d-a2c4-c183d5deb59a/prints/pp2/W501961.webp
Силиконовые чехлы,Realme Note 60/Note 60X,A:501973,Q501973,ПП2,727799173,1000000,https://s3.twcstorage.ru/35ffc2ef-1e09-463d-a2c4-c183d5deb59a/prints/pp2/Q501973.webp
Силиконовые чехлы,Realme Note 60/Note 60X,A:501978,Q501978,ПП2,727217332,2,https://s3.twcstorage.ru/35ffc2ef-1e09-463d-a2c4-c183d5deb59a/prints/pp2/Q5019781.webp
Стеклянные чехлы,Realme Note 60/Note 60X,A:501980,Q5019801,ПП2,727506493,2,https://s3.twcstorage.ru/35ffc2ef-1e09-463d-a2c4-c183d5deb59a/prints/pp2/Q5019801.webp
Силиконовые чехлы,Realme Note 60/Note 60X,A:501983,Q501983,ПП2,727855283,71,https://s3.twcstorage.ru/35ffc2ef-1e09-463d-a2c4-c183d5deb59a/prints/pp2/Y501983.webp
Силиконовые чехлы,Realme Note 60/Note 60X,A:501988,Q501988,ПП2,727513688,128,https://s3.twcstorage.ru/35ffc2ef-1e09-463d-a2c4-c183d5deb59a/prints/pp2/Y501988.webp
Силиконовые чехлы,Realme Note 60/Note 60X,A:501993,Q501993,ПП2,727179318,37,https://s3.twcstorage.ru/35ffc2ef-1e09-463d-a2c4-c183d5deb59a/prints/pp2/Q5019931.webp
Матовые цветные чехлы для печати,Realme Note 60/Note 60X,A:501999,W501999,ПП2,726825284,88,https://s3.twcstorage.ru/35ffc2ef-1e09-463d-a2c4-c183d5deb59a/prints/pp2/W501999.webp
Матовые цветные чехлы для печати,Realme Note 60/Note 60X,A:502005,W502005,ПП2,726859581,89,https://s3.twcstorage.ru/35ffc2ef-1e09-463d-a2c4-c183d5deb59a/prints/pp2/W502005.webp
Чехол с вкладышем,Realme Note 60/Note 60X,A:502010,W502010,ПП2,994440354,1000000,https://s3.twcstorage.ru/35ffc2ef-1e09-463d-a2c4-c183d5deb59a/prints/pp2/W502010.webp
Матовые цветные чехлы для печати,Realme Note 60/Note 60X,A:502014,W502014,ПП2,726749700,18,https://s3.twcstorage.ru/35ffc2ef-1e09-463d-a2c4-c183d5deb59a/prints/pp2/W502014.webp
Чехол с вкладышем,Realme Note 60/Note 60X,A:502020,W502020,ПП2,994440747,1000000,https://s3.twcstorage.ru/35ffc2ef-1e09-463d-a2c4-c183d5deb59a/prints/pp2/W502020.webp
Чехол с вкладышем,Realme Note 60/Note 60X,A:502031,W502031,ПП2,994443433,1000000,https://s3.twcstorage.ru/35ffc2ef-1e09-463d-a2c4-c183d5deb59a/prints/pp2/W502031.webp
Белые софт-тач,Realme Note 60/Note 60X,A:502035,W502035,ПП2,726564055,20,https://s3.twcstorage.ru/35ffc2ef-1e09-463d-a2c4-c183d5deb59a/prints/pp2/W502035.webp
Белые софт-тач,Realme Note 60/Note 60X,A:502042,W502042,ПП2,726619890,60,https://s3.twcstorage.ru/35ffc2ef-1e09-463d-a2c4-c183d5deb59a/prints/pp2/Y502042.webp
Белые софт-тач,Realme Note 60/Note 60X,A:502052,W502052,ПП2,726642802,2,https://s3.twcstorage.ru/35ffc2ef-1e09-463d-a2c4-c183d5deb59a/prints/pp2/W502052.webp
Матовые цветные чехлы для печати,Realme Note 60/Note 60X,A:502058,W502058,ПП2,726841695,96,https://s3.twcstorage.ru/35ffc2ef-1e09-463d-a2c4-c183d5deb59a/prints/pp2/W502058.webp
Чехол с вкладышем,Realme Note 60/Note 60X,A:502067,W502067,ПП2,994446994,1000000,https://s3.twcstorage.ru/35ffc2ef-1e09-463d-a2c4-c183d5deb59a/prints/pp2/W5020671.webp
Белые софт-тач,Realme Note 60/Note 60X,A:502069,W502069,ПП2,726666961,16,https://s3.twcstorage.ru/35ffc2ef-1e09-463d-a2c4-c183d5deb59a/prints/pp2/W502069.webp
Матовые цветные чехлы для печати,Realme Note 60/Note 60X,A:506331,W5063311,ПП2,1185486265,5,https://s3.twcstorage.ru/35ffc2ef-1e09-463d-a2c4-c183d5deb59a/prints/pp2/W5063311.webp
Белые софт-тач,Realme Note 60/Note 60X,A:506364,W506364,ПП2,1163750111,34,https://s3.twcstorage.ru/35ffc2ef-1e09-463d-a2c4-c183d5deb59a/prints/pp2/W506364.webp
Матовые цветные чехлы для печати,Realme Note 60/Note 60X,A:506373,W506373,ПП2,1185788933,12,https://s3.twcstorage.ru/35ffc2ef-1e09-463d-a2c4-c183d5deb59a/prints/pp2/W506373.webp
Силиконовые чехлы,Realme Note 70,A:501937,W501937,ПП2,1122920694,116,https://s3.twcstorage.ru/35ffc2ef-1e09-463d-a2c4-c183d5deb59a/prints/pp2/W501937.webp
Силиконовые чехлы,Realme P3 5G,A:502034,W502034,ПП2,1122453442,1000000,https://s3.twcstorage.ru/35ffc2ef-1e09-463d-a2c4-c183d5deb59a/prints/pp2/W502034.webp
Матовые цветные чехлы для печати,Realme P3 5G,A:502054,W502054,ПП2,1140031278,73,https://s3.twcstorage.ru/35ffc2ef-1e09-463d-a2c4-c183d5deb59a/prints/pp2/W502054.webp
Силиконовые чехлы,Realme P3 Ultra 5G,A:501976,Q501976,ПП2,1122341871,79,https://s3.twcstorage.ru/35ffc2ef-1e09-463d-a2c4-c183d5deb59a/prints/pp2/Q501976.webp
Матовые цветные чехлы для печати,Redmi Note 15 Pro + 5G/POCO M8 Pro 5G,A:502014,W502014,ПП2,1140002770,18,https://s3.twcstorage.ru/35ffc2ef-1e09-463d-a2c4-c183d5deb59a/prints/pp2/W502014.webp
Матовые цветные чехлы для печати,Redmi Note 15 Pro + 5G/POCO M8 Pro 5G,A:502015,W502015,ПП2,1196084032,91,https://s3.twcstorage.ru/35ffc2ef-1e09-463d-a2c4-c183d5deb59a/prints/pp2/W502015.webp
Матовые цветные чехлы для печати,Redmi Note 15 Pro 4G,A:501957,W501957,ПП2,934595167,17,https://s3.twcstorage.ru/35ffc2ef-1e09-463d-a2c4-c183d5deb59a/prints/pp2/W501957.webp
Силиконовые чехлы,Redmi Note 15 Pro 4G,A:501962,W501962,ПП2,933672349,62,https://s3.twcstorage.ru/35ffc2ef-1e09-463d-a2c4-c183d5deb59a/prints/pp2/W501962.webp
Силиконовые чехлы,Redmi Note 15 Pro 4G,A:501978,Q501978,ПП2,933597695,2,https://s3.twcstorage.ru/35ffc2ef-1e09-463d-a2c4-c183d5deb59a/prints/pp2/Q5019781.webp
Силиконовые чехлы,Redmi Note 15 Pro 4G,A:501993,Q501993,ПП2,934616021,37,https://s3.twcstorage.ru/35ffc2ef-1e09-463d-a2c4-c183d5deb59a/prints/pp2/Q5019931.webp
Матовые цветные чехлы для печати,Redmi Note 15 Pro 4G,A:502025,W502025,ПП2,933317399,34,https://s3.twcstorage.ru/35ffc2ef-1e09-463d-a2c4-c183d5deb59a/prints/pp2/W502025.webp
Силиконовые чехлы,Redmi Note 15 Pro 4G,A:502032,W502032,ПП2,933620086,25,https://s3.twcstorage.ru/35ffc2ef-1e09-463d-a2c4-c183d5deb59a/prints/pp2/W502032.webp
Силиконовые чехлы,Redmi Note 15 Pro 4G,A:502037,W502037,ПП2,933600979,38,https://s3.twcstorage.ru/35ffc2ef-1e09-463d-a2c4-c183d5deb59a/prints/pp2/W502037.webp
Матовые цветные чехлы для печати,Redmi Note 15 Pro 4G,A:506340,W5063401,ПП2,1185459534,4,https://s3.twcstorage.ru/35ffc2ef-1e09-463d-a2c4-c183d5deb59a/prints/pp2/W5063401.webp
Матовые цветные чехлы для печати,Redmi Note 15 Pro 4G,A:506344,W5063441,ПП2,1185703068,51,https://s3.twcstorage.ru/35ffc2ef-1e09-463d-a2c4-c183d5deb59a/prints/pp2/W5063441.webp
Матовые цветные чехлы для печати,Redmi Note 15 Pro 5G,A:501933,W501933,ПП2,933324557,85,https://s3.twcstorage.ru/35ffc2ef-1e09-463d-a2c4-c183d5deb59a/prints/pp2/W501933.webp
Силиконовые чехлы,Redmi Note 15 Pro 5G,A:501957,W501957,ПП2,933680054,54,https://s3.twcstorage.ru/35ffc2ef-1e09-463d-a2c4-c183d5deb59a/prints/pp2/W501957.webp
Стеклянные чехлы,Redmi Note 15 Pro 5G,A:501965,Q5019651,ПП2,933506917,1000000,https://s3.twcstorage.ru/35ffc2ef-1e09-463d-a2c4-c183d5deb59a/prints/pp2/Q5019651.webp
Силиконовые чехлы,Redmi Note 15 Pro 5G,A:501968,W501968,ПП2,933587639,78,https://s3.twcstorage.ru/35ffc2ef-1e09-463d-a2c4-c183d5deb59a/prints/pp2/W501968.webp
Силиконовые чехлы,Redmi Note 15 Pro 5G,A:501978,Q501978,ПП2,933678614,2,https://s3.twcstorage.ru/35ffc2ef-1e09-463d-a2c4-c183d5deb59a/prints/pp2/Q5019781.webp
Матовые цветные чехлы для печати,Redmi Note 15 Pro 5G,A:502014,W502014,ПП2,933277281,18,https://s3.twcstorage.ru/35ffc2ef-1e09-463d-a2c4-c183d5deb59a/prints/pp2/W502014.webp
Матовые цветные чехлы для печати,Redmi Note 15 Pro 5G,A:502015,W502015,ПП2,933291946,91,https://s3.twcstorage.ru/35ffc2ef-1e09-463d-a2c4-c183d5deb59a/prints/pp2/W502015.webp
Силиконовые чехлы,Redmi Note 15 Pro 5G,A:502036,W502036,ПП2,933591547,33,https://s3.twcstorage.ru/35ffc2ef-1e09-463d-a2c4-c183d5deb59a/prints/pp2/W502036.webp
Силиконовые чехлы,Redmi Note 15 Pro 5G,A:502055,W502055,ПП2,933618570,91,https://s3.twcstorage.ru/35ffc2ef-1e09-463d-a2c4-c183d5deb59a/prints/pp2/W502055.webp
Силиконовые чехлы,Samsung Galaxy A05S,A:502032,W502032,ПП2,1123199726,25,https://s3.twcstorage.ru/35ffc2ef-1e09-463d-a2c4-c183d5deb59a/prints/pp2/W502032.webp
Матовые цветные чехлы для печати,Samsung Galaxy A05S,A:506337,W5063371,ПП2,1154803299,13,https://s3.twcstorage.ru/35ffc2ef-1e09-463d-a2c4-c183d5deb59a/prints/pp2/W5063371.webp
Силиконовые чехлы,Samsung Galaxy A06,A:501962,W501962,ПП2,1200332294,62,https://s3.twcstorage.ru/35ffc2ef-1e09-463d-a2c4-c183d5deb59a/prints/pp2/W501962.webp
Матовые цветные чехлы для печати,Samsung Galaxy A06,A:502010,W502010,ПП2,1140201147,10,https://s3.twcstorage.ru/35ffc2ef-1e09-463d-a2c4-c183d5deb59a/prints/pp2/W502010.webp
Силиконовые чехлы,Samsung Galaxy A06,A:502015,W502015,ПП2,1123641017,1000000,https://s3.twcstorage.ru/35ffc2ef-1e09-463d-a2c4-c183d5deb59a/prints/pp2/W502015.webp
Силиконовые чехлы,Samsung Galaxy A06,A:502025,W502025,ПП2,1124366170,65,https://s3.twcstorage.ru/35ffc2ef-1e09-463d-a2c4-c183d5deb59a/prints/pp2/W502025.webp
Матовые цветные чехлы для печати,Samsung Galaxy A06,A:502029,W502029,ПП2,1153471637,30,https://s3.twcstorage.ru/35ffc2ef-1e09-463d-a2c4-c183d5deb59a/prints/pp2/W502029.webp
Матовые цветные чехлы для печати,Samsung Galaxy A07,A:502010,W502010,ПП2,726744590,10,https://s3.twcstorage.ru/35ffc2ef-1e09-463d-a2c4-c183d5deb59a/prints/pp2/W502010.webp
Белые софт-тач,Samsung Galaxy A07,A:502014,W502014,ПП2,726647272,15,https://s3.twcstorage.ru/35ffc2ef-1e09-463d-a2c4-c183d5deb59a/prints/pp2/W502014.webp
Матовые цветные чехлы для печати,Samsung Galaxy A07,A:502025,W502025,ПП2,726875585,34,https://s3.twcstorage.ru/35ffc2ef-1e09-463d-a2c4-c183d5deb59a/prints/pp2/W502025.webp
Белые софт-тач,Samsung Galaxy A07,A:502039,W502039,ПП2,726621623,31,https://s3.twcstorage.ru/35ffc2ef-1e09-463d-a2c4-c183d5deb59a/prints/pp2/W502039.webp
Силиконовые чехлы,Samsung Galaxy A07/A08,A:501951,W501951,ПП2,727843643,20,https://s3.twcstorage.ru/35ffc2ef-1e09-463d-a2c4-c183d5deb59a/prints/pp2/W501951.webp
Силиконовые чехлы,Samsung Galaxy A07/A08,A:502008,W502008,ПП2,727825873,18,https://s3.twcstorage.ru/35ffc2ef-1e09-463d-a2c4-c183d5deb59a/prints/pp2/W502008.webp
Силиконовые чехлы,Samsung Galaxy A07/A08,A:506372,W506372,ПП2,1186486502,16,https://s3.twcstorage.ru/35ffc2ef-1e09-463d-a2c4-c183d5deb59a/prints/pp2/W506372.webp
Силиконовые чехлы,Samsung Galaxy A10,A:501978,Q501978,ПП2,1121707507,2,https://s3.twcstorage.ru/35ffc2ef-1e09-463d-a2c4-c183d5deb59a/prints/pp2/Q5019781.webp
Силиконовые чехлы,Samsung Galaxy A10,A:502068,W502068,ПП2,1120620012,1000000,https://s3.twcstorage.ru/35ffc2ef-1e09-463d-a2c4-c183d5deb59a/prints/pp2/W502068.webp
Силиконовые чехлы,Samsung Galaxy A12/M12,A:501940,C501940,ПП2,727200833,117,https://s3.twcstorage.ru/35ffc2ef-1e09-463d-a2c4-c183d5deb59a/prints/pp2/W501940.webp
Силиконовые чехлы,Samsung Galaxy A12/M12,A:501943,C501943,ПП2,727270406,119,https://s3.twcstorage.ru/35ffc2ef-1e09-463d-a2c4-c183d5deb59a/prints/pp2/S501943.webp
Силиконовые чехлы,Samsung Galaxy A12/M12,A:501965,Q501965,ПП2,726989448,86,https://s3.twcstorage.ru/35ffc2ef-1e09-463d-a2c4-c183d5deb59a/prints/pp2/Q5019651.webp
Стеклянные чехлы,Samsung Galaxy A12/M12,A:501978,Q5019781,ПП2,727506181,3,https://s3.twcstorage.ru/35ffc2ef-1e09-463d-a2c4-c183d5deb59a/prints/pp2/Q5019781.webp
Матовые цветные чехлы для печати,Samsung Galaxy A12/M12,A:502009,W502009,ПП2,726742545,22,https://s3.twcstorage.ru/35ffc2ef-1e09-463d-a2c4-c183d5deb59a/prints/pp2/W502009.webp
Матовые цветные чехлы для печати,Samsung Galaxy A12/M12,A:502010,W502010,ПП2,726745227,10,https://s3.twcstorage.ru/35ffc2ef-1e09-463d-a2c4-c183d5deb59a/prints/pp2/W502010.webp
Матовые цветные чехлы для печати,Samsung Galaxy A12/M12,A:502014,W502014,ПП2,726750460,18,https://s3.twcstorage.ru/35ffc2ef-1e09-463d-a2c4-c183d5deb59a/prints/pp2/W502014.webp
Матовые цветные чехлы для печати,Samsung Galaxy A12/M12,A:502027,W502027,ПП2,726880907,1000000,https://s3.twcstorage.ru/35ffc2ef-1e09-463d-a2c4-c183d5deb59a/prints/pp2/W502027.webp
Белые софт-тач,Samsung Galaxy A12/M12,A:502052,W502052,ПП2,726643161,2,https://s3.twcstorage.ru/35ffc2ef-1e09-463d-a2c4-c183d5deb59a/prints/pp2/W502052.webp
Матовые цветные чехлы для печати,Samsung Galaxy A12/M12,A:502065,W502065,ПП2,726845943,16,https://s3.twcstorage.ru/35ffc2ef-1e09-463d-a2c4-c183d5deb59a/prints/pp2/W502065.webp
Матовые цветные чехлы для печати,Samsung Galaxy A12/M12,A:506340,W5063401,ПП2,1185476133,4,https://s3.twcstorage.ru/35ffc2ef-1e09-463d-a2c4-c183d5deb59a/prints/pp2/W5063401.webp
Силиконовые чехлы,Samsung Galaxy A12/M12,A:506382,Q506382,ПП2,1186015172,47,https://s3.twcstorage.ru/35ffc2ef-1e09-463d-a2c4-c183d5deb59a/prints/pp2/Q5063821.webp
Силиконовые чехлы,Samsung Galaxy A13 4G,A:501968,Q501968,ПП2,726899872,78,https://s3.twcstorage.ru/35ffc2ef-1e09-463d-a2c4-c183d5deb59a/prints/pp2/W501968.webp
Силиконовые чехлы,Samsung Galaxy A13 4G,A:501978,Q501978,ПП2,727218849,2,https://s3.twcstorage.ru/35ffc2ef-1e09-463d-a2c4-c183d5deb59a/prints/pp2/Q5019781.webp
Силиконовые чехлы,Samsung Galaxy A13 4G,A:501980,Q501980,ПП2,727178433,4,https://s3.twcstorage.ru/35ffc2ef-1e09-463d-a2c4-c183d5deb59a/prints/pp2/Q5019801.webp
Силиконовые чехлы,Samsung Galaxy A13 4G,A:501986,Q501986,ПП2,727858567,127,https://s3.twcstorage.ru/35ffc2ef-1e09-463d-a2c4-c183d5deb59a/prints/pp2/Y501986.webp
Силиконовые чехлы,Samsung Galaxy A13 4G,A:501989,Q501989,ПП2,727518361,1000000,https://s3.twcstorage.ru/35ffc2ef-1e09-463d-a2c4-c183d5deb59a/prints/pp2/Y501989.webp
Силиконовые чехлы,Samsung Galaxy A13 4G,A:501990,Q501990,ПП2,727815315,63,https://s3.twcstorage.ru/35ffc2ef-1e09-463d-a2c4-c183d5deb59a/prints/pp2/Y501990.webp
Силиконовые чехлы,Samsung Galaxy A13 4G,A:501993,Q501993,ПП2,727180738,37,https://s3.twcstorage.ru/35ffc2ef-1e09-463d-a2c4-c183d5deb59a/prints/pp2/Q5019931.webp
Силиконовые чехлы,Samsung Galaxy A13 4G,A:501994,Q501994,ПП2,727072050,1000000,https://s3.twcstorage.ru/35ffc2ef-1e09-463d-a2c4-c183d5deb59a/prints/pp2/Q501994.webp
Силиконовые чехлы,Samsung Galaxy A13 4G,A:502006,W502006,ПП2,727851343,23,https://s3.twcstorage.ru/35ffc2ef-1e09-463d-a2c4-c183d5deb59a/prints/pp2/W502006.webp
Матовые цветные чехлы для печати,Samsung Galaxy A14 4G,A:501955,W501955,ПП2,726783395,64,https://s3.twcstorage.ru/35ffc2ef-1e09-463d-a2c4-c183d5deb59a/prints/pp2/W501955.webp
Матовые цветные чехлы для печати,Samsung Galaxy A14 4G,A:501957,W501957,ПП2,726829177,17,https://s3.twcstorage.ru/35ffc2ef-1e09-463d-a2c4-c183d5deb59a/prints/pp2/W501957.webp
Силиконовые чехлы,Samsung Galaxy A14 4G,A:501980,Q501980,ПП2,727175463,4,https://s3.twcstorage.ru/35ffc2ef-1e09-463d-a2c4-c183d5deb59a/prints/pp2/Q5019801.webp
Матовые цветные чехлы для печати,Samsung Galaxy A14 4G,A:502003,W502003,ПП2,726736236,38,https://s3.twcstorage.ru/35ffc2ef-1e09-463d-a2c4-c183d5deb59a/prints/pp2/W502003.webp
Силиконовые чехлы,Samsung Galaxy A14 4G,A:502008,W502008,ПП2,727826592,18,https://s3.twcstorage.ru/35ffc2ef-1e09-463d-a2c4-c183d5deb59a/prints/pp2/W502008.webp
Матовые цветные чехлы для печати,Samsung Galaxy A14 4G,A:502054,W502054,ПП2,726770697,73,https://s3.twcstorage.ru/35ffc2ef-1e09-463d-a2c4-c183d5deb59a/prints/pp2/W502054.webp
Силиконовые чехлы,Samsung Galaxy A14 4G,A:502064,W502064,ПП2,726920905,80,https://s3.twcstorage.ru/35ffc2ef-1e09-463d-a2c4-c183d5deb59a/prints/pp2/W502064.webp
Матовые цветные чехлы для печати,Samsung Galaxy A14 4G,A:502066,W502066,ПП2,726795577,1000000,https://s3.twcstorage.ru/35ffc2ef-1e09-463d-a2c4-c183d5deb59a/prints/pp2/W502066.webp
Силиконовые чехлы,Samsung Galaxy A14 4G,A:502069,W502069,ПП2,726944324,11,https://s3.twcstorage.ru/35ffc2ef-1e09-463d-a2c4-c183d5deb59a/prints/pp2/W502069.webp
Матовые цветные чехлы для печати,Samsung Galaxy A14 4G,A:506332,W5063321,ПП2,1185626119,2,https://s3.twcstorage.ru/35ffc2ef-1e09-463d-a2c4-c183d5deb59a/prints/pp2/W5063321.webp
Силиконовые чехлы,Samsung Galaxy A15,A:501933,W501933,ПП2,727220221,1000000,https://s3.twcstorage.ru/35ffc2ef-1e09-463d-a2c4-c183d5deb59a/prints/pp2/W501933.webp
Матовые цветные чехлы для печати,Samsung Galaxy A15,A:501937,W501937,ПП2,726808880,1000000,https://s3.twcstorage.ru/35ffc2ef-1e09-463d-a2c4-c183d5deb59a/prints/pp2/W501937.webp
Силиконовые чехлы,Samsung Galaxy A15,A:501943,C501943,ПП2,727270382,119,https://s3.twcstorage.ru/35ffc2ef-1e09-463d-a2c4-c183d5deb59a/prints/pp2/S501943.webp
Силиконовые чехлы,Samsung Galaxy A15,A:501944,C501944,ПП2,727272254,85,https://s3.twcstorage.ru/35ffc2ef-1e09-463d-a2c4-c183d5deb59a/prints/pp2/S501944.webp
Матовые цветные чехлы для печати,Samsung Galaxy A15,A:501947,W501947,ПП2,726780858,28,https://s3.twcstorage.ru/35ffc2ef-1e09-463d-a2c4-c183d5deb59a/prints/pp2/W501947.webp
Силиконовые чехлы,Samsung Galaxy A15,A:501949,C501949,ПП2,726906457,19,https://s3.twcstorage.ru/35ffc2ef-1e09-463d-a2c4-c183d5deb59a/prints/pp2/W501949.webp
Силиконовые чехлы,Samsung Galaxy A15,A:501951,W501951,ПП2,727843700,20,https://s3.twcstorage.ru/35ffc2ef-1e09-463d-a2c4-c183d5deb59a/prints/pp2/W501951.webp
Силиконовые чехлы,Samsung Galaxy A15,A:501954,C501954,ПП2,727254500,122,https://s3.twcstorage.ru/35ffc2ef-1e09-463d-a2c4-c183d5deb59a/prints/pp2/W501954.webp
Силиконовые чехлы,Samsung Galaxy A15,A:501957,C501957,ПП2,727256931,54,https://s3.twcstorage.ru/35ffc2ef-1e09-463d-a2c4-c183d5deb59a/prints/pp2/W501957.webp
Силиконовые чехлы,Samsung Galaxy A15,A:501961,C501961,ПП2,727534677,21,https://s3.twcstorage.ru/35ffc2ef-1e09-463d-a2c4-c183d5deb59a/prints/pp2/W501961.webp
Белые софт-тач,Samsung Galaxy A15,A:501962,W501962,ПП2,931044883,13,https://s3.twcstorage.ru/35ffc2ef-1e09-463d-a2c4-c183d5deb59a/prints/pp2/W501962.webp
Силиконовые чехлы,Samsung Galaxy A15,A:501978,Q501978,ПП2,727217595,2,https://s3.twcstorage.ru/35ffc2ef-1e09-463d-a2c4-c183d5deb59a/prints/pp2/Q5019781.webp
Объемные матовые чехлы коричневые,Samsung Galaxy A15,A:501980,Q501980,ПП2,1156588392,3,https://s3.twcstorage.ru/35ffc2ef-1e09-463d-a2c4-c183d5deb59a/prints/pp2/Q5019801.webp
Силиконовые чехлы,Samsung Galaxy A15,A:501984,Q501984,ПП2,727519027,126,https://s3.twcstorage.ru/35ffc2ef-1e09-463d-a2c4-c183d5deb59a/prints/pp2/Y501984.webp
Силиконовые чехлы,Samsung Galaxy A15,A:501989,Q501989,ПП2,727517382,1000000,https://s3.twcstorage.ru/35ffc2ef-1e09-463d-a2c4-c183d5deb59a/prints/pp2/Y501989.webp
Силиконовые чехлы,Samsung Galaxy A15,A:502010,W502010,ПП2,727230326,1,https://s3.twcstorage.ru/35ffc2ef-1e09-463d-a2c4-c183d5deb59a/prints/pp2/W502010.webp
Матовые цветные чехлы для печати,Samsung Galaxy A15,A:502014,W502014,ПП2,726750128,18,https://s3.twcstorage.ru/35ffc2ef-1e09-463d-a2c4-c183d5deb59a/prints/pp2/W502014.webp
Матовые цветные чехлы для печати,Samsung Galaxy A15,A:502015,W502015,ПП2,726813943,91,https://s3.twcstorage.ru/35ffc2ef-1e09-463d-a2c4-c183d5deb59a/prints/pp2/W502015.webp
Матовые цветные чехлы для печати,Samsung Galaxy A15,A:502016,W502016,ПП2,726816286,39,https://s3.twcstorage.ru/35ffc2ef-1e09-463d-a2c4-c183d5deb59a/prints/pp2/W502016.webp
Матовые цветные чехлы для печати,Samsung Galaxy A15,A:502021,W502021,ПП2,726878076,68,https://s3.twcstorage.ru/35ffc2ef-1e09-463d-a2c4-c183d5deb59a/prints/pp2/Y502021.webp
Объемные матовые чехлы коричневые,Samsung Galaxy A15,A:502025,W502025,ПП2,1156192914,1000000,https://s3.twcstorage.ru/35ffc2ef-1e09-463d-a2c4-c183d5deb59a/prints/pp2/W502025.webp
Матовые цветные чехлы для печати,Samsung Galaxy A15,A:502034,W502034,ПП2,726837339,49,https://s3.twcstorage.ru/35ffc2ef-1e09-463d-a2c4-c183d5deb59a/prints/pp2/W502034.webp
Белые софт-тач,Samsung Galaxy A15,A:502037,W502037,ПП2,930862104,45,https://s3.twcstorage.ru/35ffc2ef-1e09-463d-a2c4-c183d5deb59a/prints/pp2/W502037.webp
Силиконовые чехлы,Samsung Galaxy A15,A:502048,W502048,ПП2,726989447,26,https://s3.twcstorage.ru/35ffc2ef-1e09-463d-a2c4-c183d5deb59a/prints/pp2/Y502048.webp
Объемные матовые чехлы черные,Samsung Galaxy A15,A:502052,W502052,ПП2,1157670850,25,https://s3.twcstorage.ru/35ffc2ef-1e09-463d-a2c4-c183d5deb59a/prints/pp2/W502052.webp
Белые софт-тач,Samsung Galaxy A15,A:502053,W502053,ПП2,931008713,1,https://s3.twcstorage.ru/35ffc2ef-1e09-463d-a2c4-c183d5deb59a/prints/pp2/W502053.webp
Матовые цветные чехлы для печати,Samsung Galaxy A15,A:502065,W502065,ПП2,726839037,16,https://s3.twcstorage.ru/35ffc2ef-1e09-463d-a2c4-c183d5deb59a/prints/pp2/W502065.webp
Силиконовые чехлы,Samsung Galaxy A15,A:502067,W502067,ПП2,727040172,1000000,https://s3.twcstorage.ru/35ffc2ef-1e09-463d-a2c4-c183d5deb59a/prints/pp2/W5020671.webp
Матовые цветные чехлы для печати,Samsung Galaxy A15,A:506332,W5063321,ПП2,1185727245,2,https://s3.twcstorage.ru/35ffc2ef-1e09-463d-a2c4-c183d5deb59a/prints/pp2/W5063321.webp
Объемные матовые чехлы коричневые,Samsung Galaxy A15,A:506333,W5063331,ПП2,1157031057,34,https://s3.twcstorage.ru/35ffc2ef-1e09-463d-a2c4-c183d5deb59a/prints/pp2/W5063331.webp
Объемные матовые чехлы коричневые,Samsung Galaxy A15,A:506340,W506340,ПП2,1156729668,6,https://s3.twcstorage.ru/35ffc2ef-1e09-463d-a2c4-c183d5deb59a/prints/pp2/W5063401.webp
Объемные матовые чехлы черные,Samsung Galaxy A15,A:506369,W506369,ПП2,1157853255,1000000,https://s3.twcstorage.ru/35ffc2ef-1e09-463d-a2c4-c183d5deb59a/prints/pp2/W506369.webp
Матовые цветные чехлы для печати,Samsung Galaxy A15,A:506372,W506372,ПП2,1185840245,9,https://s3.twcstorage.ru/35ffc2ef-1e09-463d-a2c4-c183d5deb59a/prints/pp2/W506372.webp
Матовые цветные чехлы для печати,Samsung Galaxy A16,A:501929,W501929,ПП2,726741983,82,https://s3.twcstorage.ru/35ffc2ef-1e09-463d-a2c4-c183d5deb59a/prints/pp2/W501929.webp
Силиконовые чехлы,Samsung Galaxy A16,A:501930,C501930,ПП2,727834602,1000000,https://s3.twcstorage.ru/35ffc2ef-1e09-463d-a2c4-c183d5deb59a/prints/pp2/W501930.webp
Матовые цветные чехлы для печати,Samsung Galaxy A16,A:501935,W501935,ПП2,726863910,86,https://s3.twcstorage.ru/35ffc2ef-1e09-463d-a2c4-c183d5deb59a/prints/pp2/W501935.webp
Силиконовые чехлы,Samsung Galaxy A16,A:501941,C501941,ПП2,727242327,1000000,https://s3.twcstorage.ru/35ffc2ef-1e09-463d-a2c4-c183d5deb59a/prints/pp2/S501941.webp
Матовые цветные чехлы для печати,Samsung Galaxy A16,A:501947,W501947,ПП2,726780034,28,https://s3.twcstorage.ru/35ffc2ef-1e09-463d-a2c4-c183d5deb59a/prints/pp2/W501947.webp
Белые софт-тач,Samsung Galaxy A16,A:501954,W501954,ПП2,726598543,1000000,https://s3.twcstorage.ru/35ffc2ef-1e09-463d-a2c4-c183d5deb59a/prints/pp2/W501954.webp
Матовые цветные чехлы для печати,Samsung Galaxy A16,A:501957,W501957,ПП2,726828032,17,https://s3.twcstorage.ru/35ffc2ef-1e09-463d-a2c4-c183d5deb59a/prints/pp2/W501957.webp
Белые софт-тач,Samsung Galaxy A16,A:501961,W501961,ПП2,726672885,12,https://s3.twcstorage.ru/35ffc2ef-1e09-463d-a2c4-c183d5deb59a/prints/pp2/W501961.webp
Белые софт-тач,Samsung Galaxy A16,A:501962,W501962,ПП2,726674559,13,https://s3.twcstorage.ru/35ffc2ef-1e09-463d-a2c4-c183d5deb59a/prints/pp2/W501962.webp
Силиконовые чехлы,Samsung Galaxy A16,A:501970,Q501970,ПП2,727788904,1000000,https://s3.twcstorage.ru/35ffc2ef-1e09-463d-a2c4-c183d5deb59a/prints/pp2/W501970.webp
Силиконовые чехлы,Samsung Galaxy A16,A:501974,Q501974,ПП2,727293345,70,https://s3.twcstorage.ru/35ffc2ef-1e09-463d-a2c4-c183d5deb59a/prints/pp2/Q501974.webp
Силиконовые чехлы,Samsung Galaxy A16,A:501978,Q501978,ПП2,727217060,2,https://s3.twcstorage.ru/35ffc2ef-1e09-463d-a2c4-c183d5deb59a/prints/pp2/Q5019781.webp
Силиконовые чехлы,Samsung Galaxy A16,A:501980,Q501980,ПП2,727174553,4,https://s3.twcstorage.ru/35ffc2ef-1e09-463d-a2c4-c183d5deb59a/prints/pp2/Q5019801.webp
Стеклянные чехлы,Samsung Galaxy A16,A:501990,Y501990,ПП2,727001342,1000000,https://s3.twcstorage.ru/35ffc2ef-1e09-463d-a2c4-c183d5deb59a/prints/pp2/Y501990.webp
Стеклянные чехлы,Samsung Galaxy A16,A:501993,Q5019931,ПП2,727504407,4,https://s3.twcstorage.ru/35ffc2ef-1e09-463d-a2c4-c183d5deb59a/prints/pp2/Q5019931.webp
Чехол с вкладышем,Samsung Galaxy A16,A:501997,W501997,ПП2,994517640,1000000,https://s3.twcstorage.ru/35ffc2ef-1e09-463d-a2c4-c183d5deb59a/prints/pp2/Y501997.webp
Матовые цветные чехлы для печати,Samsung Galaxy A16,A:501999,W501999,ПП2,726825153,88,https://s3.twcstorage.ru/35ffc2ef-1e09-463d-a2c4-c183d5deb59a/prints/pp2/W501999.webp
Матовые цветные чехлы для печати,Samsung Galaxy A16,A:502006,W502006,ПП2,726861007,47,https://s3.twcstorage.ru/35ffc2ef-1e09-463d-a2c4-c183d5deb59a/prints/pp2/W502006.webp
Объемные матовые чехлы молочные,Samsung Galaxy A16,A:502009,W502009,ПП2,1154981049,12,https://s3.twcstorage.ru/35ffc2ef-1e09-463d-a2c4-c183d5deb59a/prints/pp2/W502009.webp
Матовые цветные чехлы для печати,Samsung Galaxy A16,A:502010,W502010,ПП2,726744020,10,https://s3.twcstorage.ru/35ffc2ef-1e09-463d-a2c4-c183d5deb59a/prints/pp2/W502010.webp
Матовые цветные чехлы для печати,Samsung Galaxy A16,A:502014,W502014,ПП2,726749649,18,https://s3.twcstorage.ru/35ffc2ef-1e09-463d-a2c4-c183d5deb59a/prints/pp2/W502014.webp
Матовые цветные чехлы для печати,Samsung Galaxy A16,A:502021,W502021,ПП2,726877468,68,https://s3.twcstorage.ru/35ffc2ef-1e09-463d-a2c4-c183d5deb59a/prints/pp2/Y502021.webp
Чехол с вкладышем,Samsung Galaxy A16,A:502024,W502024,ПП2,994518921,1000000,https://s3.twcstorage.ru/35ffc2ef-1e09-463d-a2c4-c183d5deb59a/prints/pp2/W502024.webp
Белые софт-тач,Samsung Galaxy A16,A:502031,W502031,ПП2,726580014,58,https://s3.twcstorage.ru/35ffc2ef-1e09-463d-a2c4-c183d5deb59a/prints/pp2/W502031.webp
Белые софт-тач,Samsung Galaxy A16,A:502037,W502037,ПП2,726565756,45,https://s3.twcstorage.ru/35ffc2ef-1e09-463d-a2c4-c183d5deb59a/prints/pp2/W502037.webp
Белые софт-тач,Samsung Galaxy A16,A:502048,W502048,ПП2,726573936,21,https://s3.twcstorage.ru/35ffc2ef-1e09-463d-a2c4-c183d5deb59a/prints/pp2/Y502048.webp
Белые софт-тач,Samsung Galaxy A16,A:502049,W502049,ПП2,726567078,46,https://s3.twcstorage.ru/35ffc2ef-1e09-463d-a2c4-c183d5deb59a/prints/pp2/Y502049.webp
Белые софт-тач,Samsung Galaxy A16,A:502052,W502052,ПП2,726643404,2,https://s3.twcstorage.ru/35ffc2ef-1e09-463d-a2c4-c183d5deb59a/prints/pp2/W502052.webp
Белые софт-тач,Samsung Galaxy A16,A:502053,W502053,ПП2,726641097,1,https://s3.twcstorage.ru/35ffc2ef-1e09-463d-a2c4-c183d5deb59a/prints/pp2/W502053.webp
Матовые цветные чехлы для печати,Samsung Galaxy A16,A:502054,W502054,ПП2,726768378,73,https://s3.twcstorage.ru/35ffc2ef-1e09-463d-a2c4-c183d5deb59a/prints/pp2/W502054.webp
Чехол с вкладышем,Samsung Galaxy A16,A:502064,W502064,ПП2,994519962,1000000,https://s3.twcstorage.ru/35ffc2ef-1e09-463d-a2c4-c183d5deb59a/prints/pp2/W502064.webp
Матовые цветные чехлы для печати,Samsung Galaxy A16,A:502065,W502065,ПП2,726838570,16,https://s3.twcstorage.ru/35ffc2ef-1e09-463d-a2c4-c183d5deb59a/prints/pp2/W502065.webp
Белые софт-тач,Samsung Galaxy A16,A:502069,W502069,ПП2,726667661,16,https://s3.twcstorage.ru/35ffc2ef-1e09-463d-a2c4-c183d5deb59a/prints/pp2/W502069.webp
Белые софт-тач,Samsung Galaxy A16,A:506330,W506330,ПП2,1164148007,17,https://s3.twcstorage.ru/35ffc2ef-1e09-463d-a2c4-c183d5deb59a/prints/pp2/W5063301.webp
Силиконовые чехлы,Samsung Galaxy A16,A:506379,W506379,ПП2,1186753692,27,https://s3.twcstorage.ru/35ffc2ef-1e09-463d-a2c4-c183d5deb59a/prints/pp2/W506379.webp
Объемные матовые чехлы молочные,Samsung Galaxy A16,A:506385,Q506385,ПП2,1155147788,68,https://s3.twcstorage.ru/35ffc2ef-1e09-463d-a2c4-c183d5deb59a/prints/pp2/Q5063851.webp
Силиконовые чехлы,Samsung Galaxy A17/A18,A:501931,W501931,ПП2,727106202,1000000,https://s3.twcstorage.ru/35ffc2ef-1e09-463d-a2c4-c183d5deb59a/prints/pp2/W501931.webp
Белые софт-тач,Samsung Galaxy A17/A18,A:501934,W501934,ПП2,726582442,68,https://s3.twcstorage.ru/35ffc2ef-1e09-463d-a2c4-c183d5deb59a/prints/pp2/W501934.webp
Силиконовые чехлы,Samsung Galaxy A17/A18,A:501939,W501939,ПП2,727562714,1000000,https://s3.twcstorage.ru/35ffc2ef-1e09-463d-a2c4-c183d5deb59a/prints/pp2/W501939.webp
Белые софт-тач,Samsung Galaxy A17/A18,A:501940,W501940,ПП2,726667932,51,https://s3.twcstorage.ru/35ffc2ef-1e09-463d-a2c4-c183d5deb59a/prints/pp2/W501940.webp
Силиконовые чехлы,Samsung Galaxy A17/A18,A:501947,W501947,ПП2,727840341,69,https://s3.twcstorage.ru/35ffc2ef-1e09-463d-a2c4-c183d5deb59a/prints/pp2/W501947.webp
Силиконовые чехлы,Samsung Galaxy A17/A18,A:501965,Q501965,ПП2,726956806,86,https://s3.twcstorage.ru/35ffc2ef-1e09-463d-a2c4-c183d5deb59a/prints/pp2/Q5019651.webp
Силиконовые чехлы,Samsung Galaxy A17/A18,A:501966,Q501966,ПП2,726974439,124,https://s3.twcstorage.ru/35ffc2ef-1e09-463d-a2c4-c183d5deb59a/prints/pp2/W501966.webp
Силиконовые чехлы,Samsung Galaxy A17/A18,A:501968,Q501968,ПП2,726897467,78,https://s3.twcstorage.ru/35ffc2ef-1e09-463d-a2c4-c183d5deb59a/prints/pp2/W501968.webp
Силиконовые чехлы,Samsung Galaxy A17/A18,A:501977,Q501977,ПП2,727769256,88,https://s3.twcstorage.ru/35ffc2ef-1e09-463d-a2c4-c183d5deb59a/prints/pp2/Q5019771.webp
Силиконовые чехлы,Samsung Galaxy A17/A18,A:501978,Q501978,ПП2,727217335,2,https://s3.twcstorage.ru/35ffc2ef-1e09-463d-a2c4-c183d5deb59a/prints/pp2/Q5019781.webp
Силиконовые чехлы,Samsung Galaxy A17/A18,A:501980,Q501980,ПП2,727174789,4,https://s3.twcstorage.ru/35ffc2ef-1e09-463d-a2c4-c183d5deb59a/prints/pp2/Q5019801.webp
Силиконовые чехлы,Samsung Galaxy A17/A18,A:501981,Q501981,ПП2,727787355,101,https://s3.twcstorage.ru/35ffc2ef-1e09-463d-a2c4-c183d5deb59a/prints/pp2/Y501981.webp
Силиконовые чехлы,Samsung Galaxy A17/A18,A:501984,Q501984,ПП2,727519088,126,https://s3.twcstorage.ru/35ffc2ef-1e09-463d-a2c4-c183d5deb59a/prints/pp2/Y501984.webp
Матовые цветные чехлы для печати,Samsung Galaxy A17/A18,A:502004,W502004,ПП2,726736869,1000000,https://s3.twcstorage.ru/35ffc2ef-1e09-463d-a2c4-c183d5deb59a/prints/pp2/W502004.webp
Силиконовые чехлы,Samsung Galaxy A17/A18,A:502007,W502007,ПП2,727851979,55,https://s3.twcstorage.ru/35ffc2ef-1e09-463d-a2c4-c183d5deb59a/prints/pp2/W502007.webp
Силиконовые чехлы,Samsung Galaxy A17/A18,A:502008,W502008,ПП2,727825560,18,https://s3.twcstorage.ru/35ffc2ef-1e09-463d-a2c4-c183d5deb59a/prints/pp2/W502008.webp
Матовые цветные чехлы для печати,Samsung Galaxy A17/A18,A:502010,W502010,ПП2,726744346,10,https://s3.twcstorage.ru/35ffc2ef-1e09-463d-a2c4-c183d5deb59a/prints/pp2/W502010.webp
Силиконовые чехлы,Samsung Galaxy A17/A18,A:502014,W502014,ПП2,726980014,7,https://s3.twcstorage.ru/35ffc2ef-1e09-463d-a2c4-c183d5deb59a/prints/pp2/W502014.webp
Матовые цветные чехлы для печати,Samsung Galaxy A17/A18,A:502021,W502021,ПП2,726877464,68,https://s3.twcstorage.ru/35ffc2ef-1e09-463d-a2c4-c183d5deb59a/prints/pp2/Y502021.webp
Матовые цветные чехлы для печати,Samsung Galaxy A17/A18,A:502026,W502026,ПП2,726868870,58,https://s3.twcstorage.ru/35ffc2ef-1e09-463d-a2c4-c183d5deb59a/prints/pp2/W502026.webp
Матовые цветные чехлы для печати,Samsung Galaxy A17/A18,A:502031,W502031,ПП2,726754118,59,https://s3.twcstorage.ru/35ffc2ef-1e09-463d-a2c4-c183d5deb59a/prints/pp2/W502031.webp
Силиконовые чехлы,Samsung Galaxy A17/A18,A:502037,W502037,ПП2,727055500,38,https://s3.twcstorage.ru/35ffc2ef-1e09-463d-a2c4-c183d5deb59a/prints/pp2/W502037.webp
Силиконовые чехлы,Samsung Galaxy A17/A18,A:502039,W502039,ПП2,727801840,34,https://s3.twcstorage.ru/35ffc2ef-1e09-463d-a2c4-c183d5deb59a/prints/pp2/W502039.webp
Матовые цветные чехлы для печати,Samsung Galaxy A17/A18,A:502048,W502048,ПП2,726761323,72,https://s3.twcstorage.ru/35ffc2ef-1e09-463d-a2c4-c183d5deb59a/prints/pp2/Y502048.webp
Матовые цветные чехлы для печати,Samsung Galaxy A17/A18,A:502049,W502049,ПП2,726762776,60,https://s3.twcstorage.ru/35ffc2ef-1e09-463d-a2c4-c183d5deb59a/prints/pp2/Y502049.webp
Силиконовые чехлы,Samsung Galaxy A17/A18,A:502054,W502054,ПП2,727004892,141,https://s3.twcstorage.ru/35ffc2ef-1e09-463d-a2c4-c183d5deb59a/prints/pp2/W502054.webp
Матовые цветные чехлы для печати,Samsung Galaxy A17/A18,A:502055,W502055,ПП2,726771411,95,https://s3.twcstorage.ru/35ffc2ef-1e09-463d-a2c4-c183d5deb59a/prints/pp2/W502055.webp
Матовые цветные чехлы для печати,Samsung Galaxy A17/A18,A:502058,W502058,ПП2,726841718,96,https://s3.twcstorage.ru/35ffc2ef-1e09-463d-a2c4-c183d5deb59a/prints/pp2/W502058.webp
Матовые цветные чехлы для печати,Samsung Galaxy A17/A18,A:502059,W502059,ПП2,726843828,75,https://s3.twcstorage.ru/35ffc2ef-1e09-463d-a2c4-c183d5deb59a/prints/pp2/W502059.webp
Матовые цветные чехлы для печати,Samsung Galaxy A17/A18,A:502065,W502065,ПП2,726838647,16,https://s3.twcstorage.ru/35ffc2ef-1e09-463d-a2c4-c183d5deb59a/prints/pp2/W502065.webp
Матовые цветные чехлы для печати,Samsung Galaxy A17/A18,A:502067,W5020671,ПП2,726733054,41,https://s3.twcstorage.ru/35ffc2ef-1e09-463d-a2c4-c183d5deb59a/prints/pp2/W5020671.webp
Силиконовые чехлы,Samsung Galaxy A17/A18,A:502069,W502069,ПП2,726941172,11,https://s3.twcstorage.ru/35ffc2ef-1e09-463d-a2c4-c183d5deb59a/prints/pp2/W502069.webp
Белые софт-тач,Samsung Galaxy A17/A18,A:506332,W506332,ПП2,1164171956,8,https://s3.twcstorage.ru/35ffc2ef-1e09-463d-a2c4-c183d5deb59a/prints/pp2/W5063321.webp
Матовые цветные чехлы для печати,Samsung Galaxy A17/A18,A:506368,W506368,ПП2,1185403554,62,https://s3.twcstorage.ru/35ffc2ef-1e09-463d-a2c4-c183d5deb59a/prints/pp2/W506368.webp
Силиконовые чехлы,Samsung Galaxy A17/A18,A:506372,W506372,ПП2,1186486127,16,https://s3.twcstorage.ru/35ffc2ef-1e09-463d-a2c4-c183d5deb59a/prints/pp2/W506372.webp
Силиконовые чехлы,Samsung Galaxy A22/M32/M22,A:501978,Q501978,ПП2,727218155,2,https://s3.twcstorage.ru/35ffc2ef-1e09-463d-a2c4-c183d5deb59a/prints/pp2/Q5019781.webp
Силиконовые чехлы,Samsung Galaxy A22/M32/M22,A:501980,Q501980,ПП2,727175250,4,https://s3.twcstorage.ru/35ffc2ef-1e09-463d-a2c4-c183d5deb59a/prints/pp2/Q5019801.webp
Матовые цветные чехлы для печати,Samsung Galaxy A22/M32/M22,A:502010,W502010,ПП2,933304265,10,https://s3.twcstorage.ru/35ffc2ef-1e09-463d-a2c4-c183d5deb59a/prints/pp2/W502010.webp
Силиконовые чехлы,Samsung Galaxy A22/M32/M22,A:502012,W502012,ПП2,727082586,35,https://s3.twcstorage.ru/35ffc2ef-1e09-463d-a2c4-c183d5deb59a/prints/pp2/W502012.webp
Матовые цветные чехлы для печати,Samsung Galaxy A22/M32/M22,A:502014,W502014,ПП2,933312506,18,https://s3.twcstorage.ru/35ffc2ef-1e09-463d-a2c4-c183d5deb59a/prints/pp2/W502014.webp
Силиконовые чехлы,Samsung Galaxy A22/M32/M22,A:502031,W502031,ПП2,727052516,52,https://s3.twcstorage.ru/35ffc2ef-1e09-463d-a2c4-c183d5deb59a/prints/pp2/W502031.webp
Белые софт-тач,Samsung Galaxy A22/M32/M22,A:502039,W502039,ПП2,726621603,31,https://s3.twcstorage.ru/35ffc2ef-1e09-463d-a2c4-c183d5deb59a/prints/pp2/W502039.webp
Белые софт-тач,Samsung Galaxy A22/M32/M22,A:502056,W502056,ПП2,726575732,73,https://s3.twcstorage.ru/35ffc2ef-1e09-463d-a2c4-c183d5deb59a/prints/pp2/W502056.webp
Матовые цветные чехлы для печати,Samsung Galaxy A22/M32/M22,A:502069,W502069,ПП2,933313389,31,https://s3.twcstorage.ru/35ffc2ef-1e09-463d-a2c4-c183d5deb59a/prints/pp2/W502069.webp
Силиконовые чехлы,Samsung Galaxy A22/M32/M22,A:506331,W506331,ПП2,1186115903,9,https://s3.twcstorage.ru/35ffc2ef-1e09-463d-a2c4-c183d5deb59a/prints/pp2/W5063311.webp
Матовые цветные чехлы для печати,Samsung Galaxy A22/M32/M22,A:506334,W5063341,ПП2,1185634525,1,https://s3.twcstorage.ru/35ffc2ef-1e09-463d-a2c4-c183d5deb59a/prints/pp2/W5063341.webp
Силиконовые чехлы,Samsung Galaxy A22s 5G,A:501960,C501960,ПП2,727210968,41,https://s3.twcstorage.ru/35ffc2ef-1e09-463d-a2c4-c183d5deb59a/prints/pp2/W501960.webp
Матовые цветные чехлы для печати,Samsung Galaxy A22s 5G,A:502048,W502048,ПП2,1140019620,72,https://s3.twcstorage.ru/35ffc2ef-1e09-463d-a2c4-c183d5deb59a/prints/pp2/Y502048.webp
Матовые цветные чехлы для печати,Samsung Galaxy A23,A:501934,W501934,ПП2,726803311,1000000,https://s3.twcstorage.ru/35ffc2ef-1e09-463d-a2c4-c183d5deb59a/prints/pp2/W501934.webp
Матовые цветные чехлы для печати,Samsung Galaxy A23,A:501937,W501937,ПП2,726810223,1000000,https://s3.twcstorage.ru/35ffc2ef-1e09-463d-a2c4-c183d5deb59a/prints/pp2/W501937.webp
Матовые цветные чехлы для печати,Samsung Galaxy A23,A:502009,W502009,ПП2,726743072,22,https://s3.twcstorage.ru/35ffc2ef-1e09-463d-a2c4-c183d5deb59a/prints/pp2/W502009.webp
Матовые цветные чехлы для печати,Samsung Galaxy A23,A:502014,W502014,ПП2,726750988,18,https://s3.twcstorage.ru/35ffc2ef-1e09-463d-a2c4-c183d5deb59a/prints/pp2/W502014.webp
Матовые цветные чехлы для печати,Samsung Galaxy A23,A:502050,W502050,ПП2,726767577,94,https://s3.twcstorage.ru/35ffc2ef-1e09-463d-a2c4-c183d5deb59a/prints/pp2/Y502050.webp
Силиконовые чехлы,Samsung Galaxy A24,A:501949,C501949,ПП2,726907056,19,https://s3.twcstorage.ru/35ffc2ef-1e09-463d-a2c4-c183d5deb59a/prints/pp2/W501949.webp
Силиконовые чехлы,Samsung Galaxy A24,A:501978,Q501978,ПП2,727218026,2,https://s3.twcstorage.ru/35ffc2ef-1e09-463d-a2c4-c183d5deb59a/prints/pp2/Q5019781.webp
Силиконовые чехлы,Samsung Galaxy A24,A:501980,Q501980,ПП2,727174932,4,https://s3.twcstorage.ru/35ffc2ef-1e09-463d-a2c4-c183d5deb59a/prints/pp2/Q5019801.webp
Силиконовые чехлы,Samsung Galaxy A24,A:501986,Q501986,ПП2,727857119,127,https://s3.twcstorage.ru/35ffc2ef-1e09-463d-a2c4-c183d5deb59a/prints/pp2/Y501986.webp
Силиконовые чехлы,Samsung Galaxy A24,A:502009,W502009,ПП2,727510437,8,https://s3.twcstorage.ru/35ffc2ef-1e09-463d-a2c4-c183d5deb59a/prints/pp2/W502009.webp
Силиконовые чехлы,Samsung Galaxy A24,A:502023,W502023,ПП2,727539242,133,https://s3.twcstorage.ru/35ffc2ef-1e09-463d-a2c4-c183d5deb59a/prints/pp2/W502023.webp
Силиконовые чехлы,Samsung Galaxy A24,A:502027,W502027,ПП2,727544471,1000000,https://s3.twcstorage.ru/35ffc2ef-1e09-463d-a2c4-c183d5deb59a/prints/pp2/W502027.webp
Белые софт-тач,Samsung Galaxy A24,A:502033,W502033,ПП2,1015514520,10,https://s3.twcstorage.ru/35ffc2ef-1e09-463d-a2c4-c183d5deb59a/prints/pp2/W502033.webp
Силиконовые чехлы,Samsung Galaxy A24,A:502036,W502036,ПП2,727776225,33,https://s3.twcstorage.ru/35ffc2ef-1e09-463d-a2c4-c183d5deb59a/prints/pp2/W502036.webp
Силиконовые чехлы,Samsung Galaxy A24,A:502044,W502044,ПП2,727803426,139,https://s3.twcstorage.ru/35ffc2ef-1e09-463d-a2c4-c183d5deb59a/prints/pp2/W502044.webp
Силиконовые чехлы,Samsung Galaxy A24,A:502069,W502069,ПП2,726982950,11,https://s3.twcstorage.ru/35ffc2ef-1e09-463d-a2c4-c183d5deb59a/prints/pp2/W502069.webp
Силиконовые чехлы,Samsung Galaxy A25 5G,A:501971,Q501971,ПП2,933601994,87,https://s3.twcstorage.ru/35ffc2ef-1e09-463d-a2c4-c183d5deb59a/prints/pp2/Q501971.webp
Силиконовые чехлы,Samsung Galaxy A25 5G,A:501978,Q501978,ПП2,933593004,2,https://s3.twcstorage.ru/35ffc2ef-1e09-463d-a2c4-c183d5deb59a/prints/pp2/Q5019781.webp
Силиконовые чехлы,Samsung Galaxy A25 5G,A:501980,Q501980,ПП2,933642709,4,https://s3.twcstorage.ru/35ffc2ef-1e09-463d-a2c4-c183d5deb59a/prints/pp2/Q5019801.webp
Силиконовые чехлы,Samsung Galaxy A25 5G,A:501993,Q501993,ПП2,933637693,37,https://s3.twcstorage.ru/35ffc2ef-1e09-463d-a2c4-c183d5deb59a/prints/pp2/Q5019931.webp
Силиконовые чехлы,Samsung Galaxy A25 5G,A:501996,W501996,ПП2,933612735,1000000,https://s3.twcstorage.ru/35ffc2ef-1e09-463d-a2c4-c183d5deb59a/prints/pp2/Y501996.webp
Силиконовые чехлы,Samsung Galaxy A25 5G,A:502065,W502065,ПП2,933613979,49,https://s3.twcstorage.ru/35ffc2ef-1e09-463d-a2c4-c183d5deb59a/prints/pp2/W502065.webp
Силиконовые чехлы,Samsung Galaxy A25 5G,A:502067,W502067,ПП2,933605988,1000000,https://s3.twcstorage.ru/35ffc2ef-1e09-463d-a2c4-c183d5deb59a/prints/pp2/W5020671.webp
Матовые цветные чехлы для печати,Samsung Galaxy A25 5G,A:506332,W5063321,ПП2,1153717457,2,https://s3.twcstorage.ru/35ffc2ef-1e09-463d-a2c4-c183d5deb59a/prints/pp2/W5063321.webp
Силиконовые чехлы,Samsung Galaxy A25 5G,A:506336,W506336,ПП2,1137071191,14,https://s3.twcstorage.ru/35ffc2ef-1e09-463d-a2c4-c183d5deb59a/prints/pp2/W5063361.webp
Силиконовые чехлы,Samsung Galaxy A25 5G,A:506339,W506339,ПП2,1137090475,13,https://s3.twcstorage.ru/35ffc2ef-1e09-463d-a2c4-c183d5deb59a/prints/pp2/W5063391.webp
Матовые цветные чехлы для печати,Samsung Galaxy A25 5G,A:506340,W5063401,ПП2,1154120151,4,https://s3.twcstorage.ru/35ffc2ef-1e09-463d-a2c4-c183d5deb59a/prints/pp2/W5063401.webp
Матовые цветные чехлы для печати,Samsung Galaxy A26 5G,A:501930,W501930,ПП2,726808026,83,https://s3.twcstorage.ru/35ffc2ef-1e09-463d-a2c4-c183d5deb59a/prints/pp2/W501930.webp
Матовые цветные чехлы для печати,Samsung Galaxy A26 5G,A:501957,W501957,ПП2,726829161,17,https://s3.twcstorage.ru/35ffc2ef-1e09-463d-a2c4-c183d5deb59a/prints/pp2/W501957.webp
Силиконовые чехлы,Samsung Galaxy A26 5G,A:501958,W501958,ПП2,727301630,99,https://s3.twcstorage.ru/35ffc2ef-1e09-463d-a2c4-c183d5deb59a/prints/pp2/W501958.webp
Силиконовые чехлы,Samsung Galaxy A26 5G,A:501973,Q501973,ПП2,727799672,1000000,https://s3.twcstorage.ru/35ffc2ef-1e09-463d-a2c4-c183d5deb59a/prints/pp2/Q501973.webp
Силиконовые чехлы,Samsung Galaxy A26 5G,A:501980,Q501980,ПП2,727175486,4,https://s3.twcstorage.ru/35ffc2ef-1e09-463d-a2c4-c183d5deb59a/prints/pp2/Q5019801.webp
Силиконовые чехлы,Samsung Galaxy A26 5G,A:501989,Q501989,ПП2,727517900,1000000,https://s3.twcstorage.ru/35ffc2ef-1e09-463d-a2c4-c183d5deb59a/prints/pp2/Y501989.webp
Силиконовые чехлы,Samsung Galaxy A26 5G,A:501990,Q501990,ПП2,727814702,63,https://s3.twcstorage.ru/35ffc2ef-1e09-463d-a2c4-c183d5deb59a/prints/pp2/Y501990.webp
Силиконовые чехлы,Samsung Galaxy A26 5G,A:501993,Q501993,ПП2,727180266,37,https://s3.twcstorage.ru/35ffc2ef-1e09-463d-a2c4-c183d5deb59a/prints/pp2/Q5019931.webp
Силиконовые чехлы,Samsung Galaxy A26 5G,A:502009,W502009,ПП2,727510696,8,https://s3.twcstorage.ru/35ffc2ef-1e09-463d-a2c4-c183d5deb59a/prints/pp2/W502009.webp
Силиконовые чехлы,Samsung Galaxy A26 5G,A:502010,W502010,ПП2,727231756,1,https://s3.twcstorage.ru/35ffc2ef-1e09-463d-a2c4-c183d5deb59a/prints/pp2/W502010.webp
Матовые цветные чехлы для печати,Samsung Galaxy A26 5G,A:502016,W502016,ПП2,726817449,39,https://s3.twcstorage.ru/35ffc2ef-1e09-463d-a2c4-c183d5deb59a/prints/pp2/W502016.webp
Матовые цветные чехлы для печати,Samsung Galaxy A26 5G,A:502019,W502019,ПП2,726835846,55,https://s3.twcstorage.ru/35ffc2ef-1e09-463d-a2c4-c183d5deb59a/prints/pp2/W502019.webp
Матовые цветные чехлы для печати,Samsung Galaxy A26 5G,A:502023,W502023,ПП2,726868583,56,https://s3.twcstorage.ru/35ffc2ef-1e09-463d-a2c4-c183d5deb59a/prints/pp2/W502023.webp
Матовые цветные чехлы для печати,Samsung Galaxy A26 5G,A:502032,W502032,ПП2,726859009,40,https://s3.twcstorage.ru/35ffc2ef-1e09-463d-a2c4-c183d5deb59a/prints/pp2/W502032.webp
Силиконовые чехлы,Samsung Galaxy A26 5G,A:502055,W502055,ПП2,727010717,91,https://s3.twcstorage.ru/35ffc2ef-1e09-463d-a2c4-c183d5deb59a/prints/pp2/W502055.webp
Матовые цветные чехлы для печати,Samsung Galaxy A26 5G,A:502065,W502065,ПП2,726839751,16,https://s3.twcstorage.ru/35ffc2ef-1e09-463d-a2c4-c183d5deb59a/prints/pp2/W502065.webp
Силиконовые чехлы,Samsung Galaxy A26 5G,A:506332,W506332,ПП2,1186139242,3,https://s3.twcstorage.ru/35ffc2ef-1e09-463d-a2c4-c183d5deb59a/prints/pp2/W5063321.webp
Матовые цветные чехлы для печати,Samsung Galaxy A26 5G,A:506339,W5063391,ПП2,1185610808,8,https://s3.twcstorage.ru/35ffc2ef-1e09-463d-a2c4-c183d5deb59a/prints/pp2/W5063391.webp
Силиконовые чехлы,Samsung Galaxy A26 5G,A:506340,W506340,ПП2,1186236976,5,https://s3.twcstorage.ru/35ffc2ef-1e09-463d-a2c4-c183d5deb59a/prints/pp2/W5063401.webp
Матовые цветные чехлы для печати,Samsung Galaxy A26 5G,A:506372,W506372,ПП2,1185727222,9,https://s3.twcstorage.ru/35ffc2ef-1e09-463d-a2c4-c183d5deb59a/prints/pp2/W506372.webp
Матовые цветные чехлы для печати,Samsung Galaxy A26 5G,A:506379,W506379,ПП2,1185791770,24,https://s3.twcstorage.ru/35ffc2ef-1e09-463d-a2c4-c183d5deb59a/prints/pp2/W506379.webp
Силиконовые чехлы,Samsung Galaxy A31,A:501977,Q501977,ПП2,1199379898,88,https://s3.twcstorage.ru/35ffc2ef-1e09-463d-a2c4-c183d5deb59a/prints/pp2/Q5019771.webp
Силиконовые чехлы,Samsung Galaxy A31,A:501993,Q501993,ПП2,1196381812,37,https://s3.twcstorage.ru/35ffc2ef-1e09-463d-a2c4-c183d5deb59a/prints/pp2/Q5019931.webp
Чёрные софт-тач,Samsung Galaxy A32,A:501946,S501946,ПП2,727095900,7,https://s3.twcstorage.ru/35ffc2ef-1e09-463d-a2c4-c183d5deb59a/prints/pp2/W501946.webp
Матовые цветные чехлы для печати,Samsung Galaxy A32,A:501955,W501955,ПП2,726782643,64,https://s3.twcstorage.ru/35ffc2ef-1e09-463d-a2c4-c183d5deb59a/prints/pp2/W501955.webp
Белые софт-тач,Samsung Galaxy A32,A:501957,W501957,ПП2,726609989,29,https://s3.twcstorage.ru/35ffc2ef-1e09-463d-a2c4-c183d5deb59a/prints/pp2/W501957.webp
Силиконовые чехлы,Samsung Galaxy A32,A:501968,Q501968,ПП2,726898024,78,https://s3.twcstorage.ru/35ffc2ef-1e09-463d-a2c4-c183d5deb59a/prints/pp2/W501968.webp
Силиконовые чехлы,Samsung Galaxy A32,A:501978,Q501978,ПП2,727217652,2,https://s3.twcstorage.ru/35ffc2ef-1e09-463d-a2c4-c183d5deb59a/prints/pp2/Q5019781.webp
Матовые цветные чехлы для печати,Samsung Galaxy A32,A:502014,W502014,ПП2,726750076,18,https://s3.twcstorage.ru/35ffc2ef-1e09-463d-a2c4-c183d5deb59a/prints/pp2/W502014.webp
Белые софт-тач,Samsung Galaxy A32,A:502053,W502053,ПП2,726640640,1,https://s3.twcstorage.ru/35ffc2ef-1e09-463d-a2c4-c183d5deb59a/prints/pp2/W502053.webp
Матовые цветные чехлы для печати,Samsung Galaxy A32,A:506331,W5063311,ПП2,1189281840,5,https://s3.twcstorage.ru/35ffc2ef-1e09-463d-a2c4-c183d5deb59a/prints/pp2/W5063311.webp
Матовые цветные чехлы для печати,Samsung Galaxy A32,A:506336,W5063361,ПП2,1185721687,15,https://s3.twcstorage.ru/35ffc2ef-1e09-463d-a2c4-c183d5deb59a/prints/pp2/W5063361.webp
Белые софт-тач,Samsung Galaxy A32,A:506337,W506337,ПП2,1164278582,77,https://s3.twcstorage.ru/35ffc2ef-1e09-463d-a2c4-c183d5deb59a/prints/pp2/W5063371.webp
Белые софт-тач,Samsung Galaxy A32,A:506374,W506374,ПП2,1163965802,3,https://s3.twcstorage.ru/35ffc2ef-1e09-463d-a2c4-c183d5deb59a/prints/pp2/W506374.webp
Силиконовые чехлы,Samsung Galaxy A32,A:506384,Q506384,ПП2,1186040709,36,https://s3.twcstorage.ru/35ffc2ef-1e09-463d-a2c4-c183d5deb59a/prints/pp2/Q5063841.webp
Белые софт-тач,Samsung Galaxy A33 5G,A:501932,W501932,ПП2,726591003,1000000,https://s3.twcstorage.ru/35ffc2ef-1e09-463d-a2c4-c183d5deb59a/prints/pp2/W501932.webp
Белые софт-тач,Samsung Galaxy A33 5G,A:501940,W501940,ПП2,726667180,51,https://s3.twcstorage.ru/35ffc2ef-1e09-463d-a2c4-c183d5deb59a/prints/pp2/W501940.webp
Белые софт-тач,Samsung Galaxy A33 5G,A:501955,W501955,ПП2,726606320,44,https://s3.twcstorage.ru/35ffc2ef-1e09-463d-a2c4-c183d5deb59a/prints/pp2/W501955.webp
Белые софт-тач,Samsung Galaxy A33 5G,A:501956,W501956,ПП2,726608016,53,https://s3.twcstorage.ru/35ffc2ef-1e09-463d-a2c4-c183d5deb59a/prints/pp2/W501956.webp
Силиконовые чехлы,Samsung Galaxy A33 5G,A:501960,W501960,ПП2,727511930,41,https://s3.twcstorage.ru/35ffc2ef-1e09-463d-a2c4-c183d5deb59a/prints/pp2/W501960.webp
Белые софт-тач,Samsung Galaxy A33 5G,A:501961,W501961,ПП2,726673412,12,https://s3.twcstorage.ru/35ffc2ef-1e09-463d-a2c4-c183d5deb59a/prints/pp2/W501961.webp
Силиконовые чехлы,Samsung Galaxy A33 5G,A:501978,Q501978,ПП2,727219339,2,https://s3.twcstorage.ru/35ffc2ef-1e09-463d-a2c4-c183d5deb59a/prints/pp2/Q5019781.webp
Силиконовые чехлы,Samsung Galaxy A33 5G,A:501980,Q501980,ПП2,727179350,4,https://s3.twcstorage.ru/35ffc2ef-1e09-463d-a2c4-c183d5deb59a/prints/pp2/Q5019801.webp
Силиконовые чехлы,Samsung Galaxy A33 5G,A:501991,Q501991,ПП2,727213823,1000000,https://s3.twcstorage.ru/35ffc2ef-1e09-463d-a2c4-c183d5deb59a/prints/pp2/Q501991.webp
Силиконовые чехлы,Samsung Galaxy A33 5G,A:501998,W501998,ПП2,727830833,1000000,https://s3.twcstorage.ru/35ffc2ef-1e09-463d-a2c4-c183d5deb59a/prints/pp2/W501998.webp
Белые софт-тач,Samsung Galaxy A33 5G,A:502007,W502007,ПП2,726643965,71,https://s3.twcstorage.ru/35ffc2ef-1e09-463d-a2c4-c183d5deb59a/prints/pp2/W502007.webp
Силиконовые чехлы,Samsung Galaxy A33 5G,A:502009,W502009,ПП2,727513240,8,https://s3.twcstorage.ru/35ffc2ef-1e09-463d-a2c4-c183d5deb59a/prints/pp2/W502009.webp
Силиконовые чехлы,Samsung Galaxy A33 5G,A:502011,W502011,ПП2,727237995,58,https://s3.twcstorage.ru/35ffc2ef-1e09-463d-a2c4-c183d5deb59a/prints/pp2/W502011.webp
Белые софт-тач,Samsung Galaxy A33 5G,A:502014,W502014,ПП2,726647561,15,https://s3.twcstorage.ru/35ffc2ef-1e09-463d-a2c4-c183d5deb59a/prints/pp2/W502014.webp
Силиконовые чехлы,Samsung Galaxy A33 5G,A:502017,W502017,ПП2,727030206,1000000,https://s3.twcstorage.ru/35ffc2ef-1e09-463d-a2c4-c183d5deb59a/prints/pp2/W502017.webp
Белые софт-тач,Samsung Galaxy A33 5G,A:502030,W502030,ПП2,726634467,39,https://s3.twcstorage.ru/35ffc2ef-1e09-463d-a2c4-c183d5deb59a/prints/pp2/W502030.webp
Белые софт-тач,Samsung Galaxy A33 5G,A:502032,W502032,ПП2,726635765,59,https://s3.twcstorage.ru/35ffc2ef-1e09-463d-a2c4-c183d5deb59a/prints/pp2/W502032.webp
Силиконовые чехлы,Samsung Galaxy A33 5G,A:502039,W502039,ПП2,727802832,34,https://s3.twcstorage.ru/35ffc2ef-1e09-463d-a2c4-c183d5deb59a/prints/pp2/W502039.webp
Силиконовые чехлы,Samsung Galaxy A33 5G,A:502044,W502044,ПП2,727804187,139,https://s3.twcstorage.ru/35ffc2ef-1e09-463d-a2c4-c183d5deb59a/prints/pp2/W502044.webp
Белые софт-тач,Samsung Galaxy A33 5G,A:502052,W502052,ПП2,726641857,2,https://s3.twcstorage.ru/35ffc2ef-1e09-463d-a2c4-c183d5deb59a/prints/pp2/W502052.webp
Белые софт-тач,Samsung Galaxy A33 5G,A:502053,W502053,ПП2,726639755,1,https://s3.twcstorage.ru/35ffc2ef-1e09-463d-a2c4-c183d5deb59a/prints/pp2/W502053.webp
Силиконовые чехлы,Samsung Galaxy A33 5G,A:506332,W506332,ПП2,1186703151,3,https://s3.twcstorage.ru/35ffc2ef-1e09-463d-a2c4-c183d5deb59a/prints/pp2/W5063321.webp
Силиконовые чехлы,Samsung Galaxy A33 5G,A:506335,W506335,ПП2,1186704378,15,https://s3.twcstorage.ru/35ffc2ef-1e09-463d-a2c4-c183d5deb59a/prints/pp2/W5063351.webp
Силиконовые чехлы,Samsung Galaxy A33 5G,A:506339,W506339,ПП2,1186780350,13,https://s3.twcstorage.ru/35ffc2ef-1e09-463d-a2c4-c183d5deb59a/prints/pp2/W5063391.webp
Силиконовые чехлы,Samsung Galaxy A33 5G,A:506372,W506372,ПП2,1186493565,16,https://s3.twcstorage.ru/35ffc2ef-1e09-463d-a2c4-c183d5deb59a/prints/pp2/W506372.webp
Матовые цветные чехлы для печати,Samsung Galaxy A34 5G,A:501933,W501933,ПП2,726801424,85,https://s3.twcstorage.ru/35ffc2ef-1e09-463d-a2c4-c183d5deb59a/prints/pp2/W501933.webp
Матовые цветные чехлы для печати,Samsung Galaxy A34 5G,A:501947,W501947,ПП2,726780992,28,https://s3.twcstorage.ru/35ffc2ef-1e09-463d-a2c4-c183d5deb59a/prints/pp2/W501947.webp
Силиконовые чехлы,Samsung Galaxy A34 5G,A:501955,W501955,ПП2,727299121,61,https://s3.twcstorage.ru/35ffc2ef-1e09-463d-a2c4-c183d5deb59a/prints/pp2/W501955.webp
Чёрные софт-тач,Samsung Galaxy A34 5G,A:501957,S501957,ПП2,727124152,3,https://s3.twcstorage.ru/35ffc2ef-1e09-463d-a2c4-c183d5deb59a/prints/pp2/W501957.webp
Чёрные софт-тач,Samsung Galaxy A34 5G,A:501960,S501960,ПП2,727150097,15,https://s3.twcstorage.ru/35ffc2ef-1e09-463d-a2c4-c183d5deb59a/prints/pp2/W501960.webp
Белые софт-тач,Samsung Galaxy A34 5G,A:501961,W501961,ПП2,931043368,12,https://s3.twcstorage.ru/35ffc2ef-1e09-463d-a2c4-c183d5deb59a/prints/pp2/W501961.webp
Чёрные софт-тач,Samsung Galaxy A34 5G,A:501962,S501962,ПП2,727442484,9,https://s3.twcstorage.ru/35ffc2ef-1e09-463d-a2c4-c183d5deb59a/prints/pp2/W501962.webp
Силиконовые чехлы,Samsung Galaxy A34 5G,A:501978,Q501978,ПП2,727217822,2,https://s3.twcstorage.ru/35ffc2ef-1e09-463d-a2c4-c183d5deb59a/prints/pp2/Q5019781.webp
Силиконовые чехлы,Samsung Galaxy A34 5G,A:501980,Q501980,ПП2,727174659,4,https://s3.twcstorage.ru/35ffc2ef-1e09-463d-a2c4-c183d5deb59a/prints/pp2/Q5019801.webp
Силиконовые чехлы,Samsung Galaxy A34 5G,A:501990,Q501990,ПП2,727813231,63,https://s3.twcstorage.ru/35ffc2ef-1e09-463d-a2c4-c183d5deb59a/prints/pp2/Y501990.webp
Матовые цветные чехлы для печати,Samsung Galaxy A34 5G,A:502006,W502006,ПП2,726861680,47,https://s3.twcstorage.ru/35ffc2ef-1e09-463d-a2c4-c183d5deb59a/prints/pp2/W502006.webp
Матовые цветные чехлы для печати,Samsung Galaxy A34 5G,A:502007,W502007,ПП2,726849929,67,https://s3.twcstorage.ru/35ffc2ef-1e09-463d-a2c4-c183d5deb59a/prints/pp2/W502007.webp
Силиконовые чехлы,Samsung Galaxy A34 5G,A:502009,W502009,ПП2,727510197,8,https://s3.twcstorage.ru/35ffc2ef-1e09-463d-a2c4-c183d5deb59a/prints/pp2/W502009.webp
Матовые цветные чехлы для печати,Samsung Galaxy A34 5G,A:502019,W502019,ПП2,726835208,55,https://s3.twcstorage.ru/35ffc2ef-1e09-463d-a2c4-c183d5deb59a/prints/pp2/W502019.webp
Матовые цветные чехлы для печати,Samsung Galaxy A34 5G,A:502022,W502022,ПП2,726887266,1000000,https://s3.twcstorage.ru/35ffc2ef-1e09-463d-a2c4-c183d5deb59a/prints/pp2/Y502022.webp
Матовые цветные чехлы для печати,Samsung Galaxy A34 5G,A:502030,W502030,ПП2,726857102,20,https://s3.twcstorage.ru/35ffc2ef-1e09-463d-a2c4-c183d5deb59a/prints/pp2/W502030.webp
Белые софт-тач,Samsung Galaxy A34 5G,A:502031,W502031,ПП2,930899755,58,https://s3.twcstorage.ru/35ffc2ef-1e09-463d-a2c4-c183d5deb59a/prints/pp2/W502031.webp
Матовые цветные чехлы для печати,Samsung Galaxy A34 5G,A:502032,W502032,ПП2,726858811,40,https://s3.twcstorage.ru/35ffc2ef-1e09-463d-a2c4-c183d5deb59a/prints/pp2/W502032.webp
Матовые цветные чехлы для печати,Samsung Galaxy A34 5G,A:502048,W502048,ПП2,726762040,72,https://s3.twcstorage.ru/35ffc2ef-1e09-463d-a2c4-c183d5deb59a/prints/pp2/Y502048.webp
Белые софт-тач,Samsung Galaxy A34 5G,A:502052,W502052,ПП2,931012216,2,https://s3.twcstorage.ru/35ffc2ef-1e09-463d-a2c4-c183d5deb59a/prints/pp2/W502052.webp
Белые софт-тач,Samsung Galaxy A34 5G,A:502053,W502053,ПП2,931008490,1,https://s3.twcstorage.ru/35ffc2ef-1e09-463d-a2c4-c183d5deb59a/prints/pp2/W502053.webp
Матовые цветные чехлы для печати,Samsung Galaxy A34 5G,A:506330,W5063301,ПП2,1185469115,3,https://s3.twcstorage.ru/35ffc2ef-1e09-463d-a2c4-c183d5deb59a/prints/pp2/W5063301.webp
Матовые цветные чехлы для печати,Samsung Galaxy A34 5G,A:506331,W5063311,ПП2,1189295698,5,https://s3.twcstorage.ru/35ffc2ef-1e09-463d-a2c4-c183d5deb59a/prints/pp2/W5063311.webp
Белые софт-тач,Samsung Galaxy A34 5G,A:506340,W506340,ПП2,1164337402,4,https://s3.twcstorage.ru/35ffc2ef-1e09-463d-a2c4-c183d5deb59a/prints/pp2/W5063401.webp
Матовые цветные чехлы для печати,Samsung Galaxy A34 5G,A:506360,W5063601,ПП2,1185811683,1000000,https://s3.twcstorage.ru/35ffc2ef-1e09-463d-a2c4-c183d5deb59a/prints/pp2/W5063601.webp
Матовые цветные чехлы для печати,Samsung Galaxy A34 5G,A:506372,W506372,ПП2,1185457565,9,https://s3.twcstorage.ru/35ffc2ef-1e09-463d-a2c4-c183d5deb59a/prints/pp2/W506372.webp
Силиконовые чехлы,Samsung Galaxy A34 5G,A:506374,W506374,ПП2,1186504294,10,https://s3.twcstorage.ru/35ffc2ef-1e09-463d-a2c4-c183d5deb59a/prints/pp2/W506374.webp
Матовые цветные чехлы для печати,Samsung Galaxy A35 5G,A:501935,W501935,ПП2,726864087,86,https://s3.twcstorage.ru/35ffc2ef-1e09-463d-a2c4-c183d5deb59a/prints/pp2/W501935.webp
Силиконовые чехлы,Samsung Galaxy A35 5G,A:501942,C501942,ПП2,727244865,118,https://s3.twcstorage.ru/35ffc2ef-1e09-463d-a2c4-c183d5deb59a/prints/pp2/S501942.webp
Белые софт-тач,Samsung Galaxy A35 5G,A:501947,W501947,ПП2,726590001,27,https://s3.twcstorage.ru/35ffc2ef-1e09-463d-a2c4-c183d5deb59a/prints/pp2/W501947.webp
Чехол с вкладышем,Samsung Galaxy A35 5G,A:501951,W501951,ПП2,994585194,1000000,https://s3.twcstorage.ru/35ffc2ef-1e09-463d-a2c4-c183d5deb59a/prints/pp2/W501951.webp
Силиконовые чехлы,Samsung Galaxy A35 5G,A:501955,C501955,ПП2,727205626,61,https://s3.twcstorage.ru/35ffc2ef-1e09-463d-a2c4-c183d5deb59a/prints/pp2/W501955.webp
Чёрные софт-тач,Samsung Galaxy A35 5G,A:501957,S501957,ПП2,727123580,3,https://s3.twcstorage.ru/35ffc2ef-1e09-463d-a2c4-c183d5deb59a/prints/pp2/W501957.webp
Силиконовые чехлы,Samsung Galaxy A35 5G,A:501960,C501960,ПП2,727208682,41,https://s3.twcstorage.ru/35ffc2ef-1e09-463d-a2c4-c183d5deb59a/prints/pp2/W501960.webp
Белые софт-тач,Samsung Galaxy A35 5G,A:501962,W501962,ПП2,726673754,13,https://s3.twcstorage.ru/35ffc2ef-1e09-463d-a2c4-c183d5deb59a/prints/pp2/W501962.webp
Силиконовые чехлы,Samsung Galaxy A35 5G,A:501978,Q501978,ПП2,727217388,2,https://s3.twcstorage.ru/35ffc2ef-1e09-463d-a2c4-c183d5deb59a/prints/pp2/Q5019781.webp
Стеклянные чехлы,Samsung Galaxy A35 5G,A:501979,Q5019791,ПП2,727507398,6,https://s3.twcstorage.ru/35ffc2ef-1e09-463d-a2c4-c183d5deb59a/prints/pp2/Q5019791.webp
Силиконовые чехлы,Samsung Galaxy A35 5G,A:501980,Q501980,ПП2,727174747,4,https://s3.twcstorage.ru/35ffc2ef-1e09-463d-a2c4-c183d5deb59a/prints/pp2/Q5019801.webp
Матовые цветные чехлы для печати,Samsung Galaxy A35 5G,A:502003,W502003,ПП2,726735325,38,https://s3.twcstorage.ru/35ffc2ef-1e09-463d-a2c4-c183d5deb59a/prints/pp2/W502003.webp
Чехол с вкладышем,Samsung Galaxy A35 5G,A:502009,W502009,ПП2,994585614,1000000,https://s3.twcstorage.ru/35ffc2ef-1e09-463d-a2c4-c183d5deb59a/prints/pp2/W502009.webp
Чехол с вкладышем,Samsung Galaxy A35 5G,A:502010,W502010,ПП2,994585628,1000000,https://s3.twcstorage.ru/35ffc2ef-1e09-463d-a2c4-c183d5deb59a/prints/pp2/W502010.webp
Чехол с вкладышем,Samsung Galaxy A35 5G,A:502012,W502012,ПП2,994585665,1000000,https://s3.twcstorage.ru/35ffc2ef-1e09-463d-a2c4-c183d5deb59a/prints/pp2/W502012.webp
Матовые цветные чехлы для печати,Samsung Galaxy A35 5G,A:502014,W502014,ПП2,726749802,18,https://s3.twcstorage.ru/35ffc2ef-1e09-463d-a2c4-c183d5deb59a/prints/pp2/W502014.webp
Матовые цветные чехлы для печати,Samsung Galaxy A35 5G,A:502017,W502017,ПП2,726832306,92,https://s3.twcstorage.ru/35ffc2ef-1e09-463d-a2c4-c183d5deb59a/prints/pp2/W502017.webp
Матовые цветные чехлы для печати,Samsung Galaxy A35 5G,A:502019,W502019,ПП2,726835054,55,https://s3.twcstorage.ru/35ffc2ef-1e09-463d-a2c4-c183d5deb59a/prints/pp2/W502019.webp
Чехол с вкладышем,Samsung Galaxy A35 5G,A:502030,W502030,ПП2,994586152,1000000,https://s3.twcstorage.ru/35ffc2ef-1e09-463d-a2c4-c183d5deb59a/prints/pp2/W502030.webp
Белые софт-тач,Samsung Galaxy A35 5G,A:502031,W502031,ПП2,726579792,58,https://s3.twcstorage.ru/35ffc2ef-1e09-463d-a2c4-c183d5deb59a/prints/pp2/W502031.webp
Белые софт-тач,Samsung Galaxy A35 5G,A:502036,W502036,ПП2,726650467,25,https://s3.twcstorage.ru/35ffc2ef-1e09-463d-a2c4-c183d5deb59a/prints/pp2/W502036.webp
Белые софт-тач,Samsung Galaxy A35 5G,A:502052,W502052,ПП2,726643039,2,https://s3.twcstorage.ru/35ffc2ef-1e09-463d-a2c4-c183d5deb59a/prints/pp2/W502052.webp
Белые софт-тач,Samsung Galaxy A35 5G,A:502053,W502053,ПП2,726640782,1,https://s3.twcstorage.ru/35ffc2ef-1e09-463d-a2c4-c183d5deb59a/prints/pp2/W502053.webp
Белые софт-тач,Samsung Galaxy A35 5G,A:502056,W502056,ПП2,726576692,73,https://s3.twcstorage.ru/35ffc2ef-1e09-463d-a2c4-c183d5deb59a/prints/pp2/W502056.webp
Матовые цветные чехлы для печати,Samsung Galaxy A35 5G,A:502062,W502062,ПП2,726776549,97,https://s3.twcstorage.ru/35ffc2ef-1e09-463d-a2c4-c183d5deb59a/prints/pp2/W502062.webp
Чехол с вкладышем,Samsung Galaxy A35 5G,A:502067,W502067,ПП2,994586492,1000000,https://s3.twcstorage.ru/35ffc2ef-1e09-463d-a2c4-c183d5deb59a/prints/pp2/W5020671.webp
Чехол с вкладышем,Samsung Galaxy A35 5G,A:502069,W502069,ПП2,994586508,1000000,https://s3.twcstorage.ru/35ffc2ef-1e09-463d-a2c4-c183d5deb59a/prints/pp2/W502069.webp
Матовые цветные чехлы для печати,Samsung Galaxy A35 5G,A:506332,W5063321,ПП2,1185747159,2,https://s3.twcstorage.ru/35ffc2ef-1e09-463d-a2c4-c183d5deb59a/prints/pp2/W5063321.webp
Силиконовые чехлы,Samsung Galaxy A35 5G,A:506336,W506336,ПП2,1186704690,14,https://s3.twcstorage.ru/35ffc2ef-1e09-463d-a2c4-c183d5deb59a/prints/pp2/W5063361.webp
Силиконовые чехлы,Samsung Galaxy A35 5G,A:506340,W506340,ПП2,1186233160,5,https://s3.twcstorage.ru/35ffc2ef-1e09-463d-a2c4-c183d5deb59a/prints/pp2/W5063401.webp
Матовые цветные чехлы для печати,Samsung Galaxy A35 5G,A:506346,W506346,ПП2,1185687879,19,https://s3.twcstorage.ru/35ffc2ef-1e09-463d-a2c4-c183d5deb59a/prints/pp2/W506346.webp
Силиконовые чехлы,Samsung Galaxy A35 5G,A:506373,W506373,ПП2,1186783488,6,https://s3.twcstorage.ru/35ffc2ef-1e09-463d-a2c4-c183d5deb59a/prints/pp2/W506373.webp
Матовые цветные чехлы для печати,Samsung Galaxy A35 5G,A:506379,W506379,ПП2,1189285210,24,https://s3.twcstorage.ru/35ffc2ef-1e09-463d-a2c4-c183d5deb59a/prints/pp2/W506379.webp
Белые софт-тач,Samsung Galaxy A36 5G,A:501936,W501936,ПП2,726595360,1000000,https://s3.twcstorage.ru/35ffc2ef-1e09-463d-a2c4-c183d5deb59a/prints/pp2/W501936.webp
Силиконовые чехлы,Samsung Galaxy A36 5G,A:501940,C501940,ПП2,727200794,117,https://s3.twcstorage.ru/35ffc2ef-1e09-463d-a2c4-c183d5deb59a/prints/pp2/W501940.webp
Силиконовые чехлы,Samsung Galaxy A36 5G,A:501942,C501942,ПП2,727245991,118,https://s3.twcstorage.ru/35ffc2ef-1e09-463d-a2c4-c183d5deb59a/prints/pp2/S501942.webp
Чёрные софт-тач,Samsung Galaxy A36 5G,A:501945,S501945,ПП2,727120765,1000000,https://s3.twcstorage.ru/35ffc2ef-1e09-463d-a2c4-c183d5deb59a/prints/pp2/W501945.webp
Силиконовые чехлы,Samsung Galaxy A36 5G,A:501960,C501960,ПП2,727209914,41,https://s3.twcstorage.ru/35ffc2ef-1e09-463d-a2c4-c183d5deb59a/prints/pp2/W501960.webp
Силиконовые чехлы,Samsung Galaxy A36 5G,A:501961,W501961,ПП2,727556646,21,https://s3.twcstorage.ru/35ffc2ef-1e09-463d-a2c4-c183d5deb59a/prints/pp2/W501961.webp
Силиконовые чехлы,Samsung Galaxy A36 5G,A:501977,Q501977,ПП2,727770340,88,https://s3.twcstorage.ru/35ffc2ef-1e09-463d-a2c4-c183d5deb59a/prints/pp2/Q5019771.webp
Силиконовые чехлы,Samsung Galaxy A36 5G,A:501978,Q501978,ПП2,727218750,2,https://s3.twcstorage.ru/35ffc2ef-1e09-463d-a2c4-c183d5deb59a/prints/pp2/Q5019781.webp
Стеклянные чехлы,Samsung Galaxy A36 5G,A:501980,Q5019801,ПП2,727507116,2,https://s3.twcstorage.ru/35ffc2ef-1e09-463d-a2c4-c183d5deb59a/prints/pp2/Q5019801.webp
Силиконовые чехлы,Samsung Galaxy A36 5G,A:501982,Q501982,ПП2,727554130,1000000,https://s3.twcstorage.ru/35ffc2ef-1e09-463d-a2c4-c183d5deb59a/prints/pp2/Y501982.webp
Стеклянные чехлы,Samsung Galaxy A36 5G,A:501990,Y501990,ПП2,726964758,1000000,https://s3.twcstorage.ru/35ffc2ef-1e09-463d-a2c4-c183d5deb59a/prints/pp2/Y501990.webp
Силиконовые чехлы,Samsung Galaxy A36 5G,A:501993,Q501993,ПП2,727180874,37,https://s3.twcstorage.ru/35ffc2ef-1e09-463d-a2c4-c183d5deb59a/prints/pp2/Q5019931.webp
Силиконовые чехлы,Samsung Galaxy A36 5G,A:502006,W502006,ПП2,727851132,23,https://s3.twcstorage.ru/35ffc2ef-1e09-463d-a2c4-c183d5deb59a/prints/pp2/W502006.webp
Силиконовые чехлы,Samsung Galaxy A36 5G,A:502009,W502009,ПП2,727511011,8,https://s3.twcstorage.ru/35ffc2ef-1e09-463d-a2c4-c183d5deb59a/prints/pp2/W502009.webp
Силиконовые чехлы,Samsung Galaxy A36 5G,A:502010,W502010,ПП2,727231835,1,https://s3.twcstorage.ru/35ffc2ef-1e09-463d-a2c4-c183d5deb59a/prints/pp2/W502010.webp
Силиконовые чехлы,Samsung Galaxy A36 5G,A:502032,W502032,ПП2,727775162,25,https://s3.twcstorage.ru/35ffc2ef-1e09-463d-a2c4-c183d5deb59a/prints/pp2/W502032.webp
Белые софт-тач,Samsung Galaxy A36 5G,A:502033,W502033,ПП2,726638480,10,https://s3.twcstorage.ru/35ffc2ef-1e09-463d-a2c4-c183d5deb59a/prints/pp2/W502033.webp
Белые софт-тач,Samsung Galaxy A36 5G,A:502036,W502036,ПП2,726649515,25,https://s3.twcstorage.ru/35ffc2ef-1e09-463d-a2c4-c183d5deb59a/prints/pp2/W502036.webp
Белые софт-тач,Samsung Galaxy A36 5G,A:502048,W502048,ПП2,726573570,21,https://s3.twcstorage.ru/35ffc2ef-1e09-463d-a2c4-c183d5deb59a/prints/pp2/Y502048.webp
Белые софт-тач,Samsung Galaxy A36 5G,A:502053,W502053,ПП2,726640265,1,https://s3.twcstorage.ru/35ffc2ef-1e09-463d-a2c4-c183d5deb59a/prints/pp2/W502053.webp
Матовые цветные чехлы для печати,Samsung Galaxy A36 5G,A:502065,W502065,ПП2,933293772,16,https://s3.twcstorage.ru/35ffc2ef-1e09-463d-a2c4-c183d5deb59a/prints/pp2/W502065.webp
Белые софт-тач,Samsung Galaxy A36 5G,A:502067,W502067,ПП2,726574779,63,https://s3.twcstorage.ru/35ffc2ef-1e09-463d-a2c4-c183d5deb59a/prints/pp2/W5020671.webp
Матовые цветные чехлы для печати,Samsung Galaxy A36 5G,A:502069,W502069,ПП2,933292807,31,https://s3.twcstorage.ru/35ffc2ef-1e09-463d-a2c4-c183d5deb59a/prints/pp2/W502069.webp
Матовые цветные чехлы для печати,Samsung Galaxy A36 5G,A:506332,W5063321,ПП2,1185807395,2,https://s3.twcstorage.ru/35ffc2ef-1e09-463d-a2c4-c183d5deb59a/prints/pp2/W5063321.webp
Силиконовые чехлы,Samsung Galaxy A36 5G,A:506374,W506374,ПП2,1186507709,10,https://s3.twcstorage.ru/35ffc2ef-1e09-463d-a2c4-c183d5deb59a/prints/pp2/W506374.webp
Силиконовые чехлы,Samsung Galaxy A36 5G,A:506376,W506376,ПП2,1186524576,53,https://s3.twcstorage.ru/35ffc2ef-1e09-463d-a2c4-c183d5deb59a/prints/pp2/W506376.webp
Стеклянные чехлы,Samsung Galaxy A36 5G,A:506385,Q5063851,ПП2,1186858958,5,https://s3.twcstorage.ru/35ffc2ef-1e09-463d-a2c4-c183d5deb59a/prints/pp2/Q5063851.webp
Объемные матовые чехлы черные,Samsung Galaxy A36 5G/A56 5G,A:501990,Q501990,ПП2,1157485294,41,https://s3.twcstorage.ru/35ffc2ef-1e09-463d-a2c4-c183d5deb59a/prints/pp2/Y501990.webp
Объемные матовые чехлы черные,Samsung Galaxy A36 5G/A56 5G,A:502029,W502029,ПП2,1157575373,2,https://s3.twcstorage.ru/35ffc2ef-1e09-463d-a2c4-c183d5deb59a/prints/pp2/W502029.webp
Объемные матовые чехлы коричневые,Samsung Galaxy A36 5G/A56 5G,A:502053,W502053,ПП2,1156644301,4,https://s3.twcstorage.ru/35ffc2ef-1e09-463d-a2c4-c183d5deb59a/prints/pp2/W502053.webp
Объемные матовые чехлы черные,Samsung Galaxy A36 5G/A56 5G,A:502069,W502069,ПП2,1157612514,16,https://s3.twcstorage.ru/35ffc2ef-1e09-463d-a2c4-c183d5deb59a/prints/pp2/W502069.webp
Объемные матовые чехлы черные,Samsung Galaxy A36 5G/A56 5G,A:506332,W5063321,ПП2,1157949592,9,https://s3.twcstorage.ru/35ffc2ef-1e09-463d-a2c4-c183d5deb59a/prints/pp2/W5063321.webp
Объемные матовые чехлы черные,Samsung Galaxy A36 5G/A56 5G,A:506334,W5063341,ПП2,1157984016,1,https://s3.twcstorage.ru/35ffc2ef-1e09-463d-a2c4-c183d5deb59a/prints/pp2/W5063341.webp
Объемные матовые чехлы коричневые,Samsung Galaxy A36 5G/A56 5G,A:506336,W5063361,ПП2,1157059094,9,https://s3.twcstorage.ru/35ffc2ef-1e09-463d-a2c4-c183d5deb59a/prints/pp2/W5063361.webp
Объемные матовые чехлы светло-розовые,Samsung Galaxy A36 5G/A56 5G,A:506340,W506340,ПП2,1152733043,8,https://s3.twcstorage.ru/35ffc2ef-1e09-463d-a2c4-c183d5deb59a/prints/pp2/W5063401.webp
Объемные матовые чехлы черные,Samsung Galaxy A36 5G/A56 5G,A:506372,W506372,ПП2,1157876248,33,https://s3.twcstorage.ru/35ffc2ef-1e09-463d-a2c4-c183d5deb59a/prints/pp2/W506372.webp
Объемные матовые чехлы черные,Samsung Galaxy A36 5G/A56 5G,A:506383,Q506383,ПП2,1157765179,39,https://s3.twcstorage.ru/35ffc2ef-1e09-463d-a2c4-c183d5deb59a/prints/pp2/Q5063831.webp
Объемные матовые чехлы черные,Samsung Galaxy A36 5G/A56 5G,A:506384,Q506384,ПП2,1157773560,10,https://s3.twcstorage.ru/35ffc2ef-1e09-463d-a2c4-c183d5deb59a/prints/pp2/Q5063841.webp
Силиконовые чехлы,Samsung Galaxy A41,A:501953,C501953,ПП2,1139253609,98,https://s3.twcstorage.ru/35ffc2ef-1e09-463d-a2c4-c183d5deb59a/prints/pp2/W501953.webp
Силиконовые чехлы,Samsung Galaxy A50/A30S,A:502025,W502025,ПП2,1124350459,65,https://s3.twcstorage.ru/35ffc2ef-1e09-463d-a2c4-c183d5deb59a/prints/pp2/W502025.webp
Белые софт-тач,Samsung Galaxy A50/A30S,A:502035,W502035,ПП2,1015500137,20,https://s3.twcstorage.ru/35ffc2ef-1e09-463d-a2c4-c183d5deb59a/prints/pp2/W502035.webp
Белые софт-тач,Samsung Galaxy A51,A:501930,W501930,ПП2,726672188,65,https://s3.twcstorage.ru/35ffc2ef-1e09-463d-a2c4-c183d5deb59a/prints/pp2/W501930.webp
Белые софт-тач,Samsung Galaxy A51,A:501938,W501938,ПП2,726654774,1000000,https://s3.twcstorage.ru/35ffc2ef-1e09-463d-a2c4-c183d5deb59a/prints/pp2/W501938.webp
Чёрные софт-тач,Samsung Galaxy A51,A:501943,S501943,ПП2,727103047,6,https://s3.twcstorage.ru/35ffc2ef-1e09-463d-a2c4-c183d5deb59a/prints/pp2/S501943.webp
Силиконовые чехлы,Samsung Galaxy A51,A:501962,W501962,ПП2,727558363,62,https://s3.twcstorage.ru/35ffc2ef-1e09-463d-a2c4-c183d5deb59a/prints/pp2/W501962.webp
Силиконовые чехлы,Samsung Galaxy A51,A:501980,Q501980,ПП2,727174896,4,https://s3.twcstorage.ru/35ffc2ef-1e09-463d-a2c4-c183d5deb59a/prints/pp2/Q5019801.webp
Стеклянные чехлы,Samsung Galaxy A51,A:501982,Y501982,ПП2,726985922,1000000,https://s3.twcstorage.ru/35ffc2ef-1e09-463d-a2c4-c183d5deb59a/prints/pp2/Y501982.webp
Матовые цветные чехлы для печати,Samsung Galaxy A51,A:501997,W501997,ПП2,726811664,1000000,https://s3.twcstorage.ru/35ffc2ef-1e09-463d-a2c4-c183d5deb59a/prints/pp2/Y501997.webp
Силиконовые чехлы,Samsung Galaxy A51,A:502003,W502003,ПП2,727509748,72,https://s3.twcstorage.ru/35ffc2ef-1e09-463d-a2c4-c183d5deb59a/prints/pp2/W502003.webp
Силиконовые чехлы,Samsung Galaxy A51,A:502007,W502007,ПП2,727852686,55,https://s3.twcstorage.ru/35ffc2ef-1e09-463d-a2c4-c183d5deb59a/prints/pp2/W502007.webp
Матовые цветные чехлы для печати,Samsung Galaxy A51,A:502009,W502009,ПП2,726742636,22,https://s3.twcstorage.ru/35ffc2ef-1e09-463d-a2c4-c183d5deb59a/prints/pp2/W502009.webp
Матовые цветные чехлы для печати,Samsung Galaxy A51,A:502010,W502010,ПП2,726745289,10,https://s3.twcstorage.ru/35ffc2ef-1e09-463d-a2c4-c183d5deb59a/prints/pp2/W502010.webp
Силиконовые чехлы,Samsung Galaxy A51,A:502014,W502014,ПП2,726980849,7,https://s3.twcstorage.ru/35ffc2ef-1e09-463d-a2c4-c183d5deb59a/prints/pp2/W502014.webp
Белые софт-тач,Samsung Galaxy A51,A:502030,W502030,ПП2,726634555,39,https://s3.twcstorage.ru/35ffc2ef-1e09-463d-a2c4-c183d5deb59a/prints/pp2/W502030.webp
Силиконовые чехлы,Samsung Galaxy A51,A:502035,W502035,ПП2,727781886,43,https://s3.twcstorage.ru/35ffc2ef-1e09-463d-a2c4-c183d5deb59a/prints/pp2/W502035.webp
Белые софт-тач,Samsung Galaxy A51,A:502052,W502052,ПП2,726643099,2,https://s3.twcstorage.ru/35ffc2ef-1e09-463d-a2c4-c183d5deb59a/prints/pp2/W502052.webp
Силиконовые чехлы,Samsung Galaxy A51,A:502058,W502058,ПП2,727889835,1000000,https://s3.twcstorage.ru/35ffc2ef-1e09-463d-a2c4-c183d5deb59a/prints/pp2/W502058.webp
Матовые цветные чехлы для печати,Samsung Galaxy A51,A:502065,W502065,ПП2,726839316,16,https://s3.twcstorage.ru/35ffc2ef-1e09-463d-a2c4-c183d5deb59a/prints/pp2/W502065.webp
Матовые цветные чехлы для печати,Samsung Galaxy A51,A:506330,W5063301,ПП2,1185608350,3,https://s3.twcstorage.ru/35ffc2ef-1e09-463d-a2c4-c183d5deb59a/prints/pp2/W5063301.webp
Белые софт-тач,Samsung Galaxy A51,A:506340,W506340,ПП2,1164331926,4,https://s3.twcstorage.ru/35ffc2ef-1e09-463d-a2c4-c183d5deb59a/prints/pp2/W5063401.webp
Силиконовые чехлы,Samsung Galaxy A51,A:506383,Q506383,ПП2,1186030541,32,https://s3.twcstorage.ru/35ffc2ef-1e09-463d-a2c4-c183d5deb59a/prints/pp2/Q5063831.webp
Чёрные софт-тач,Samsung Galaxy A52/A52s,A:501927,S501927,ПП2,727131925,1000000,https://s3.twcstorage.ru/35ffc2ef-1e09-463d-a2c4-c183d5deb59a/prints/pp2/W501927.webp
Чёрные софт-тач,Samsung Galaxy A52/A52s,A:501951,S501951,ПП2,727137121,5,https://s3.twcstorage.ru/35ffc2ef-1e09-463d-a2c4-c183d5deb59a/prints/pp2/W501951.webp
Чёрные софт-тач,Samsung Galaxy A52/A52s,A:501957,S501957,ПП2,727124988,3,https://s3.twcstorage.ru/35ffc2ef-1e09-463d-a2c4-c183d5deb59a/prints/pp2/W501957.webp
Чёрные софт-тач,Samsung Galaxy A52/A52s,A:501959,S501959,ПП2,727130346,1000000,https://s3.twcstorage.ru/35ffc2ef-1e09-463d-a2c4-c183d5deb59a/prints/pp2/S501959.webp
Чёрные софт-тач,Samsung Galaxy A52/A52s,A:501961,S501961,ПП2,727193930,10,https://s3.twcstorage.ru/35ffc2ef-1e09-463d-a2c4-c183d5deb59a/prints/pp2/W501961.webp
Силиконовые чехлы,Samsung Galaxy A52/A52s,A:501965,Q501965,ПП2,726961292,86,https://s3.twcstorage.ru/35ffc2ef-1e09-463d-a2c4-c183d5deb59a/prints/pp2/Q5019651.webp
Чехол с вкладышем,Samsung Galaxy A52/A52s,A:501968,W501968,ПП2,994592138,1000000,https://s3.twcstorage.ru/35ffc2ef-1e09-463d-a2c4-c183d5deb59a/prints/pp2/W501968.webp
Силиконовые чехлы,Samsung Galaxy A52/A52s,A:501978,Q501978,ПП2,727218557,2,https://s3.twcstorage.ru/35ffc2ef-1e09-463d-a2c4-c183d5deb59a/prints/pp2/Q5019781.webp
Силиконовые чехлы,Samsung Galaxy A52/A52s,A:501980,Q501980,ПП2,727191017,4,https://s3.twcstorage.ru/35ffc2ef-1e09-463d-a2c4-c183d5deb59a/prints/pp2/Q5019801.webp
Силиконовые чехлы,Samsung Galaxy A52/A52s,A:501987,Q501987,ПП2,727812171,1000000,https://s3.twcstorage.ru/35ffc2ef-1e09-463d-a2c4-c183d5deb59a/prints/pp2/Y501987.webp
Белые софт-тач,Samsung Galaxy A52/A52s,A:502016,W502016,ПП2,726631979,1000000,https://s3.twcstorage.ru/35ffc2ef-1e09-463d-a2c4-c183d5deb59a/prints/pp2/W502016.webp
Чехол с вкладышем,Samsung Galaxy A52/A52s,A:502030,W502030,ПП2,994593275,1000000,https://s3.twcstorage.ru/35ffc2ef-1e09-463d-a2c4-c183d5deb59a/prints/pp2/W502030.webp
Белые софт-тач,Samsung Galaxy A52/A52s,A:502031,W502031,ПП2,726578714,58,https://s3.twcstorage.ru/35ffc2ef-1e09-463d-a2c4-c183d5deb59a/prints/pp2/W502031.webp
Чехол с вкладышем,Samsung Galaxy A52/A52s,A:502062,W502062,ПП2,994593713,1000000,https://s3.twcstorage.ru/35ffc2ef-1e09-463d-a2c4-c183d5deb59a/prints/pp2/W502062.webp
Чехол с вкладышем,Samsung Galaxy A52/A52s,A:502064,W502064,ПП2,994593728,1000000,https://s3.twcstorage.ru/35ffc2ef-1e09-463d-a2c4-c183d5deb59a/prints/pp2/W502064.webp
Чехол с вкладышем,Samsung Galaxy A52/A52s,A:502065,W502065,ПП2,994593738,1000000,https://s3.twcstorage.ru/35ffc2ef-1e09-463d-a2c4-c183d5deb59a/prints/pp2/W502065.webp
Силиконовые чехлы,Samsung Galaxy A52/A52s,A:506332,W506332,ПП2,1186140278,3,https://s3.twcstorage.ru/35ffc2ef-1e09-463d-a2c4-c183d5deb59a/prints/pp2/W5063321.webp
Силиконовые чехлы,Samsung Galaxy A52/A52s,A:506336,W506336,ПП2,1186196144,14,https://s3.twcstorage.ru/35ffc2ef-1e09-463d-a2c4-c183d5deb59a/prints/pp2/W5063361.webp
Силиконовые чехлы,Samsung Galaxy A52/A52s,A:506340,W506340,ПП2,1186237541,5,https://s3.twcstorage.ru/35ffc2ef-1e09-463d-a2c4-c183d5deb59a/prints/pp2/W5063401.webp
Силиконовые чехлы,Samsung Galaxy A52/A52s,A:506372,W506372,ПП2,1186490662,16,https://s3.twcstorage.ru/35ffc2ef-1e09-463d-a2c4-c183d5deb59a/prints/pp2/W506372.webp
Силиконовые чехлы,Samsung Galaxy A52/A52s,A:506374,W506374,ПП2,1186506681,10,https://s3.twcstorage.ru/35ffc2ef-1e09-463d-a2c4-c183d5deb59a/prints/pp2/W506374.webp
Силиконовые чехлы,Samsung Galaxy A52/A52s,A:506379,W506379,ПП2,1186542989,27,https://s3.twcstorage.ru/35ffc2ef-1e09-463d-a2c4-c183d5deb59a/prints/pp2/W506379.webp
Матовые цветные чехлы для печати,Samsung Galaxy A53 5G,A:501935,W501935,ПП2,726865228,86,https://s3.twcstorage.ru/35ffc2ef-1e09-463d-a2c4-c183d5deb59a/prints/pp2/W501935.webp
Чёрные софт-тач,Samsung Galaxy A53 5G,A:501950,S501950,ПП2,727133249,2,https://s3.twcstorage.ru/35ffc2ef-1e09-463d-a2c4-c183d5deb59a/prints/pp2/W501950.webp
Силиконовые чехлы,Samsung Galaxy A53 5G,A:501951,C501951,ПП2,727816992,20,https://s3.twcstorage.ru/35ffc2ef-1e09-463d-a2c4-c183d5deb59a/prints/pp2/W501951.webp
Силиконовые чехлы,Samsung Galaxy A53 5G,A:501961,W501961,ПП2,727555628,21,https://s3.twcstorage.ru/35ffc2ef-1e09-463d-a2c4-c183d5deb59a/prints/pp2/W501961.webp
Силиконовые чехлы,Samsung Galaxy A53 5G,A:501962,W501962,ПП2,727558273,62,https://s3.twcstorage.ru/35ffc2ef-1e09-463d-a2c4-c183d5deb59a/prints/pp2/W501962.webp
Силиконовые чехлы,Samsung Galaxy A53 5G,A:501969,Q501969,ПП2,726911951,1000000,https://s3.twcstorage.ru/35ffc2ef-1e09-463d-a2c4-c183d5deb59a/prints/pp2/W501969.webp
Силиконовые чехлы,Samsung Galaxy A53 5G,A:501978,Q501978,ПП2,727218306,2,https://s3.twcstorage.ru/35ffc2ef-1e09-463d-a2c4-c183d5deb59a/prints/pp2/Q5019781.webp
Силиконовые чехлы,Samsung Galaxy A53 5G,A:501979,Q501979,ПП2,727779660,48,https://s3.twcstorage.ru/35ffc2ef-1e09-463d-a2c4-c183d5deb59a/prints/pp2/Q5019791.webp
Силиконовые чехлы,Samsung Galaxy A53 5G,A:501980,Q501980,ПП2,727175267,4,https://s3.twcstorage.ru/35ffc2ef-1e09-463d-a2c4-c183d5deb59a/prints/pp2/Q5019801.webp
Силиконовые чехлы,Samsung Galaxy A53 5G,A:501987,Q501987,ПП2,727811290,1000000,https://s3.twcstorage.ru/35ffc2ef-1e09-463d-a2c4-c183d5deb59a/prints/pp2/Y501987.webp
Силиконовые чехлы,Samsung Galaxy A53 5G,A:501990,Q501990,ПП2,727814618,63,https://s3.twcstorage.ru/35ffc2ef-1e09-463d-a2c4-c183d5deb59a/prints/pp2/Y501990.webp
Стеклянные чехлы,Samsung Galaxy A53 5G,A:501993,Q5019931,ПП2,727504727,4,https://s3.twcstorage.ru/35ffc2ef-1e09-463d-a2c4-c183d5deb59a/prints/pp2/Q5019931.webp
Силиконовые чехлы,Samsung Galaxy A53 5G,A:501995,W501995,ПП2,727508206,1000000,https://s3.twcstorage.ru/35ffc2ef-1e09-463d-a2c4-c183d5deb59a/prints/pp2/W501995.webp
Силиконовые чехлы,Samsung Galaxy A53 5G,A:502006,W502006,ПП2,727851064,23,https://s3.twcstorage.ru/35ffc2ef-1e09-463d-a2c4-c183d5deb59a/prints/pp2/W502006.webp
Силиконовые чехлы,Samsung Galaxy A53 5G,A:502007,W502007,ПП2,727852217,55,https://s3.twcstorage.ru/35ffc2ef-1e09-463d-a2c4-c183d5deb59a/prints/pp2/W502007.webp
Матовые цветные чехлы для печати,Samsung Galaxy A53 5G,A:502014,W502014,ПП2,726750832,18,https://s3.twcstorage.ru/35ffc2ef-1e09-463d-a2c4-c183d5deb59a/prints/pp2/W502014.webp
Матовые цветные чехлы для печати,Samsung Galaxy A53 5G,A:502016,W502016,ПП2,726816927,39,https://s3.twcstorage.ru/35ffc2ef-1e09-463d-a2c4-c183d5deb59a/prints/pp2/W502016.webp
Силиконовые чехлы,Samsung Galaxy A53 5G,A:502030,W502030,ПП2,727845404,66,https://s3.twcstorage.ru/35ffc2ef-1e09-463d-a2c4-c183d5deb59a/prints/pp2/W502030.webp
Силиконовые чехлы,Samsung Galaxy A53 5G,A:502032,W502032,ПП2,727774774,25,https://s3.twcstorage.ru/35ffc2ef-1e09-463d-a2c4-c183d5deb59a/prints/pp2/W502032.webp
Белые софт-тач,Samsung Galaxy A53 5G,A:502035,W502035,ПП2,930860461,20,https://s3.twcstorage.ru/35ffc2ef-1e09-463d-a2c4-c183d5deb59a/prints/pp2/W502035.webp
Силиконовые чехлы,Samsung Galaxy A53 5G,A:502037,W502037,ПП2,727058825,38,https://s3.twcstorage.ru/35ffc2ef-1e09-463d-a2c4-c183d5deb59a/prints/pp2/W502037.webp
Силиконовые чехлы,Samsung Galaxy A53 5G,A:502049,W502049,ПП2,726994693,40,https://s3.twcstorage.ru/35ffc2ef-1e09-463d-a2c4-c183d5deb59a/prints/pp2/Y502049.webp
Силиконовые чехлы,Samsung Galaxy A53 5G,A:502054,W502054,ПП2,727006475,141,https://s3.twcstorage.ru/35ffc2ef-1e09-463d-a2c4-c183d5deb59a/prints/pp2/W502054.webp
Силиконовые чехлы,Samsung Galaxy A53 5G,A:502064,W502064,ПП2,726920597,80,https://s3.twcstorage.ru/35ffc2ef-1e09-463d-a2c4-c183d5deb59a/prints/pp2/W502064.webp
Матовые цветные чехлы для печати,Samsung Galaxy A53 5G,A:502067,W5020671,ПП2,726734657,41,https://s3.twcstorage.ru/35ffc2ef-1e09-463d-a2c4-c183d5deb59a/prints/pp2/W5020671.webp
Матовые цветные чехлы для печати,Samsung Galaxy A53 5G,A:506331,W5063311,ПП2,1185461886,5,https://s3.twcstorage.ru/35ffc2ef-1e09-463d-a2c4-c183d5deb59a/prints/pp2/W5063311.webp
Матовые цветные чехлы для печати,Samsung Galaxy A53 5G,A:506338,W5063381,ПП2,1185598872,26,https://s3.twcstorage.ru/35ffc2ef-1e09-463d-a2c4-c183d5deb59a/prints/pp2/W5063381.webp
Силиконовые чехлы,Samsung Galaxy A53 5G,A:506352,W506352,ПП2,1186333345,84,https://s3.twcstorage.ru/35ffc2ef-1e09-463d-a2c4-c183d5deb59a/prints/pp2/W5063521.webp
Матовые цветные чехлы для печати,Samsung Galaxy A53 5G,A:506358,W5063581,ПП2,1185605298,1000000,https://s3.twcstorage.ru/35ffc2ef-1e09-463d-a2c4-c183d5deb59a/prints/pp2/W5063581.webp
Матовые цветные чехлы для печати,Samsung Galaxy A53 5G,A:506370,W506370,ПП2,1185793742,63,https://s3.twcstorage.ru/35ffc2ef-1e09-463d-a2c4-c183d5deb59a/prints/pp2/W506370.webp
Силиконовые чехлы,Samsung Galaxy A53 5G,A:506374,W506374,ПП2,1186505411,10,https://s3.twcstorage.ru/35ffc2ef-1e09-463d-a2c4-c183d5deb59a/prints/pp2/W506374.webp
Матовые цветные чехлы для печати,Samsung Galaxy A53 5G,A:506377,W506377,ПП2,1189281981,21,https://s3.twcstorage.ru/35ffc2ef-1e09-463d-a2c4-c183d5deb59a/prints/pp2/W506377.webp
Матовые цветные чехлы для печати,Samsung Galaxy A53 5G,A:506381,W506381,ПП2,1185797607,14,https://s3.twcstorage.ru/35ffc2ef-1e09-463d-a2c4-c183d5deb59a/prints/pp2/W506381.webp
Силиконовые чехлы,Samsung Galaxy A54 5G,A:501934,C501934,ПП2,727175389,1000000,https://s3.twcstorage.ru/35ffc2ef-1e09-463d-a2c4-c183d5deb59a/prints/pp2/W501934.webp
Чёрные софт-тач,Samsung Galaxy A54 5G,A:501943,S501943,ПП2,727103020,6,https://s3.twcstorage.ru/35ffc2ef-1e09-463d-a2c4-c183d5deb59a/prints/pp2/S501943.webp
Силиконовые чехлы,Samsung Galaxy A54 5G,A:501944,C501944,ПП2,727271967,85,https://s3.twcstorage.ru/35ffc2ef-1e09-463d-a2c4-c183d5deb59a/prints/pp2/S501944.webp
Чёрные софт-тач,Samsung Galaxy A54 5G,A:501946,S501946,ПП2,727095961,7,https://s3.twcstorage.ru/35ffc2ef-1e09-463d-a2c4-c183d5deb59a/prints/pp2/W501946.webp
Чёрные софт-тач,Samsung Galaxy A54 5G,A:501947,S501947,ПП2,727135185,8,https://s3.twcstorage.ru/35ffc2ef-1e09-463d-a2c4-c183d5deb59a/prints/pp2/W501947.webp
Силиконовые чехлы,Samsung Galaxy A54 5G,A:501949,W501949,ПП2,727854026,19,https://s3.twcstorage.ru/35ffc2ef-1e09-463d-a2c4-c183d5deb59a/prints/pp2/W501949.webp
Силиконовые чехлы,Samsung Galaxy A54 5G,A:501950,C501950,ПП2,727264642,97,https://s3.twcstorage.ru/35ffc2ef-1e09-463d-a2c4-c183d5deb59a/prints/pp2/W501950.webp
Белые софт-тач,Samsung Galaxy A54 5G,A:501951,W501951,ПП2,726698016,7,https://s3.twcstorage.ru/35ffc2ef-1e09-463d-a2c4-c183d5deb59a/prints/pp2/W501951.webp
Белые софт-тач,Samsung Galaxy A54 5G,A:501952,W501952,ПП2,726597018,19,https://s3.twcstorage.ru/35ffc2ef-1e09-463d-a2c4-c183d5deb59a/prints/pp2/W501952.webp
Силиконовые чехлы,Samsung Galaxy A54 5G,A:501954,W501954,ПП2,727282845,122,https://s3.twcstorage.ru/35ffc2ef-1e09-463d-a2c4-c183d5deb59a/prints/pp2/W501954.webp
Матовые цветные чехлы для печати,Samsung Galaxy A54 5G,A:501956,W501956,ПП2,726826963,1000000,https://s3.twcstorage.ru/35ffc2ef-1e09-463d-a2c4-c183d5deb59a/prints/pp2/W501956.webp
Чёрные софт-тач,Samsung Galaxy A54 5G,A:501957,S501957,ПП2,727123830,3,https://s3.twcstorage.ru/35ffc2ef-1e09-463d-a2c4-c183d5deb59a/prints/pp2/W501957.webp
Матовые цветные чехлы для печати,Samsung Galaxy A54 5G,A:501958,W501958,ПП2,726830879,65,https://s3.twcstorage.ru/35ffc2ef-1e09-463d-a2c4-c183d5deb59a/prints/pp2/W501958.webp
Белые софт-тач,Samsung Galaxy A54 5G,A:501961,W501961,ПП2,726675296,12,https://s3.twcstorage.ru/35ffc2ef-1e09-463d-a2c4-c183d5deb59a/prints/pp2/W501961.webp
Белые софт-тач,Samsung Galaxy A54 5G,A:501962,W501962,ПП2,726676160,13,https://s3.twcstorage.ru/35ffc2ef-1e09-463d-a2c4-c183d5deb59a/prints/pp2/W501962.webp
Силиконовые чехлы,Samsung Galaxy A54 5G,A:501978,Q501978,ПП2,727217763,2,https://s3.twcstorage.ru/35ffc2ef-1e09-463d-a2c4-c183d5deb59a/prints/pp2/Q5019781.webp
Силиконовые чехлы,Samsung Galaxy A54 5G,A:501979,Q501979,ПП2,727779496,48,https://s3.twcstorage.ru/35ffc2ef-1e09-463d-a2c4-c183d5deb59a/prints/pp2/Q5019791.webp
Силиконовые чехлы,Samsung Galaxy A54 5G,A:501980,Q501980,ПП2,727174745,4,https://s3.twcstorage.ru/35ffc2ef-1e09-463d-a2c4-c183d5deb59a/prints/pp2/Q5019801.webp
Силиконовые чехлы,Samsung Galaxy A54 5G,A:501990,Q501990,ПП2,727813202,63,https://s3.twcstorage.ru/35ffc2ef-1e09-463d-a2c4-c183d5deb59a/prints/pp2/Y501990.webp
Силиконовые чехлы,Samsung Galaxy A54 5G,A:502003,W502003,ПП2,727509781,72,https://s3.twcstorage.ru/35ffc2ef-1e09-463d-a2c4-c183d5deb59a/prints/pp2/W502003.webp
Белые софт-тач,Samsung Galaxy A54 5G,A:502006,W502006,ПП2,726628165,56,https://s3.twcstorage.ru/35ffc2ef-1e09-463d-a2c4-c183d5deb59a/prints/pp2/W502006.webp
Белые софт-тач,Samsung Galaxy A54 5G,A:502007,W502007,ПП2,726644650,71,https://s3.twcstorage.ru/35ffc2ef-1e09-463d-a2c4-c183d5deb59a/prints/pp2/W502007.webp
Силиконовые чехлы,Samsung Galaxy A54 5G,A:502009,W502009,ПП2,727510292,8,https://s3.twcstorage.ru/35ffc2ef-1e09-463d-a2c4-c183d5deb59a/prints/pp2/W502009.webp
Силиконовые чехлы,Samsung Galaxy A54 5G,A:502014,W502014,ПП2,726980621,7,https://s3.twcstorage.ru/35ffc2ef-1e09-463d-a2c4-c183d5deb59a/prints/pp2/W502014.webp
Силиконовые чехлы,Samsung Galaxy A54 5G,A:502015,W502015,ПП2,727819254,1000000,https://s3.twcstorage.ru/35ffc2ef-1e09-463d-a2c4-c183d5deb59a/prints/pp2/W502015.webp
Белые софт-тач,Samsung Galaxy A54 5G,A:502016,W502016,ПП2,726632459,1000000,https://s3.twcstorage.ru/35ffc2ef-1e09-463d-a2c4-c183d5deb59a/prints/pp2/W502016.webp
Матовые цветные чехлы для печати,Samsung Galaxy A54 5G,A:502019,W502019,ПП2,726835360,55,https://s3.twcstorage.ru/35ffc2ef-1e09-463d-a2c4-c183d5deb59a/prints/pp2/W502019.webp
Матовые цветные чехлы для печати,Samsung Galaxy A54 5G,A:502029,W502029,ПП2,726883620,30,https://s3.twcstorage.ru/35ffc2ef-1e09-463d-a2c4-c183d5deb59a/prints/pp2/W502029.webp
Силиконовые чехлы,Samsung Galaxy A54 5G,A:502032,W502032,ПП2,727774701,25,https://s3.twcstorage.ru/35ffc2ef-1e09-463d-a2c4-c183d5deb59a/prints/pp2/W502032.webp
Белые софт-тач,Samsung Galaxy A54 5G,A:502033,W502033,ПП2,726638578,10,https://s3.twcstorage.ru/35ffc2ef-1e09-463d-a2c4-c183d5deb59a/prints/pp2/W502033.webp
Силиконовые чехлы,Samsung Galaxy A54 5G,A:502035,W502035,ПП2,727782255,43,https://s3.twcstorage.ru/35ffc2ef-1e09-463d-a2c4-c183d5deb59a/prints/pp2/W502035.webp
Белые софт-тач,Samsung Galaxy A54 5G,A:502047,W502047,ПП2,726572205,32,https://s3.twcstorage.ru/35ffc2ef-1e09-463d-a2c4-c183d5deb59a/prints/pp2/W502047.webp
Силиконовые чехлы,Samsung Galaxy A54 5G,A:502050,W502050,ПП2,726997114,105,https://s3.twcstorage.ru/35ffc2ef-1e09-463d-a2c4-c183d5deb59a/prints/pp2/Y502050.webp
Белые софт-тач,Samsung Galaxy A54 5G,A:502052,W502052,ПП2,726642862,2,https://s3.twcstorage.ru/35ffc2ef-1e09-463d-a2c4-c183d5deb59a/prints/pp2/W502052.webp
Белые софт-тач,Samsung Galaxy A54 5G,A:502053,W502053,ПП2,726640344,1,https://s3.twcstorage.ru/35ffc2ef-1e09-463d-a2c4-c183d5deb59a/prints/pp2/W502053.webp
Белые софт-тач,Samsung Galaxy A54 5G,A:502055,W502055,ПП2,726570219,1000000,https://s3.twcstorage.ru/35ffc2ef-1e09-463d-a2c4-c183d5deb59a/prints/pp2/W502055.webp
Матовые цветные чехлы для печати,Samsung Galaxy A54 5G,A:502069,W502069,ПП2,726799286,31,https://s3.twcstorage.ru/35ffc2ef-1e09-463d-a2c4-c183d5deb59a/prints/pp2/W502069.webp
Матовые цветные чехлы для печати,Samsung Galaxy A54 5G,A:506330,W5063301,ПП2,1185489018,3,https://s3.twcstorage.ru/35ffc2ef-1e09-463d-a2c4-c183d5deb59a/prints/pp2/W5063301.webp
Белые софт-тач,Samsung Galaxy A54 5G,A:506331,W506331,ПП2,1164162611,5,https://s3.twcstorage.ru/35ffc2ef-1e09-463d-a2c4-c183d5deb59a/prints/pp2/W5063311.webp
Силиконовые чехлы,Samsung Galaxy A54 5G,A:506332,W506332,ПП2,1186130747,3,https://s3.twcstorage.ru/35ffc2ef-1e09-463d-a2c4-c183d5deb59a/prints/pp2/W5063321.webp
Матовые цветные чехлы для печати,Samsung Galaxy A54 5G,A:506334,W5063341,ПП2,1189270096,1,https://s3.twcstorage.ru/35ffc2ef-1e09-463d-a2c4-c183d5deb59a/prints/pp2/W5063341.webp
Матовые цветные чехлы для печати,Samsung Galaxy A54 5G,A:506335,W5063351,ПП2,1189286605,23,https://s3.twcstorage.ru/35ffc2ef-1e09-463d-a2c4-c183d5deb59a/prints/pp2/W5063351.webp
Матовые цветные чехлы для печати,Samsung Galaxy A54 5G,A:506339,W5063391,ПП2,1185776558,8,https://s3.twcstorage.ru/35ffc2ef-1e09-463d-a2c4-c183d5deb59a/prints/pp2/W5063391.webp
Силиконовые чехлы,Samsung Galaxy A54 5G,A:506340,W506340,ПП2,1186233588,5,https://s3.twcstorage.ru/35ffc2ef-1e09-463d-a2c4-c183d5deb59a/prints/pp2/W5063401.webp
Силиконовые чехлы,Samsung Galaxy A54 5G,A:506343,W506343,ПП2,1186261167,110,https://s3.twcstorage.ru/35ffc2ef-1e09-463d-a2c4-c183d5deb59a/prints/pp2/W5063431.webp
Матовые цветные чехлы для печати,Samsung Galaxy A54 5G,A:506348,W506348,ПП2,1185721126,52,https://s3.twcstorage.ru/35ffc2ef-1e09-463d-a2c4-c183d5deb59a/prints/pp2/W506348.webp
Матовые цветные чехлы для печати,Samsung Galaxy A54 5G,A:506353,W5063531,ПП2,1185673278,53,https://s3.twcstorage.ru/35ffc2ef-1e09-463d-a2c4-c183d5deb59a/prints/pp2/W5063531.webp
Матовые цветные чехлы для печати,Samsung Galaxy A54 5G,A:506374,W506374,ПП2,1185779913,11,https://s3.twcstorage.ru/35ffc2ef-1e09-463d-a2c4-c183d5deb59a/prints/pp2/W506374.webp
Матовые цветные чехлы для печати,Samsung Galaxy A54 5G,A:506377,W506377,ПП2,1189256941,21,https://s3.twcstorage.ru/35ffc2ef-1e09-463d-a2c4-c183d5deb59a/prints/pp2/W506377.webp
Силиконовые чехлы,Samsung Galaxy A54 5G,A:506380,W506380,ПП2,1186548253,76,https://s3.twcstorage.ru/35ffc2ef-1e09-463d-a2c4-c183d5deb59a/prints/pp2/W506380.webp
Силиконовые чехлы,Samsung Galaxy A54 5G,A:506384,Q506384,ПП2,1186041829,36,https://s3.twcstorage.ru/35ffc2ef-1e09-463d-a2c4-c183d5deb59a/prints/pp2/Q5063841.webp
Силиконовые чехлы,Samsung Galaxy A55 5G,A:501934,C501934,ПП2,727167250,1000000,https://s3.twcstorage.ru/35ffc2ef-1e09-463d-a2c4-c183d5deb59a/prints/pp2/W501934.webp
Матовые цветные чехлы для печати,Samsung Galaxy A55 5G,A:501935,W501935,ПП2,726864138,86,https://s3.twcstorage.ru/35ffc2ef-1e09-463d-a2c4-c183d5deb59a/prints/pp2/W501935.webp
Силиконовые чехлы,Samsung Galaxy A55 5G,A:501943,C501943,ПП2,727270210,119,https://s3.twcstorage.ru/35ffc2ef-1e09-463d-a2c4-c183d5deb59a/prints/pp2/S501943.webp
Силиконовые чехлы,Samsung Galaxy A55 5G,A:501944,C501944,ПП2,727271793,85,https://s3.twcstorage.ru/35ffc2ef-1e09-463d-a2c4-c183d5deb59a/prints/pp2/S501944.webp
Чехол с вкладышем,Samsung Galaxy A55 5G,A:501945,W501945,ПП2,994596373,1000000,https://s3.twcstorage.ru/35ffc2ef-1e09-463d-a2c4-c183d5deb59a/prints/pp2/W501945.webp
Чёрные софт-тач,Samsung Galaxy A55 5G,A:501946,S501946,ПП2,727095559,7,https://s3.twcstorage.ru/35ffc2ef-1e09-463d-a2c4-c183d5deb59a/prints/pp2/W501946.webp
Объемные матовые чехлы молочные,Samsung Galaxy A55 5G,A:501947,W501947,ПП2,1154777157,27,https://s3.twcstorage.ru/35ffc2ef-1e09-463d-a2c4-c183d5deb59a/prints/pp2/W501947.webp
Чехол с вкладышем,Samsung Galaxy A55 5G,A:501949,W501949,ПП2,994596495,1000000,https://s3.twcstorage.ru/35ffc2ef-1e09-463d-a2c4-c183d5deb59a/prints/pp2/W501949.webp
Чехол с вкладышем,Samsung Galaxy A55 5G,A:501950,W501950,ПП2,994596512,1000000,https://s3.twcstorage.ru/35ffc2ef-1e09-463d-a2c4-c183d5deb59a/prints/pp2/W501950.webp
Белые софт-тач,Samsung Galaxy A55 5G,A:501951,W501951,ПП2,726698019,7,https://s3.twcstorage.ru/35ffc2ef-1e09-463d-a2c4-c183d5deb59a/prints/pp2/W501951.webp
Чехол с вкладышем,Samsung Galaxy A55 5G,A:501954,W501954,ПП2,994596493,1000000,https://s3.twcstorage.ru/35ffc2ef-1e09-463d-a2c4-c183d5deb59a/prints/pp2/W501954.webp
Силиконовые чехлы,Samsung Galaxy A55 5G,A:501955,C501955,ПП2,727205639,61,https://s3.twcstorage.ru/35ffc2ef-1e09-463d-a2c4-c183d5deb59a/prints/pp2/W501955.webp
Белые софт-тач,Samsung Galaxy A55 5G,A:501957,W501957,ПП2,726610142,29,https://s3.twcstorage.ru/35ffc2ef-1e09-463d-a2c4-c183d5deb59a/prints/pp2/W501957.webp
Чехол с вкладышем,Samsung Galaxy A55 5G,A:501960,W501960,ПП2,994596569,1000000,https://s3.twcstorage.ru/35ffc2ef-1e09-463d-a2c4-c183d5deb59a/prints/pp2/W501960.webp
Белые софт-тач,Samsung Galaxy A55 5G,A:501961,W501961,ПП2,726675489,12,https://s3.twcstorage.ru/35ffc2ef-1e09-463d-a2c4-c183d5deb59a/prints/pp2/W501961.webp
Чехол с вкладышем,Samsung Galaxy A55 5G,A:501962,W501962,ПП2,994596624,1000000,https://s3.twcstorage.ru/35ffc2ef-1e09-463d-a2c4-c183d5deb59a/prints/pp2/W501962.webp
Силиконовые чехлы,Samsung Galaxy A55 5G,A:501968,Q501968,ПП2,726897884,78,https://s3.twcstorage.ru/35ffc2ef-1e09-463d-a2c4-c183d5deb59a/prints/pp2/W501968.webp
Силиконовые чехлы,Samsung Galaxy A55 5G,A:501969,Q501969,ПП2,726910276,1000000,https://s3.twcstorage.ru/35ffc2ef-1e09-463d-a2c4-c183d5deb59a/prints/pp2/W501969.webp
Силиконовые чехлы,Samsung Galaxy A55 5G,A:501971,Q501971,ПП2,726914846,87,https://s3.twcstorage.ru/35ffc2ef-1e09-463d-a2c4-c183d5deb59a/prints/pp2/Q501971.webp
Силиконовые чехлы,Samsung Galaxy A55 5G,A:501973,Q501973,ПП2,727799305,1000000,https://s3.twcstorage.ru/35ffc2ef-1e09-463d-a2c4-c183d5deb59a/prints/pp2/Q501973.webp
Силиконовые чехлы,Samsung Galaxy A55 5G,A:501976,Q501976,ПП2,727302849,79,https://s3.twcstorage.ru/35ffc2ef-1e09-463d-a2c4-c183d5deb59a/prints/pp2/Q501976.webp
Силиконовые чехлы,Samsung Galaxy A55 5G,A:501978,Q501978,ПП2,727217455,2,https://s3.twcstorage.ru/35ffc2ef-1e09-463d-a2c4-c183d5deb59a/prints/pp2/Q5019781.webp
Стеклянные чехлы,Samsung Galaxy A55 5G,A:501980,Q5019801,ПП2,727506587,2,https://s3.twcstorage.ru/35ffc2ef-1e09-463d-a2c4-c183d5deb59a/prints/pp2/Q5019801.webp
Силиконовые чехлы,Samsung Galaxy A55 5G,A:501993,Q501993,ПП2,727179766,37,https://s3.twcstorage.ru/35ffc2ef-1e09-463d-a2c4-c183d5deb59a/prints/pp2/Q5019931.webp
Чехол с вкладышем,Samsung Galaxy A55 5G,A:501996,W501996,ПП2,994596687,1000000,https://s3.twcstorage.ru/35ffc2ef-1e09-463d-a2c4-c183d5deb59a/prints/pp2/Y501996.webp
Стеклянные чехлы,Samsung Galaxy A55 5G,A:501997,Y501997,ПП2,726967388,9,https://s3.twcstorage.ru/35ffc2ef-1e09-463d-a2c4-c183d5deb59a/prints/pp2/Y501997.webp
Белые софт-тач,Samsung Galaxy A55 5G,A:502005,W502005,ПП2,726626370,55,https://s3.twcstorage.ru/35ffc2ef-1e09-463d-a2c4-c183d5deb59a/prints/pp2/W502005.webp
Белые софт-тач,Samsung Galaxy A55 5G,A:502006,W502006,ПП2,726628189,56,https://s3.twcstorage.ru/35ffc2ef-1e09-463d-a2c4-c183d5deb59a/prints/pp2/W502006.webp
Матовые цветные чехлы для печати,Samsung Galaxy A55 5G,A:502007,W502007,ПП2,726849372,67,https://s3.twcstorage.ru/35ffc2ef-1e09-463d-a2c4-c183d5deb59a/prints/pp2/W502007.webp
Чехол с вкладышем,Samsung Galaxy A55 5G,A:502009,W502009,ПП2,994738152,1000000,https://s3.twcstorage.ru/35ffc2ef-1e09-463d-a2c4-c183d5deb59a/prints/pp2/W502009.webp
Матовые цветные чехлы для печати,Samsung Galaxy A55 5G,A:502010,W502010,ПП2,726744432,10,https://s3.twcstorage.ru/35ffc2ef-1e09-463d-a2c4-c183d5deb59a/prints/pp2/W502010.webp
Матовые цветные чехлы для печати,Samsung Galaxy A55 5G,A:502012,W502012,ПП2,726854748,6,https://s3.twcstorage.ru/35ffc2ef-1e09-463d-a2c4-c183d5deb59a/prints/pp2/W502012.webp
Белые софт-тач,Samsung Galaxy A55 5G,A:502014,W502014,ПП2,726648033,15,https://s3.twcstorage.ru/35ffc2ef-1e09-463d-a2c4-c183d5deb59a/prints/pp2/W502014.webp
Белые софт-тач,Samsung Galaxy A55 5G,A:502015,W502015,ПП2,726631117,1000000,https://s3.twcstorage.ru/35ffc2ef-1e09-463d-a2c4-c183d5deb59a/prints/pp2/W502015.webp
Белые софт-тач,Samsung Galaxy A55 5G,A:502016,W502016,ПП2,726632521,1000000,https://s3.twcstorage.ru/35ffc2ef-1e09-463d-a2c4-c183d5deb59a/prints/pp2/W502016.webp
Чехол с вкладышем,Samsung Galaxy A55 5G,A:502018,W502018,ПП2,994597446,1000000,https://s3.twcstorage.ru/35ffc2ef-1e09-463d-a2c4-c183d5deb59a/prints/pp2/W502018.webp
Матовые цветные чехлы для печати,Samsung Galaxy A55 5G,A:502023,W502023,ПП2,726867008,56,https://s3.twcstorage.ru/35ffc2ef-1e09-463d-a2c4-c183d5deb59a/prints/pp2/W502023.webp
Чехол с вкладышем,Samsung Galaxy A55 5G,A:502024,W502024,ПП2,994598113,1000000,https://s3.twcstorage.ru/35ffc2ef-1e09-463d-a2c4-c183d5deb59a/prints/pp2/W502024.webp
Чехол с вкладышем,Samsung Galaxy A55 5G,A:502025,W502025,ПП2,994598213,1000000,https://s3.twcstorage.ru/35ffc2ef-1e09-463d-a2c4-c183d5deb59a/prints/pp2/W502025.webp
Чехол с вкладышем,Samsung Galaxy A55 5G,A:502030,W502030,ПП2,994598881,1000000,https://s3.twcstorage.ru/35ffc2ef-1e09-463d-a2c4-c183d5deb59a/prints/pp2/W502030.webp
Матовые цветные чехлы для печати,Samsung Galaxy A55 5G,A:502031,W502031,ПП2,726754575,59,https://s3.twcstorage.ru/35ffc2ef-1e09-463d-a2c4-c183d5deb59a/prints/pp2/W502031.webp
Матовые цветные чехлы для печати,Samsung Galaxy A55 5G,A:502032,W502032,ПП2,726858294,40,https://s3.twcstorage.ru/35ffc2ef-1e09-463d-a2c4-c183d5deb59a/prints/pp2/W502032.webp
Белые софт-тач,Samsung Galaxy A55 5G,A:502033,W502033,ПП2,726638666,10,https://s3.twcstorage.ru/35ffc2ef-1e09-463d-a2c4-c183d5deb59a/prints/pp2/W502033.webp
Чехол с вкладышем,Samsung Galaxy A55 5G,A:502036,W502036,ПП2,994599957,1000000,https://s3.twcstorage.ru/35ffc2ef-1e09-463d-a2c4-c183d5deb59a/prints/pp2/W502036.webp
Чехол с вкладышем,Samsung Galaxy A55 5G,A:502037,W502037,ПП2,994599551,1000000,https://s3.twcstorage.ru/35ffc2ef-1e09-463d-a2c4-c183d5deb59a/prints/pp2/W502037.webp
Белые софт-тач,Samsung Galaxy A55 5G,A:502047,W502047,ПП2,726572292,32,https://s3.twcstorage.ru/35ffc2ef-1e09-463d-a2c4-c183d5deb59a/prints/pp2/W502047.webp
Чехол с вкладышем,Samsung Galaxy A55 5G,A:502048,W502048,ПП2,994600750,1000000,https://s3.twcstorage.ru/35ffc2ef-1e09-463d-a2c4-c183d5deb59a/prints/pp2/Y502048.webp
Белые софт-тач,Samsung Galaxy A55 5G,A:502052,W502052,ПП2,726642746,2,https://s3.twcstorage.ru/35ffc2ef-1e09-463d-a2c4-c183d5deb59a/prints/pp2/W502052.webp
Белые софт-тач,Samsung Galaxy A55 5G,A:502053,W502053,ПП2,726640435,1,https://s3.twcstorage.ru/35ffc2ef-1e09-463d-a2c4-c183d5deb59a/prints/pp2/W502053.webp
Матовые цветные чехлы для печати,Samsung Galaxy A55 5G,A:502065,W502065,ПП2,726838783,16,https://s3.twcstorage.ru/35ffc2ef-1e09-463d-a2c4-c183d5deb59a/prints/pp2/W502065.webp
Чехол с вкладышем,Samsung Galaxy A55 5G,A:502067,W502067,ПП2,994602655,1000000,https://s3.twcstorage.ru/35ffc2ef-1e09-463d-a2c4-c183d5deb59a/prints/pp2/W5020671.webp
Матовые цветные чехлы для печати,Samsung Galaxy A55 5G,A:502069,W502069,ПП2,726798111,31,https://s3.twcstorage.ru/35ffc2ef-1e09-463d-a2c4-c183d5deb59a/prints/pp2/W502069.webp
Силиконовые чехлы,Samsung Galaxy A55 5G,A:506329,W506329,ПП2,1186074580,24,https://s3.twcstorage.ru/35ffc2ef-1e09-463d-a2c4-c183d5deb59a/prints/pp2/W5063291.webp
Белые софт-тач,Samsung Galaxy A55 5G,A:506330,W506330,ПП2,1164143247,17,https://s3.twcstorage.ru/35ffc2ef-1e09-463d-a2c4-c183d5deb59a/prints/pp2/W5063301.webp
Объемные матовые чехлы черные,Samsung Galaxy A55 5G,A:506331,W5063311,ПП2,1157930649,7,https://s3.twcstorage.ru/35ffc2ef-1e09-463d-a2c4-c183d5deb59a/prints/pp2/W5063311.webp
Силиконовые чехлы,Samsung Galaxy A55 5G,A:506332,W506332,ПП2,1186130274,3,https://s3.twcstorage.ru/35ffc2ef-1e09-463d-a2c4-c183d5deb59a/prints/pp2/W5063321.webp
Матовые цветные чехлы для печати,Samsung Galaxy A55 5G,A:506334,W5063341,ПП2,1185847492,1,https://s3.twcstorage.ru/35ffc2ef-1e09-463d-a2c4-c183d5deb59a/prints/pp2/W5063341.webp
Силиконовые чехлы,Samsung Galaxy A55 5G,A:506336,W506336,ПП2,1186748725,14,https://s3.twcstorage.ru/35ffc2ef-1e09-463d-a2c4-c183d5deb59a/prints/pp2/W5063361.webp
Белые софт-тач,Samsung Galaxy A55 5G,A:506337,W506337,ПП2,1164277248,77,https://s3.twcstorage.ru/35ffc2ef-1e09-463d-a2c4-c183d5deb59a/prints/pp2/W5063371.webp
Белые софт-тач,Samsung Galaxy A55 5G,A:506340,W506340,ПП2,1164330735,4,https://s3.twcstorage.ru/35ffc2ef-1e09-463d-a2c4-c183d5deb59a/prints/pp2/W5063401.webp
Объемные матовые чехлы молочные,Samsung Galaxy A55 5G,A:506343,W506343,ПП2,1155345091,26,https://s3.twcstorage.ru/35ffc2ef-1e09-463d-a2c4-c183d5deb59a/prints/pp2/W5063431.webp
Матовые цветные чехлы для печати,Samsung Galaxy A55 5G,A:506350,W5063501,ПП2,1185533549,32,https://s3.twcstorage.ru/35ffc2ef-1e09-463d-a2c4-c183d5deb59a/prints/pp2/W5063501.webp
Матовые цветные чехлы для печати,Samsung Galaxy A55 5G,A:506353,W5063531,ПП2,1185844894,53,https://s3.twcstorage.ru/35ffc2ef-1e09-463d-a2c4-c183d5deb59a/prints/pp2/W5063531.webp
Объемные матовые чехлы молочные,Samsung Galaxy A55 5G,A:506365,W506365,ПП2,1155489295,44,https://s3.twcstorage.ru/35ffc2ef-1e09-463d-a2c4-c183d5deb59a/prints/pp2/W506365.webp
Силиконовые чехлы,Samsung Galaxy A55 5G,A:506372,W506372,ПП2,1186486355,16,https://s3.twcstorage.ru/35ffc2ef-1e09-463d-a2c4-c183d5deb59a/prints/pp2/W506372.webp
Белые софт-тач,Samsung Galaxy A55 5G,A:506373,W506373,ПП2,1163943430,11,https://s3.twcstorage.ru/35ffc2ef-1e09-463d-a2c4-c183d5deb59a/prints/pp2/W506373.webp
Белые софт-тач,Samsung Galaxy A55 5G,A:506379,W506379,ПП2,1164065782,42,https://s3.twcstorage.ru/35ffc2ef-1e09-463d-a2c4-c183d5deb59a/prints/pp2/W506379.webp
Матовые цветные чехлы для печати,Samsung Galaxy A55 5G,A:506381,W506381,ПП2,1185480813,14,https://s3.twcstorage.ru/35ffc2ef-1e09-463d-a2c4-c183d5deb59a/prints/pp2/W506381.webp
Силиконовые чехлы,Samsung Galaxy A55 5G,A:506383,Q506383,ПП2,1186708595,32,https://s3.twcstorage.ru/35ffc2ef-1e09-463d-a2c4-c183d5deb59a/prints/pp2/Q5063831.webp
Силиконовые чехлы,Samsung Galaxy A55 5G,A:506384,Q506384,ПП2,1186040005,36,https://s3.twcstorage.ru/35ffc2ef-1e09-463d-a2c4-c183d5deb59a/prints/pp2/Q5063841.webp
Чехол с вкладышем,Samsung Galaxy A56 5G,A:501927,W501927,ПП2,994534405,1000000,https://s3.twcstorage.ru/35ffc2ef-1e09-463d-a2c4-c183d5deb59a/prints/pp2/W501927.webp
Силиконовые чехлы,Samsung Galaxy A56 5G,A:501928,C501928,ПП2,727099146,115,https://s3.twcstorage.ru/35ffc2ef-1e09-463d-a2c4-c183d5deb59a/prints/pp2/W501928.webp
Белые софт-тач,Samsung Galaxy A56 5G,A:501930,W501930,ПП2,726670448,65,https://s3.twcstorage.ru/35ffc2ef-1e09-463d-a2c4-c183d5deb59a/prints/pp2/W501930.webp
Матовые цветные чехлы для печати,Samsung Galaxy A56 5G,A:501933,W501933,ПП2,726800611,85,https://s3.twcstorage.ru/35ffc2ef-1e09-463d-a2c4-c183d5deb59a/prints/pp2/W501933.webp
Силиконовые чехлы,Samsung Galaxy A56 5G,A:501935,C501935,ПП2,727200901,1000000,https://s3.twcstorage.ru/35ffc2ef-1e09-463d-a2c4-c183d5deb59a/prints/pp2/W501935.webp
Силиконовые чехлы,Samsung Galaxy A56 5G,A:501940,C501940,ПП2,727196078,117,https://s3.twcstorage.ru/35ffc2ef-1e09-463d-a2c4-c183d5deb59a/prints/pp2/W501940.webp
Чёрные софт-тач,Samsung Galaxy A56 5G,A:501946,S501946,ПП2,727095192,7,https://s3.twcstorage.ru/35ffc2ef-1e09-463d-a2c4-c183d5deb59a/prints/pp2/W501946.webp
Белые софт-тач,Samsung Galaxy A56 5G,A:501947,W501947,ПП2,726589808,27,https://s3.twcstorage.ru/35ffc2ef-1e09-463d-a2c4-c183d5deb59a/prints/pp2/W501947.webp
Чёрные софт-тач,Samsung Galaxy A56 5G,A:501950,S501950,ПП2,727132743,2,https://s3.twcstorage.ru/35ffc2ef-1e09-463d-a2c4-c183d5deb59a/prints/pp2/W501950.webp
Чехол с вкладышем,Samsung Galaxy A56 5G,A:501951,W501951,ПП2,994534810,1000000,https://s3.twcstorage.ru/35ffc2ef-1e09-463d-a2c4-c183d5deb59a/prints/pp2/W501951.webp
Белые софт-тач,Samsung Galaxy A56 5G,A:501952,W501952,ПП2,726596855,19,https://s3.twcstorage.ru/35ffc2ef-1e09-463d-a2c4-c183d5deb59a/prints/pp2/W501952.webp
Чёрные софт-тач,Samsung Galaxy A56 5G,A:501953,S501953,ПП2,727113186,1000000,https://s3.twcstorage.ru/35ffc2ef-1e09-463d-a2c4-c183d5deb59a/prints/pp2/W501953.webp
Белые софт-тач,Samsung Galaxy A56 5G,A:501955,W501955,ПП2,726606617,44,https://s3.twcstorage.ru/35ffc2ef-1e09-463d-a2c4-c183d5deb59a/prints/pp2/W501955.webp
Чёрные софт-тач,Samsung Galaxy A56 5G,A:501956,S501956,ПП2,727121317,1000000,https://s3.twcstorage.ru/35ffc2ef-1e09-463d-a2c4-c183d5deb59a/prints/pp2/W501956.webp
Силиконовые чехлы,Samsung Galaxy A56 5G,A:501960,C501960,ПП2,727208339,41,https://s3.twcstorage.ru/35ffc2ef-1e09-463d-a2c4-c183d5deb59a/prints/pp2/W501960.webp
Силиконовые чехлы,Samsung Galaxy A56 5G,A:501961,C501961,ПП2,727533933,21,https://s3.twcstorage.ru/35ffc2ef-1e09-463d-a2c4-c183d5deb59a/prints/pp2/W501961.webp
Силиконовые чехлы,Samsung Galaxy A56 5G,A:501962,C501962,ПП2,727530793,62,https://s3.twcstorage.ru/35ffc2ef-1e09-463d-a2c4-c183d5deb59a/prints/pp2/W501962.webp
Силиконовые чехлы,Samsung Galaxy A56 5G,A:501978,Q501978,ПП2,727217256,2,https://s3.twcstorage.ru/35ffc2ef-1e09-463d-a2c4-c183d5deb59a/prints/pp2/Q5019781.webp
Стеклянные чехлы,Samsung Galaxy A56 5G,A:501980,Q5019801,ПП2,727506520,2,https://s3.twcstorage.ru/35ffc2ef-1e09-463d-a2c4-c183d5deb59a/prints/pp2/Q5019801.webp
Силиконовые чехлы,Samsung Galaxy A56 5G,A:501988,Q501988,ПП2,727513630,128,https://s3.twcstorage.ru/35ffc2ef-1e09-463d-a2c4-c183d5deb59a/prints/pp2/Y501988.webp
Силиконовые чехлы,Samsung Galaxy A56 5G,A:501989,Q501989,ПП2,727517213,1000000,https://s3.twcstorage.ru/35ffc2ef-1e09-463d-a2c4-c183d5deb59a/prints/pp2/Y501989.webp
Силиконовые чехлы,Samsung Galaxy A56 5G,A:501990,Q501990,ПП2,727812951,63,https://s3.twcstorage.ru/35ffc2ef-1e09-463d-a2c4-c183d5deb59a/prints/pp2/Y501990.webp
Силиконовые чехлы,Samsung Galaxy A56 5G,A:501993,Q501993,ПП2,727179175,37,https://s3.twcstorage.ru/35ffc2ef-1e09-463d-a2c4-c183d5deb59a/prints/pp2/Q5019931.webp
Матовые цветные чехлы для печати,Samsung Galaxy A56 5G,A:502005,W502005,ПП2,726859541,89,https://s3.twcstorage.ru/35ffc2ef-1e09-463d-a2c4-c183d5deb59a/prints/pp2/W502005.webp
Матовые цветные чехлы для печати,Samsung Galaxy A56 5G,A:502007,W502007,ПП2,726849146,67,https://s3.twcstorage.ru/35ffc2ef-1e09-463d-a2c4-c183d5deb59a/prints/pp2/W502007.webp
Матовые цветные чехлы для печати,Samsung Galaxy A56 5G,A:502008,W502008,ПП2,726738918,43,https://s3.twcstorage.ru/35ffc2ef-1e09-463d-a2c4-c183d5deb59a/prints/pp2/W502008.webp
Чехол с вкладышем,Samsung Galaxy A56 5G,A:502009,W502009,ПП2,994535234,1000000,https://s3.twcstorage.ru/35ffc2ef-1e09-463d-a2c4-c183d5deb59a/prints/pp2/W502009.webp
Матовые цветные чехлы для печати,Samsung Galaxy A56 5G,A:502010,W502010,ПП2,726744111,10,https://s3.twcstorage.ru/35ffc2ef-1e09-463d-a2c4-c183d5deb59a/prints/pp2/W502010.webp
Белые софт-тач,Samsung Galaxy A56 5G,A:502012,W502012,ПП2,726629755,14,https://s3.twcstorage.ru/35ffc2ef-1e09-463d-a2c4-c183d5deb59a/prints/pp2/W502012.webp
Матовые цветные чехлы для печати,Samsung Galaxy A56 5G,A:502014,W502014,ПП2,726749744,18,https://s3.twcstorage.ru/35ffc2ef-1e09-463d-a2c4-c183d5deb59a/prints/pp2/W502014.webp
Матовые цветные чехлы для печати,Samsung Galaxy A56 5G,A:502016,W502016,ПП2,726815980,39,https://s3.twcstorage.ru/35ffc2ef-1e09-463d-a2c4-c183d5deb59a/prints/pp2/W502016.webp
Матовые цветные чехлы для печати,Samsung Galaxy A56 5G,A:502019,W502019,ПП2,726835001,55,https://s3.twcstorage.ru/35ffc2ef-1e09-463d-a2c4-c183d5deb59a/prints/pp2/W502019.webp
Матовые цветные чехлы для печати,Samsung Galaxy A56 5G,A:502023,W502023,ПП2,726867116,56,https://s3.twcstorage.ru/35ffc2ef-1e09-463d-a2c4-c183d5deb59a/prints/pp2/W502023.webp
Чехол с вкладышем,Samsung Galaxy A56 5G,A:502024,W502024,ПП2,994535446,1000000,https://s3.twcstorage.ru/35ffc2ef-1e09-463d-a2c4-c183d5deb59a/prints/pp2/W502024.webp
Матовые цветные чехлы для печати,Samsung Galaxy A56 5G,A:502026,W502026,ПП2,726869127,58,https://s3.twcstorage.ru/35ffc2ef-1e09-463d-a2c4-c183d5deb59a/prints/pp2/W502026.webp
Матовые цветные чехлы для печати,Samsung Galaxy A56 5G,A:502028,W502028,ПП2,726870519,69,https://s3.twcstorage.ru/35ffc2ef-1e09-463d-a2c4-c183d5deb59a/prints/pp2/W502028.webp
Матовые цветные чехлы для печати,Samsung Galaxy A56 5G,A:502029,W502029,ПП2,726882332,30,https://s3.twcstorage.ru/35ffc2ef-1e09-463d-a2c4-c183d5deb59a/prints/pp2/W502029.webp
Матовые цветные чехлы для печати,Samsung Galaxy A56 5G,A:502030,W502030,ПП2,726856300,20,https://s3.twcstorage.ru/35ffc2ef-1e09-463d-a2c4-c183d5deb59a/prints/pp2/W502030.webp
Матовые цветные чехлы для печати,Samsung Galaxy A56 5G,A:502032,W502032,ПП2,726858059,40,https://s3.twcstorage.ru/35ffc2ef-1e09-463d-a2c4-c183d5deb59a/prints/pp2/W502032.webp
Чехол с вкладышем,Samsung Galaxy A56 5G,A:502033,W502033,ПП2,994535663,1000000,https://s3.twcstorage.ru/35ffc2ef-1e09-463d-a2c4-c183d5deb59a/prints/pp2/W502033.webp
Матовые цветные чехлы для печати,Samsung Galaxy A56 5G,A:502034,W502034,ПП2,726837107,49,https://s3.twcstorage.ru/35ffc2ef-1e09-463d-a2c4-c183d5deb59a/prints/pp2/W502034.webp
Белые софт-тач,Samsung Galaxy A56 5G,A:502035,W502035,ПП2,726563029,20,https://s3.twcstorage.ru/35ffc2ef-1e09-463d-a2c4-c183d5deb59a/prints/pp2/W502035.webp
Матовые цветные чехлы для печати,Samsung Galaxy A56 5G,A:502037,W502037,ПП2,726758111,71,https://s3.twcstorage.ru/35ffc2ef-1e09-463d-a2c4-c183d5deb59a/prints/pp2/W502037.webp
Чехол с вкладышем,Samsung Galaxy A56 5G,A:502047,W502047,ПП2,994535979,1000000,https://s3.twcstorage.ru/35ffc2ef-1e09-463d-a2c4-c183d5deb59a/prints/pp2/W502047.webp
Матовые цветные чехлы для печати,Samsung Galaxy A56 5G,A:502048,W502048,ПП2,726761287,72,https://s3.twcstorage.ru/35ffc2ef-1e09-463d-a2c4-c183d5deb59a/prints/pp2/Y502048.webp
Чехол с вкладышем,Samsung Galaxy A56 5G,A:502049,W502049,ПП2,994575817,1000000,https://s3.twcstorage.ru/35ffc2ef-1e09-463d-a2c4-c183d5deb59a/prints/pp2/Y502049.webp
Чехол с вкладышем,Samsung Galaxy A56 5G,A:502050,W502050,ПП2,994575327,1000000,https://s3.twcstorage.ru/35ffc2ef-1e09-463d-a2c4-c183d5deb59a/prints/pp2/Y502050.webp
Белые софт-тач,Samsung Galaxy A56 5G,A:502052,W502052,ПП2,726642286,2,https://s3.twcstorage.ru/35ffc2ef-1e09-463d-a2c4-c183d5deb59a/prints/pp2/W502052.webp
Белые софт-тач,Samsung Galaxy A56 5G,A:502053,W502053,ПП2,726640056,1,https://s3.twcstorage.ru/35ffc2ef-1e09-463d-a2c4-c183d5deb59a/prints/pp2/W502053.webp
Матовые цветные чехлы для печати,Samsung Galaxy A56 5G,A:502054,W502054,ПП2,726768722,73,https://s3.twcstorage.ru/35ffc2ef-1e09-463d-a2c4-c183d5deb59a/prints/pp2/W502054.webp
Матовые цветные чехлы для печати,Samsung Galaxy A56 5G,A:502063,W502063,ПП2,726840248,76,https://s3.twcstorage.ru/35ffc2ef-1e09-463d-a2c4-c183d5deb59a/prints/pp2/W502063.webp
Матовые цветные чехлы для печати,Samsung Galaxy A56 5G,A:502065,W502065,ПП2,726838623,16,https://s3.twcstorage.ru/35ffc2ef-1e09-463d-a2c4-c183d5deb59a/prints/pp2/W502065.webp
Матовые цветные чехлы для печати,Samsung Galaxy A56 5G,A:502067,W5020671,ПП2,726731706,41,https://s3.twcstorage.ru/35ffc2ef-1e09-463d-a2c4-c183d5deb59a/prints/pp2/W5020671.webp
Белые софт-тач,Samsung Galaxy A56 5G,A:502069,W502069,ПП2,726665917,16,https://s3.twcstorage.ru/35ffc2ef-1e09-463d-a2c4-c183d5deb59a/prints/pp2/W502069.webp
Белые софт-тач,Samsung Galaxy A56 5G,A:506331,W506331,ПП2,1164160001,5,https://s3.twcstorage.ru/35ffc2ef-1e09-463d-a2c4-c183d5deb59a/prints/pp2/W5063311.webp
Матовые цветные чехлы для печати,Samsung Galaxy A56 5G,A:506332,W5063321,ПП2,1185710392,2,https://s3.twcstorage.ru/35ffc2ef-1e09-463d-a2c4-c183d5deb59a/prints/pp2/W5063321.webp
Белые софт-тач,Samsung Galaxy A56 5G,A:506334,W506334,ПП2,1164220037,9,https://s3.twcstorage.ru/35ffc2ef-1e09-463d-a2c4-c183d5deb59a/prints/pp2/W5063341.webp
Силиконовые чехлы,Samsung Galaxy A56 5G,A:506335,W506335,ПП2,1186172991,15,https://s3.twcstorage.ru/35ffc2ef-1e09-463d-a2c4-c183d5deb59a/prints/pp2/W5063351.webp
Белые софт-тач,Samsung Galaxy A56 5G,A:506336,W506336,ПП2,1164256074,48,https://s3.twcstorage.ru/35ffc2ef-1e09-463d-a2c4-c183d5deb59a/prints/pp2/W5063361.webp
Силиконовые чехлы,Samsung Galaxy A56 5G,A:506339,W506339,ПП2,1186700362,13,https://s3.twcstorage.ru/35ffc2ef-1e09-463d-a2c4-c183d5deb59a/prints/pp2/W5063391.webp
Белые софт-тач,Samsung Galaxy A56 5G,A:506340,W506340,ПП2,1164327625,4,https://s3.twcstorage.ru/35ffc2ef-1e09-463d-a2c4-c183d5deb59a/prints/pp2/W5063401.webp
Силиконовые чехлы,Samsung Galaxy A56 5G,A:506345,W506345,ПП2,1186661162,93,https://s3.twcstorage.ru/35ffc2ef-1e09-463d-a2c4-c183d5deb59a/prints/pp2/W5063451.webp
Силиконовые чехлы,Samsung Galaxy A56 5G,A:506361,W506361,ПП2,1186753980,30,https://s3.twcstorage.ru/35ffc2ef-1e09-463d-a2c4-c183d5deb59a/prints/pp2/W506361.webp
Матовые цветные чехлы для печати,Samsung Galaxy A56 5G,A:506372,W506372,ПП2,1189282223,9,https://s3.twcstorage.ru/35ffc2ef-1e09-463d-a2c4-c183d5deb59a/prints/pp2/W506372.webp
Силиконовые чехлы,Samsung Galaxy A56 5G,A:506373,W506373,ПП2,1186701601,6,https://s3.twcstorage.ru/35ffc2ef-1e09-463d-a2c4-c183d5deb59a/prints/pp2/W506373.webp
Матовые цветные чехлы для печати,Samsung Galaxy A56 5G,A:506374,W506374,ПП2,1185746293,11,https://s3.twcstorage.ru/35ffc2ef-1e09-463d-a2c4-c183d5deb59a/prints/pp2/W506374.webp
Силиконовые чехлы,Samsung Galaxy A57 5G,A:501992,Q501992,ПП2,1242170760,129,https://s3.twcstorage.ru/35ffc2ef-1e09-463d-a2c4-c183d5deb59a/prints/pp2/Q501992.webp
Силиконовые чехлы,Samsung Galaxy A57 5G,A:506372,W506372,ПП2,1242180070,16,https://s3.twcstorage.ru/35ffc2ef-1e09-463d-a2c4-c183d5deb59a/prints/pp2/W506372.webp
Силиконовые чехлы,Samsung Galaxy A57 5G,A:506374,W506374,ПП2,1242482089,10,https://s3.twcstorage.ru/35ffc2ef-1e09-463d-a2c4-c183d5deb59a/prints/pp2/W506374.webp
Силиконовые чехлы,Samsung Galaxy A71 4G,A:501966,Q501966,ПП2,727001696,124,https://s3.twcstorage.ru/35ffc2ef-1e09-463d-a2c4-c183d5deb59a/prints/pp2/W501966.webp
Силиконовые чехлы,Samsung Galaxy A71 4G,A:501968,Q501968,ПП2,726899648,78,https://s3.twcstorage.ru/35ffc2ef-1e09-463d-a2c4-c183d5deb59a/prints/pp2/W501968.webp
Силиконовые чехлы,Samsung Galaxy A71 4G,A:501970,Q501970,ПП2,727789455,1000000,https://s3.twcstorage.ru/35ffc2ef-1e09-463d-a2c4-c183d5deb59a/prints/pp2/W501970.webp
Силиконовые чехлы,Samsung Galaxy A71 4G,A:501980,Q501980,ПП2,727178536,4,https://s3.twcstorage.ru/35ffc2ef-1e09-463d-a2c4-c183d5deb59a/prints/pp2/Q5019801.webp
Силиконовые чехлы,Samsung Galaxy A71 4G,A:501984,Q501984,ПП2,727519585,126,https://s3.twcstorage.ru/35ffc2ef-1e09-463d-a2c4-c183d5deb59a/prints/pp2/Y501984.webp
Силиконовые чехлы,Samsung Galaxy A71 4G,A:501985,Q501985,ПП2,727522081,1000000,https://s3.twcstorage.ru/35ffc2ef-1e09-463d-a2c4-c183d5deb59a/prints/pp2/Y501985.webp
Силиконовые чехлы,Samsung Galaxy A71 4G,A:502014,W502014,ПП2,727020232,7,https://s3.twcstorage.ru/35ffc2ef-1e09-463d-a2c4-c183d5deb59a/prints/pp2/W502014.webp
Силиконовые чехлы,Samsung Galaxy A71 4G,A:502025,W502025,ПП2,727527075,65,https://s3.twcstorage.ru/35ffc2ef-1e09-463d-a2c4-c183d5deb59a/prints/pp2/W502025.webp
Силиконовые чехлы,Samsung Galaxy A71 4G,A:502048,W502048,ПП2,726991216,26,https://s3.twcstorage.ru/35ffc2ef-1e09-463d-a2c4-c183d5deb59a/prints/pp2/Y502048.webp
Силиконовые чехлы,Samsung Galaxy A71 4G,A:506372,W506372,ПП2,1186491555,16,https://s3.twcstorage.ru/35ffc2ef-1e09-463d-a2c4-c183d5deb59a/prints/pp2/W506372.webp
Матовые цветные чехлы для печати,Samsung Galaxy A72,A:501947,W501947,ПП2,1140045550,28,https://s3.twcstorage.ru/35ffc2ef-1e09-463d-a2c4-c183d5deb59a/prints/pp2/W501947.webp
Силиконовые чехлы,Samsung Galaxy A72,A:502010,W502010,ПП2,727234290,1,https://s3.twcstorage.ru/35ffc2ef-1e09-463d-a2c4-c183d5deb59a/prints/pp2/W502010.webp
Силиконовые чехлы,Samsung Galaxy A72,A:506334,W506334,ПП2,1186673612,12,https://s3.twcstorage.ru/35ffc2ef-1e09-463d-a2c4-c183d5deb59a/prints/pp2/W5063341.webp
Силиконовые чехлы,Samsung Galaxy A73,A:501931,W501931,ПП2,727108915,1000000,https://s3.twcstorage.ru/35ffc2ef-1e09-463d-a2c4-c183d5deb59a/prints/pp2/W501931.webp
Силиконовые чехлы,Samsung Galaxy A73,A:501947,C501947,ПП2,727778492,69,https://s3.twcstorage.ru/35ffc2ef-1e09-463d-a2c4-c183d5deb59a/prints/pp2/W501947.webp
Силиконовые чехлы,Samsung Galaxy A73,A:501975,Q501975,ПП2,727798991,100,https://s3.twcstorage.ru/35ffc2ef-1e09-463d-a2c4-c183d5deb59a/prints/pp2/Q501975.webp
Силиконовые чехлы,Samsung Galaxy A73,A:502009,W502009,ПП2,727513154,8,https://s3.twcstorage.ru/35ffc2ef-1e09-463d-a2c4-c183d5deb59a/prints/pp2/W502009.webp
Силиконовые чехлы,Samsung Galaxy A73,A:502010,W502010,ПП2,727234194,1,https://s3.twcstorage.ru/35ffc2ef-1e09-463d-a2c4-c183d5deb59a/prints/pp2/W502010.webp
Силиконовые чехлы,Samsung Galaxy A73,A:502019,W502019,ПП2,727216043,131,https://s3.twcstorage.ru/35ffc2ef-1e09-463d-a2c4-c183d5deb59a/prints/pp2/W502019.webp
Силиконовые чехлы,Samsung Galaxy A73,A:502032,W502032,ПП2,727775271,25,https://s3.twcstorage.ru/35ffc2ef-1e09-463d-a2c4-c183d5deb59a/prints/pp2/W502032.webp
Силиконовые чехлы,Samsung Galaxy A73,A:502037,W502037,ПП2,727060726,38,https://s3.twcstorage.ru/35ffc2ef-1e09-463d-a2c4-c183d5deb59a/prints/pp2/W502037.webp
Силиконовые чехлы,Samsung Galaxy A73,A:506330,W506330,ПП2,1186106146,17,https://s3.twcstorage.ru/35ffc2ef-1e09-463d-a2c4-c183d5deb59a/prints/pp2/W5063301.webp
Силиконовые чехлы,Samsung Galaxy A73,A:506332,W506332,ПП2,1186717632,3,https://s3.twcstorage.ru/35ffc2ef-1e09-463d-a2c4-c183d5deb59a/prints/pp2/W5063321.webp
Силиконовые чехлы,Samsung Galaxy A73,A:506360,W506360,ПП2,1186402975,59,https://s3.twcstorage.ru/35ffc2ef-1e09-463d-a2c4-c183d5deb59a/prints/pp2/W5063601.webp
Силиконовые чехлы,Samsung Galaxy A73,A:506361,W506361,ПП2,1186661397,30,https://s3.twcstorage.ru/35ffc2ef-1e09-463d-a2c4-c183d5deb59a/prints/pp2/W506361.webp
Чёрные софт-тач,Samsung Galaxy M31,A:501954,S501954,ПП2,727117018,1000000,https://s3.twcstorage.ru/35ffc2ef-1e09-463d-a2c4-c183d5deb59a/prints/pp2/W501954.webp
Силиконовые чехлы,Samsung Galaxy M31,A:502008,W502008,ПП2,727827050,18,https://s3.twcstorage.ru/35ffc2ef-1e09-463d-a2c4-c183d5deb59a/prints/pp2/W502008.webp
Белые софт-тач,Samsung Galaxy M31,A:502053,W502053,ПП2,726639921,1,https://s3.twcstorage.ru/35ffc2ef-1e09-463d-a2c4-c183d5deb59a/prints/pp2/W502053.webp
Силиконовые чехлы,Samsung Galaxy M31,A:502067,W502067,ПП2,727041861,1000000,https://s3.twcstorage.ru/35ffc2ef-1e09-463d-a2c4-c183d5deb59a/prints/pp2/W5020671.webp
Силиконовые чехлы,Samsung Galaxy M31,A:502069,W502069,ПП2,726944941,11,https://s3.twcstorage.ru/35ffc2ef-1e09-463d-a2c4-c183d5deb59a/prints/pp2/W502069.webp
Силиконовые чехлы,Samsung Galaxy M55,A:501949,C501949,ПП2,726907265,19,https://s3.twcstorage.ru/35ffc2ef-1e09-463d-a2c4-c183d5deb59a/prints/pp2/W501949.webp
Белые софт-тач,Samsung Galaxy M55,A:501951,W501951,ПП2,726586551,7,https://s3.twcstorage.ru/35ffc2ef-1e09-463d-a2c4-c183d5deb59a/prints/pp2/W501951.webp
Силиконовые чехлы,Samsung Galaxy M55,A:501953,C501953,ПП2,727251785,98,https://s3.twcstorage.ru/35ffc2ef-1e09-463d-a2c4-c183d5deb59a/prints/pp2/W501953.webp
Силиконовые чехлы,Samsung Galaxy M55,A:501978,Q501978,ПП2,727217890,2,https://s3.twcstorage.ru/35ffc2ef-1e09-463d-a2c4-c183d5deb59a/prints/pp2/Q5019781.webp
Чехол с вкладышем,Samsung Galaxy M55,A:502024,W502024,ПП2,994618567,1000000,https://s3.twcstorage.ru/35ffc2ef-1e09-463d-a2c4-c183d5deb59a/prints/pp2/W502024.webp
Матовые цветные чехлы для печати,Samsung Galaxy M55,A:502029,W502029,ПП2,726884759,30,https://s3.twcstorage.ru/35ffc2ef-1e09-463d-a2c4-c183d5deb59a/prints/pp2/W502029.webp
Белые софт-тач,Samsung Galaxy M55,A:502053,W502053,ПП2,726639883,1,https://s3.twcstorage.ru/35ffc2ef-1e09-463d-a2c4-c183d5deb59a/prints/pp2/W502053.webp
Чехол с вкладышем,Samsung Galaxy M55,A:502059,W502059,ПП2,994619015,1000000,https://s3.twcstorage.ru/35ffc2ef-1e09-463d-a2c4-c183d5deb59a/prints/pp2/W502059.webp
Матовые цветные чехлы для печати,Samsung Galaxy M55,A:502067,W5020671,ПП2,726733440,41,https://s3.twcstorage.ru/35ffc2ef-1e09-463d-a2c4-c183d5deb59a/prints/pp2/W5020671.webp
Матовые цветные чехлы для печати,Samsung Galaxy M55,A:502069,W502069,ПП2,726799910,31,https://s3.twcstorage.ru/35ffc2ef-1e09-463d-a2c4-c183d5deb59a/prints/pp2/W502069.webp
Белые софт-тач,Samsung Galaxy S20 FE,A:501947,W501947,ПП2,726589380,27,https://s3.twcstorage.ru/35ffc2ef-1e09-463d-a2c4-c183d5deb59a/prints/pp2/W501947.webp
Силиконовые чехлы,Samsung Galaxy S20 FE,A:501948,C501948,ПП2,727292973,96,https://s3.twcstorage.ru/35ffc2ef-1e09-463d-a2c4-c183d5deb59a/prints/pp2/W501948.webp
Чёрные софт-тач,Samsung Galaxy S20 FE,A:501950,S501950,ПП2,727133993,2,https://s3.twcstorage.ru/35ffc2ef-1e09-463d-a2c4-c183d5deb59a/prints/pp2/W501950.webp
Чёрные софт-тач,Samsung Galaxy S20 FE,A:501959,S501959,ПП2,727130570,1000000,https://s3.twcstorage.ru/35ffc2ef-1e09-463d-a2c4-c183d5deb59a/prints/pp2/S501959.webp
Силиконовые чехлы,Samsung Galaxy S20 FE,A:501960,W501960,ПП2,727511875,41,https://s3.twcstorage.ru/35ffc2ef-1e09-463d-a2c4-c183d5deb59a/prints/pp2/W501960.webp
Силиконовые чехлы,Samsung Galaxy S20 FE,A:501965,Q501965,ПП2,726961429,86,https://s3.twcstorage.ru/35ffc2ef-1e09-463d-a2c4-c183d5deb59a/prints/pp2/Q5019651.webp
Силиконовые чехлы,Samsung Galaxy S20 FE,A:501978,Q501978,ПП2,727219177,2,https://s3.twcstorage.ru/35ffc2ef-1e09-463d-a2c4-c183d5deb59a/prints/pp2/Q5019781.webp
Силиконовые чехлы,Samsung Galaxy S20 FE,A:501983,Q501983,ПП2,727856425,71,https://s3.twcstorage.ru/35ffc2ef-1e09-463d-a2c4-c183d5deb59a/prints/pp2/Y501983.webp
Белые софт-тач,Samsung Galaxy S20 FE,A:502005,W502005,ПП2,726625941,55,https://s3.twcstorage.ru/35ffc2ef-1e09-463d-a2c4-c183d5deb59a/prints/pp2/W502005.webp
Силиконовые чехлы,Samsung Galaxy S20 FE,A:502010,W502010,ПП2,727234331,1,https://s3.twcstorage.ru/35ffc2ef-1e09-463d-a2c4-c183d5deb59a/prints/pp2/W502010.webp
Матовые цветные чехлы для печати,Samsung Galaxy S20 FE,A:502014,W502014,ПП2,1140002819,18,https://s3.twcstorage.ru/35ffc2ef-1e09-463d-a2c4-c183d5deb59a/prints/pp2/W502014.webp
Силиконовые чехлы,Samsung Galaxy S20 FE,A:502018,W502018,ПП2,727025612,89,https://s3.twcstorage.ru/35ffc2ef-1e09-463d-a2c4-c183d5deb59a/prints/pp2/W502018.webp
Силиконовые чехлы,Samsung Galaxy S20 FE,A:502025,W502025,ПП2,727527653,65,https://s3.twcstorage.ru/35ffc2ef-1e09-463d-a2c4-c183d5deb59a/prints/pp2/W502025.webp
Матовые цветные чехлы для печати,Samsung Galaxy S20 FE,A:502026,W502026,ПП2,1153164323,58,https://s3.twcstorage.ru/35ffc2ef-1e09-463d-a2c4-c183d5deb59a/prints/pp2/W502026.webp
Силиконовые чехлы,Samsung Galaxy S20 FE,A:502029,W502029,ПП2,727529087,42,https://s3.twcstorage.ru/35ffc2ef-1e09-463d-a2c4-c183d5deb59a/prints/pp2/W502029.webp
Матовые цветные чехлы для печати,Samsung Galaxy S20 FE,A:502031,W502031,ПП2,1140005067,59,https://s3.twcstorage.ru/35ffc2ef-1e09-463d-a2c4-c183d5deb59a/prints/pp2/W502031.webp
Силиконовые чехлы,Samsung Galaxy S20 FE,A:502049,W502049,ПП2,726996198,40,https://s3.twcstorage.ru/35ffc2ef-1e09-463d-a2c4-c183d5deb59a/prints/pp2/Y502049.webp
Объемные матовые чехлы черные,Samsung Galaxy S20 FE,A:502053,W502053,ПП2,1157747727,12,https://s3.twcstorage.ru/35ffc2ef-1e09-463d-a2c4-c183d5deb59a/prints/pp2/W502053.webp
Матовые цветные чехлы для печати,Samsung Galaxy S20 FE,A:502062,W502062,ПП2,1140040832,97,https://s3.twcstorage.ru/35ffc2ef-1e09-463d-a2c4-c183d5deb59a/prints/pp2/W502062.webp
Силиконовые чехлы,Samsung Galaxy S20 FE,A:502064,W502064,ПП2,726922251,80,https://s3.twcstorage.ru/35ffc2ef-1e09-463d-a2c4-c183d5deb59a/prints/pp2/W502064.webp
Белые софт-тач,Samsung Galaxy S20 FE,A:502068,W502068,ПП2,726663733,1000000,https://s3.twcstorage.ru/35ffc2ef-1e09-463d-a2c4-c183d5deb59a/prints/pp2/W502068.webp
Объемные матовые чехлы бордовые,Samsung Galaxy S20 FE,A:506338,W5063381,ПП2,1153415613,35,https://s3.twcstorage.ru/35ffc2ef-1e09-463d-a2c4-c183d5deb59a/prints/pp2/W5063381.webp
Силиконовые чехлы,Samsung Galaxy S20 FE,A:506383,Q506383,ПП2,1186720522,32,https://s3.twcstorage.ru/35ffc2ef-1e09-463d-a2c4-c183d5deb59a/prints/pp2/Q5063831.webp
Силиконовые чехлы,Samsung Galaxy S21,A:501950,W501950,ПП2,1223350755,97,https://s3.twcstorage.ru/35ffc2ef-1e09-463d-a2c4-c183d5deb59a/prints/pp2/W501950.webp
Силиконовые чехлы,Samsung Galaxy S21,A:501978,Q501978,ПП2,1201807584,2,https://s3.twcstorage.ru/35ffc2ef-1e09-463d-a2c4-c183d5deb59a/prints/pp2/Q5019781.webp
Силиконовые чехлы,Samsung Galaxy S21,A:501980,Q501980,ПП2,1121616746,4,https://s3.twcstorage.ru/35ffc2ef-1e09-463d-a2c4-c183d5deb59a/prints/pp2/Q5019801.webp
Матовые цветные чехлы для печати,Samsung Galaxy S21,A:502031,W502031,ПП2,1140005024,59,https://s3.twcstorage.ru/35ffc2ef-1e09-463d-a2c4-c183d5deb59a/prints/pp2/W502031.webp
Белые софт-тач,Samsung Galaxy S21,A:502035,W502035,ПП2,1015363483,20,https://s3.twcstorage.ru/35ffc2ef-1e09-463d-a2c4-c183d5deb59a/prints/pp2/W502035.webp
Матовые цветные чехлы для печати,Samsung Galaxy S21,A:502056,W502056,ПП2,1140035220,1000000,https://s3.twcstorage.ru/35ffc2ef-1e09-463d-a2c4-c183d5deb59a/prints/pp2/W502056.webp
Матовые цветные чехлы для печати,Samsung Galaxy S21,A:506368,W506368,ПП2,1152335588,62,https://s3.twcstorage.ru/35ffc2ef-1e09-463d-a2c4-c183d5deb59a/prints/pp2/W506368.webp
Чёрные софт-тач,Samsung Galaxy S21 FE,A:501945,S501945,ПП2,727120795,1000000,https://s3.twcstorage.ru/35ffc2ef-1e09-463d-a2c4-c183d5deb59a/prints/pp2/W501945.webp
Чёрные софт-тач,Samsung Galaxy S21 FE,A:501946,S501946,ПП2,727097466,7,https://s3.twcstorage.ru/35ffc2ef-1e09-463d-a2c4-c183d5deb59a/prints/pp2/W501946.webp
Объемные матовые чехлы черные,Samsung Galaxy S21 FE,A:501947,W501947,ПП2,1157609406,34,https://s3.twcstorage.ru/35ffc2ef-1e09-463d-a2c4-c183d5deb59a/prints/pp2/W501947.webp
Чёрные софт-тач,Samsung Galaxy S21 FE,A:501956,S501956,ПП2,727122981,1000000,https://s3.twcstorage.ru/35ffc2ef-1e09-463d-a2c4-c183d5deb59a/prints/pp2/W501956.webp
Силиконовые чехлы,Samsung Galaxy S21 FE,A:501978,Q501978,ПП2,727218841,2,https://s3.twcstorage.ru/35ffc2ef-1e09-463d-a2c4-c183d5deb59a/prints/pp2/Q5019781.webp
Силиконовые чехлы,Samsung Galaxy S21 FE,A:501980,Q501980,ПП2,727178540,4,https://s3.twcstorage.ru/35ffc2ef-1e09-463d-a2c4-c183d5deb59a/prints/pp2/Q5019801.webp
Силиконовые чехлы,Samsung Galaxy S21 FE,A:501985,Q501985,ПП2,727522220,1000000,https://s3.twcstorage.ru/35ffc2ef-1e09-463d-a2c4-c183d5deb59a/prints/pp2/Y501985.webp
Силиконовые чехлы,Samsung Galaxy S21 FE,A:501988,Q501988,ПП2,727514698,128,https://s3.twcstorage.ru/35ffc2ef-1e09-463d-a2c4-c183d5deb59a/prints/pp2/Y501988.webp
Силиконовые чехлы,Samsung Galaxy S21 FE,A:501993,Q501993,ПП2,727180578,37,https://s3.twcstorage.ru/35ffc2ef-1e09-463d-a2c4-c183d5deb59a/prints/pp2/Q5019931.webp
Объемные матовые чехлы бордовые,Samsung Galaxy S21 FE,A:502010,W502010,ПП2,1153047753,17,https://s3.twcstorage.ru/35ffc2ef-1e09-463d-a2c4-c183d5deb59a/prints/pp2/W502010.webp
Белые софт-тач,Samsung Galaxy S21 FE,A:502014,W502014,ПП2,726647493,15,https://s3.twcstorage.ru/35ffc2ef-1e09-463d-a2c4-c183d5deb59a/prints/pp2/W502014.webp
Силиконовые чехлы,Samsung Galaxy S21 FE,A:502023,W502023,ПП2,727539800,133,https://s3.twcstorage.ru/35ffc2ef-1e09-463d-a2c4-c183d5deb59a/prints/pp2/W502023.webp
Матовые цветные чехлы для печати,Samsung Galaxy S21 FE,A:502026,W502026,ПП2,1153164974,58,https://s3.twcstorage.ru/35ffc2ef-1e09-463d-a2c4-c183d5deb59a/prints/pp2/W502026.webp
Объемные матовые чехлы бордовые,Samsung Galaxy S21 FE,A:502035,W502035,ПП2,1152954494,4,https://s3.twcstorage.ru/35ffc2ef-1e09-463d-a2c4-c183d5deb59a/prints/pp2/W502035.webp
Белые софт-тач,Samsung Galaxy S21 FE,A:502048,W502048,ПП2,726573290,21,https://s3.twcstorage.ru/35ffc2ef-1e09-463d-a2c4-c183d5deb59a/prints/pp2/Y502048.webp
Силиконовые чехлы,Samsung Galaxy S21 FE,A:502050,W502050,ПП2,726999377,105,https://s3.twcstorage.ru/35ffc2ef-1e09-463d-a2c4-c183d5deb59a/prints/pp2/Y502050.webp
Белые софт-тач,Samsung Galaxy S21 FE,A:502052,W502052,ПП2,726641768,2,https://s3.twcstorage.ru/35ffc2ef-1e09-463d-a2c4-c183d5deb59a/prints/pp2/W502052.webp
Белые софт-тач,Samsung Galaxy S21 FE,A:502053,W502053,ПП2,726640111,1,https://s3.twcstorage.ru/35ffc2ef-1e09-463d-a2c4-c183d5deb59a/prints/pp2/W502053.webp
Белые софт-тач,Samsung Galaxy S21 FE,A:502055,W502055,ПП2,726569581,1000000,https://s3.twcstorage.ru/35ffc2ef-1e09-463d-a2c4-c183d5deb59a/prints/pp2/W502055.webp
Белые софт-тач,Samsung Galaxy S21 FE,A:502057,W502057,ПП2,726577236,26,https://s3.twcstorage.ru/35ffc2ef-1e09-463d-a2c4-c183d5deb59a/prints/pp2/W502057.webp
Объемные матовые чехлы черные,Samsung Galaxy S21 FE,A:502065,W502065,ПП2,1157640863,14,https://s3.twcstorage.ru/35ffc2ef-1e09-463d-a2c4-c183d5deb59a/prints/pp2/W502065.webp
Белые софт-тач,Samsung Galaxy S21 FE,A:502069,W502069,ПП2,726665381,16,https://s3.twcstorage.ru/35ffc2ef-1e09-463d-a2c4-c183d5deb59a/prints/pp2/W502069.webp
Матовые цветные чехлы для печати,Samsung Galaxy S21 FE,A:506332,W5063321,ПП2,1153724686,2,https://s3.twcstorage.ru/35ffc2ef-1e09-463d-a2c4-c183d5deb59a/prints/pp2/W5063321.webp
Объемные матовые чехлы черные,Samsung Galaxy S21 FE,A:506338,W5063381,ПП2,1158054952,6,https://s3.twcstorage.ru/35ffc2ef-1e09-463d-a2c4-c183d5deb59a/prints/pp2/W5063381.webp
Силиконовые чехлы,Samsung Galaxy S21 FE,A:506340,W506340,ПП2,1186239735,5,https://s3.twcstorage.ru/35ffc2ef-1e09-463d-a2c4-c183d5deb59a/prints/pp2/W5063401.webp
Объемные матовые чехлы черные,Samsung Galaxy S21 FE,A:506384,Q506384,ПП2,1157774951,10,https://s3.twcstorage.ru/35ffc2ef-1e09-463d-a2c4-c183d5deb59a/prints/pp2/Q5063841.webp
Силиконовые чехлы,Samsung Galaxy S21 Plus,A:501978,Q501978,ПП2,1121708541,2,https://s3.twcstorage.ru/35ffc2ef-1e09-463d-a2c4-c183d5deb59a/prints/pp2/Q5019781.webp
Силиконовые чехлы,Samsung Galaxy S21 Ultra,A:506340,W506340,ПП2,1137107551,5,https://s3.twcstorage.ru/35ffc2ef-1e09-463d-a2c4-c183d5deb59a/prints/pp2/W5063401.webp
Силиконовые чехлы,Samsung Galaxy S21 Ultra,A:506364,W506364,ПП2,1137345827,44,https://s3.twcstorage.ru/35ffc2ef-1e09-463d-a2c4-c183d5deb59a/prints/pp2/W506364.webp
Силиконовые чехлы,Samsung Galaxy S22,A:501951,W501951,ПП2,1201563180,20,https://s3.twcstorage.ru/35ffc2ef-1e09-463d-a2c4-c183d5deb59a/prints/pp2/W501951.webp
Силиконовые чехлы,Samsung Galaxy S22,A:501955,C501955,ПП2,1139293296,61,https://s3.twcstorage.ru/35ffc2ef-1e09-463d-a2c4-c183d5deb59a/prints/pp2/W501955.webp
Силиконовые чехлы,Samsung Galaxy S22,A:501978,Q501978,ПП2,1196397444,2,https://s3.twcstorage.ru/35ffc2ef-1e09-463d-a2c4-c183d5deb59a/prints/pp2/Q5019781.webp
Силиконовые чехлы,Samsung Galaxy S22,A:501980,Q501980,ПП2,1196375828,4,https://s3.twcstorage.ru/35ffc2ef-1e09-463d-a2c4-c183d5deb59a/prints/pp2/Q5019801.webp
Силиконовые чехлы,Samsung Galaxy S22,A:502012,W502012,ПП2,1121924743,35,https://s3.twcstorage.ru/35ffc2ef-1e09-463d-a2c4-c183d5deb59a/prints/pp2/W502012.webp
Силиконовые чехлы,Samsung Galaxy S22,A:502065,W502065,ПП2,1123692549,49,https://s3.twcstorage.ru/35ffc2ef-1e09-463d-a2c4-c183d5deb59a/prints/pp2/W502065.webp
Силиконовые чехлы,Samsung Galaxy S22,A:506331,W506331,ПП2,1137029276,9,https://s3.twcstorage.ru/35ffc2ef-1e09-463d-a2c4-c183d5deb59a/prints/pp2/W5063311.webp
Силиконовые чехлы,Samsung Galaxy S22,A:506373,W506373,ПП2,1137402347,6,https://s3.twcstorage.ru/35ffc2ef-1e09-463d-a2c4-c183d5deb59a/prints/pp2/W506373.webp
Силиконовые чехлы,Samsung Galaxy S22,A:506379,W506379,ПП2,1137431150,27,https://s3.twcstorage.ru/35ffc2ef-1e09-463d-a2c4-c183d5deb59a/prints/pp2/W506379.webp
Силиконовые чехлы,Samsung Galaxy S22 Plus,A:501962,W501962,ПП2,1124085918,62,https://s3.twcstorage.ru/35ffc2ef-1e09-463d-a2c4-c183d5deb59a/prints/pp2/W501962.webp
Силиконовые чехлы,Samsung Galaxy S22 Plus,A:506330,W506330,ПП2,1137024785,17,https://s3.twcstorage.ru/35ffc2ef-1e09-463d-a2c4-c183d5deb59a/prints/pp2/W5063301.webp
Силиконовые чехлы,Samsung Galaxy S22 Plus,A:506338,W506338,ПП2,1137086169,56,https://s3.twcstorage.ru/35ffc2ef-1e09-463d-a2c4-c183d5deb59a/prints/pp2/W5063381.webp
Силиконовые чехлы,Samsung Galaxy S22 Plus,A:506344,W506344,ПП2,1137138584,57,https://s3.twcstorage.ru/35ffc2ef-1e09-463d-a2c4-c183d5deb59a/prints/pp2/W5063441.webp
Силиконовые чехлы,Samsung Galaxy S22 Ultra,A:501946,W501946,ПП2,726972357,121,https://s3.twcstorage.ru/35ffc2ef-1e09-463d-a2c4-c183d5deb59a/prints/pp2/W501946.webp
Чёрные софт-тач,Samsung Galaxy S22 Ultra,A:501947,S501947,ПП2,727136087,8,https://s3.twcstorage.ru/35ffc2ef-1e09-463d-a2c4-c183d5deb59a/prints/pp2/W501947.webp
Чёрные софт-тач,Samsung Galaxy S22 Ultra,A:501950,S501950,ПП2,727134203,2,https://s3.twcstorage.ru/35ffc2ef-1e09-463d-a2c4-c183d5deb59a/prints/pp2/W501950.webp
Чёрные софт-тач,Samsung Galaxy S22 Ultra,A:501951,S501951,ПП2,727137614,5,https://s3.twcstorage.ru/35ffc2ef-1e09-463d-a2c4-c183d5deb59a/prints/pp2/W501951.webp
Чёрные софт-тач,Samsung Galaxy S22 Ultra,A:501954,S501954,ПП2,727117153,1000000,https://s3.twcstorage.ru/35ffc2ef-1e09-463d-a2c4-c183d5deb59a/prints/pp2/W501954.webp
Силиконовые чехлы,Samsung Galaxy S22 Ultra,A:501955,C501955,ПП2,727207503,61,https://s3.twcstorage.ru/35ffc2ef-1e09-463d-a2c4-c183d5deb59a/prints/pp2/W501955.webp
Силиконовые чехлы,Samsung Galaxy S22 Ultra,A:501980,Q501980,ПП2,727178562,4,https://s3.twcstorage.ru/35ffc2ef-1e09-463d-a2c4-c183d5deb59a/prints/pp2/Q5019801.webp
Силиконовые чехлы,Samsung Galaxy S22 Ultra,A:501993,Q501993,ПП2,727180354,37,https://s3.twcstorage.ru/35ffc2ef-1e09-463d-a2c4-c183d5deb59a/prints/pp2/Q5019931.webp
Силиконовые чехлы,Samsung Galaxy S22 Ultra,A:502008,W502008,ПП2,727826575,18,https://s3.twcstorage.ru/35ffc2ef-1e09-463d-a2c4-c183d5deb59a/prints/pp2/W502008.webp
Силиконовые чехлы,Samsung Galaxy S22 Ultra,A:502014,W502014,ПП2,727028537,7,https://s3.twcstorage.ru/35ffc2ef-1e09-463d-a2c4-c183d5deb59a/prints/pp2/W502014.webp
Силиконовые чехлы,Samsung Galaxy S22 Ultra,A:502049,W502049,ПП2,726995302,40,https://s3.twcstorage.ru/35ffc2ef-1e09-463d-a2c4-c183d5deb59a/prints/pp2/Y502049.webp
Белые софт-тач,Samsung Galaxy S22 Ultra,A:502053,W502053,ПП2,726639743,1,https://s3.twcstorage.ru/35ffc2ef-1e09-463d-a2c4-c183d5deb59a/prints/pp2/W502053.webp
Силиконовые чехлы,Samsung Galaxy S22 Ultra,A:502057,W502057,ПП2,727021875,142,https://s3.twcstorage.ru/35ffc2ef-1e09-463d-a2c4-c183d5deb59a/prints/pp2/W502057.webp
Матовые цветные чехлы для печати,Samsung Galaxy S22 Ultra,A:502069,W502069,ПП2,1140194556,31,https://s3.twcstorage.ru/35ffc2ef-1e09-463d-a2c4-c183d5deb59a/prints/pp2/W502069.webp
Матовые цветные чехлы для печати,Samsung Galaxy S22 Ultra,A:506332,W5063321,ПП2,1153714942,2,https://s3.twcstorage.ru/35ffc2ef-1e09-463d-a2c4-c183d5deb59a/prints/pp2/W5063321.webp
Матовые цветные чехлы для печати,Samsung Galaxy S22 Ultra,A:506340,W5063401,ПП2,1154118081,4,https://s3.twcstorage.ru/35ffc2ef-1e09-463d-a2c4-c183d5deb59a/prints/pp2/W5063401.webp
Белые софт-тач,Samsung Galaxy S23 5G,A:501951,W501951,ПП2,1015384384,7,https://s3.twcstorage.ru/35ffc2ef-1e09-463d-a2c4-c183d5deb59a/prints/pp2/W501951.webp
Силиконовые чехлы,Samsung Galaxy S23 5G,A:501978,Q501978,ПП2,1196397314,2,https://s3.twcstorage.ru/35ffc2ef-1e09-463d-a2c4-c183d5deb59a/prints/pp2/Q5019781.webp
Силиконовые чехлы,Samsung Galaxy S23 5G,A:501980,Q501980,ПП2,1196375883,4,https://s3.twcstorage.ru/35ffc2ef-1e09-463d-a2c4-c183d5deb59a/prints/pp2/Q5019801.webp
Силиконовые чехлы,Samsung Galaxy S23 5G,A:502009,W502009,ПП2,1200515662,8,https://s3.twcstorage.ru/35ffc2ef-1e09-463d-a2c4-c183d5deb59a/prints/pp2/W502009.webp
Силиконовые чехлы,Samsung Galaxy S23 5G,A:502010,W502010,ПП2,1196416040,1,https://s3.twcstorage.ru/35ffc2ef-1e09-463d-a2c4-c183d5deb59a/prints/pp2/W502010.webp
Матовые цветные чехлы для печати,Samsung Galaxy S23 5G,A:502012,W502012,ПП2,1153003581,6,https://s3.twcstorage.ru/35ffc2ef-1e09-463d-a2c4-c183d5deb59a/prints/pp2/W502012.webp
Матовые цветные чехлы для печати,Samsung Galaxy S23 5G,A:502029,W502029,ПП2,1153455169,30,https://s3.twcstorage.ru/35ffc2ef-1e09-463d-a2c4-c183d5deb59a/prints/pp2/W502029.webp
Силиконовые чехлы,Samsung Galaxy S23 5G,A:502032,W502032,ПП2,1202512223,25,https://s3.twcstorage.ru/35ffc2ef-1e09-463d-a2c4-c183d5deb59a/prints/pp2/W502032.webp
Силиконовые чехлы,Samsung Galaxy S23 5G,A:502065,W502065,ПП2,1202506595,49,https://s3.twcstorage.ru/35ffc2ef-1e09-463d-a2c4-c183d5deb59a/prints/pp2/W502065.webp
Силиконовые чехлы,Samsung Galaxy S23 5G,A:506331,W506331,ПП2,1137029438,9,https://s3.twcstorage.ru/35ffc2ef-1e09-463d-a2c4-c183d5deb59a/prints/pp2/W5063311.webp
Матовые цветные чехлы для печати,Samsung Galaxy S23 5G,A:506332,W5063321,ПП2,1153718463,2,https://s3.twcstorage.ru/35ffc2ef-1e09-463d-a2c4-c183d5deb59a/prints/pp2/W5063321.webp
Силиконовые чехлы,Samsung Galaxy S23 5G,A:506340,W506340,ПП2,1137105528,5,https://s3.twcstorage.ru/35ffc2ef-1e09-463d-a2c4-c183d5deb59a/prints/pp2/W5063401.webp
Матовые цветные чехлы для печати,Samsung Galaxy S23 5G,A:506341,W5063411,ПП2,1154176426,36,https://s3.twcstorage.ru/35ffc2ef-1e09-463d-a2c4-c183d5deb59a/prints/pp2/W5063411.webp
Силиконовые чехлы,Samsung Galaxy S23 5G,A:506350,W506350,ПП2,1137174379,45,https://s3.twcstorage.ru/35ffc2ef-1e09-463d-a2c4-c183d5deb59a/prints/pp2/W5063501.webp
Силиконовые чехлы,Samsung Galaxy S23 5G,A:506361,W506361,ПП2,1137320946,30,https://s3.twcstorage.ru/35ffc2ef-1e09-463d-a2c4-c183d5deb59a/prints/pp2/W506361.webp
Силиконовые чехлы,Samsung Galaxy S23 5G,A:506374,W506374,ПП2,1137407966,10,https://s3.twcstorage.ru/35ffc2ef-1e09-463d-a2c4-c183d5deb59a/prints/pp2/W506374.webp
Силиконовые чехлы,Samsung Galaxy S23 5G,A:506378,W506378,ПП2,1137427912,22,https://s3.twcstorage.ru/35ffc2ef-1e09-463d-a2c4-c183d5deb59a/prints/pp2/W506378.webp
Матовые цветные чехлы для печати,Samsung Galaxy S23 FE 5G,A:501934,W501934,ПП2,726803361,1000000,https://s3.twcstorage.ru/35ffc2ef-1e09-463d-a2c4-c183d5deb59a/prints/pp2/W501934.webp
Матовые цветные чехлы для печати,Samsung Galaxy S23 FE 5G,A:501936,W501936,ПП2,726866614,1000000,https://s3.twcstorage.ru/35ffc2ef-1e09-463d-a2c4-c183d5deb59a/prints/pp2/W501936.webp
Силиконовые чехлы,Samsung Galaxy S23 FE 5G,A:501938,W501938,ПП2,727561009,68,https://s3.twcstorage.ru/35ffc2ef-1e09-463d-a2c4-c183d5deb59a/prints/pp2/W501938.webp
Силиконовые чехлы,Samsung Galaxy S23 FE 5G,A:501939,W501939,ПП2,727564025,1000000,https://s3.twcstorage.ru/35ffc2ef-1e09-463d-a2c4-c183d5deb59a/prints/pp2/W501939.webp
Белые софт-тач,Samsung Galaxy S23 FE 5G,A:501947,W501947,ПП2,930926939,27,https://s3.twcstorage.ru/35ffc2ef-1e09-463d-a2c4-c183d5deb59a/prints/pp2/W501947.webp
Силиконовые чехлы,Samsung Galaxy S23 FE 5G,A:501955,C501955,ПП2,727206797,61,https://s3.twcstorage.ru/35ffc2ef-1e09-463d-a2c4-c183d5deb59a/prints/pp2/W501955.webp
Матовые цветные чехлы для печати,Samsung Galaxy S23 FE 5G,A:501957,W501957,ПП2,726829154,17,https://s3.twcstorage.ru/35ffc2ef-1e09-463d-a2c4-c183d5deb59a/prints/pp2/W501957.webp
Силиконовые чехлы,Samsung Galaxy S23 FE 5G,A:501960,C501960,ПП2,727209374,41,https://s3.twcstorage.ru/35ffc2ef-1e09-463d-a2c4-c183d5deb59a/prints/pp2/W501960.webp
Силиконовые чехлы,Samsung Galaxy S23 FE 5G,A:501961,C501961,ПП2,727535210,21,https://s3.twcstorage.ru/35ffc2ef-1e09-463d-a2c4-c183d5deb59a/prints/pp2/W501961.webp
Силиконовые чехлы,Samsung Galaxy S23 FE 5G,A:501962,W501962,ПП2,727558676,62,https://s3.twcstorage.ru/35ffc2ef-1e09-463d-a2c4-c183d5deb59a/prints/pp2/W501962.webp
Силиконовые чехлы,Samsung Galaxy S23 FE 5G,A:501966,W501966,ПП2,727224352,124,https://s3.twcstorage.ru/35ffc2ef-1e09-463d-a2c4-c183d5deb59a/prints/pp2/W501966.webp
Силиконовые чехлы,Samsung Galaxy S23 FE 5G,A:501976,Q501976,ПП2,727303118,79,https://s3.twcstorage.ru/35ffc2ef-1e09-463d-a2c4-c183d5deb59a/prints/pp2/Q501976.webp
Силиконовые чехлы,Samsung Galaxy S23 FE 5G,A:501978,Q501978,ПП2,727218410,2,https://s3.twcstorage.ru/35ffc2ef-1e09-463d-a2c4-c183d5deb59a/prints/pp2/Q5019781.webp
Силиконовые чехлы,Samsung Galaxy S23 FE 5G,A:501979,Q501979,ПП2,727779726,48,https://s3.twcstorage.ru/35ffc2ef-1e09-463d-a2c4-c183d5deb59a/prints/pp2/Q5019791.webp
Силиконовые чехлы,Samsung Galaxy S23 FE 5G,A:501991,Q501991,ПП2,727213337,1000000,https://s3.twcstorage.ru/35ffc2ef-1e09-463d-a2c4-c183d5deb59a/prints/pp2/Q501991.webp
Белые софт-тач,Samsung Galaxy S23 FE 5G,A:502006,W502006,ПП2,930992840,56,https://s3.twcstorage.ru/35ffc2ef-1e09-463d-a2c4-c183d5deb59a/prints/pp2/W502006.webp
Силиконовые чехлы,Samsung Galaxy S23 FE 5G,A:502007,W502007,ПП2,727852328,55,https://s3.twcstorage.ru/35ffc2ef-1e09-463d-a2c4-c183d5deb59a/prints/pp2/W502007.webp
Силиконовые чехлы,Samsung Galaxy S23 FE 5G,A:502010,W502010,ПП2,727231625,1,https://s3.twcstorage.ru/35ffc2ef-1e09-463d-a2c4-c183d5deb59a/prints/pp2/W502010.webp
Матовые цветные чехлы для печати,Samsung Galaxy S23 FE 5G,A:502012,W502012,ПП2,726855865,6,https://s3.twcstorage.ru/35ffc2ef-1e09-463d-a2c4-c183d5deb59a/prints/pp2/W502012.webp
Белые софт-тач,Samsung Galaxy S23 FE 5G,A:502014,W502014,ПП2,931018958,15,https://s3.twcstorage.ru/35ffc2ef-1e09-463d-a2c4-c183d5deb59a/prints/pp2/W502014.webp
Матовые цветные чехлы для печати,Samsung Galaxy S23 FE 5G,A:502018,W502018,ПП2,726834485,48,https://s3.twcstorage.ru/35ffc2ef-1e09-463d-a2c4-c183d5deb59a/prints/pp2/W502018.webp
Силиконовые чехлы,Samsung Galaxy S23 FE 5G,A:502019,W502019,ПП2,727215085,131,https://s3.twcstorage.ru/35ffc2ef-1e09-463d-a2c4-c183d5deb59a/prints/pp2/W502019.webp
Матовые цветные чехлы для печати,Samsung Galaxy S23 FE 5G,A:502021,W502021,ПП2,726878679,68,https://s3.twcstorage.ru/35ffc2ef-1e09-463d-a2c4-c183d5deb59a/prints/pp2/Y502021.webp
Силиконовые чехлы,Samsung Galaxy S23 FE 5G,A:502023,W502023,ПП2,727539424,133,https://s3.twcstorage.ru/35ffc2ef-1e09-463d-a2c4-c183d5deb59a/prints/pp2/W502023.webp
Матовые цветные чехлы для печати,Samsung Galaxy S23 FE 5G,A:502025,W502025,ПП2,726877134,34,https://s3.twcstorage.ru/35ffc2ef-1e09-463d-a2c4-c183d5deb59a/prints/pp2/W502025.webp
Матовые цветные чехлы для печати,Samsung Galaxy S23 FE 5G,A:502027,W502027,ПП2,726881491,1000000,https://s3.twcstorage.ru/35ffc2ef-1e09-463d-a2c4-c183d5deb59a/prints/pp2/W502027.webp
Матовые цветные чехлы для печати,Samsung Galaxy S23 FE 5G,A:502028,W502028,ПП2,726872770,69,https://s3.twcstorage.ru/35ffc2ef-1e09-463d-a2c4-c183d5deb59a/prints/pp2/W502028.webp
Белые софт-тач,Samsung Galaxy S23 FE 5G,A:502032,W502032,ПП2,931004813,59,https://s3.twcstorage.ru/35ffc2ef-1e09-463d-a2c4-c183d5deb59a/prints/pp2/W502032.webp
Белые софт-тач,Samsung Galaxy S23 FE 5G,A:502033,W502033,ПП2,931006190,10,https://s3.twcstorage.ru/35ffc2ef-1e09-463d-a2c4-c183d5deb59a/prints/pp2/W502033.webp
Белые софт-тач,Samsung Galaxy S23 FE 5G,A:502039,W502039,ПП2,930984694,31,https://s3.twcstorage.ru/35ffc2ef-1e09-463d-a2c4-c183d5deb59a/prints/pp2/W502039.webp
Силиконовые чехлы,Samsung Galaxy S23 FE 5G,A:502051,W502051,ПП2,727003765,140,https://s3.twcstorage.ru/35ffc2ef-1e09-463d-a2c4-c183d5deb59a/prints/pp2/W502051.webp
Белые софт-тач,Samsung Galaxy S23 FE 5G,A:502052,W502052,ПП2,931013205,2,https://s3.twcstorage.ru/35ffc2ef-1e09-463d-a2c4-c183d5deb59a/prints/pp2/W502052.webp
Белые софт-тач,Samsung Galaxy S23 FE 5G,A:502053,W502053,ПП2,931009241,1,https://s3.twcstorage.ru/35ffc2ef-1e09-463d-a2c4-c183d5deb59a/prints/pp2/W502053.webp
Матовые цветные чехлы для печати,Samsung Galaxy S23 FE 5G,A:502065,W502065,ПП2,726839748,16,https://s3.twcstorage.ru/35ffc2ef-1e09-463d-a2c4-c183d5deb59a/prints/pp2/W502065.webp
Белые софт-тач,Samsung Galaxy S23 FE 5G,A:502066,W502066,ПП2,931034823,75,https://s3.twcstorage.ru/35ffc2ef-1e09-463d-a2c4-c183d5deb59a/prints/pp2/W502066.webp
Белые софт-тач,Samsung Galaxy S23 FE 5G,A:502069,W502069,ПП2,931037988,16,https://s3.twcstorage.ru/35ffc2ef-1e09-463d-a2c4-c183d5deb59a/prints/pp2/W502069.webp
Белые софт-тач,Samsung Galaxy S23 FE 5G,A:506329,W506329,ПП2,1164133406,24,https://s3.twcstorage.ru/35ffc2ef-1e09-463d-a2c4-c183d5deb59a/prints/pp2/W5063291.webp
Матовые цветные чехлы для печати,Samsung Galaxy S23 FE 5G,A:506330,W5063301,ПП2,1185517503,3,https://s3.twcstorage.ru/35ffc2ef-1e09-463d-a2c4-c183d5deb59a/prints/pp2/W5063301.webp
Белые софт-тач,Samsung Galaxy S23 FE 5G,A:506331,W506331,ПП2,1164170972,5,https://s3.twcstorage.ru/35ffc2ef-1e09-463d-a2c4-c183d5deb59a/prints/pp2/W5063311.webp
Матовые цветные чехлы для печати,Samsung Galaxy S23 FE 5G,A:506334,W5063341,ПП2,1185744627,1,https://s3.twcstorage.ru/35ffc2ef-1e09-463d-a2c4-c183d5deb59a/prints/pp2/W5063341.webp
Силиконовые чехлы,Samsung Galaxy S23 FE 5G,A:506335,W506335,ПП2,1186187371,15,https://s3.twcstorage.ru/35ffc2ef-1e09-463d-a2c4-c183d5deb59a/prints/pp2/W5063351.webp
Силиконовые чехлы,Samsung Galaxy S23 FE 5G,A:506336,W506336,ПП2,1186195157,14,https://s3.twcstorage.ru/35ffc2ef-1e09-463d-a2c4-c183d5deb59a/prints/pp2/W5063361.webp
Матовые цветные чехлы для печати,Samsung Galaxy S23 FE 5G,A:506345,W5063451,ПП2,1185490970,27,https://s3.twcstorage.ru/35ffc2ef-1e09-463d-a2c4-c183d5deb59a/prints/pp2/W5063451.webp
Силиконовые чехлы,Samsung Galaxy S23 FE 5G,A:506350,W506350,ПП2,1186319264,45,https://s3.twcstorage.ru/35ffc2ef-1e09-463d-a2c4-c183d5deb59a/prints/pp2/W5063501.webp
Силиконовые чехлы,Samsung Galaxy S23 FE 5G,A:506363,W506363,ПП2,1186427375,67,https://s3.twcstorage.ru/35ffc2ef-1e09-463d-a2c4-c183d5deb59a/prints/pp2/W506363.webp
Матовые цветные чехлы для печати,Samsung Galaxy S23 FE 5G,A:506372,W506372,ПП2,1185767545,9,https://s3.twcstorage.ru/35ffc2ef-1e09-463d-a2c4-c183d5deb59a/prints/pp2/W506372.webp
Белые софт-тач,Samsung Galaxy S23 FE 5G,A:506373,W506373,ПП2,1163952182,11,https://s3.twcstorage.ru/35ffc2ef-1e09-463d-a2c4-c183d5deb59a/prints/pp2/W506373.webp
Белые софт-тач,Samsung Galaxy S23 FE 5G,A:506379,W506379,ПП2,1164076361,42,https://s3.twcstorage.ru/35ffc2ef-1e09-463d-a2c4-c183d5deb59a/prints/pp2/W506379.webp
Белые софт-тач,Samsung Galaxy S23 Plus 5G,A:501951,W501951,ПП2,930920613,7,https://s3.twcstorage.ru/35ffc2ef-1e09-463d-a2c4-c183d5deb59a/prints/pp2/W501951.webp
Белые софт-тач,Samsung Galaxy S23 Plus 5G,A:501953,W501953,ПП2,930925460,6,https://s3.twcstorage.ru/35ffc2ef-1e09-463d-a2c4-c183d5deb59a/prints/pp2/W501953.webp
Силиконовые чехлы,Samsung Galaxy S23 Plus 5G,A:501955,C501955,ПП2,727207638,61,https://s3.twcstorage.ru/35ffc2ef-1e09-463d-a2c4-c183d5deb59a/prints/pp2/W501955.webp
Силиконовые чехлы,Samsung Galaxy S23 Plus 5G,A:501978,Q501978,ПП2,727218779,2,https://s3.twcstorage.ru/35ffc2ef-1e09-463d-a2c4-c183d5deb59a/prints/pp2/Q5019781.webp
Силиконовые чехлы,Samsung Galaxy S23 Plus 5G,A:501980,Q501980,ПП2,727208525,4,https://s3.twcstorage.ru/35ffc2ef-1e09-463d-a2c4-c183d5deb59a/prints/pp2/Q5019801.webp
Силиконовые чехлы,Samsung Galaxy S23 Plus 5G,A:501992,Q501992,ПП2,727032658,129,https://s3.twcstorage.ru/35ffc2ef-1e09-463d-a2c4-c183d5deb59a/prints/pp2/Q501992.webp
Силиконовые чехлы,Samsung Galaxy S23 Plus 5G,A:502014,W502014,ПП2,727020389,7,https://s3.twcstorage.ru/35ffc2ef-1e09-463d-a2c4-c183d5deb59a/prints/pp2/W502014.webp
Силиконовые чехлы,Samsung Galaxy S23 Plus 5G,A:502032,W502032,ПП2,727775330,25,https://s3.twcstorage.ru/35ffc2ef-1e09-463d-a2c4-c183d5deb59a/prints/pp2/W502032.webp
Силиконовые чехлы,Samsung Galaxy S23 Plus 5G,A:502037,W502037,ПП2,727059959,38,https://s3.twcstorage.ru/35ffc2ef-1e09-463d-a2c4-c183d5deb59a/prints/pp2/W502037.webp
Белые софт-тач,Samsung Galaxy S23 Plus 5G,A:502053,W502053,ПП2,931008995,1,https://s3.twcstorage.ru/35ffc2ef-1e09-463d-a2c4-c183d5deb59a/prints/pp2/W502053.webp
Белые софт-тач,Samsung Galaxy S23 Plus 5G,A:502065,W502065,ПП2,931032912,23,https://s3.twcstorage.ru/35ffc2ef-1e09-463d-a2c4-c183d5deb59a/prints/pp2/W502065.webp
Белые софт-тач,Samsung Galaxy S23 Plus 5G,A:502067,W502067,ПП2,930889807,63,https://s3.twcstorage.ru/35ffc2ef-1e09-463d-a2c4-c183d5deb59a/prints/pp2/W5020671.webp
Силиконовые чехлы,Samsung Galaxy S23 Plus 5G,A:506329,W506329,ПП2,1186083600,24,https://s3.twcstorage.ru/35ffc2ef-1e09-463d-a2c4-c183d5deb59a/prints/pp2/W5063291.webp
Силиконовые чехлы,Samsung Galaxy S23 Plus 5G,A:506330,W506330,ПП2,1186103839,17,https://s3.twcstorage.ru/35ffc2ef-1e09-463d-a2c4-c183d5deb59a/prints/pp2/W5063301.webp
Силиконовые чехлы,Samsung Galaxy S23 Plus 5G,A:506331,W506331,ПП2,1186126003,9,https://s3.twcstorage.ru/35ffc2ef-1e09-463d-a2c4-c183d5deb59a/prints/pp2/W5063311.webp
Силиконовые чехлы,Samsung Galaxy S23 Plus 5G,A:506332,W506332,ПП2,1186143582,3,https://s3.twcstorage.ru/35ffc2ef-1e09-463d-a2c4-c183d5deb59a/prints/pp2/W5063321.webp
Силиконовые чехлы,Samsung Galaxy S23 Plus 5G,A:506334,W506334,ПП2,1186170616,12,https://s3.twcstorage.ru/35ffc2ef-1e09-463d-a2c4-c183d5deb59a/prints/pp2/W5063341.webp
Силиконовые чехлы,Samsung Galaxy S23 Plus 5G,A:506338,W506338,ПП2,1186221099,56,https://s3.twcstorage.ru/35ffc2ef-1e09-463d-a2c4-c183d5deb59a/prints/pp2/W5063381.webp
Силиконовые чехлы,Samsung Galaxy S23 Plus 5G,A:506339,W506339,ПП2,1186231125,13,https://s3.twcstorage.ru/35ffc2ef-1e09-463d-a2c4-c183d5deb59a/prints/pp2/W5063391.webp
Силиконовые чехлы,Samsung Galaxy S23 Plus 5G,A:506373,W506373,ПП2,1186500362,6,https://s3.twcstorage.ru/35ffc2ef-1e09-463d-a2c4-c183d5deb59a/prints/pp2/W506373.webp
Силиконовые чехлы,Samsung Galaxy S23 Plus 5G,A:506374,W506374,ПП2,1186508161,10,https://s3.twcstorage.ru/35ffc2ef-1e09-463d-a2c4-c183d5deb59a/prints/pp2/W506374.webp
Силиконовые чехлы,Samsung Galaxy S23 Plus 5G,A:506378,W506378,ПП2,1186536826,22,https://s3.twcstorage.ru/35ffc2ef-1e09-463d-a2c4-c183d5deb59a/prints/pp2/W506378.webp
Силиконовые чехлы,Samsung Galaxy S23 Plus 5G,A:506380,W506380,ПП2,1186551799,76,https://s3.twcstorage.ru/35ffc2ef-1e09-463d-a2c4-c183d5deb59a/prints/pp2/W506380.webp
Силиконовые чехлы,Samsung Galaxy S23 Ultra 5G,A:501927,C501927,ПП2,727095903,114,https://s3.twcstorage.ru/35ffc2ef-1e09-463d-a2c4-c183d5deb59a/prints/pp2/W501927.webp
Силиконовые чехлы,Samsung Galaxy S23 Ultra 5G,A:501928,C501928,ПП2,727103110,115,https://s3.twcstorage.ru/35ffc2ef-1e09-463d-a2c4-c183d5deb59a/prints/pp2/W501928.webp
Чёрные софт-тач,Samsung Galaxy S23 Ultra 5G,A:501934,S501934,ПП2,727089994,1000000,https://s3.twcstorage.ru/35ffc2ef-1e09-463d-a2c4-c183d5deb59a/prints/pp2/W501934.webp
Силиконовые чехлы,Samsung Galaxy S23 Ultra 5G,A:501937,C501937,ПП2,727185420,116,https://s3.twcstorage.ru/35ffc2ef-1e09-463d-a2c4-c183d5deb59a/prints/pp2/W501937.webp
Чёрные софт-тач,Samsung Galaxy S23 Ultra 5G,A:501938,S501938,ПП2,727158104,1000000,https://s3.twcstorage.ru/35ffc2ef-1e09-463d-a2c4-c183d5deb59a/prints/pp2/W501938.webp
Чёрные софт-тач,Samsung Galaxy S23 Ultra 5G,A:501943,S501943,ПП2,727103889,6,https://s3.twcstorage.ru/35ffc2ef-1e09-463d-a2c4-c183d5deb59a/prints/pp2/S501943.webp
Чёрные софт-тач,Samsung Galaxy S23 Ultra 5G,A:501946,S501946,ПП2,727096595,7,https://s3.twcstorage.ru/35ffc2ef-1e09-463d-a2c4-c183d5deb59a/prints/pp2/W501946.webp
Объемные матовые чехлы коричневые,Samsung Galaxy S23 Ultra 5G,A:501947,W501947,ПП2,1156364948,11,https://s3.twcstorage.ru/35ffc2ef-1e09-463d-a2c4-c183d5deb59a/prints/pp2/W501947.webp
Чёрные софт-тач,Samsung Galaxy S23 Ultra 5G,A:501949,S501949,ПП2,727153518,1,https://s3.twcstorage.ru/35ffc2ef-1e09-463d-a2c4-c183d5deb59a/prints/pp2/W501949.webp
Чёрные софт-тач,Samsung Galaxy S23 Ultra 5G,A:501951,S501951,ПП2,727137231,5,https://s3.twcstorage.ru/35ffc2ef-1e09-463d-a2c4-c183d5deb59a/prints/pp2/W501951.webp
Чёрные софт-тач,Samsung Galaxy S23 Ultra 5G,A:501952,S501952,ПП2,727107998,1000000,https://s3.twcstorage.ru/35ffc2ef-1e09-463d-a2c4-c183d5deb59a/prints/pp2/W501952.webp
Чёрные софт-тач,Samsung Galaxy S23 Ultra 5G,A:501957,S501957,ПП2,727125027,3,https://s3.twcstorage.ru/35ffc2ef-1e09-463d-a2c4-c183d5deb59a/prints/pp2/W501957.webp
Чёрные софт-тач,Samsung Galaxy S23 Ultra 5G,A:501958,S501958,ПП2,727128677,14,https://s3.twcstorage.ru/35ffc2ef-1e09-463d-a2c4-c183d5deb59a/prints/pp2/W501958.webp
Силиконовые чехлы,Samsung Galaxy S23 Ultra 5G,A:501960,C501960,ПП2,727209597,41,https://s3.twcstorage.ru/35ffc2ef-1e09-463d-a2c4-c183d5deb59a/prints/pp2/W501960.webp
Белые софт-тач,Samsung Galaxy S23 Ultra 5G,A:501962,W501962,ПП2,726674001,13,https://s3.twcstorage.ru/35ffc2ef-1e09-463d-a2c4-c183d5deb59a/prints/pp2/W501962.webp
Силиконовые чехлы,Samsung Galaxy S23 Ultra 5G,A:501978,Q501978,ПП2,727218561,2,https://s3.twcstorage.ru/35ffc2ef-1e09-463d-a2c4-c183d5deb59a/prints/pp2/Q5019781.webp
Силиконовые чехлы,Samsung Galaxy S23 Ultra 5G,A:501980,Q501980,ПП2,727175537,4,https://s3.twcstorage.ru/35ffc2ef-1e09-463d-a2c4-c183d5deb59a/prints/pp2/Q5019801.webp
Силиконовые чехлы,Samsung Galaxy S23 Ultra 5G,A:501988,Q501988,ПП2,727514694,128,https://s3.twcstorage.ru/35ffc2ef-1e09-463d-a2c4-c183d5deb59a/prints/pp2/Y501988.webp
Силиконовые чехлы,Samsung Galaxy S23 Ultra 5G,A:501993,Q501993,ПП2,727180311,37,https://s3.twcstorage.ru/35ffc2ef-1e09-463d-a2c4-c183d5deb59a/prints/pp2/Q5019931.webp
Чехол с вкладышем,Samsung Galaxy S23 Ultra 5G,A:501997,W501997,ПП2,994626213,1000000,https://s3.twcstorage.ru/35ffc2ef-1e09-463d-a2c4-c183d5deb59a/prints/pp2/Y501997.webp
Чехол с вкладышем,Samsung Galaxy S23 Ultra 5G,A:502007,W502007,ПП2,994626441,1000000,https://s3.twcstorage.ru/35ffc2ef-1e09-463d-a2c4-c183d5deb59a/prints/pp2/W502007.webp
Белые софт-тач,Samsung Galaxy S23 Ultra 5G,A:502008,W502008,ПП2,726647165,57,https://s3.twcstorage.ru/35ffc2ef-1e09-463d-a2c4-c183d5deb59a/prints/pp2/W502008.webp
Матовые цветные чехлы для печати,Samsung Galaxy S23 Ultra 5G,A:502009,W502009,ПП2,1139995386,22,https://s3.twcstorage.ru/35ffc2ef-1e09-463d-a2c4-c183d5deb59a/prints/pp2/W502009.webp
Объемные матовые чехлы коричневые,Samsung Galaxy S23 Ultra 5G,A:502010,W502010,ПП2,1156616803,30,https://s3.twcstorage.ru/35ffc2ef-1e09-463d-a2c4-c183d5deb59a/prints/pp2/W502010.webp
Белые софт-тач,Samsung Galaxy S23 Ultra 5G,A:502014,W502014,ПП2,726648267,15,https://s3.twcstorage.ru/35ffc2ef-1e09-463d-a2c4-c183d5deb59a/prints/pp2/W502014.webp
Белые софт-тач,Samsung Galaxy S23 Ultra 5G,A:502016,W502016,ПП2,726632826,1000000,https://s3.twcstorage.ru/35ffc2ef-1e09-463d-a2c4-c183d5deb59a/prints/pp2/W502016.webp
Чехол с вкладышем,Samsung Galaxy S23 Ultra 5G,A:502019,W502019,ПП2,994627356,1000000,https://s3.twcstorage.ru/35ffc2ef-1e09-463d-a2c4-c183d5deb59a/prints/pp2/W502019.webp
Матовые цветные чехлы для печати,Samsung Galaxy S23 Ultra 5G,A:502024,W502024,ПП2,1153257329,57,https://s3.twcstorage.ru/35ffc2ef-1e09-463d-a2c4-c183d5deb59a/prints/pp2/W502024.webp
Чехол с вкладышем,Samsung Galaxy S23 Ultra 5G,A:502029,W502029,ПП2,994627453,1000000,https://s3.twcstorage.ru/35ffc2ef-1e09-463d-a2c4-c183d5deb59a/prints/pp2/W502029.webp
Белые софт-тач,Samsung Galaxy S23 Ultra 5G,A:502031,W502031,ПП2,726579890,58,https://s3.twcstorage.ru/35ffc2ef-1e09-463d-a2c4-c183d5deb59a/prints/pp2/W502031.webp
Чехол с вкладышем,Samsung Galaxy S23 Ultra 5G,A:502032,W502032,ПП2,994627469,1000000,https://s3.twcstorage.ru/35ffc2ef-1e09-463d-a2c4-c183d5deb59a/prints/pp2/W502032.webp
Объемные матовые чехлы черные,Samsung Galaxy S23 Ultra 5G,A:502035,W502035,ПП2,1157540970,20,https://s3.twcstorage.ru/35ffc2ef-1e09-463d-a2c4-c183d5deb59a/prints/pp2/W502035.webp
Белые софт-тач,Samsung Galaxy S23 Ultra 5G,A:502037,W502037,ПП2,726565870,45,https://s3.twcstorage.ru/35ffc2ef-1e09-463d-a2c4-c183d5deb59a/prints/pp2/W502037.webp
Белые софт-тач,Samsung Galaxy S23 Ultra 5G,A:502044,W502044,ПП2,726624255,61,https://s3.twcstorage.ru/35ffc2ef-1e09-463d-a2c4-c183d5deb59a/prints/pp2/W502044.webp
Белые софт-тач,Samsung Galaxy S23 Ultra 5G,A:502048,W502048,ПП2,726573938,21,https://s3.twcstorage.ru/35ffc2ef-1e09-463d-a2c4-c183d5deb59a/prints/pp2/Y502048.webp
Белые софт-тач,Samsung Galaxy S23 Ultra 5G,A:502049,W502049,ПП2,726566995,46,https://s3.twcstorage.ru/35ffc2ef-1e09-463d-a2c4-c183d5deb59a/prints/pp2/Y502049.webp
Белые софт-тач,Samsung Galaxy S23 Ultra 5G,A:502052,W502052,ПП2,726643127,2,https://s3.twcstorage.ru/35ffc2ef-1e09-463d-a2c4-c183d5deb59a/prints/pp2/W502052.webp
Белые софт-тач,Samsung Galaxy S23 Ultra 5G,A:502053,W502053,ПП2,726640886,1,https://s3.twcstorage.ru/35ffc2ef-1e09-463d-a2c4-c183d5deb59a/prints/pp2/W502053.webp
Белые софт-тач,Samsung Galaxy S23 Ultra 5G,A:502057,W502057,ПП2,726578536,26,https://s3.twcstorage.ru/35ffc2ef-1e09-463d-a2c4-c183d5deb59a/prints/pp2/W502057.webp
Матовые цветные чехлы для печати,Samsung Galaxy S23 Ultra 5G,A:502059,W502059,ПП2,1152997150,75,https://s3.twcstorage.ru/35ffc2ef-1e09-463d-a2c4-c183d5deb59a/prints/pp2/W502059.webp
Белые софт-тач,Samsung Galaxy S23 Ultra 5G,A:502066,W502066,ПП2,726663579,75,https://s3.twcstorage.ru/35ffc2ef-1e09-463d-a2c4-c183d5deb59a/prints/pp2/W502066.webp
Чехол с вкладышем,Samsung Galaxy S23 Ultra 5G,A:502067,W502067,ПП2,994628193,1000000,https://s3.twcstorage.ru/35ffc2ef-1e09-463d-a2c4-c183d5deb59a/prints/pp2/W5020671.webp
Матовые цветные чехлы для печати,Samsung Galaxy S23 Ultra 5G,A:502069,W502069,ПП2,1140064778,31,https://s3.twcstorage.ru/35ffc2ef-1e09-463d-a2c4-c183d5deb59a/prints/pp2/W502069.webp
Объемные матовые чехлы черные,Samsung Galaxy S23 Ultra 5G,A:506330,W5063301,ПП2,1157924212,3,https://s3.twcstorage.ru/35ffc2ef-1e09-463d-a2c4-c183d5deb59a/prints/pp2/W5063301.webp
Белые софт-тач,Samsung Galaxy S23 Ultra 5G,A:506331,W506331,ПП2,1164165280,5,https://s3.twcstorage.ru/35ffc2ef-1e09-463d-a2c4-c183d5deb59a/prints/pp2/W5063311.webp
Матовые цветные чехлы для печати,Samsung Galaxy S23 Ultra 5G,A:506332,W5063321,ПП2,1153717588,2,https://s3.twcstorage.ru/35ffc2ef-1e09-463d-a2c4-c183d5deb59a/prints/pp2/W5063321.webp
Матовые цветные чехлы для печати,Samsung Galaxy S23 Ultra 5G,A:506334,W5063341,ПП2,1153815027,1,https://s3.twcstorage.ru/35ffc2ef-1e09-463d-a2c4-c183d5deb59a/prints/pp2/W5063341.webp
Объемные матовые чехлы черные,Samsung Galaxy S23 Ultra 5G,A:506335,W5063351,ПП2,1158009947,4,https://s3.twcstorage.ru/35ffc2ef-1e09-463d-a2c4-c183d5deb59a/prints/pp2/W5063351.webp
Объемные матовые чехлы коричневые,Samsung Galaxy S23 Ultra 5G,A:506336,W5063361,ПП2,1157063701,9,https://s3.twcstorage.ru/35ffc2ef-1e09-463d-a2c4-c183d5deb59a/prints/pp2/W5063361.webp
Матовые цветные чехлы для печати,Samsung Galaxy S23 Ultra 5G,A:506337,W5063371,ПП2,1153964830,13,https://s3.twcstorage.ru/35ffc2ef-1e09-463d-a2c4-c183d5deb59a/prints/pp2/W5063371.webp
Объемные матовые чехлы черные,Samsung Galaxy S23 Ultra 5G,A:506339,W5063391,ПП2,1158074411,28,https://s3.twcstorage.ru/35ffc2ef-1e09-463d-a2c4-c183d5deb59a/prints/pp2/W5063391.webp
Матовые цветные чехлы для печати,Samsung Galaxy S23 Ultra 5G,A:506340,W5063401,ПП2,1154120308,4,https://s3.twcstorage.ru/35ffc2ef-1e09-463d-a2c4-c183d5deb59a/prints/pp2/W5063401.webp
Силиконовые чехлы,Samsung Galaxy S23 Ultra 5G,A:506372,W506372,ПП2,1186490685,16,https://s3.twcstorage.ru/35ffc2ef-1e09-463d-a2c4-c183d5deb59a/prints/pp2/W506372.webp
Силиконовые чехлы,Samsung Galaxy S23 Ultra 5G,A:506374,W506374,ПП2,1186506835,10,https://s3.twcstorage.ru/35ffc2ef-1e09-463d-a2c4-c183d5deb59a/prints/pp2/W506374.webp
Матовые цветные чехлы для печати,Samsung Galaxy S23 Ultra 5G,A:506379,W506379,ПП2,1152421146,24,https://s3.twcstorage.ru/35ffc2ef-1e09-463d-a2c4-c183d5deb59a/prints/pp2/W506379.webp
Силиконовые чехлы,Samsung Galaxy S23 Ultra 5G,A:506380,W506380,ПП2,1186550806,76,https://s3.twcstorage.ru/35ffc2ef-1e09-463d-a2c4-c183d5deb59a/prints/pp2/W506380.webp
Белые софт-тач,Samsung Galaxy S23 Ultra 5G,A:506381,W506381,ПП2,1164109391,64,https://s3.twcstorage.ru/35ffc2ef-1e09-463d-a2c4-c183d5deb59a/prints/pp2/W506381.webp
Силиконовые чехлы,Samsung Galaxy S23 Ultra 5G,A:506383,Q506383,ПП2,1186033597,32,https://s3.twcstorage.ru/35ffc2ef-1e09-463d-a2c4-c183d5deb59a/prints/pp2/Q5063831.webp
Объемные матовые чехлы коричневые,Samsung Galaxy S23 Ultra 5G,A:506384,Q506384,ПП2,1156696777,16,https://s3.twcstorage.ru/35ffc2ef-1e09-463d-a2c4-c183d5deb59a/prints/pp2/Q5063841.webp
Силиконовые чехлы,Samsung Galaxy S24,A:501946,C501946,ПП2,727077578,121,https://s3.twcstorage.ru/35ffc2ef-1e09-463d-a2c4-c183d5deb59a/prints/pp2/W501946.webp
Чехол с вкладышем,Samsung Galaxy S24,A:501947,W501947,ПП2,994630823,1000000,https://s3.twcstorage.ru/35ffc2ef-1e09-463d-a2c4-c183d5deb59a/prints/pp2/W501947.webp
Белые софт-тач,Samsung Galaxy S24,A:501951,W501951,ПП2,930919191,7,https://s3.twcstorage.ru/35ffc2ef-1e09-463d-a2c4-c183d5deb59a/prints/pp2/W501951.webp
Силиконовые чехлы,Samsung Galaxy S24,A:501960,C501960,ПП2,727208813,41,https://s3.twcstorage.ru/35ffc2ef-1e09-463d-a2c4-c183d5deb59a/prints/pp2/W501960.webp
Силиконовые чехлы,Samsung Galaxy S24,A:501963,Q501963,ПП2,726945961,77,https://s3.twcstorage.ru/35ffc2ef-1e09-463d-a2c4-c183d5deb59a/prints/pp2/Q5019631.webp
Силиконовые чехлы,Samsung Galaxy S24,A:501978,Q501978,ПП2,727217514,2,https://s3.twcstorage.ru/35ffc2ef-1e09-463d-a2c4-c183d5deb59a/prints/pp2/Q5019781.webp
Силиконовые чехлы,Samsung Galaxy S24,A:501979,Q501979,ПП2,727779619,48,https://s3.twcstorage.ru/35ffc2ef-1e09-463d-a2c4-c183d5deb59a/prints/pp2/Q5019791.webp
Стеклянные чехлы,Samsung Galaxy S24,A:501980,Q5019801,ПП2,933510103,2,https://s3.twcstorage.ru/35ffc2ef-1e09-463d-a2c4-c183d5deb59a/prints/pp2/Q5019801.webp
Силиконовые чехлы,Samsung Galaxy S24,A:501982,Q501982,ПП2,727552052,1000000,https://s3.twcstorage.ru/35ffc2ef-1e09-463d-a2c4-c183d5deb59a/prints/pp2/Y501982.webp
Силиконовые чехлы,Samsung Galaxy S24,A:501988,Q501988,ПП2,727513692,128,https://s3.twcstorage.ru/35ffc2ef-1e09-463d-a2c4-c183d5deb59a/prints/pp2/Y501988.webp
Силиконовые чехлы,Samsung Galaxy S24,A:501989,Q501989,ПП2,727517337,1000000,https://s3.twcstorage.ru/35ffc2ef-1e09-463d-a2c4-c183d5deb59a/prints/pp2/Y501989.webp
Силиконовые чехлы,Samsung Galaxy S24,A:501990,Q501990,ПП2,727813262,63,https://s3.twcstorage.ru/35ffc2ef-1e09-463d-a2c4-c183d5deb59a/prints/pp2/Y501990.webp
Стеклянные чехлы,Samsung Galaxy S24,A:501993,Q5019931,ПП2,933504168,4,https://s3.twcstorage.ru/35ffc2ef-1e09-463d-a2c4-c183d5deb59a/prints/pp2/Q5019931.webp
Матовые цветные чехлы для печати,Samsung Galaxy S24,A:501997,W501997,ПП2,726810616,1000000,https://s3.twcstorage.ru/35ffc2ef-1e09-463d-a2c4-c183d5deb59a/prints/pp2/Y501997.webp
Чехол с вкладышем,Samsung Galaxy S24,A:502003,W502003,ПП2,994632194,1000000,https://s3.twcstorage.ru/35ffc2ef-1e09-463d-a2c4-c183d5deb59a/prints/pp2/W502003.webp
Матовые цветные чехлы для печати,Samsung Galaxy S24,A:502007,W502007,ПП2,726849698,67,https://s3.twcstorage.ru/35ffc2ef-1e09-463d-a2c4-c183d5deb59a/prints/pp2/W502007.webp
Матовые цветные чехлы для печати,Samsung Galaxy S24,A:502008,W502008,ПП2,726739968,43,https://s3.twcstorage.ru/35ffc2ef-1e09-463d-a2c4-c183d5deb59a/prints/pp2/W502008.webp
Матовые цветные чехлы для печати,Samsung Galaxy S24,A:502009,W502009,ПП2,726742432,22,https://s3.twcstorage.ru/35ffc2ef-1e09-463d-a2c4-c183d5deb59a/prints/pp2/W502009.webp
Чехол с вкладышем,Samsung Galaxy S24,A:502010,W502010,ПП2,994738291,1000000,https://s3.twcstorage.ru/35ffc2ef-1e09-463d-a2c4-c183d5deb59a/prints/pp2/W502010.webp
Чехол с вкладышем,Samsung Galaxy S24,A:502012,W502012,ПП2,994738661,1000000,https://s3.twcstorage.ru/35ffc2ef-1e09-463d-a2c4-c183d5deb59a/prints/pp2/W502012.webp
Матовые цветные чехлы для печати,Samsung Galaxy S24,A:502014,W502014,ПП2,726749988,18,https://s3.twcstorage.ru/35ffc2ef-1e09-463d-a2c4-c183d5deb59a/prints/pp2/W502014.webp
Матовые цветные чехлы для печати,Samsung Galaxy S24,A:502023,W502023,ПП2,726867273,56,https://s3.twcstorage.ru/35ffc2ef-1e09-463d-a2c4-c183d5deb59a/prints/pp2/W502023.webp
Матовые цветные чехлы для печати,Samsung Galaxy S24,A:502025,W502025,ПП2,726875928,34,https://s3.twcstorage.ru/35ffc2ef-1e09-463d-a2c4-c183d5deb59a/prints/pp2/W502025.webp
Чехол с вкладышем,Samsung Galaxy S24,A:502026,W502026,ПП2,994633820,1000000,https://s3.twcstorage.ru/35ffc2ef-1e09-463d-a2c4-c183d5deb59a/prints/pp2/W502026.webp
Матовые цветные чехлы для печати,Samsung Galaxy S24,A:502027,W502027,ПП2,726880239,1000000,https://s3.twcstorage.ru/35ffc2ef-1e09-463d-a2c4-c183d5deb59a/prints/pp2/W502027.webp
Матовые цветные чехлы для печати,Samsung Galaxy S24,A:502029,W502029,ПП2,726883839,30,https://s3.twcstorage.ru/35ffc2ef-1e09-463d-a2c4-c183d5deb59a/prints/pp2/W502029.webp
Матовые цветные чехлы для печати,Samsung Galaxy S24,A:502030,W502030,ПП2,726856785,20,https://s3.twcstorage.ru/35ffc2ef-1e09-463d-a2c4-c183d5deb59a/prints/pp2/W502030.webp
Чехол с вкладышем,Samsung Galaxy S24,A:502032,W502032,ПП2,994633979,1000000,https://s3.twcstorage.ru/35ffc2ef-1e09-463d-a2c4-c183d5deb59a/prints/pp2/W502032.webp
Матовые цветные чехлы для печати,Samsung Galaxy S24,A:502033,W502033,ПП2,726862596,70,https://s3.twcstorage.ru/35ffc2ef-1e09-463d-a2c4-c183d5deb59a/prints/pp2/W502033.webp
Матовые цветные чехлы для печати,Samsung Galaxy S24,A:502035,W502035,ПП2,726756517,50,https://s3.twcstorage.ru/35ffc2ef-1e09-463d-a2c4-c183d5deb59a/prints/pp2/W502035.webp
Чехол с вкладышем,Samsung Galaxy S24,A:502037,W502037,ПП2,994634371,1000000,https://s3.twcstorage.ru/35ffc2ef-1e09-463d-a2c4-c183d5deb59a/prints/pp2/W502037.webp
Чехол с вкладышем,Samsung Galaxy S24,A:502044,W502044,ПП2,994738323,1000000,https://s3.twcstorage.ru/35ffc2ef-1e09-463d-a2c4-c183d5deb59a/prints/pp2/W502044.webp
Чехол с вкладышем,Samsung Galaxy S24,A:502047,W502047,ПП2,994635341,1000000,https://s3.twcstorage.ru/35ffc2ef-1e09-463d-a2c4-c183d5deb59a/prints/pp2/W502047.webp
Чехол с вкладышем,Samsung Galaxy S24,A:502048,W502048,ПП2,994635872,1000000,https://s3.twcstorage.ru/35ffc2ef-1e09-463d-a2c4-c183d5deb59a/prints/pp2/Y502048.webp
Чехол с вкладышем,Samsung Galaxy S24,A:502054,W502054,ПП2,994635960,1000000,https://s3.twcstorage.ru/35ffc2ef-1e09-463d-a2c4-c183d5deb59a/prints/pp2/W502054.webp
Матовые цветные чехлы для печати,Samsung Galaxy S24,A:502057,W502057,ПП2,726775372,74,https://s3.twcstorage.ru/35ffc2ef-1e09-463d-a2c4-c183d5deb59a/prints/pp2/W502057.webp
Чехол с вкладышем,Samsung Galaxy S24,A:502065,W502065,ПП2,994636429,1000000,https://s3.twcstorage.ru/35ffc2ef-1e09-463d-a2c4-c183d5deb59a/prints/pp2/W502065.webp
Матовые цветные чехлы для печати,Samsung Galaxy S24,A:502066,W502066,ПП2,726795108,1000000,https://s3.twcstorage.ru/35ffc2ef-1e09-463d-a2c4-c183d5deb59a/prints/pp2/W502066.webp
Чехол с вкладышем,Samsung Galaxy S24,A:502067,W502067,ПП2,994636471,1000000,https://s3.twcstorage.ru/35ffc2ef-1e09-463d-a2c4-c183d5deb59a/prints/pp2/W5020671.webp
Силиконовые чехлы,Samsung Galaxy S24,A:506332,W506332,ПП2,1186131014,3,https://s3.twcstorage.ru/35ffc2ef-1e09-463d-a2c4-c183d5deb59a/prints/pp2/W5063321.webp
Силиконовые чехлы,Samsung Galaxy S24,A:506333,W506333,ПП2,1186147016,50,https://s3.twcstorage.ru/35ffc2ef-1e09-463d-a2c4-c183d5deb59a/prints/pp2/W5063331.webp
Матовые цветные чехлы для печати,Samsung Galaxy S24,A:506334,W5063341,ПП2,1189270036,1,https://s3.twcstorage.ru/35ffc2ef-1e09-463d-a2c4-c183d5deb59a/prints/pp2/W5063341.webp
Матовые цветные чехлы для печати,Samsung Galaxy S24,A:506339,W5063391,ПП2,1185498707,8,https://s3.twcstorage.ru/35ffc2ef-1e09-463d-a2c4-c183d5deb59a/prints/pp2/W5063391.webp
Матовые цветные чехлы для печати,Samsung Galaxy S24,A:506340,W5063401,ПП2,1185691330,4,https://s3.twcstorage.ru/35ffc2ef-1e09-463d-a2c4-c183d5deb59a/prints/pp2/W5063401.webp
Силиконовые чехлы,Samsung Galaxy S24,A:506348,W506348,ПП2,1186300229,83,https://s3.twcstorage.ru/35ffc2ef-1e09-463d-a2c4-c183d5deb59a/prints/pp2/W506348.webp
Силиконовые чехлы,Samsung Galaxy S24,A:506360,W506360,ПП2,1186397212,59,https://s3.twcstorage.ru/35ffc2ef-1e09-463d-a2c4-c183d5deb59a/prints/pp2/W5063601.webp
Силиконовые чехлы,Samsung Galaxy S24,A:506361,W506361,ПП2,1186404987,30,https://s3.twcstorage.ru/35ffc2ef-1e09-463d-a2c4-c183d5deb59a/prints/pp2/W506361.webp
Матовые цветные чехлы для печати,Samsung Galaxy S24,A:506372,W506372,ПП2,1185462445,9,https://s3.twcstorage.ru/35ffc2ef-1e09-463d-a2c4-c183d5deb59a/prints/pp2/W506372.webp
Матовые цветные чехлы для печати,Samsung Galaxy S24,A:506375,W506375,ПП2,1185775218,45,https://s3.twcstorage.ru/35ffc2ef-1e09-463d-a2c4-c183d5deb59a/prints/pp2/W506375.webp
Матовые цветные чехлы для печати,Samsung Galaxy S24,A:506380,W506380,ПП2,1185667892,46,https://s3.twcstorage.ru/35ffc2ef-1e09-463d-a2c4-c183d5deb59a/prints/pp2/W506380.webp
Белые софт-тач,Samsung Galaxy S24 FE 5G,A:501940,W501940,ПП2,726671262,51,https://s3.twcstorage.ru/35ffc2ef-1e09-463d-a2c4-c183d5deb59a/prints/pp2/W501940.webp
Силиконовые чехлы,Samsung Galaxy S24 FE 5G,A:501949,C501949,ПП2,726906412,19,https://s3.twcstorage.ru/35ffc2ef-1e09-463d-a2c4-c183d5deb59a/prints/pp2/W501949.webp
Силиконовые чехлы,Samsung Galaxy S24 FE 5G,A:501951,C501951,ПП2,727816880,20,https://s3.twcstorage.ru/35ffc2ef-1e09-463d-a2c4-c183d5deb59a/prints/pp2/W501951.webp
Чехол с вкладышем,Samsung Galaxy S24 FE 5G,A:501955,W501955,ПП2,994497480,1000000,https://s3.twcstorage.ru/35ffc2ef-1e09-463d-a2c4-c183d5deb59a/prints/pp2/W501955.webp
Белые софт-тач,Samsung Galaxy S24 FE 5G,A:501960,W501960,ПП2,726675167,38,https://s3.twcstorage.ru/35ffc2ef-1e09-463d-a2c4-c183d5deb59a/prints/pp2/W501960.webp
Белые софт-тач,Samsung Galaxy S24 FE 5G,A:501961,W501961,ПП2,726676281,12,https://s3.twcstorage.ru/35ffc2ef-1e09-463d-a2c4-c183d5deb59a/prints/pp2/W501961.webp
Объемные матовые чехлы коричневые,Samsung Galaxy S24 FE 5G,A:501976,Q501976,ПП2,1156117379,25,https://s3.twcstorage.ru/35ffc2ef-1e09-463d-a2c4-c183d5deb59a/prints/pp2/Q501976.webp
Силиконовые чехлы,Samsung Galaxy S24 FE 5G,A:501978,Q501978,ПП2,727217594,2,https://s3.twcstorage.ru/35ffc2ef-1e09-463d-a2c4-c183d5deb59a/prints/pp2/Q5019781.webp
Стеклянные чехлы,Samsung Galaxy S24 FE 5G,A:501980,Q5019801,ПП2,933510685,2,https://s3.twcstorage.ru/35ffc2ef-1e09-463d-a2c4-c183d5deb59a/prints/pp2/Q5019801.webp
Объемные матовые чехлы бордовые,Samsung Galaxy S24 FE 5G,A:501993,Q501993,ПП2,1153029021,19,https://s3.twcstorage.ru/35ffc2ef-1e09-463d-a2c4-c183d5deb59a/prints/pp2/Q5019931.webp
Чехол с вкладышем,Samsung Galaxy S24 FE 5G,A:501997,W501997,ПП2,994498876,1000000,https://s3.twcstorage.ru/35ffc2ef-1e09-463d-a2c4-c183d5deb59a/prints/pp2/Y501997.webp
Объемные матовые чехлы черные,Samsung Galaxy S24 FE 5G,A:502003,W502003,ПП2,1157569029,13,https://s3.twcstorage.ru/35ffc2ef-1e09-463d-a2c4-c183d5deb59a/prints/pp2/W502003.webp
Объемные матовые чехлы черные,Samsung Galaxy S24 FE 5G,A:502006,W502006,ПП2,1157623385,35,https://s3.twcstorage.ru/35ffc2ef-1e09-463d-a2c4-c183d5deb59a/prints/pp2/W502006.webp
Объемные матовые чехлы черные,Samsung Galaxy S24 FE 5G,A:502010,W502010,ПП2,1157739665,31,https://s3.twcstorage.ru/35ffc2ef-1e09-463d-a2c4-c183d5deb59a/prints/pp2/W502010.webp
Чехол с вкладышем,Samsung Galaxy S24 FE 5G,A:502012,W502012,ПП2,994499275,1000000,https://s3.twcstorage.ru/35ffc2ef-1e09-463d-a2c4-c183d5deb59a/prints/pp2/W502012.webp
Матовые цветные чехлы для печати,Samsung Galaxy S24 FE 5G,A:502014,W502014,ПП2,726750011,18,https://s3.twcstorage.ru/35ffc2ef-1e09-463d-a2c4-c183d5deb59a/prints/pp2/W502014.webp
Чехол с вкладышем,Samsung Galaxy S24 FE 5G,A:502020,W502020,ПП2,994500542,1000000,https://s3.twcstorage.ru/35ffc2ef-1e09-463d-a2c4-c183d5deb59a/prints/pp2/W502020.webp
Матовые цветные чехлы для печати,Samsung Galaxy S24 FE 5G,A:502025,W502025,ПП2,726875950,34,https://s3.twcstorage.ru/35ffc2ef-1e09-463d-a2c4-c183d5deb59a/prints/pp2/W502025.webp
Матовые цветные чехлы для печати,Samsung Galaxy S24 FE 5G,A:502030,W502030,ПП2,726856804,20,https://s3.twcstorage.ru/35ffc2ef-1e09-463d-a2c4-c183d5deb59a/prints/pp2/W502030.webp
Матовые цветные чехлы для печати,Samsung Galaxy S24 FE 5G,A:502032,W502032,ПП2,726858599,40,https://s3.twcstorage.ru/35ffc2ef-1e09-463d-a2c4-c183d5deb59a/prints/pp2/W502032.webp
Матовые цветные чехлы для печати,Samsung Galaxy S24 FE 5G,A:502033,W502033,ПП2,726862619,70,https://s3.twcstorage.ru/35ffc2ef-1e09-463d-a2c4-c183d5deb59a/prints/pp2/W502033.webp
Чехол с вкладышем,Samsung Galaxy S24 FE 5G,A:502035,W502035,ПП2,994502291,1000000,https://s3.twcstorage.ru/35ffc2ef-1e09-463d-a2c4-c183d5deb59a/prints/pp2/W502035.webp
Белые софт-тач,Samsung Galaxy S24 FE 5G,A:502047,W502047,ПП2,726572610,32,https://s3.twcstorage.ru/35ffc2ef-1e09-463d-a2c4-c183d5deb59a/prints/pp2/W502047.webp
Чехол с вкладышем,Samsung Galaxy S24 FE 5G,A:502048,W502048,ПП2,994502672,1000000,https://s3.twcstorage.ru/35ffc2ef-1e09-463d-a2c4-c183d5deb59a/prints/pp2/Y502048.webp
Объемные матовые чехлы бордовые,Samsung Galaxy S24 FE 5G,A:502050,W502050,ПП2,1153630935,58,https://s3.twcstorage.ru/35ffc2ef-1e09-463d-a2c4-c183d5deb59a/prints/pp2/Y502050.webp
Белые софт-тач,Samsung Galaxy S24 FE 5G,A:502052,W502052,ПП2,726643056,2,https://s3.twcstorage.ru/35ffc2ef-1e09-463d-a2c4-c183d5deb59a/prints/pp2/W502052.webp
Белые софт-тач,Samsung Galaxy S24 FE 5G,A:502053,W502053,ПП2,726640806,1,https://s3.twcstorage.ru/35ffc2ef-1e09-463d-a2c4-c183d5deb59a/prints/pp2/W502053.webp
Объемные матовые чехлы черные,Samsung Galaxy S24 FE 5G,A:502065,W502065,ПП2,1157641773,14,https://s3.twcstorage.ru/35ffc2ef-1e09-463d-a2c4-c183d5deb59a/prints/pp2/W502065.webp
Белые софт-тач,Samsung Galaxy S24 FE 5G,A:502066,W502066,ПП2,726663451,75,https://s3.twcstorage.ru/35ffc2ef-1e09-463d-a2c4-c183d5deb59a/prints/pp2/W502066.webp
Чехол с вкладышем,Samsung Galaxy S24 FE 5G,A:502069,W502069,ПП2,994504030,1000000,https://s3.twcstorage.ru/35ffc2ef-1e09-463d-a2c4-c183d5deb59a/prints/pp2/W502069.webp
Белые софт-тач,Samsung Galaxy S24 FE 5G,A:506330,W506330,ПП2,1164146095,17,https://s3.twcstorage.ru/35ffc2ef-1e09-463d-a2c4-c183d5deb59a/prints/pp2/W5063301.webp
Белые софт-тач,Samsung Galaxy S24 FE 5G,A:506331,W506331,ПП2,1164164895,5,https://s3.twcstorage.ru/35ffc2ef-1e09-463d-a2c4-c183d5deb59a/prints/pp2/W5063311.webp
Матовые цветные чехлы для печати,Samsung Galaxy S24 FE 5G,A:506332,W5063321,ПП2,1185530353,2,https://s3.twcstorage.ru/35ffc2ef-1e09-463d-a2c4-c183d5deb59a/prints/pp2/W5063321.webp
Матовые цветные чехлы для печати,Samsung Galaxy S24 FE 5G,A:506333,W5063331,ПП2,1185810421,25,https://s3.twcstorage.ru/35ffc2ef-1e09-463d-a2c4-c183d5deb59a/prints/pp2/W5063331.webp
Матовые цветные чехлы для печати,Samsung Galaxy S24 FE 5G,A:506334,W5063341,ПП2,1185799244,1,https://s3.twcstorage.ru/35ffc2ef-1e09-463d-a2c4-c183d5deb59a/prints/pp2/W5063341.webp
Силиконовые чехлы,Samsung Galaxy S24 FE 5G,A:506336,W506336,ПП2,1186192037,14,https://s3.twcstorage.ru/35ffc2ef-1e09-463d-a2c4-c183d5deb59a/prints/pp2/W5063361.webp
Белые софт-тач,Samsung Galaxy S24 FE 5G,A:506340,W506340,ПП2,1164333079,4,https://s3.twcstorage.ru/35ffc2ef-1e09-463d-a2c4-c183d5deb59a/prints/pp2/W5063401.webp
Матовые цветные чехлы для печати,Samsung Galaxy S24 FE 5G,A:506343,W5063431,ПП2,1189273234,61,https://s3.twcstorage.ru/35ffc2ef-1e09-463d-a2c4-c183d5deb59a/prints/pp2/W5063431.webp
Матовые цветные чехлы для печати,Samsung Galaxy S24 FE 5G,A:506366,W506366,ПП2,1185733842,1000000,https://s3.twcstorage.ru/35ffc2ef-1e09-463d-a2c4-c183d5deb59a/prints/pp2/W506366.webp
Силиконовые чехлы,Samsung Galaxy S24 FE 5G,A:506370,W506370,ПП2,1186472198,95,https://s3.twcstorage.ru/35ffc2ef-1e09-463d-a2c4-c183d5deb59a/prints/pp2/W506370.webp
Матовые цветные чехлы для печати,Samsung Galaxy S24 FE 5G,A:506378,W506378,ПП2,1185753903,100,https://s3.twcstorage.ru/35ffc2ef-1e09-463d-a2c4-c183d5deb59a/prints/pp2/W506378.webp
Силиконовые чехлы,Samsung Galaxy S24 FE 5G,A:506379,W506379,ПП2,1186539957,27,https://s3.twcstorage.ru/35ffc2ef-1e09-463d-a2c4-c183d5deb59a/prints/pp2/W506379.webp
Объемные матовые чехлы черные,Samsung Galaxy S24 Plus,A:501937,W501937,ПП2,1181490428,18,https://s3.twcstorage.ru/35ffc2ef-1e09-463d-a2c4-c183d5deb59a/prints/pp2/W501937.webp
Силиконовые чехлы,Samsung Galaxy S24 Plus,A:501938,C501938,ПП2,727188472,68,https://s3.twcstorage.ru/35ffc2ef-1e09-463d-a2c4-c183d5deb59a/prints/pp2/W501938.webp
Силиконовые чехлы,Samsung Galaxy S24 Plus,A:501946,W501946,ПП2,726972014,121,https://s3.twcstorage.ru/35ffc2ef-1e09-463d-a2c4-c183d5deb59a/prints/pp2/W501946.webp
Матовые цветные чехлы для печати,Samsung Galaxy S24 Plus,A:501947,W501947,ПП2,933292437,28,https://s3.twcstorage.ru/35ffc2ef-1e09-463d-a2c4-c183d5deb59a/prints/pp2/W501947.webp
Силиконовые чехлы,Samsung Galaxy S24 Plus,A:501961,C501961,ПП2,727535531,21,https://s3.twcstorage.ru/35ffc2ef-1e09-463d-a2c4-c183d5deb59a/prints/pp2/W501961.webp
Силиконовые чехлы,Samsung Galaxy S24 Plus,A:501978,Q501978,ПП2,727218755,2,https://s3.twcstorage.ru/35ffc2ef-1e09-463d-a2c4-c183d5deb59a/prints/pp2/Q5019781.webp
Силиконовые чехлы,Samsung Galaxy S24 Plus,A:501979,Q501979,ПП2,727780069,48,https://s3.twcstorage.ru/35ffc2ef-1e09-463d-a2c4-c183d5deb59a/prints/pp2/Q5019791.webp
Стеклянные чехлы,Samsung Galaxy S24 Plus,A:501980,Q5019801,ПП2,933510610,2,https://s3.twcstorage.ru/35ffc2ef-1e09-463d-a2c4-c183d5deb59a/prints/pp2/Q5019801.webp
Матовые цветные чехлы для печати,Samsung Galaxy S24 Plus,A:502003,W502003,ПП2,933299050,38,https://s3.twcstorage.ru/35ffc2ef-1e09-463d-a2c4-c183d5deb59a/prints/pp2/W502003.webp
Матовые цветные чехлы для печати,Samsung Galaxy S24 Plus,A:502007,W502007,ПП2,933309919,67,https://s3.twcstorage.ru/35ffc2ef-1e09-463d-a2c4-c183d5deb59a/prints/pp2/W502007.webp
Силиконовые чехлы,Samsung Galaxy S24 Plus,A:502009,W502009,ПП2,727511035,8,https://s3.twcstorage.ru/35ffc2ef-1e09-463d-a2c4-c183d5deb59a/prints/pp2/W502009.webp
Силиконовые чехлы,Samsung Galaxy S24 Plus,A:502010,W502010,ПП2,727231869,1,https://s3.twcstorage.ru/35ffc2ef-1e09-463d-a2c4-c183d5deb59a/prints/pp2/W502010.webp
Матовые цветные чехлы для печати,Samsung Galaxy S24 Plus,A:502012,W502012,ПП2,933313422,6,https://s3.twcstorage.ru/35ffc2ef-1e09-463d-a2c4-c183d5deb59a/prints/pp2/W502012.webp
Силиконовые чехлы,Samsung Galaxy S24 Plus,A:502014,W502014,ПП2,727020403,7,https://s3.twcstorage.ru/35ffc2ef-1e09-463d-a2c4-c183d5deb59a/prints/pp2/W502014.webp
Матовые цветные чехлы для печати,Samsung Galaxy S24 Plus,A:502016,W502016,ПП2,933294878,39,https://s3.twcstorage.ru/35ffc2ef-1e09-463d-a2c4-c183d5deb59a/prints/pp2/W502016.webp
Силиконовые чехлы,Samsung Galaxy S24 Plus,A:502018,W502018,ПП2,727025943,89,https://s3.twcstorage.ru/35ffc2ef-1e09-463d-a2c4-c183d5deb59a/prints/pp2/W502018.webp
Силиконовые чехлы,Samsung Galaxy S24 Plus,A:502025,W502025,ПП2,727527029,65,https://s3.twcstorage.ru/35ffc2ef-1e09-463d-a2c4-c183d5deb59a/prints/pp2/W502025.webp
Матовые цветные чехлы для печати,Samsung Galaxy S24 Plus,A:502027,W502027,ПП2,933312527,1000000,https://s3.twcstorage.ru/35ffc2ef-1e09-463d-a2c4-c183d5deb59a/prints/pp2/W502027.webp
Силиконовые чехлы,Samsung Galaxy S24 Plus,A:502029,W502029,ПП2,727529073,42,https://s3.twcstorage.ru/35ffc2ef-1e09-463d-a2c4-c183d5deb59a/prints/pp2/W502029.webp
Матовые цветные чехлы для печати,Samsung Galaxy S24 Plus,A:502032,W502032,ПП2,933277193,40,https://s3.twcstorage.ru/35ffc2ef-1e09-463d-a2c4-c183d5deb59a/prints/pp2/W502032.webp
Матовые цветные чехлы для печати,Samsung Galaxy S24 Plus,A:502033,W502033,ПП2,933289417,70,https://s3.twcstorage.ru/35ffc2ef-1e09-463d-a2c4-c183d5deb59a/prints/pp2/W502033.webp
Силиконовые чехлы,Samsung Galaxy S24 Plus,A:502037,W502037,ПП2,727059478,38,https://s3.twcstorage.ru/35ffc2ef-1e09-463d-a2c4-c183d5deb59a/prints/pp2/W502037.webp
Силиконовые чехлы,Samsung Galaxy S24 Plus,A:502047,W502047,ПП2,726986953,39,https://s3.twcstorage.ru/35ffc2ef-1e09-463d-a2c4-c183d5deb59a/prints/pp2/W502047.webp
Объемные матовые чехлы бордовые,Samsung Galaxy S24 Plus,A:502052,W502052,ПП2,1153024762,16,https://s3.twcstorage.ru/35ffc2ef-1e09-463d-a2c4-c183d5deb59a/prints/pp2/W502052.webp
Силиконовые чехлы,Samsung Galaxy S24 Plus,A:502057,W502057,ПП2,727060347,142,https://s3.twcstorage.ru/35ffc2ef-1e09-463d-a2c4-c183d5deb59a/prints/pp2/W502057.webp
Объемные матовые чехлы черные,Samsung Galaxy S24 Plus,A:502065,W502065,ПП2,1181496048,14,https://s3.twcstorage.ru/35ffc2ef-1e09-463d-a2c4-c183d5deb59a/prints/pp2/W502065.webp
Силиконовые чехлы,Samsung Galaxy S24 Plus,A:502067,W502067,ПП2,727050060,1000000,https://s3.twcstorage.ru/35ffc2ef-1e09-463d-a2c4-c183d5deb59a/prints/pp2/W5020671.webp
Матовые цветные чехлы для печати,Samsung Galaxy S24 Plus,A:502069,W502069,ПП2,933312544,31,https://s3.twcstorage.ru/35ffc2ef-1e09-463d-a2c4-c183d5deb59a/prints/pp2/W502069.webp
Силиконовые чехлы,Samsung Galaxy S24 Plus,A:506329,W506329,ПП2,1186082408,24,https://s3.twcstorage.ru/35ffc2ef-1e09-463d-a2c4-c183d5deb59a/prints/pp2/W5063291.webp
Силиконовые чехлы,Samsung Galaxy S24 Plus,A:506331,W506331,ПП2,1186123564,9,https://s3.twcstorage.ru/35ffc2ef-1e09-463d-a2c4-c183d5deb59a/prints/pp2/W5063311.webp
Силиконовые чехлы,Samsung Galaxy S24 Plus,A:506332,W506332,ПП2,1186142205,3,https://s3.twcstorage.ru/35ffc2ef-1e09-463d-a2c4-c183d5deb59a/prints/pp2/W5063321.webp
Матовые цветные чехлы для печати,Samsung Galaxy S24 Plus,A:506334,W5063341,ПП2,1195452419,1,https://s3.twcstorage.ru/35ffc2ef-1e09-463d-a2c4-c183d5deb59a/prints/pp2/W5063341.webp
Силиконовые чехлы,Samsung Galaxy S24 Plus,A:506335,W506335,ПП2,1186189861,15,https://s3.twcstorage.ru/35ffc2ef-1e09-463d-a2c4-c183d5deb59a/prints/pp2/W5063351.webp
Матовые цветные чехлы для печати,Samsung Galaxy S24 Plus,A:506336,W5063361,ПП2,1185715680,15,https://s3.twcstorage.ru/35ffc2ef-1e09-463d-a2c4-c183d5deb59a/prints/pp2/W5063361.webp
Силиконовые чехлы,Samsung Galaxy S24 Plus,A:506337,W506337,ПП2,1186211027,28,https://s3.twcstorage.ru/35ffc2ef-1e09-463d-a2c4-c183d5deb59a/prints/pp2/W5063371.webp
Матовые цветные чехлы для печати,Samsung Galaxy S24 Plus,A:506339,W5063391,ПП2,1185504838,8,https://s3.twcstorage.ru/35ffc2ef-1e09-463d-a2c4-c183d5deb59a/prints/pp2/W5063391.webp
Матовые цветные чехлы для печати,Samsung Galaxy S24 Plus,A:506340,W5063401,ПП2,1185453569,4,https://s3.twcstorage.ru/35ffc2ef-1e09-463d-a2c4-c183d5deb59a/prints/pp2/W5063401.webp
Матовые цветные чехлы для печати,Samsung Galaxy S24 Plus,A:506345,W5063451,ПП2,1185788414,27,https://s3.twcstorage.ru/35ffc2ef-1e09-463d-a2c4-c183d5deb59a/prints/pp2/W5063451.webp
Силиконовые чехлы,Samsung Galaxy S24 Plus,A:506346,W506346,ПП2,1186297164,81,https://s3.twcstorage.ru/35ffc2ef-1e09-463d-a2c4-c183d5deb59a/prints/pp2/W506346.webp
Силиконовые чехлы,Samsung Galaxy S24 Plus,A:506361,W506361,ПП2,1186410283,30,https://s3.twcstorage.ru/35ffc2ef-1e09-463d-a2c4-c183d5deb59a/prints/pp2/W506361.webp
Объемные матовые чехлы коричневые,Samsung Galaxy S24 Plus,A:506363,W506363,ПП2,1156854463,38,https://s3.twcstorage.ru/35ffc2ef-1e09-463d-a2c4-c183d5deb59a/prints/pp2/W506363.webp
Объемные матовые чехлы коричневые,Samsung Galaxy S24 Plus,A:506364,W506364,ПП2,1156868332,15,https://s3.twcstorage.ru/35ffc2ef-1e09-463d-a2c4-c183d5deb59a/prints/pp2/W506364.webp
Матовые цветные чехлы для печати,Samsung Galaxy S24 Plus,A:506372,W506372,ПП2,1185786296,9,https://s3.twcstorage.ru/35ffc2ef-1e09-463d-a2c4-c183d5deb59a/prints/pp2/W506372.webp
Силиконовые чехлы,Samsung Galaxy S24 Plus,A:506377,W506377,ПП2,1186529768,29,https://s3.twcstorage.ru/35ffc2ef-1e09-463d-a2c4-c183d5deb59a/prints/pp2/W506377.webp
Объемные матовые чехлы коричневые,Samsung Galaxy S24 Ultra,A:501945,W501945,ПП2,1157176464,24,https://s3.twcstorage.ru/35ffc2ef-1e09-463d-a2c4-c183d5deb59a/prints/pp2/W501945.webp
Матовые цветные чехлы для печати,Samsung Galaxy S24 Ultra,A:501947,W501947,ПП2,726780857,28,https://s3.twcstorage.ru/35ffc2ef-1e09-463d-a2c4-c183d5deb59a/prints/pp2/W501947.webp
Объемные матовые чехлы черные,Samsung Galaxy S24 Ultra,A:501950,W501950,ПП2,1052448114,1000000,https://s3.twcstorage.ru/35ffc2ef-1e09-463d-a2c4-c183d5deb59a/prints/pp2/W501950.webp
Белые софт-тач,Samsung Galaxy S24 Ultra,A:501951,W501951,ПП2,930919854,7,https://s3.twcstorage.ru/35ffc2ef-1e09-463d-a2c4-c183d5deb59a/prints/pp2/W501951.webp
Чехол с вкладышем,Samsung Galaxy S24 Ultra,A:501955,W501955,ПП2,994639724,1000000,https://s3.twcstorage.ru/35ffc2ef-1e09-463d-a2c4-c183d5deb59a/prints/pp2/W501955.webp
Чехол с вкладышем,Samsung Galaxy S24 Ultra,A:501957,W501957,ПП2,994639734,1000000,https://s3.twcstorage.ru/35ffc2ef-1e09-463d-a2c4-c183d5deb59a/prints/pp2/W501957.webp
Чехол с вкладышем,Samsung Galaxy S24 Ultra,A:501960,W501960,ПП2,994639748,1000000,https://s3.twcstorage.ru/35ffc2ef-1e09-463d-a2c4-c183d5deb59a/prints/pp2/W501960.webp
Чехол с вкладышем,Samsung Galaxy S24 Ultra,A:501961,W501961,ПП2,994639751,1000000,https://s3.twcstorage.ru/35ffc2ef-1e09-463d-a2c4-c183d5deb59a/prints/pp2/W501961.webp
Силиконовые чехлы,Samsung Galaxy S24 Ultra,A:501978,Q501978,ПП2,727217692,2,https://s3.twcstorage.ru/35ffc2ef-1e09-463d-a2c4-c183d5deb59a/prints/pp2/Q5019781.webp
Силиконовые чехлы,Samsung Galaxy S24 Ultra,A:501979,Q501979,ПП2,727779705,48,https://s3.twcstorage.ru/35ffc2ef-1e09-463d-a2c4-c183d5deb59a/prints/pp2/Q5019791.webp
Стеклянные чехлы,Samsung Galaxy S24 Ultra,A:501980,Q5019801,ПП2,933510602,2,https://s3.twcstorage.ru/35ffc2ef-1e09-463d-a2c4-c183d5deb59a/prints/pp2/Q5019801.webp
Силиконовые чехлы,Samsung Galaxy S24 Ultra,A:501990,Q501990,ПП2,727813734,63,https://s3.twcstorage.ru/35ffc2ef-1e09-463d-a2c4-c183d5deb59a/prints/pp2/Y501990.webp
Стеклянные чехлы,Samsung Galaxy S24 Ultra,A:501993,Q5019931,ПП2,933504885,4,https://s3.twcstorage.ru/35ffc2ef-1e09-463d-a2c4-c183d5deb59a/prints/pp2/Q5019931.webp
Чехол с вкладышем,Samsung Galaxy S24 Ultra,A:501996,W501996,ПП2,994639838,1000000,https://s3.twcstorage.ru/35ffc2ef-1e09-463d-a2c4-c183d5deb59a/prints/pp2/Y501996.webp
Чехол с вкладышем,Samsung Galaxy S24 Ultra,A:501997,W501997,ПП2,994639843,1000000,https://s3.twcstorage.ru/35ffc2ef-1e09-463d-a2c4-c183d5deb59a/prints/pp2/Y501997.webp
Чехол с вкладышем,Samsung Galaxy S24 Ultra,A:502003,W502003,ПП2,994639879,1000000,https://s3.twcstorage.ru/35ffc2ef-1e09-463d-a2c4-c183d5deb59a/prints/pp2/W502003.webp
Объемные матовые чехлы бордовые,Samsung Galaxy S24 Ultra,A:502006,W502006,ПП2,1153007264,20,https://s3.twcstorage.ru/35ffc2ef-1e09-463d-a2c4-c183d5deb59a/prints/pp2/W502006.webp
Объемные матовые чехлы черные,Samsung Galaxy S24 Ultra,A:502007,W502007,ПП2,1181474797,15,https://s3.twcstorage.ru/35ffc2ef-1e09-463d-a2c4-c183d5deb59a/prints/pp2/W502007.webp
Объемные матовые чехлы бордовые,Samsung Galaxy S24 Ultra,A:502008,W502008,ПП2,1153008961,54,https://s3.twcstorage.ru/35ffc2ef-1e09-463d-a2c4-c183d5deb59a/prints/pp2/W502008.webp
Матовые цветные чехлы для печати,Samsung Galaxy S24 Ultra,A:502009,W502009,ПП2,726742669,22,https://s3.twcstorage.ru/35ffc2ef-1e09-463d-a2c4-c183d5deb59a/prints/pp2/W502009.webp
Матовые цветные чехлы для печати,Samsung Galaxy S24 Ultra,A:502010,W502010,ПП2,726744718,10,https://s3.twcstorage.ru/35ffc2ef-1e09-463d-a2c4-c183d5deb59a/prints/pp2/W502010.webp
Матовые цветные чехлы для печати,Samsung Galaxy S24 Ultra,A:502014,W502014,ПП2,726750135,18,https://s3.twcstorage.ru/35ffc2ef-1e09-463d-a2c4-c183d5deb59a/prints/pp2/W502014.webp
Матовые цветные чехлы для печати,Samsung Galaxy S24 Ultra,A:502016,W502016,ПП2,726816450,39,https://s3.twcstorage.ru/35ffc2ef-1e09-463d-a2c4-c183d5deb59a/prints/pp2/W502016.webp
Матовые цветные чехлы для печати,Samsung Galaxy S24 Ultra,A:502018,W502018,ПП2,726833790,48,https://s3.twcstorage.ru/35ffc2ef-1e09-463d-a2c4-c183d5deb59a/prints/pp2/W502018.webp
Матовые цветные чехлы для печати,Samsung Galaxy S24 Ultra,A:502023,W502023,ПП2,726867414,56,https://s3.twcstorage.ru/35ffc2ef-1e09-463d-a2c4-c183d5deb59a/prints/pp2/W502023.webp
Матовые цветные чехлы для печати,Samsung Galaxy S24 Ultra,A:502025,W502025,ПП2,726876043,34,https://s3.twcstorage.ru/35ffc2ef-1e09-463d-a2c4-c183d5deb59a/prints/pp2/W502025.webp
Матовые цветные чехлы для печати,Samsung Galaxy S24 Ultra,A:502026,W502026,ПП2,726869498,58,https://s3.twcstorage.ru/35ffc2ef-1e09-463d-a2c4-c183d5deb59a/prints/pp2/W502026.webp
Матовые цветные чехлы для печати,Samsung Galaxy S24 Ultra,A:502028,W502028,ПП2,726871450,69,https://s3.twcstorage.ru/35ffc2ef-1e09-463d-a2c4-c183d5deb59a/prints/pp2/W502028.webp
Объемные матовые чехлы черные,Samsung Galaxy S24 Ultra,A:502029,W502029,ПП2,1157572666,2,https://s3.twcstorage.ru/35ffc2ef-1e09-463d-a2c4-c183d5deb59a/prints/pp2/W502029.webp
Объемные матовые чехлы бордовые,Samsung Galaxy S24 Ultra,A:502030,W502030,ПП2,1153943298,45,https://s3.twcstorage.ru/35ffc2ef-1e09-463d-a2c4-c183d5deb59a/prints/pp2/W502030.webp
Чехол с вкладышем,Samsung Galaxy S24 Ultra,A:502031,W502031,ПП2,994640248,1000000,https://s3.twcstorage.ru/35ffc2ef-1e09-463d-a2c4-c183d5deb59a/prints/pp2/W502031.webp
Матовые цветные чехлы для печати,Samsung Galaxy S24 Ultra,A:502032,W502032,ПП2,726858715,40,https://s3.twcstorage.ru/35ffc2ef-1e09-463d-a2c4-c183d5deb59a/prints/pp2/W502032.webp
Чехол с вкладышем,Samsung Galaxy S24 Ultra,A:502036,W502036,ПП2,994640326,1000000,https://s3.twcstorage.ru/35ffc2ef-1e09-463d-a2c4-c183d5deb59a/prints/pp2/W502036.webp
Матовые цветные чехлы для печати,Samsung Galaxy S24 Ultra,A:502037,W502037,ПП2,726758597,71,https://s3.twcstorage.ru/35ffc2ef-1e09-463d-a2c4-c183d5deb59a/prints/pp2/W502037.webp
Белые софт-тач,Samsung Galaxy S24 Ultra,A:502042,W502042,ПП2,930978417,60,https://s3.twcstorage.ru/35ffc2ef-1e09-463d-a2c4-c183d5deb59a/prints/pp2/Y502042.webp
Матовые цветные чехлы для печати,Samsung Galaxy S24 Ultra,A:502047,W502047,ПП2,726760548,93,https://s3.twcstorage.ru/35ffc2ef-1e09-463d-a2c4-c183d5deb59a/prints/pp2/W502047.webp
Объемные матовые чехлы молочные,Samsung Galaxy S24 Ultra,A:502052,W502052,ПП2,1155778744,10,https://s3.twcstorage.ru/35ffc2ef-1e09-463d-a2c4-c183d5deb59a/prints/pp2/W502052.webp
Объемные матовые чехлы светло-розовые,Samsung Galaxy S24 Ultra,A:502053,W502053,ПП2,1152723426,7,https://s3.twcstorage.ru/35ffc2ef-1e09-463d-a2c4-c183d5deb59a/prints/pp2/W502053.webp
Чехол с вкладышем,Samsung Galaxy S24 Ultra,A:502061,W502061,ПП2,994641470,1000000,https://s3.twcstorage.ru/35ffc2ef-1e09-463d-a2c4-c183d5deb59a/prints/pp2/Y502061.webp
Матовые цветные чехлы для печати,Samsung Galaxy S24 Ultra,A:502065,W502065,ПП2,726839114,16,https://s3.twcstorage.ru/35ffc2ef-1e09-463d-a2c4-c183d5deb59a/prints/pp2/W502065.webp
Матовые цветные чехлы для печати,Samsung Galaxy S24 Ultra,A:502066,W502066,ПП2,726795258,1000000,https://s3.twcstorage.ru/35ffc2ef-1e09-463d-a2c4-c183d5deb59a/prints/pp2/W502066.webp
Чехол с вкладышем,Samsung Galaxy S24 Ultra,A:502067,W502067,ПП2,994641534,1000000,https://s3.twcstorage.ru/35ffc2ef-1e09-463d-a2c4-c183d5deb59a/prints/pp2/W5020671.webp
Объемные матовые чехлы светло-розовые,Samsung Galaxy S24 Ultra,A:502069,W502069,ПП2,1152710036,52,https://s3.twcstorage.ru/35ffc2ef-1e09-463d-a2c4-c183d5deb59a/prints/pp2/W502069.webp
Объемные матовые чехлы бордовые,Samsung Galaxy S24 Ultra,A:506329,W5063291,ПП2,1153239966,46,https://s3.twcstorage.ru/35ffc2ef-1e09-463d-a2c4-c183d5deb59a/prints/pp2/W5063291.webp
Объемные матовые чехлы коричневые,Samsung Galaxy S24 Ultra,A:506330,W5063301,ПП2,1157001586,14,https://s3.twcstorage.ru/35ffc2ef-1e09-463d-a2c4-c183d5deb59a/prints/pp2/W5063301.webp
Объемные матовые чехлы черные,Samsung Galaxy S24 Ultra,A:506331,W5063311,ПП2,1157929527,7,https://s3.twcstorage.ru/35ffc2ef-1e09-463d-a2c4-c183d5deb59a/prints/pp2/W5063311.webp
Силиконовые чехлы,Samsung Galaxy S24 Ultra,A:506332,W506332,ПП2,1186131405,3,https://s3.twcstorage.ru/35ffc2ef-1e09-463d-a2c4-c183d5deb59a/prints/pp2/W5063321.webp
Матовые цветные чехлы для печати,Samsung Galaxy S24 Ultra,A:506334,W5063341,ПП2,1185695931,1,https://s3.twcstorage.ru/35ffc2ef-1e09-463d-a2c4-c183d5deb59a/prints/pp2/W5063341.webp
Объемные матовые чехлы светло-розовые,Samsung Galaxy S24 Ultra,A:506335,W5063351,ПП2,1157997253,11,https://s3.twcstorage.ru/35ffc2ef-1e09-463d-a2c4-c183d5deb59a/prints/pp2/W5063351.webp
Объемные матовые чехлы коричневые,Samsung Galaxy S24 Ultra,A:506336,W5063361,ПП2,1157068563,9,https://s3.twcstorage.ru/35ffc2ef-1e09-463d-a2c4-c183d5deb59a/prints/pp2/W5063361.webp
Объемные матовые чехлы светло-розовые,Samsung Galaxy S24 Ultra,A:506339,W5063391,ПП2,1158062683,6,https://s3.twcstorage.ru/35ffc2ef-1e09-463d-a2c4-c183d5deb59a/prints/pp2/W5063391.webp
Объемные матовые чехлы бордовые,Samsung Galaxy S24 Ultra,A:506340,W5063401,ПП2,1179517589,2,https://s3.twcstorage.ru/35ffc2ef-1e09-463d-a2c4-c183d5deb59a/prints/pp2/W5063401.webp
Матовые цветные чехлы для печати,Samsung Galaxy S24 Ultra,A:506342,W5063421,ПП2,1189284578,78,https://s3.twcstorage.ru/35ffc2ef-1e09-463d-a2c4-c183d5deb59a/prints/pp2/W5063421.webp
Матовые цветные чехлы для печати,Samsung Galaxy S24 Ultra,A:506343,W5063431,ПП2,1185632459,61,https://s3.twcstorage.ru/35ffc2ef-1e09-463d-a2c4-c183d5deb59a/prints/pp2/W5063431.webp
Матовые цветные чехлы для печати,Samsung Galaxy S24 Ultra,A:506344,W5063441,ПП2,1189295276,51,https://s3.twcstorage.ru/35ffc2ef-1e09-463d-a2c4-c183d5deb59a/prints/pp2/W5063441.webp
Объемные матовые чехлы черные,Samsung Galaxy S24 Ultra,A:506347,W5063471,ПП2,1158116286,29,https://s3.twcstorage.ru/35ffc2ef-1e09-463d-a2c4-c183d5deb59a/prints/pp2/W5063471.webp
Объемные матовые чехлы молочные,Samsung Galaxy S24 Ultra,A:506348,W506348,ПП2,1155419470,1000000,https://s3.twcstorage.ru/35ffc2ef-1e09-463d-a2c4-c183d5deb59a/prints/pp2/W506348.webp
Силиконовые чехлы,Samsung Galaxy S24 Ultra,A:506350,W506350,ПП2,1186317437,45,https://s3.twcstorage.ru/35ffc2ef-1e09-463d-a2c4-c183d5deb59a/prints/pp2/W5063501.webp
Матовые цветные чехлы для печати,Samsung Galaxy S24 Ultra,A:506365,W506365,ПП2,1185779111,80,https://s3.twcstorage.ru/35ffc2ef-1e09-463d-a2c4-c183d5deb59a/prints/pp2/W506365.webp
Матовые цветные чехлы для печати,Samsung Galaxy S24 Ultra,A:506366,W506366,ПП2,1189266251,1000000,https://s3.twcstorage.ru/35ffc2ef-1e09-463d-a2c4-c183d5deb59a/prints/pp2/W506366.webp
Матовые цветные чехлы для печати,Samsung Galaxy S24 Ultra,A:506368,W506368,ПП2,1185631974,62,https://s3.twcstorage.ru/35ffc2ef-1e09-463d-a2c4-c183d5deb59a/prints/pp2/W506368.webp
Матовые цветные чехлы для печати,Samsung Galaxy S24 Ultra,A:506371,W506371,ПП2,1185827414,54,https://s3.twcstorage.ru/35ffc2ef-1e09-463d-a2c4-c183d5deb59a/prints/pp2/W506371.webp
Силиконовые чехлы,Samsung Galaxy S24 Ultra,A:506373,W506373,ПП2,1186495605,6,https://s3.twcstorage.ru/35ffc2ef-1e09-463d-a2c4-c183d5deb59a/prints/pp2/W506373.webp
Матовые цветные чехлы для печати,Samsung Galaxy S24 Ultra,A:506379,W506379,ПП2,1185576174,24,https://s3.twcstorage.ru/35ffc2ef-1e09-463d-a2c4-c183d5deb59a/prints/pp2/W506379.webp
Объемные матовые чехлы бордовые,Samsung Galaxy S24/S25,A:501978,Q501978,ПП2,1153042932,11,https://s3.twcstorage.ru/35ffc2ef-1e09-463d-a2c4-c183d5deb59a/prints/pp2/Q5019781.webp
Объемные матовые чехлы коричневые,Samsung Galaxy S24/S25,A:501980,Q501980,ПП2,1156594731,3,https://s3.twcstorage.ru/35ffc2ef-1e09-463d-a2c4-c183d5deb59a/prints/pp2/Q5019801.webp
Объемные матовые чехлы черные,Samsung Galaxy S24/S25,A:502003,W502003,ПП2,1157570883,13,https://s3.twcstorage.ru/35ffc2ef-1e09-463d-a2c4-c183d5deb59a/prints/pp2/W502003.webp
Объемные матовые чехлы черные,Samsung Galaxy S24/S25,A:502015,W502015,ПП2,1157384055,1000000,https://s3.twcstorage.ru/35ffc2ef-1e09-463d-a2c4-c183d5deb59a/prints/pp2/W502015.webp
Объемные матовые чехлы черные,Samsung Galaxy S24/S25,A:502032,W502032,ПП2,1181491020,32,https://s3.twcstorage.ru/35ffc2ef-1e09-463d-a2c4-c183d5deb59a/prints/pp2/W502032.webp
Объемные матовые чехлы черные,Samsung Galaxy S24/S25,A:502053,W502053,ПП2,1157755031,12,https://s3.twcstorage.ru/35ffc2ef-1e09-463d-a2c4-c183d5deb59a/prints/pp2/W502053.webp
Объемные матовые чехлы молочные,Samsung Galaxy S24/S25,A:502057,W502057,ПП2,1155721723,32,https://s3.twcstorage.ru/35ffc2ef-1e09-463d-a2c4-c183d5deb59a/prints/pp2/W502057.webp
Объемные матовые чехлы черные,Samsung Galaxy S24/S25,A:502069,W502069,ПП2,1181480208,16,https://s3.twcstorage.ru/35ffc2ef-1e09-463d-a2c4-c183d5deb59a/prints/pp2/W502069.webp
Объемные матовые чехлы коричневые,Samsung Galaxy S24/S25,A:506331,W5063311,ПП2,1157012417,23,https://s3.twcstorage.ru/35ffc2ef-1e09-463d-a2c4-c183d5deb59a/prints/pp2/W5063311.webp
Объемные матовые чехлы черные,Samsung Galaxy S24/S25,A:506335,W5063351,ПП2,1158009656,4,https://s3.twcstorage.ru/35ffc2ef-1e09-463d-a2c4-c183d5deb59a/prints/pp2/W5063351.webp
Объемные матовые чехлы коричневые,Samsung Galaxy S24/S25,A:506337,W5063371,ПП2,1157080590,36,https://s3.twcstorage.ru/35ffc2ef-1e09-463d-a2c4-c183d5deb59a/prints/pp2/W5063371.webp
Объемные матовые чехлы бордовые,Samsung Galaxy S24/S25,A:506340,W506340,ПП2,1153068907,2,https://s3.twcstorage.ru/35ffc2ef-1e09-463d-a2c4-c183d5deb59a/prints/pp2/W5063401.webp
Объемные матовые чехлы черные,Samsung Galaxy S24/S25,A:506346,W506346,ПП2,1157783781,53,https://s3.twcstorage.ru/35ffc2ef-1e09-463d-a2c4-c183d5deb59a/prints/pp2/W506346.webp
Объемные матовые чехлы молочные,Samsung Galaxy S24/S25,A:506372,W506372,ПП2,1155581990,21,https://s3.twcstorage.ru/35ffc2ef-1e09-463d-a2c4-c183d5deb59a/prints/pp2/W506372.webp
Объемные матовые чехлы черные,Samsung Galaxy S24/S25,A:506382,Q506382,ПП2,1181471546,22,https://s3.twcstorage.ru/35ffc2ef-1e09-463d-a2c4-c183d5deb59a/prints/pp2/Q5063821.webp
Силиконовые чехлы,Samsung Galaxy S25,A:501927,C501927,ПП2,726901025,114,https://s3.twcstorage.ru/35ffc2ef-1e09-463d-a2c4-c183d5deb59a/prints/pp2/W501927.webp
Чехол с вкладышем,Samsung Galaxy S25,A:501928,W501928,ПП2,994523942,1000000,https://s3.twcstorage.ru/35ffc2ef-1e09-463d-a2c4-c183d5deb59a/prints/pp2/W501928.webp
Чёрные софт-тач,Samsung Galaxy S25,A:501944,S501944,ПП2,727105830,4,https://s3.twcstorage.ru/35ffc2ef-1e09-463d-a2c4-c183d5deb59a/prints/pp2/S501944.webp
Силиконовые чехлы,Samsung Galaxy S25,A:501945,C501945,ПП2,727267262,120,https://s3.twcstorage.ru/35ffc2ef-1e09-463d-a2c4-c183d5deb59a/prints/pp2/W501945.webp
Чёрные софт-тач,Samsung Galaxy S25,A:501946,S501946,ПП2,727095609,7,https://s3.twcstorage.ru/35ffc2ef-1e09-463d-a2c4-c183d5deb59a/prints/pp2/W501946.webp
Чёрные софт-тач,Samsung Galaxy S25,A:501947,S501947,ПП2,727135114,8,https://s3.twcstorage.ru/35ffc2ef-1e09-463d-a2c4-c183d5deb59a/prints/pp2/W501947.webp
Силиконовые чехлы,Samsung Galaxy S25,A:501948,C501948,ПП2,727290740,96,https://s3.twcstorage.ru/35ffc2ef-1e09-463d-a2c4-c183d5deb59a/prints/pp2/W501948.webp
Чехол с вкладышем,Samsung Galaxy S25,A:501949,W501949,ПП2,994524350,1000000,https://s3.twcstorage.ru/35ffc2ef-1e09-463d-a2c4-c183d5deb59a/prints/pp2/W501949.webp
Чёрные софт-тач,Samsung Galaxy S25,A:501950,S501950,ПП2,727132945,2,https://s3.twcstorage.ru/35ffc2ef-1e09-463d-a2c4-c183d5deb59a/prints/pp2/W501950.webp
Белые софт-тач,Samsung Galaxy S25,A:501951,W501951,ПП2,726585944,7,https://s3.twcstorage.ru/35ffc2ef-1e09-463d-a2c4-c183d5deb59a/prints/pp2/W501951.webp
Чехол с вкладышем,Samsung Galaxy S25,A:501952,W501952,ПП2,994524420,1000000,https://s3.twcstorage.ru/35ffc2ef-1e09-463d-a2c4-c183d5deb59a/prints/pp2/W501952.webp
Силиконовые чехлы,Samsung Galaxy S25,A:501954,C501954,ПП2,727254493,122,https://s3.twcstorage.ru/35ffc2ef-1e09-463d-a2c4-c183d5deb59a/prints/pp2/W501954.webp
Белые софт-тач,Samsung Galaxy S25,A:501955,W501955,ПП2,726605894,44,https://s3.twcstorage.ru/35ffc2ef-1e09-463d-a2c4-c183d5deb59a/prints/pp2/W501955.webp
Чёрные софт-тач,Samsung Galaxy S25,A:501957,S501957,ПП2,727123722,3,https://s3.twcstorage.ru/35ffc2ef-1e09-463d-a2c4-c183d5deb59a/prints/pp2/W501957.webp
Белые софт-тач,Samsung Galaxy S25,A:501961,W501961,ПП2,726672285,12,https://s3.twcstorage.ru/35ffc2ef-1e09-463d-a2c4-c183d5deb59a/prints/pp2/W501961.webp
Силиконовые чехлы,Samsung Galaxy S25,A:501962,C501962,ПП2,727531099,62,https://s3.twcstorage.ru/35ffc2ef-1e09-463d-a2c4-c183d5deb59a/prints/pp2/W501962.webp
Чехол с вкладышем,Samsung Galaxy S25,A:501968,W501968,ПП2,994524845,1000000,https://s3.twcstorage.ru/35ffc2ef-1e09-463d-a2c4-c183d5deb59a/prints/pp2/W501968.webp
Силиконовые чехлы,Samsung Galaxy S25,A:501974,Q501974,ПП2,727293646,70,https://s3.twcstorage.ru/35ffc2ef-1e09-463d-a2c4-c183d5deb59a/prints/pp2/Q501974.webp
Силиконовые чехлы,Samsung Galaxy S25,A:501978,Q501978,ПП2,727217470,2,https://s3.twcstorage.ru/35ffc2ef-1e09-463d-a2c4-c183d5deb59a/prints/pp2/Q5019781.webp
Силиконовые чехлы,Samsung Galaxy S25,A:501980,Q501980,ПП2,727174830,4,https://s3.twcstorage.ru/35ffc2ef-1e09-463d-a2c4-c183d5deb59a/prints/pp2/Q5019801.webp
Силиконовые чехлы,Samsung Galaxy S25,A:501993,Q501993,ПП2,727179798,37,https://s3.twcstorage.ru/35ffc2ef-1e09-463d-a2c4-c183d5deb59a/prints/pp2/Q5019931.webp
Матовые цветные чехлы для печати,Samsung Galaxy S25,A:502003,W502003,ПП2,726735414,38,https://s3.twcstorage.ru/35ffc2ef-1e09-463d-a2c4-c183d5deb59a/prints/pp2/W502003.webp
Матовые цветные чехлы для печати,Samsung Galaxy S25,A:502008,W502008,ПП2,726739474,43,https://s3.twcstorage.ru/35ffc2ef-1e09-463d-a2c4-c183d5deb59a/prints/pp2/W502008.webp
Чехол с вкладышем,Samsung Galaxy S25,A:502009,W502009,ПП2,994525820,1000000,https://s3.twcstorage.ru/35ffc2ef-1e09-463d-a2c4-c183d5deb59a/prints/pp2/W502009.webp
Матовые цветные чехлы для печати,Samsung Galaxy S25,A:502010,W502010,ПП2,726744569,10,https://s3.twcstorage.ru/35ffc2ef-1e09-463d-a2c4-c183d5deb59a/prints/pp2/W502010.webp
Чехол с вкладышем,Samsung Galaxy S25,A:502011,W502011,ПП2,994525892,1000000,https://s3.twcstorage.ru/35ffc2ef-1e09-463d-a2c4-c183d5deb59a/prints/pp2/W502011.webp
Матовые цветные чехлы для печати,Samsung Galaxy S25,A:502014,W502014,ПП2,726749995,18,https://s3.twcstorage.ru/35ffc2ef-1e09-463d-a2c4-c183d5deb59a/prints/pp2/W502014.webp
Чехол с вкладышем,Samsung Galaxy S25,A:502016,W502016,ПП2,994525998,1000000,https://s3.twcstorage.ru/35ffc2ef-1e09-463d-a2c4-c183d5deb59a/prints/pp2/W502016.webp
Чехол с вкладышем,Samsung Galaxy S25,A:502018,W502018,ПП2,994526022,1000000,https://s3.twcstorage.ru/35ffc2ef-1e09-463d-a2c4-c183d5deb59a/prints/pp2/W502018.webp
Матовые цветные чехлы для печати,Samsung Galaxy S25,A:502023,W502023,ПП2,726867028,56,https://s3.twcstorage.ru/35ffc2ef-1e09-463d-a2c4-c183d5deb59a/prints/pp2/W502023.webp
Матовые цветные чехлы для печати,Samsung Galaxy S25,A:502025,W502025,ПП2,726875413,34,https://s3.twcstorage.ru/35ffc2ef-1e09-463d-a2c4-c183d5deb59a/prints/pp2/W502025.webp
Матовые цветные чехлы для печати,Samsung Galaxy S25,A:502026,W502026,ПП2,726868971,58,https://s3.twcstorage.ru/35ffc2ef-1e09-463d-a2c4-c183d5deb59a/prints/pp2/W502026.webp
Чехол с вкладышем,Samsung Galaxy S25,A:502027,W502027,ПП2,994526306,1000000,https://s3.twcstorage.ru/35ffc2ef-1e09-463d-a2c4-c183d5deb59a/prints/pp2/W502027.webp
Матовые цветные чехлы для печати,Samsung Galaxy S25,A:502030,W502030,ПП2,726856546,20,https://s3.twcstorage.ru/35ffc2ef-1e09-463d-a2c4-c183d5deb59a/prints/pp2/W502030.webp
Матовые цветные чехлы для печати,Samsung Galaxy S25,A:502031,W502031,ПП2,726754638,59,https://s3.twcstorage.ru/35ffc2ef-1e09-463d-a2c4-c183d5deb59a/prints/pp2/W502031.webp
Белые софт-тач,Samsung Galaxy S25,A:502032,W502032,ПП2,726635049,59,https://s3.twcstorage.ru/35ffc2ef-1e09-463d-a2c4-c183d5deb59a/prints/pp2/W502032.webp
Белые софт-тач,Samsung Galaxy S25,A:502033,W502033,ПП2,726637866,10,https://s3.twcstorage.ru/35ffc2ef-1e09-463d-a2c4-c183d5deb59a/prints/pp2/W502033.webp
Матовые цветные чехлы для печати,Samsung Galaxy S25,A:502035,W502035,ПП2,726756160,50,https://s3.twcstorage.ru/35ffc2ef-1e09-463d-a2c4-c183d5deb59a/prints/pp2/W502035.webp
Белые софт-тач,Samsung Galaxy S25,A:502036,W502036,ПП2,726648619,25,https://s3.twcstorage.ru/35ffc2ef-1e09-463d-a2c4-c183d5deb59a/prints/pp2/W502036.webp
Белые софт-тач,Samsung Galaxy S25,A:502039,W502039,ПП2,726621617,31,https://s3.twcstorage.ru/35ffc2ef-1e09-463d-a2c4-c183d5deb59a/prints/pp2/W502039.webp
Белые софт-тач,Samsung Galaxy S25,A:502049,W502049,ПП2,726565923,46,https://s3.twcstorage.ru/35ffc2ef-1e09-463d-a2c4-c183d5deb59a/prints/pp2/Y502049.webp
Белые софт-тач,Samsung Galaxy S25,A:502052,W502052,ПП2,726641590,2,https://s3.twcstorage.ru/35ffc2ef-1e09-463d-a2c4-c183d5deb59a/prints/pp2/W502052.webp
Белые софт-тач,Samsung Galaxy S25,A:502053,W502053,ПП2,726639736,1,https://s3.twcstorage.ru/35ffc2ef-1e09-463d-a2c4-c183d5deb59a/prints/pp2/W502053.webp
Матовые цветные чехлы для печати,Samsung Galaxy S25,A:502059,W502059,ПП2,726844039,75,https://s3.twcstorage.ru/35ffc2ef-1e09-463d-a2c4-c183d5deb59a/prints/pp2/W502059.webp
Матовые цветные чехлы для печати,Samsung Galaxy S25,A:502065,W502065,ПП2,726838791,16,https://s3.twcstorage.ru/35ffc2ef-1e09-463d-a2c4-c183d5deb59a/prints/pp2/W502065.webp
Чехол с вкладышем,Samsung Galaxy S25,A:502067,W502067,ПП2,994526959,1000000,https://s3.twcstorage.ru/35ffc2ef-1e09-463d-a2c4-c183d5deb59a/prints/pp2/W5020671.webp
Белые софт-тач,Samsung Galaxy S25,A:502069,W502069,ПП2,726665772,16,https://s3.twcstorage.ru/35ffc2ef-1e09-463d-a2c4-c183d5deb59a/prints/pp2/W502069.webp
Матовые цветные чехлы для печати,Samsung Galaxy S25,A:506329,W5063291,ПП2,1185795521,7,https://s3.twcstorage.ru/35ffc2ef-1e09-463d-a2c4-c183d5deb59a/prints/pp2/W5063291.webp
Белые софт-тач,Samsung Galaxy S25,A:506330,W506330,ПП2,1164134906,17,https://s3.twcstorage.ru/35ffc2ef-1e09-463d-a2c4-c183d5deb59a/prints/pp2/W5063301.webp
Белые софт-тач,Samsung Galaxy S25,A:506331,W506331,ПП2,1164155649,5,https://s3.twcstorage.ru/35ffc2ef-1e09-463d-a2c4-c183d5deb59a/prints/pp2/W5063311.webp
Матовые цветные чехлы для печати,Samsung Galaxy S25,A:506334,W5063341,ПП2,1185527097,1,https://s3.twcstorage.ru/35ffc2ef-1e09-463d-a2c4-c183d5deb59a/prints/pp2/W5063341.webp
Силиконовые чехлы,Samsung Galaxy S25,A:506335,W506335,ПП2,1186173758,15,https://s3.twcstorage.ru/35ffc2ef-1e09-463d-a2c4-c183d5deb59a/prints/pp2/W5063351.webp
Белые софт-тач,Samsung Galaxy S25,A:506336,W506336,ПП2,1164250989,48,https://s3.twcstorage.ru/35ffc2ef-1e09-463d-a2c4-c183d5deb59a/prints/pp2/W5063361.webp
Матовые цветные чехлы для печати,Samsung Galaxy S25,A:506337,W5063371,ПП2,1185836326,13,https://s3.twcstorage.ru/35ffc2ef-1e09-463d-a2c4-c183d5deb59a/prints/pp2/W5063371.webp
Матовые цветные чехлы для печати,Samsung Galaxy S25,A:506339,W5063391,ПП2,1185727109,8,https://s3.twcstorage.ru/35ffc2ef-1e09-463d-a2c4-c183d5deb59a/prints/pp2/W5063391.webp
Белые софт-тач,Samsung Galaxy S25,A:506340,W506340,ПП2,1164322654,4,https://s3.twcstorage.ru/35ffc2ef-1e09-463d-a2c4-c183d5deb59a/prints/pp2/W5063401.webp
Силиконовые чехлы,Samsung Galaxy S25,A:506341,W506341,ПП2,1186242387,109,https://s3.twcstorage.ru/35ffc2ef-1e09-463d-a2c4-c183d5deb59a/prints/pp2/W5063411.webp
Силиконовые чехлы,Samsung Galaxy S25,A:506347,W506347,ПП2,1186286033,82,https://s3.twcstorage.ru/35ffc2ef-1e09-463d-a2c4-c183d5deb59a/prints/pp2/W5063471.webp
Силиконовые чехлы,Samsung Galaxy S25,A:506360,W506360,ПП2,1186686049,59,https://s3.twcstorage.ru/35ffc2ef-1e09-463d-a2c4-c183d5deb59a/prints/pp2/W5063601.webp
Силиконовые чехлы,Samsung Galaxy S25,A:506372,W506372,ПП2,1186486368,16,https://s3.twcstorage.ru/35ffc2ef-1e09-463d-a2c4-c183d5deb59a/prints/pp2/W506372.webp
Силиконовые чехлы,Samsung Galaxy S25,A:506373,W506373,ПП2,1186657661,6,https://s3.twcstorage.ru/35ffc2ef-1e09-463d-a2c4-c183d5deb59a/prints/pp2/W506373.webp
Белые софт-тач,Samsung Galaxy S25,A:506374,W506374,ПП2,1163954274,3,https://s3.twcstorage.ru/35ffc2ef-1e09-463d-a2c4-c183d5deb59a/prints/pp2/W506374.webp
Силиконовые чехлы,Samsung Galaxy S25 FE,A:501935,C501935,ПП2,727170647,1000000,https://s3.twcstorage.ru/35ffc2ef-1e09-463d-a2c4-c183d5deb59a/prints/pp2/W501935.webp
Белые софт-тач,Samsung Galaxy S25 FE,A:501937,W501937,ПП2,930954684,43,https://s3.twcstorage.ru/35ffc2ef-1e09-463d-a2c4-c183d5deb59a/prints/pp2/W501937.webp
Силиконовые чехлы,Samsung Galaxy S25 FE,A:501942,C501942,ПП2,727244507,118,https://s3.twcstorage.ru/35ffc2ef-1e09-463d-a2c4-c183d5deb59a/prints/pp2/S501942.webp
Силиконовые чехлы,Samsung Galaxy S25 FE,A:501943,C501943,ПП2,727270077,119,https://s3.twcstorage.ru/35ffc2ef-1e09-463d-a2c4-c183d5deb59a/prints/pp2/S501943.webp
Силиконовые чехлы,Samsung Galaxy S25 FE,A:501946,C501946,ПП2,727076807,121,https://s3.twcstorage.ru/35ffc2ef-1e09-463d-a2c4-c183d5deb59a/prints/pp2/W501946.webp
Белые софт-тач,Samsung Galaxy S25 FE,A:501947,W501947,ПП2,930925558,27,https://s3.twcstorage.ru/35ffc2ef-1e09-463d-a2c4-c183d5deb59a/prints/pp2/W501947.webp
Силиконовые чехлы,Samsung Galaxy S25 FE,A:501949,W501949,ПП2,727853395,19,https://s3.twcstorage.ru/35ffc2ef-1e09-463d-a2c4-c183d5deb59a/prints/pp2/W501949.webp
Объемные матовые чехлы бордовые,Samsung Galaxy S25 FE,A:501951,W501951,ПП2,1153015742,1,https://s3.twcstorage.ru/35ffc2ef-1e09-463d-a2c4-c183d5deb59a/prints/pp2/W501951.webp
Матовые цветные чехлы для печати,Samsung Galaxy S25 FE,A:501957,W501957,ПП2,726828221,17,https://s3.twcstorage.ru/35ffc2ef-1e09-463d-a2c4-c183d5deb59a/prints/pp2/W501957.webp
Силиконовые чехлы,Samsung Galaxy S25 FE,A:501960,C501960,ПП2,727208323,41,https://s3.twcstorage.ru/35ffc2ef-1e09-463d-a2c4-c183d5deb59a/prints/pp2/W501960.webp
Силиконовые чехлы,Samsung Galaxy S25 FE,A:501961,C501961,ПП2,727533928,21,https://s3.twcstorage.ru/35ffc2ef-1e09-463d-a2c4-c183d5deb59a/prints/pp2/W501961.webp
Белые софт-тач,Samsung Galaxy S25 FE,A:501962,W501962,ПП2,931044163,13,https://s3.twcstorage.ru/35ffc2ef-1e09-463d-a2c4-c183d5deb59a/prints/pp2/W501962.webp
Силиконовые чехлы,Samsung Galaxy S25 FE,A:501963,Q501963,ПП2,726948263,77,https://s3.twcstorage.ru/35ffc2ef-1e09-463d-a2c4-c183d5deb59a/prints/pp2/Q5019631.webp
Силиконовые чехлы,Samsung Galaxy S25 FE,A:501966,W501966,ПП2,727223347,124,https://s3.twcstorage.ru/35ffc2ef-1e09-463d-a2c4-c183d5deb59a/prints/pp2/W501966.webp
Силиконовые чехлы,Samsung Galaxy S25 FE,A:501968,Q501968,ПП2,726897376,78,https://s3.twcstorage.ru/35ffc2ef-1e09-463d-a2c4-c183d5deb59a/prints/pp2/W501968.webp
Силиконовые чехлы,Samsung Galaxy S25 FE,A:501978,Q501978,ПП2,727217241,2,https://s3.twcstorage.ru/35ffc2ef-1e09-463d-a2c4-c183d5deb59a/prints/pp2/Q5019781.webp
Стеклянные чехлы,Samsung Galaxy S25 FE,A:501979,Q5019791,ПП2,727507282,6,https://s3.twcstorage.ru/35ffc2ef-1e09-463d-a2c4-c183d5deb59a/prints/pp2/Q5019791.webp
Стеклянные чехлы,Samsung Galaxy S25 FE,A:501980,Q5019801,ПП2,727506492,2,https://s3.twcstorage.ru/35ffc2ef-1e09-463d-a2c4-c183d5deb59a/prints/pp2/Q5019801.webp
Стеклянные чехлы,Samsung Galaxy S25 FE,A:501987,Y501987,ПП2,726995913,1000000,https://s3.twcstorage.ru/35ffc2ef-1e09-463d-a2c4-c183d5deb59a/prints/pp2/Y501987.webp
Силиконовые чехлы,Samsung Galaxy S25 FE,A:501989,Q501989,ПП2,727517113,1000000,https://s3.twcstorage.ru/35ffc2ef-1e09-463d-a2c4-c183d5deb59a/prints/pp2/Y501989.webp
Объемные матовые чехлы черные,Samsung Galaxy S25 FE,A:501990,Q501990,ПП2,1157480945,41,https://s3.twcstorage.ru/35ffc2ef-1e09-463d-a2c4-c183d5deb59a/prints/pp2/Y501990.webp
Стеклянные чехлы,Samsung Galaxy S25 FE,A:501993,Q5019931,ПП2,727504409,4,https://s3.twcstorage.ru/35ffc2ef-1e09-463d-a2c4-c183d5deb59a/prints/pp2/Q5019931.webp
Матовые цветные чехлы для печати,Samsung Galaxy S25 FE,A:502003,W502003,ПП2,726735153,38,https://s3.twcstorage.ru/35ffc2ef-1e09-463d-a2c4-c183d5deb59a/prints/pp2/W502003.webp
Матовые цветные чехлы для печати,Samsung Galaxy S25 FE,A:502006,W502006,ПП2,726861034,47,https://s3.twcstorage.ru/35ffc2ef-1e09-463d-a2c4-c183d5deb59a/prints/pp2/W502006.webp
Силиконовые чехлы,Samsung Galaxy S25 FE,A:502007,W502007,ПП2,727851939,55,https://s3.twcstorage.ru/35ffc2ef-1e09-463d-a2c4-c183d5deb59a/prints/pp2/W502007.webp
Силиконовые чехлы,Samsung Galaxy S25 FE,A:502009,W502009,ПП2,727511594,8,https://s3.twcstorage.ru/35ffc2ef-1e09-463d-a2c4-c183d5deb59a/prints/pp2/W502009.webp
Силиконовые чехлы,Samsung Galaxy S25 FE,A:502010,W502010,ПП2,727229968,1,https://s3.twcstorage.ru/35ffc2ef-1e09-463d-a2c4-c183d5deb59a/prints/pp2/W502010.webp
Белые софт-тач,Samsung Galaxy S25 FE,A:502012,W502012,ПП2,930993260,14,https://s3.twcstorage.ru/35ffc2ef-1e09-463d-a2c4-c183d5deb59a/prints/pp2/W502012.webp
Матовые цветные чехлы для печати,Samsung Galaxy S25 FE,A:502013,W502013,ПП2,726746253,90,https://s3.twcstorage.ru/35ffc2ef-1e09-463d-a2c4-c183d5deb59a/prints/pp2/W502013.webp
Белые софт-тач,Samsung Galaxy S25 FE,A:502014,W502014,ПП2,931016976,15,https://s3.twcstorage.ru/35ffc2ef-1e09-463d-a2c4-c183d5deb59a/prints/pp2/W502014.webp
Белые софт-тач,Samsung Galaxy S25 FE,A:502016,W502016,ПП2,930996776,1000000,https://s3.twcstorage.ru/35ffc2ef-1e09-463d-a2c4-c183d5deb59a/prints/pp2/W502016.webp
Матовые цветные чехлы для печати,Samsung Galaxy S25 FE,A:502018,W502018,ПП2,726833375,48,https://s3.twcstorage.ru/35ffc2ef-1e09-463d-a2c4-c183d5deb59a/prints/pp2/W502018.webp
Силиконовые чехлы,Samsung Galaxy S25 FE,A:502019,W502019,ПП2,727214278,131,https://s3.twcstorage.ru/35ffc2ef-1e09-463d-a2c4-c183d5deb59a/prints/pp2/W502019.webp
Матовые цветные чехлы для печати,Samsung Galaxy S25 FE,A:502023,W502023,ПП2,726867053,56,https://s3.twcstorage.ru/35ffc2ef-1e09-463d-a2c4-c183d5deb59a/prints/pp2/W502023.webp
Силиконовые чехлы,Samsung Galaxy S25 FE,A:502026,W502026,ПП2,727541259,73,https://s3.twcstorage.ru/35ffc2ef-1e09-463d-a2c4-c183d5deb59a/prints/pp2/W502026.webp
Объемные матовые чехлы молочные,Samsung Galaxy S25 FE,A:502029,W502029,ПП2,1154684824,4,https://s3.twcstorage.ru/35ffc2ef-1e09-463d-a2c4-c183d5deb59a/prints/pp2/W502029.webp
Белые софт-тач,Samsung Galaxy S25 FE,A:502031,W502031,ПП2,930896555,58,https://s3.twcstorage.ru/35ffc2ef-1e09-463d-a2c4-c183d5deb59a/prints/pp2/W502031.webp
Матовые цветные чехлы для печати,Samsung Galaxy S25 FE,A:502032,W502032,ПП2,726858041,40,https://s3.twcstorage.ru/35ffc2ef-1e09-463d-a2c4-c183d5deb59a/prints/pp2/W502032.webp
Белые софт-тач,Samsung Galaxy S25 FE,A:502033,W502033,ПП2,931005063,10,https://s3.twcstorage.ru/35ffc2ef-1e09-463d-a2c4-c183d5deb59a/prints/pp2/W502033.webp
Силиконовые чехлы,Samsung Galaxy S25 FE,A:502035,W502035,ПП2,727781233,43,https://s3.twcstorage.ru/35ffc2ef-1e09-463d-a2c4-c183d5deb59a/prints/pp2/W502035.webp
Силиконовые чехлы,Samsung Galaxy S25 FE,A:502036,W502036,ПП2,727775733,33,https://s3.twcstorage.ru/35ffc2ef-1e09-463d-a2c4-c183d5deb59a/prints/pp2/W502036.webp
Силиконовые чехлы,Samsung Galaxy S25 FE,A:502037,W502037,ПП2,727055209,38,https://s3.twcstorage.ru/35ffc2ef-1e09-463d-a2c4-c183d5deb59a/prints/pp2/W502037.webp
Белые софт-тач,Samsung Galaxy S25 FE,A:502044,W502044,ПП2,930985185,61,https://s3.twcstorage.ru/35ffc2ef-1e09-463d-a2c4-c183d5deb59a/prints/pp2/W502044.webp
Белые софт-тач,Samsung Galaxy S25 FE,A:502047,W502047,ПП2,930880829,32,https://s3.twcstorage.ru/35ffc2ef-1e09-463d-a2c4-c183d5deb59a/prints/pp2/W502047.webp
Белые софт-тач,Samsung Galaxy S25 FE,A:502049,W502049,ПП2,930863091,46,https://s3.twcstorage.ru/35ffc2ef-1e09-463d-a2c4-c183d5deb59a/prints/pp2/Y502049.webp
Белые софт-тач,Samsung Galaxy S25 FE,A:502052,W502052,ПП2,931009957,2,https://s3.twcstorage.ru/35ffc2ef-1e09-463d-a2c4-c183d5deb59a/prints/pp2/W502052.webp
Белые софт-тач,Samsung Galaxy S25 FE,A:502053,W502053,ПП2,931006513,1,https://s3.twcstorage.ru/35ffc2ef-1e09-463d-a2c4-c183d5deb59a/prints/pp2/W502053.webp
Силиконовые чехлы,Samsung Galaxy S25 FE,A:502054,W502054,ПП2,727039896,141,https://s3.twcstorage.ru/35ffc2ef-1e09-463d-a2c4-c183d5deb59a/prints/pp2/W502054.webp
Матовые цветные чехлы для печати,Samsung Galaxy S25 FE,A:502062,W502062,ПП2,726776318,97,https://s3.twcstorage.ru/35ffc2ef-1e09-463d-a2c4-c183d5deb59a/prints/pp2/W502062.webp
Силиконовые чехлы,Samsung Galaxy S25 FE,A:502063,W502063,ПП2,726933548,1000000,https://s3.twcstorage.ru/35ffc2ef-1e09-463d-a2c4-c183d5deb59a/prints/pp2/W502063.webp
Матовые цветные чехлы для печати,Samsung Galaxy S25 FE,A:502065,W502065,ПП2,726838595,16,https://s3.twcstorage.ru/35ffc2ef-1e09-463d-a2c4-c183d5deb59a/prints/pp2/W502065.webp
Матовые цветные чехлы для печати,Samsung Galaxy S25 FE,A:502067,W5020671,ПП2,726731623,41,https://s3.twcstorage.ru/35ffc2ef-1e09-463d-a2c4-c183d5deb59a/prints/pp2/W5020671.webp
Силиконовые чехлы,Samsung Galaxy S25 FE,A:502068,W502068,ПП2,726937130,1000000,https://s3.twcstorage.ru/35ffc2ef-1e09-463d-a2c4-c183d5deb59a/prints/pp2/W502068.webp
Белые софт-тач,Samsung Galaxy S25 FE,A:502069,W502069,ПП2,931037055,16,https://s3.twcstorage.ru/35ffc2ef-1e09-463d-a2c4-c183d5deb59a/prints/pp2/W502069.webp
Объемные матовые чехлы черные,Samsung Galaxy S25 FE,A:506331,W5063311,ПП2,1157929407,7,https://s3.twcstorage.ru/35ffc2ef-1e09-463d-a2c4-c183d5deb59a/prints/pp2/W5063311.webp
Матовые цветные чехлы для печати,Samsung Galaxy S25 FE,A:506332,W5063321,ПП2,1185449613,2,https://s3.twcstorage.ru/35ffc2ef-1e09-463d-a2c4-c183d5deb59a/prints/pp2/W5063321.webp
Объемные матовые чехлы черные,Samsung Galaxy S25 FE,A:506333,W5063331,ПП2,1157962479,26,https://s3.twcstorage.ru/35ffc2ef-1e09-463d-a2c4-c183d5deb59a/prints/pp2/W5063331.webp
Белые софт-тач,Samsung Galaxy S25 FE,A:506334,W506334,ПП2,1164227481,9,https://s3.twcstorage.ru/35ffc2ef-1e09-463d-a2c4-c183d5deb59a/prints/pp2/W5063341.webp
Матовые цветные чехлы для печати,Samsung Galaxy S25 FE,A:506335,W5063351,ПП2,1185713482,23,https://s3.twcstorage.ru/35ffc2ef-1e09-463d-a2c4-c183d5deb59a/prints/pp2/W5063351.webp
Белые софт-тач,Samsung Galaxy S25 FE,A:506336,W506336,ПП2,1164264490,48,https://s3.twcstorage.ru/35ffc2ef-1e09-463d-a2c4-c183d5deb59a/prints/pp2/W5063361.webp
Объемные матовые чехлы бордовые,Samsung Galaxy S25 FE,A:506337,W5063371,ПП2,1153391842,22,https://s3.twcstorage.ru/35ffc2ef-1e09-463d-a2c4-c183d5deb59a/prints/pp2/W5063371.webp
Матовые цветные чехлы для печати,Samsung Galaxy S25 FE,A:506339,W5063391,ПП2,1185739481,8,https://s3.twcstorage.ru/35ffc2ef-1e09-463d-a2c4-c183d5deb59a/prints/pp2/W5063391.webp
Белые софт-тач,Samsung Galaxy S25 FE,A:506340,W506340,ПП2,1164336197,4,https://s3.twcstorage.ru/35ffc2ef-1e09-463d-a2c4-c183d5deb59a/prints/pp2/W5063401.webp
Силиконовые чехлы,Samsung Galaxy S25 FE,A:506344,W506344,ПП2,1186713316,57,https://s3.twcstorage.ru/35ffc2ef-1e09-463d-a2c4-c183d5deb59a/prints/pp2/W5063441.webp
Силиконовые чехлы,Samsung Galaxy S25 FE,A:506345,W506345,ПП2,1186756303,93,https://s3.twcstorage.ru/35ffc2ef-1e09-463d-a2c4-c183d5deb59a/prints/pp2/W5063451.webp
Матовые цветные чехлы для печати,Samsung Galaxy S25 FE,A:506347,W5063471,ПП2,1185827686,44,https://s3.twcstorage.ru/35ffc2ef-1e09-463d-a2c4-c183d5deb59a/prints/pp2/W5063471.webp
Силиконовые чехлы,Samsung Galaxy S25 FE,A:506360,W506360,ПП2,1186688000,59,https://s3.twcstorage.ru/35ffc2ef-1e09-463d-a2c4-c183d5deb59a/prints/pp2/W5063601.webp
Объемные матовые чехлы бордовые,Samsung Galaxy S25 FE,A:506363,W506363,ПП2,1153099825,29,https://s3.twcstorage.ru/35ffc2ef-1e09-463d-a2c4-c183d5deb59a/prints/pp2/W506363.webp
Силиконовые чехлы,Samsung Galaxy S25 FE,A:506369,W506369,ПП2,1186465517,46,https://s3.twcstorage.ru/35ffc2ef-1e09-463d-a2c4-c183d5deb59a/prints/pp2/W506369.webp
Силиконовые чехлы,Samsung Galaxy S25 FE,A:506373,W506373,ПП2,1186704267,6,https://s3.twcstorage.ru/35ffc2ef-1e09-463d-a2c4-c183d5deb59a/prints/pp2/W506373.webp
Белые софт-тач,Samsung Galaxy S25 FE,A:506374,W506374,ПП2,1163969882,3,https://s3.twcstorage.ru/35ffc2ef-1e09-463d-a2c4-c183d5deb59a/prints/pp2/W506374.webp
Силиконовые чехлы,Samsung Galaxy S25 FE,A:506378,W506378,ПП2,1186787527,22,https://s3.twcstorage.ru/35ffc2ef-1e09-463d-a2c4-c183d5deb59a/prints/pp2/W506378.webp
Матовые цветные чехлы для печати,Samsung Galaxy S25 FE,A:506381,W506381,ПП2,1185771675,14,https://s3.twcstorage.ru/35ffc2ef-1e09-463d-a2c4-c183d5deb59a/prints/pp2/W506381.webp
Объемные матовые чехлы коричневые,Samsung Galaxy S25 FE,A:506382,Q506382,ПП2,1157168595,1000000,https://s3.twcstorage.ru/35ffc2ef-1e09-463d-a2c4-c183d5deb59a/prints/pp2/Q5063821.webp
Стеклянные чехлы,Samsung Galaxy S25 FE,A:506384,Q5063841,ПП2,1186850268,1,https://s3.twcstorage.ru/35ffc2ef-1e09-463d-a2c4-c183d5deb59a/prints/pp2/Q5063841.webp
Силиконовые чехлы,Samsung Galaxy S25 Plus,A:501934,W501934,ПП2,726903589,1000000,https://s3.twcstorage.ru/35ffc2ef-1e09-463d-a2c4-c183d5deb59a/prints/pp2/W501934.webp
Силиконовые чехлы,Samsung Galaxy S25 Plus,A:501942,C501942,ПП2,727245709,118,https://s3.twcstorage.ru/35ffc2ef-1e09-463d-a2c4-c183d5deb59a/prints/pp2/S501942.webp
Силиконовые чехлы,Samsung Galaxy S25 Plus,A:501947,W501947,ПП2,727840995,69,https://s3.twcstorage.ru/35ffc2ef-1e09-463d-a2c4-c183d5deb59a/prints/pp2/W501947.webp
Белые софт-тач,Samsung Galaxy S25 Plus,A:501951,W501951,ПП2,930919251,7,https://s3.twcstorage.ru/35ffc2ef-1e09-463d-a2c4-c183d5deb59a/prints/pp2/W501951.webp
Силиконовые чехлы,Samsung Galaxy S25 Plus,A:501978,Q501978,ПП2,727218502,2,https://s3.twcstorage.ru/35ffc2ef-1e09-463d-a2c4-c183d5deb59a/prints/pp2/Q5019781.webp
Силиконовые чехлы,Samsung Galaxy S25 Plus,A:501980,Q501980,ПП2,727178465,4,https://s3.twcstorage.ru/35ffc2ef-1e09-463d-a2c4-c183d5deb59a/prints/pp2/Q5019801.webp
Силиконовые чехлы,Samsung Galaxy S25 Plus,A:501990,Q501990,ПП2,727814760,63,https://s3.twcstorage.ru/35ffc2ef-1e09-463d-a2c4-c183d5deb59a/prints/pp2/Y501990.webp
Силиконовые чехлы,Samsung Galaxy S25 Plus,A:501993,Q501993,ПП2,727180136,37,https://s3.twcstorage.ru/35ffc2ef-1e09-463d-a2c4-c183d5deb59a/prints/pp2/Q5019931.webp
Силиконовые чехлы,Samsung Galaxy S25 Plus,A:502010,W502010,ПП2,727230965,1,https://s3.twcstorage.ru/35ffc2ef-1e09-463d-a2c4-c183d5deb59a/prints/pp2/W502010.webp
Силиконовые чехлы,Samsung Galaxy S25 Plus,A:502014,W502014,ПП2,726983092,7,https://s3.twcstorage.ru/35ffc2ef-1e09-463d-a2c4-c183d5deb59a/prints/pp2/W502014.webp
Силиконовые чехлы,Samsung Galaxy S25 Plus,A:502016,W502016,ПП2,727821723,130,https://s3.twcstorage.ru/35ffc2ef-1e09-463d-a2c4-c183d5deb59a/prints/pp2/W502016.webp
Силиконовые чехлы,Samsung Galaxy S25 Plus,A:502026,W502026,ПП2,727542286,73,https://s3.twcstorage.ru/35ffc2ef-1e09-463d-a2c4-c183d5deb59a/prints/pp2/W502026.webp
Силиконовые чехлы,Samsung Galaxy S25 Plus,A:502029,W502029,ПП2,727528691,42,https://s3.twcstorage.ru/35ffc2ef-1e09-463d-a2c4-c183d5deb59a/prints/pp2/W502029.webp
Силиконовые чехлы,Samsung Galaxy S25 Plus,A:502030,W502030,ПП2,727845916,66,https://s3.twcstorage.ru/35ffc2ef-1e09-463d-a2c4-c183d5deb59a/prints/pp2/W502030.webp
Силиконовые чехлы,Samsung Galaxy S25 Plus,A:502032,W502032,ПП2,727774962,25,https://s3.twcstorage.ru/35ffc2ef-1e09-463d-a2c4-c183d5deb59a/prints/pp2/W502032.webp
Белые софт-тач,Samsung Galaxy S25 Plus,A:502033,W502033,ПП2,931005243,10,https://s3.twcstorage.ru/35ffc2ef-1e09-463d-a2c4-c183d5deb59a/prints/pp2/W502033.webp
Белые софт-тач,Samsung Galaxy S25 Plus,A:502035,W502035,ПП2,930856538,20,https://s3.twcstorage.ru/35ffc2ef-1e09-463d-a2c4-c183d5deb59a/prints/pp2/W502035.webp
Силиконовые чехлы,Samsung Galaxy S25 Plus,A:502039,W502039,ПП2,727802320,34,https://s3.twcstorage.ru/35ffc2ef-1e09-463d-a2c4-c183d5deb59a/prints/pp2/W502039.webp
Силиконовые чехлы,Samsung Galaxy S25 Plus,A:502063,W502063,ПП2,726934662,1000000,https://s3.twcstorage.ru/35ffc2ef-1e09-463d-a2c4-c183d5deb59a/prints/pp2/W502063.webp
Силиконовые чехлы,Samsung Galaxy S25 Plus,A:506329,W506329,ПП2,1186079925,24,https://s3.twcstorage.ru/35ffc2ef-1e09-463d-a2c4-c183d5deb59a/prints/pp2/W5063291.webp
Силиконовые чехлы,Samsung Galaxy S25 Plus,A:506330,W506330,ПП2,1186096568,17,https://s3.twcstorage.ru/35ffc2ef-1e09-463d-a2c4-c183d5deb59a/prints/pp2/W5063301.webp
Силиконовые чехлы,Samsung Galaxy S25 Plus,A:506331,W506331,ПП2,1186120530,9,https://s3.twcstorage.ru/35ffc2ef-1e09-463d-a2c4-c183d5deb59a/prints/pp2/W5063311.webp
Силиконовые чехлы,Samsung Galaxy S25 Plus,A:506332,W506332,ПП2,1186139823,3,https://s3.twcstorage.ru/35ffc2ef-1e09-463d-a2c4-c183d5deb59a/prints/pp2/W5063321.webp
Силиконовые чехлы,Samsung Galaxy S25 Plus,A:506333,W506333,ПП2,1186152571,50,https://s3.twcstorage.ru/35ffc2ef-1e09-463d-a2c4-c183d5deb59a/prints/pp2/W5063331.webp
Силиконовые чехлы,Samsung Galaxy S25 Plus,A:506334,W506334,ПП2,1186167231,12,https://s3.twcstorage.ru/35ffc2ef-1e09-463d-a2c4-c183d5deb59a/prints/pp2/W5063341.webp
Силиконовые чехлы,Samsung Galaxy S25 Plus,A:506337,W506337,ПП2,1186206418,28,https://s3.twcstorage.ru/35ffc2ef-1e09-463d-a2c4-c183d5deb59a/prints/pp2/W5063371.webp
Силиконовые чехлы,Samsung Galaxy S25 Plus,A:506339,W506339,ПП2,1186228095,13,https://s3.twcstorage.ru/35ffc2ef-1e09-463d-a2c4-c183d5deb59a/prints/pp2/W5063391.webp
Силиконовые чехлы,Samsung Galaxy S25 Plus,A:506340,W506340,ПП2,1186237478,5,https://s3.twcstorage.ru/35ffc2ef-1e09-463d-a2c4-c183d5deb59a/prints/pp2/W5063401.webp
Силиконовые чехлы,Samsung Galaxy S25 Plus,A:506346,W506346,ПП2,1186296138,81,https://s3.twcstorage.ru/35ffc2ef-1e09-463d-a2c4-c183d5deb59a/prints/pp2/W506346.webp
Силиконовые чехлы,Samsung Galaxy S25 Plus,A:506373,W506373,ПП2,1186498007,6,https://s3.twcstorage.ru/35ffc2ef-1e09-463d-a2c4-c183d5deb59a/prints/pp2/W506373.webp
Силиконовые чехлы,Samsung Galaxy S25 Plus,A:506374,W506374,ПП2,1186506530,10,https://s3.twcstorage.ru/35ffc2ef-1e09-463d-a2c4-c183d5deb59a/prints/pp2/W506374.webp
Силиконовые чехлы,Samsung Galaxy S25 Plus,A:506378,W506378,ПП2,1186535019,22,https://s3.twcstorage.ru/35ffc2ef-1e09-463d-a2c4-c183d5deb59a/prints/pp2/W506378.webp
Силиконовые чехлы,Samsung Galaxy S25 Plus,A:506380,W506380,ПП2,1186550621,76,https://s3.twcstorage.ru/35ffc2ef-1e09-463d-a2c4-c183d5deb59a/prints/pp2/W506380.webp
Силиконовые чехлы,Samsung Galaxy S25 Plus,A:506385,Q506385,ПП2,1186063425,1000000,https://s3.twcstorage.ru/35ffc2ef-1e09-463d-a2c4-c183d5deb59a/prints/pp2/Q5063851.webp
Чёрные софт-тач,Samsung Galaxy S25 Ultra,A:501928,S501928,ПП2,727098354,11,https://s3.twcstorage.ru/35ffc2ef-1e09-463d-a2c4-c183d5deb59a/prints/pp2/W501928.webp
Силиконовые чехлы,Samsung Galaxy S25 Ultra,A:501931,C501931,ПП2,727202649,1000000,https://s3.twcstorage.ru/35ffc2ef-1e09-463d-a2c4-c183d5deb59a/prints/pp2/W501931.webp
Чехол с вкладышем,Samsung Galaxy S25 Ultra,A:501935,W501935,ПП2,994529364,1000000,https://s3.twcstorage.ru/35ffc2ef-1e09-463d-a2c4-c183d5deb59a/prints/pp2/W501935.webp
Белые софт-тач,Samsung Galaxy S25 Ultra,A:501940,W501940,ПП2,726667629,51,https://s3.twcstorage.ru/35ffc2ef-1e09-463d-a2c4-c183d5deb59a/prints/pp2/W501940.webp
Силиконовые чехлы,Samsung Galaxy S25 Ultra,A:501941,C501941,ПП2,727242381,1000000,https://s3.twcstorage.ru/35ffc2ef-1e09-463d-a2c4-c183d5deb59a/prints/pp2/S501941.webp
Чёрные софт-тач,Samsung Galaxy S25 Ultra,A:501945,S501945,ПП2,727119495,1000000,https://s3.twcstorage.ru/35ffc2ef-1e09-463d-a2c4-c183d5deb59a/prints/pp2/W501945.webp
Силиконовые чехлы,Samsung Galaxy S25 Ultra,A:501947,C501947,ПП2,727777354,69,https://s3.twcstorage.ru/35ffc2ef-1e09-463d-a2c4-c183d5deb59a/prints/pp2/W501947.webp
Объемные матовые чехлы бордовые,Samsung Galaxy S25 Ultra,A:501948,W501948,ПП2,1153056376,52,https://s3.twcstorage.ru/35ffc2ef-1e09-463d-a2c4-c183d5deb59a/prints/pp2/W501948.webp
Чехол с вкладышем,Samsung Galaxy S25 Ultra,A:501949,W501949,ПП2,994529498,1000000,https://s3.twcstorage.ru/35ffc2ef-1e09-463d-a2c4-c183d5deb59a/prints/pp2/W501949.webp
Чёрные софт-тач,Samsung Galaxy S25 Ultra,A:501950,S501950,ПП2,727132748,2,https://s3.twcstorage.ru/35ffc2ef-1e09-463d-a2c4-c183d5deb59a/prints/pp2/W501950.webp
Белые софт-тач,Samsung Galaxy S25 Ultra,A:501951,W501951,ПП2,726586546,7,https://s3.twcstorage.ru/35ffc2ef-1e09-463d-a2c4-c183d5deb59a/prints/pp2/W501951.webp
Силиконовые чехлы,Samsung Galaxy S25 Ultra,A:501954,C501954,ПП2,727254254,122,https://s3.twcstorage.ru/35ffc2ef-1e09-463d-a2c4-c183d5deb59a/prints/pp2/W501954.webp
Чёрные софт-тач,Samsung Galaxy S25 Ultra,A:501955,S501955,ПП2,727117335,1000000,https://s3.twcstorage.ru/35ffc2ef-1e09-463d-a2c4-c183d5deb59a/prints/pp2/W501955.webp
Белые софт-тач,Samsung Galaxy S25 Ultra,A:501957,W501957,ПП2,726609755,29,https://s3.twcstorage.ru/35ffc2ef-1e09-463d-a2c4-c183d5deb59a/prints/pp2/W501957.webp
Силиконовые чехлы,Samsung Galaxy S25 Ultra,A:501960,C501960,ПП2,727208402,41,https://s3.twcstorage.ru/35ffc2ef-1e09-463d-a2c4-c183d5deb59a/prints/pp2/W501960.webp
Силиконовые чехлы,Samsung Galaxy S25 Ultra,A:501962,C501962,ПП2,727530806,62,https://s3.twcstorage.ru/35ffc2ef-1e09-463d-a2c4-c183d5deb59a/prints/pp2/W501962.webp
Силиконовые чехлы,Samsung Galaxy S25 Ultra,A:501978,Q501978,ПП2,727217274,2,https://s3.twcstorage.ru/35ffc2ef-1e09-463d-a2c4-c183d5deb59a/prints/pp2/Q5019781.webp
Силиконовые чехлы,Samsung Galaxy S25 Ultra,A:501979,Q501979,ПП2,727779188,48,https://s3.twcstorage.ru/35ffc2ef-1e09-463d-a2c4-c183d5deb59a/prints/pp2/Q5019791.webp
Стеклянные чехлы,Samsung Galaxy S25 Ultra,A:501980,Q5019801,ПП2,727506488,2,https://s3.twcstorage.ru/35ffc2ef-1e09-463d-a2c4-c183d5deb59a/prints/pp2/Q5019801.webp
Силиконовые чехлы,Samsung Galaxy S25 Ultra,A:501985,Q501985,ПП2,727520073,1000000,https://s3.twcstorage.ru/35ffc2ef-1e09-463d-a2c4-c183d5deb59a/prints/pp2/Y501985.webp
Силиконовые чехлы,Samsung Galaxy S25 Ultra,A:501989,Q501989,ПП2,727517319,1000000,https://s3.twcstorage.ru/35ffc2ef-1e09-463d-a2c4-c183d5deb59a/prints/pp2/Y501989.webp
Силиконовые чехлы,Samsung Galaxy S25 Ultra,A:501990,Q501990,ПП2,727812966,63,https://s3.twcstorage.ru/35ffc2ef-1e09-463d-a2c4-c183d5deb59a/prints/pp2/Y501990.webp
Силиконовые чехлы,Samsung Galaxy S25 Ultra,A:501993,Q501993,ПП2,727179230,37,https://s3.twcstorage.ru/35ffc2ef-1e09-463d-a2c4-c183d5deb59a/prints/pp2/Q5019931.webp
Чехол с вкладышем,Samsung Galaxy S25 Ultra,A:502003,W502003,ПП2,994530283,1000000,https://s3.twcstorage.ru/35ffc2ef-1e09-463d-a2c4-c183d5deb59a/prints/pp2/W502003.webp
Белые софт-тач,Samsung Galaxy S25 Ultra,A:502005,W502005,ПП2,726626161,55,https://s3.twcstorage.ru/35ffc2ef-1e09-463d-a2c4-c183d5deb59a/prints/pp2/W502005.webp
Чехол с вкладышем,Samsung Galaxy S25 Ultra,A:502006,W502006,ПП2,994530347,1000000,https://s3.twcstorage.ru/35ffc2ef-1e09-463d-a2c4-c183d5deb59a/prints/pp2/W502006.webp
Белые софт-тач,Samsung Galaxy S25 Ultra,A:502007,W502007,ПП2,726644171,71,https://s3.twcstorage.ru/35ffc2ef-1e09-463d-a2c4-c183d5deb59a/prints/pp2/W502007.webp
Чехол с вкладышем,Samsung Galaxy S25 Ultra,A:502008,W502008,ПП2,994530380,1000000,https://s3.twcstorage.ru/35ffc2ef-1e09-463d-a2c4-c183d5deb59a/prints/pp2/W502008.webp
Чехол с вкладышем,Samsung Galaxy S25 Ultra,A:502009,W502009,ПП2,994530417,1000000,https://s3.twcstorage.ru/35ffc2ef-1e09-463d-a2c4-c183d5deb59a/prints/pp2/W502009.webp
Объемные матовые чехлы молочные,Samsung Galaxy S25 Ultra,A:502010,W502010,ПП2,1155870226,2,https://s3.twcstorage.ru/35ffc2ef-1e09-463d-a2c4-c183d5deb59a/prints/pp2/W502010.webp
Чехол с вкладышем,Samsung Galaxy S25 Ultra,A:502011,W502011,ПП2,994530434,1000000,https://s3.twcstorage.ru/35ffc2ef-1e09-463d-a2c4-c183d5deb59a/prints/pp2/W502011.webp
Белые софт-тач,Samsung Galaxy S25 Ultra,A:502012,W502012,ПП2,726629663,14,https://s3.twcstorage.ru/35ffc2ef-1e09-463d-a2c4-c183d5deb59a/prints/pp2/W502012.webp
Белые софт-тач,Samsung Galaxy S25 Ultra,A:502014,W502014,ПП2,726647707,15,https://s3.twcstorage.ru/35ffc2ef-1e09-463d-a2c4-c183d5deb59a/prints/pp2/W502014.webp
Матовые цветные чехлы для печати,Samsung Galaxy S25 Ultra,A:502016,W502016,ПП2,726815987,39,https://s3.twcstorage.ru/35ffc2ef-1e09-463d-a2c4-c183d5deb59a/prints/pp2/W502016.webp
Чехол с вкладышем,Samsung Galaxy S25 Ultra,A:502018,W502018,ПП2,994530547,1000000,https://s3.twcstorage.ru/35ffc2ef-1e09-463d-a2c4-c183d5deb59a/prints/pp2/W502018.webp
Чехол с вкладышем,Samsung Galaxy S25 Ultra,A:502022,W502022,ПП2,994530581,1000000,https://s3.twcstorage.ru/35ffc2ef-1e09-463d-a2c4-c183d5deb59a/prints/pp2/Y502022.webp
Матовые цветные чехлы для печати,Samsung Galaxy S25 Ultra,A:502023,W502023,ПП2,726867125,56,https://s3.twcstorage.ru/35ffc2ef-1e09-463d-a2c4-c183d5deb59a/prints/pp2/W502023.webp
Матовые цветные чехлы для печати,Samsung Galaxy S25 Ultra,A:502025,W502025,ПП2,726875191,34,https://s3.twcstorage.ru/35ffc2ef-1e09-463d-a2c4-c183d5deb59a/prints/pp2/W502025.webp
Матовые цветные чехлы для печати,Samsung Galaxy S25 Ultra,A:502026,W502026,ПП2,726869149,58,https://s3.twcstorage.ru/35ffc2ef-1e09-463d-a2c4-c183d5deb59a/prints/pp2/W502026.webp
Матовые цветные чехлы для печати,Samsung Galaxy S25 Ultra,A:502027,W502027,ПП2,726879178,1000000,https://s3.twcstorage.ru/35ffc2ef-1e09-463d-a2c4-c183d5deb59a/prints/pp2/W502027.webp
Чехол с вкладышем,Samsung Galaxy S25 Ultra,A:502029,W502029,ПП2,994530789,1000000,https://s3.twcstorage.ru/35ffc2ef-1e09-463d-a2c4-c183d5deb59a/prints/pp2/W502029.webp
Матовые цветные чехлы для печати,Samsung Galaxy S25 Ultra,A:502030,W502030,ПП2,726856333,20,https://s3.twcstorage.ru/35ffc2ef-1e09-463d-a2c4-c183d5deb59a/prints/pp2/W502030.webp
Матовые цветные чехлы для печати,Samsung Galaxy S25 Ultra,A:502031,W502031,ПП2,726754064,59,https://s3.twcstorage.ru/35ffc2ef-1e09-463d-a2c4-c183d5deb59a/prints/pp2/W502031.webp
Объемные матовые чехлы коричневые,Samsung Galaxy S25 Ultra,A:502032,W502032,ПП2,1156549640,1,https://s3.twcstorage.ru/35ffc2ef-1e09-463d-a2c4-c183d5deb59a/prints/pp2/W502032.webp
Белые софт-тач,Samsung Galaxy S25 Ultra,A:502033,W502033,ПП2,726638221,10,https://s3.twcstorage.ru/35ffc2ef-1e09-463d-a2c4-c183d5deb59a/prints/pp2/W502033.webp
Белые софт-тач,Samsung Galaxy S25 Ultra,A:502036,W502036,ПП2,726649204,25,https://s3.twcstorage.ru/35ffc2ef-1e09-463d-a2c4-c183d5deb59a/prints/pp2/W502036.webp
Белые софт-тач,Samsung Galaxy S25 Ultra,A:502037,W502037,ПП2,726564865,45,https://s3.twcstorage.ru/35ffc2ef-1e09-463d-a2c4-c183d5deb59a/prints/pp2/W502037.webp
Чехол с вкладышем,Samsung Galaxy S25 Ultra,A:502039,W502039,ПП2,994530875,1000000,https://s3.twcstorage.ru/35ffc2ef-1e09-463d-a2c4-c183d5deb59a/prints/pp2/W502039.webp
Матовые цветные чехлы для печати,Samsung Galaxy S25 Ultra,A:502047,W502047,ПП2,726759869,93,https://s3.twcstorage.ru/35ffc2ef-1e09-463d-a2c4-c183d5deb59a/prints/pp2/W502047.webp
Белые софт-тач,Samsung Galaxy S25 Ultra,A:502048,W502048,ПП2,726573741,21,https://s3.twcstorage.ru/35ffc2ef-1e09-463d-a2c4-c183d5deb59a/prints/pp2/Y502048.webp
Чехол с вкладышем,Samsung Galaxy S25 Ultra,A:502049,W502049,ПП2,994530945,1000000,https://s3.twcstorage.ru/35ffc2ef-1e09-463d-a2c4-c183d5deb59a/prints/pp2/Y502049.webp
Чехол с вкладышем,Samsung Galaxy S25 Ultra,A:502051,W502051,ПП2,994530966,1000000,https://s3.twcstorage.ru/35ffc2ef-1e09-463d-a2c4-c183d5deb59a/prints/pp2/W502051.webp
Белые софт-тач,Samsung Galaxy S25 Ultra,A:502052,W502052,ПП2,726642363,2,https://s3.twcstorage.ru/35ffc2ef-1e09-463d-a2c4-c183d5deb59a/prints/pp2/W502052.webp
Белые софт-тач,Samsung Galaxy S25 Ultra,A:502053,W502053,ПП2,726639925,1,https://s3.twcstorage.ru/35ffc2ef-1e09-463d-a2c4-c183d5deb59a/prints/pp2/W502053.webp
Матовые цветные чехлы для печати,Samsung Galaxy S25 Ultra,A:502054,W502054,ПП2,726768691,73,https://s3.twcstorage.ru/35ffc2ef-1e09-463d-a2c4-c183d5deb59a/prints/pp2/W502054.webp
Матовые цветные чехлы для печати,Samsung Galaxy S25 Ultra,A:502065,W502065,ПП2,726838628,16,https://s3.twcstorage.ru/35ffc2ef-1e09-463d-a2c4-c183d5deb59a/prints/pp2/W502065.webp
Белые софт-тач,Samsung Galaxy S25 Ultra,A:502069,W502069,ПП2,726665771,16,https://s3.twcstorage.ru/35ffc2ef-1e09-463d-a2c4-c183d5deb59a/prints/pp2/W502069.webp
Матовые цветные чехлы для печати,Samsung Galaxy S25 Ultra,A:506329,W5063291,ПП2,1185819076,7,https://s3.twcstorage.ru/35ffc2ef-1e09-463d-a2c4-c183d5deb59a/prints/pp2/W5063291.webp
Силиконовые чехлы,Samsung Galaxy S25 Ultra,A:506330,W506330,ПП2,1186086212,17,https://s3.twcstorage.ru/35ffc2ef-1e09-463d-a2c4-c183d5deb59a/prints/pp2/W5063301.webp
Белые софт-тач,Samsung Galaxy S25 Ultra,A:506331,W506331,ПП2,1164159744,5,https://s3.twcstorage.ru/35ffc2ef-1e09-463d-a2c4-c183d5deb59a/prints/pp2/W5063311.webp
Силиконовые чехлы,Samsung Galaxy S25 Ultra,A:506332,W506332,ПП2,1186716552,3,https://s3.twcstorage.ru/35ffc2ef-1e09-463d-a2c4-c183d5deb59a/prints/pp2/W5063321.webp
Объемные матовые чехлы черные,Samsung Galaxy S25 Ultra,A:506334,W5063341,ПП2,1157983832,1,https://s3.twcstorage.ru/35ffc2ef-1e09-463d-a2c4-c183d5deb59a/prints/pp2/W5063341.webp
Силиконовые чехлы,Samsung Galaxy S25 Ultra,A:506335,W506335,ПП2,1186173125,15,https://s3.twcstorage.ru/35ffc2ef-1e09-463d-a2c4-c183d5deb59a/prints/pp2/W5063351.webp
Объемные матовые чехлы молочные,Samsung Galaxy S25 Ultra,A:506336,W506336,ПП2,1155260813,3,https://s3.twcstorage.ru/35ffc2ef-1e09-463d-a2c4-c183d5deb59a/prints/pp2/W5063361.webp
Матовые цветные чехлы для печати,Samsung Galaxy S25 Ultra,A:506337,W5063371,ПП2,1185624569,13,https://s3.twcstorage.ru/35ffc2ef-1e09-463d-a2c4-c183d5deb59a/prints/pp2/W5063371.webp
Матовые цветные чехлы для печати,Samsung Galaxy S25 Ultra,A:506338,W5063381,ПП2,1185382363,26,https://s3.twcstorage.ru/35ffc2ef-1e09-463d-a2c4-c183d5deb59a/prints/pp2/W5063381.webp
Белые софт-тач,Samsung Galaxy S25 Ultra,A:506340,W506340,ПП2,1164326436,4,https://s3.twcstorage.ru/35ffc2ef-1e09-463d-a2c4-c183d5deb59a/prints/pp2/W5063401.webp
Матовые цветные чехлы для печати,Samsung Galaxy S25 Ultra,A:506343,W5063431,ПП2,1185385737,61,https://s3.twcstorage.ru/35ffc2ef-1e09-463d-a2c4-c183d5deb59a/prints/pp2/W5063431.webp
Силиконовые чехлы,Samsung Galaxy S25 Ultra,A:506352,W506352,ПП2,1186750807,84,https://s3.twcstorage.ru/35ffc2ef-1e09-463d-a2c4-c183d5deb59a/prints/pp2/W5063521.webp
Силиконовые чехлы,Samsung Galaxy S25 Ultra,A:506353,W506353,ПП2,1186685642,74,https://s3.twcstorage.ru/35ffc2ef-1e09-463d-a2c4-c183d5deb59a/prints/pp2/W5063531.webp
Объемные матовые чехлы черные,Samsung Galaxy S25 Ultra,A:506370,W506370,ПП2,1157861065,38,https://s3.twcstorage.ru/35ffc2ef-1e09-463d-a2c4-c183d5deb59a/prints/pp2/W506370.webp
Матовые цветные чехлы для печати,Samsung Galaxy S25 Ultra,A:506372,W506372,ПП2,1185764570,9,https://s3.twcstorage.ru/35ffc2ef-1e09-463d-a2c4-c183d5deb59a/prints/pp2/W506372.webp
Силиконовые чехлы,Samsung Galaxy S25 Ultra,A:506373,W506373,ПП2,1186729248,6,https://s3.twcstorage.ru/35ffc2ef-1e09-463d-a2c4-c183d5deb59a/prints/pp2/W506373.webp
Белые софт-тач,Samsung Galaxy S25 Ultra,A:506374,W506374,ПП2,1163960610,3,https://s3.twcstorage.ru/35ffc2ef-1e09-463d-a2c4-c183d5deb59a/prints/pp2/W506374.webp
Матовые цветные чехлы для печати,Samsung Galaxy S25 Ultra,A:506376,W506376,ПП2,1185412546,42,https://s3.twcstorage.ru/35ffc2ef-1e09-463d-a2c4-c183d5deb59a/prints/pp2/W506376.webp
Силиконовые чехлы,Samsung Galaxy S25 Ultra,A:506377,W506377,ПП2,1186525451,29,https://s3.twcstorage.ru/35ffc2ef-1e09-463d-a2c4-c183d5deb59a/prints/pp2/W506377.webp
Матовые цветные чехлы для печати,Samsung Galaxy S25 Ultra,A:506381,W506381,ПП2,1185706345,14,https://s3.twcstorage.ru/35ffc2ef-1e09-463d-a2c4-c183d5deb59a/prints/pp2/W506381.webp
Стеклянные чехлы,Samsung Galaxy S25 Ultra,A:506384,Q5063841,ПП2,1186850348,1,https://s3.twcstorage.ru/35ffc2ef-1e09-463d-a2c4-c183d5deb59a/prints/pp2/Q5063841.webp
Силиконовые чехлы,Samsung Galaxy S26,A:501947,W501947,ПП2,1237846692,69,https://s3.twcstorage.ru/35ffc2ef-1e09-463d-a2c4-c183d5deb59a/prints/pp2/W501947.webp
Силиконовые чехлы,Samsung Galaxy S26,A:501978,Q501978,ПП2,1237843810,2,https://s3.twcstorage.ru/35ffc2ef-1e09-463d-a2c4-c183d5deb59a/prints/pp2/Q5019781.webp
Силиконовые чехлы,Samsung Galaxy S26,A:501979,Q501979,ПП2,1237844358,48,https://s3.twcstorage.ru/35ffc2ef-1e09-463d-a2c4-c183d5deb59a/prints/pp2/Q5019791.webp
Силиконовые чехлы,Samsung Galaxy S26,A:502003,W502003,ПП2,1237848632,72,https://s3.twcstorage.ru/35ffc2ef-1e09-463d-a2c4-c183d5deb59a/prints/pp2/W502003.webp
Силиконовые чехлы,Samsung Galaxy S26,A:502007,W502007,ПП2,1237845957,55,https://s3.twcstorage.ru/35ffc2ef-1e09-463d-a2c4-c183d5deb59a/prints/pp2/W502007.webp
Матовые цветные чехлы для печати,Samsung Galaxy S26,A:506331,W5063311,ПП2,1237983930,5,https://s3.twcstorage.ru/35ffc2ef-1e09-463d-a2c4-c183d5deb59a/prints/pp2/W5063311.webp
Силиконовые чехлы,Samsung Galaxy S26,A:506334,W506334,ПП2,1237850418,12,https://s3.twcstorage.ru/35ffc2ef-1e09-463d-a2c4-c183d5deb59a/prints/pp2/W5063341.webp
Силиконовые чехлы,Samsung Galaxy S26 Plus,A:501962,W501962,ПП2,1237848313,62,https://s3.twcstorage.ru/35ffc2ef-1e09-463d-a2c4-c183d5deb59a/prints/pp2/W501962.webp
Силиконовые чехлы,Samsung Galaxy S26 Plus,A:502010,W502010,ПП2,1237843766,1,https://s3.twcstorage.ru/35ffc2ef-1e09-463d-a2c4-c183d5deb59a/prints/pp2/W502010.webp
Силиконовые чехлы,Samsung Galaxy S26 Plus,A:502012,W502012,ПП2,1237843446,35,https://s3.twcstorage.ru/35ffc2ef-1e09-463d-a2c4-c183d5deb59a/prints/pp2/W502012.webp
Силиконовые чехлы,Samsung Galaxy S26 Plus,A:502047,W502047,ПП2,1237939680,39,https://s3.twcstorage.ru/35ffc2ef-1e09-463d-a2c4-c183d5deb59a/prints/pp2/W502047.webp
Матовые цветные чехлы для печати,Samsung Galaxy S26 Plus,A:506332,W5063321,ПП2,1237984489,2,https://s3.twcstorage.ru/35ffc2ef-1e09-463d-a2c4-c183d5deb59a/prints/pp2/W5063321.webp
Силиконовые чехлы,Samsung Galaxy S26 Plus,A:506374,W506374,ПП2,1237851875,10,https://s3.twcstorage.ru/35ffc2ef-1e09-463d-a2c4-c183d5deb59a/prints/pp2/W506374.webp
Силиконовые чехлы,Samsung Galaxy S26 Ultra,A:501960,W501960,ПП2,1237848126,41,https://s3.twcstorage.ru/35ffc2ef-1e09-463d-a2c4-c183d5deb59a/prints/pp2/W501960.webp
Силиконовые чехлы,Samsung Galaxy S26 Ultra,A:501978,Q501978,ПП2,1237843760,2,https://s3.twcstorage.ru/35ffc2ef-1e09-463d-a2c4-c183d5deb59a/prints/pp2/Q5019781.webp
Силиконовые чехлы,Samsung Galaxy S26 Ultra,A:502005,W502005,ПП2,1237845065,64,https://s3.twcstorage.ru/35ffc2ef-1e09-463d-a2c4-c183d5deb59a/prints/pp2/W502005.webp
Матовые цветные чехлы для печати,Samsung Galaxy S26 Ultra,A:502006,W502006,ПП2,1237982724,47,https://s3.twcstorage.ru/35ffc2ef-1e09-463d-a2c4-c183d5deb59a/prints/pp2/W502006.webp
Силиконовые чехлы,Samsung Galaxy S26 Ultra,A:502007,W502007,ПП2,1237846036,55,https://s3.twcstorage.ru/35ffc2ef-1e09-463d-a2c4-c183d5deb59a/prints/pp2/W502007.webp
Силиконовые чехлы,Samsung Galaxy S26 Ultra,A:502009,W502009,ПП2,1237848719,8,https://s3.twcstorage.ru/35ffc2ef-1e09-463d-a2c4-c183d5deb59a/prints/pp2/W502009.webp
Силиконовые чехлы,Samsung Galaxy S26 Ultra,A:502010,W502010,ПП2,1237843877,1,https://s3.twcstorage.ru/35ffc2ef-1e09-463d-a2c4-c183d5deb59a/prints/pp2/W502010.webp
Силиконовые чехлы,Samsung Galaxy S26 Ultra,A:502014,W502014,ПП2,1237938920,7,https://s3.twcstorage.ru/35ffc2ef-1e09-463d-a2c4-c183d5deb59a/prints/pp2/W502014.webp
Матовые цветные чехлы для печати,Samsung Galaxy S26 Ultra,A:502029,W502029,ПП2,1237983653,30,https://s3.twcstorage.ru/35ffc2ef-1e09-463d-a2c4-c183d5deb59a/prints/pp2/W502029.webp
Силиконовые чехлы,Samsung Galaxy S26 Ultra,A:502031,W502031,ПП2,1237843201,52,https://s3.twcstorage.ru/35ffc2ef-1e09-463d-a2c4-c183d5deb59a/prints/pp2/W502031.webp
Силиконовые чехлы,Samsung Galaxy S26 Ultra,A:502033,W502033,ПП2,1237844435,104,https://s3.twcstorage.ru/35ffc2ef-1e09-463d-a2c4-c183d5deb59a/prints/pp2/W502033.webp
Силиконовые чехлы,Samsung Galaxy S26 Ultra,A:502049,W502049,ПП2,1237939608,40,https://s3.twcstorage.ru/35ffc2ef-1e09-463d-a2c4-c183d5deb59a/prints/pp2/Y502049.webp
Матовые цветные чехлы для печати,Samsung Galaxy S26 Ultra,A:502065,W502065,ПП2,1237981692,16,https://s3.twcstorage.ru/35ffc2ef-1e09-463d-a2c4-c183d5deb59a/prints/pp2/W502065.webp
Силиконовые чехлы,Samsung Galaxy S26 Ultra,A:502067,W502067,ПП2,1237843171,1000000,https://s3.twcstorage.ru/35ffc2ef-1e09-463d-a2c4-c183d5deb59a/prints/pp2/W5020671.webp
Силиконовые чехлы,Samsung Galaxy S26 Ultra,A:506329,W506329,ПП2,1237849852,24,https://s3.twcstorage.ru/35ffc2ef-1e09-463d-a2c4-c183d5deb59a/prints/pp2/W5063291.webp
Матовые цветные чехлы для печати,Samsung Galaxy S26 Ultra,A:506330,W5063301,ПП2,1237983799,3,https://s3.twcstorage.ru/35ffc2ef-1e09-463d-a2c4-c183d5deb59a/prints/pp2/W5063301.webp
Силиконовые чехлы,Samsung Galaxy S26 Ultra,A:506331,W506331,ПП2,1237849832,9,https://s3.twcstorage.ru/35ffc2ef-1e09-463d-a2c4-c183d5deb59a/prints/pp2/W5063311.webp
Силиконовые чехлы,Samsung Galaxy S26 Ultra,A:506332,W506332,ПП2,1237850172,3,https://s3.twcstorage.ru/35ffc2ef-1e09-463d-a2c4-c183d5deb59a/prints/pp2/W5063321.webp
Силиконовые чехлы,Samsung Galaxy S26 Ultra,A:506334,W506334,ПП2,1237850430,12,https://s3.twcstorage.ru/35ffc2ef-1e09-463d-a2c4-c183d5deb59a/prints/pp2/W5063341.webp
Матовые цветные чехлы для печати,Samsung Galaxy S26 Ultra,A:506339,W5063391,ПП2,1237985563,8,https://s3.twcstorage.ru/35ffc2ef-1e09-463d-a2c4-c183d5deb59a/prints/pp2/W5063391.webp
Силиконовые чехлы,Samsung Galaxy S26 Ultra,A:506373,W506373,ПП2,1237851867,6,https://s3.twcstorage.ru/35ffc2ef-1e09-463d-a2c4-c183d5deb59a/prints/pp2/W506373.webp
Силиконовые чехлы,Samsung Galaxy S26 Ultra,A:506374,W506374,ПП2,1237851899,10,https://s3.twcstorage.ru/35ffc2ef-1e09-463d-a2c4-c183d5deb59a/prints/pp2/W506374.webp
Силиконовые чехлы,Samsung M56 5G,A:506384,Q506384,ПП2,1137002908,36,https://s3.twcstorage.ru/35ffc2ef-1e09-463d-a2c4-c183d5deb59a/prints/pp2/Q5063841.webp
Силиконовые чехлы,Sony Xperia 1 IV,A:501980,Q501980,ПП2,1121971705,4,https://s3.twcstorage.ru/35ffc2ef-1e09-463d-a2c4-c183d5deb59a/prints/pp2/Q5019801.webp
Силиконовые чехлы,Tecno Camon 20 Premier,A:506352,W506352,ПП2,1137188202,84,https://s3.twcstorage.ru/35ffc2ef-1e09-463d-a2c4-c183d5deb59a/prints/pp2/W5063521.webp
Силиконовые чехлы,Tecno Camon 20 Pro 5G,A:502014,W502014,ПП2,1121117146,7,https://s3.twcstorage.ru/35ffc2ef-1e09-463d-a2c4-c183d5deb59a/prints/pp2/W502014.webp
Силиконовые чехлы,Tecno Camon 20/20 Pro 4G,A:501951,W501951,ПП2,727844289,20,https://s3.twcstorage.ru/35ffc2ef-1e09-463d-a2c4-c183d5deb59a/prints/pp2/W501951.webp
Силиконовые чехлы,Tecno Camon 20/20 Pro 4G,A:501968,W501968,ПП2,727075446,78,https://s3.twcstorage.ru/35ffc2ef-1e09-463d-a2c4-c183d5deb59a/prints/pp2/W501968.webp
Силиконовые чехлы,Tecno Camon 20/20 Pro 4G,A:501974,Q501974,ПП2,727294799,70,https://s3.twcstorage.ru/35ffc2ef-1e09-463d-a2c4-c183d5deb59a/prints/pp2/Q501974.webp
Силиконовые чехлы,Tecno Camon 20/20 Pro 4G,A:502010,W502010,ПП2,727232422,1,https://s3.twcstorage.ru/35ffc2ef-1e09-463d-a2c4-c183d5deb59a/prints/pp2/W502010.webp
Силиконовые чехлы,Tecno Camon 20/20 Pro 4G,A:502031,W502031,ПП2,727053403,52,https://s3.twcstorage.ru/35ffc2ef-1e09-463d-a2c4-c183d5deb59a/prints/pp2/W502031.webp
Силиконовые чехлы,Tecno Camon 30 4G,A:501960,W501960,ПП2,1124067207,41,https://s3.twcstorage.ru/35ffc2ef-1e09-463d-a2c4-c183d5deb59a/prints/pp2/W501960.webp
Силиконовые чехлы,Tecno Camon 30S,A:501965,Q501965,ПП2,726961259,86,https://s3.twcstorage.ru/35ffc2ef-1e09-463d-a2c4-c183d5deb59a/prints/pp2/Q5019651.webp
Силиконовые чехлы,Tecno Camon 30S,A:501993,Q501993,ПП2,727180850,37,https://s3.twcstorage.ru/35ffc2ef-1e09-463d-a2c4-c183d5deb59a/prints/pp2/Q5019931.webp
Матовые цветные чехлы для печати,Tecno Camon 30S,A:502009,W502009,ПП2,1139996167,22,https://s3.twcstorage.ru/35ffc2ef-1e09-463d-a2c4-c183d5deb59a/prints/pp2/W502009.webp
Матовые цветные чехлы для печати,Tecno Camon 30S,A:506372,W506372,ПП2,1152365506,9,https://s3.twcstorage.ru/35ffc2ef-1e09-463d-a2c4-c183d5deb59a/prints/pp2/W506372.webp
Силиконовые чехлы,Tecno Camon 30S Pro,A:501979,Q501979,ПП2,1122358323,48,https://s3.twcstorage.ru/35ffc2ef-1e09-463d-a2c4-c183d5deb59a/prints/pp2/Q5019791.webp
Силиконовые чехлы,Tecno Camon 30S Pro,A:502028,W502028,ПП2,1123881806,90,https://s3.twcstorage.ru/35ffc2ef-1e09-463d-a2c4-c183d5deb59a/prints/pp2/W502028.webp
Силиконовые чехлы,Tecno Camon 30S Pro,A:506374,W506374,ПП2,1137409056,10,https://s3.twcstorage.ru/35ffc2ef-1e09-463d-a2c4-c183d5deb59a/prints/pp2/W506374.webp
Силиконовые чехлы,Tecno Camon 40,A:501937,W501937,ПП2,727277504,116,https://s3.twcstorage.ru/35ffc2ef-1e09-463d-a2c4-c183d5deb59a/prints/pp2/W501937.webp
Силиконовые чехлы,Tecno Camon 40,A:501965,Q501965,ПП2,726961169,86,https://s3.twcstorage.ru/35ffc2ef-1e09-463d-a2c4-c183d5deb59a/prints/pp2/Q5019651.webp
Силиконовые чехлы,Tecno Camon 40,A:501978,Q501978,ПП2,727218463,2,https://s3.twcstorage.ru/35ffc2ef-1e09-463d-a2c4-c183d5deb59a/prints/pp2/Q5019781.webp
Силиконовые чехлы,Tecno Camon 40,A:501993,Q501993,ПП2,727180280,37,https://s3.twcstorage.ru/35ffc2ef-1e09-463d-a2c4-c183d5deb59a/prints/pp2/Q5019931.webp
Силиконовые чехлы,Tecno Camon 40,A:502021,W502021,ПП2,727575107,1000000,https://s3.twcstorage.ru/35ffc2ef-1e09-463d-a2c4-c183d5deb59a/prints/pp2/Y502021.webp
Объемные матовые чехлы светло-розовые,Tecno Camon 40,A:502030,W502030,ПП2,1152706982,48,https://s3.twcstorage.ru/35ffc2ef-1e09-463d-a2c4-c183d5deb59a/prints/pp2/W502030.webp
Силиконовые чехлы,Tecno Camon 40 Pro,A:501980,Q501980,ПП2,727179153,4,https://s3.twcstorage.ru/35ffc2ef-1e09-463d-a2c4-c183d5deb59a/prints/pp2/Q5019801.webp
Матовые цветные чехлы для печати,Tecno Camon 40 Pro,A:502007,W502007,ПП2,1152775708,67,https://s3.twcstorage.ru/35ffc2ef-1e09-463d-a2c4-c183d5deb59a/prints/pp2/W502007.webp
Белые софт-тач,Tecno Camon 40 Pro,A:502053,W502053,ПП2,726640167,1,https://s3.twcstorage.ru/35ffc2ef-1e09-463d-a2c4-c183d5deb59a/prints/pp2/W502053.webp
Силиконовые чехлы,Tecno Camon 40 Pro 5G,A:501980,Q501980,ПП2,727174698,4,https://s3.twcstorage.ru/35ffc2ef-1e09-463d-a2c4-c183d5deb59a/prints/pp2/Q5019801.webp
Силиконовые чехлы,Tecno Camon 40 Pro 5G,A:501993,Q501993,ПП2,727179851,37,https://s3.twcstorage.ru/35ffc2ef-1e09-463d-a2c4-c183d5deb59a/prints/pp2/Q5019931.webp
Матовые цветные чехлы для печати,Tecno Camon 40 Pro 5G,A:502002,W502002,ПП2,726817775,1000000,https://s3.twcstorage.ru/35ffc2ef-1e09-463d-a2c4-c183d5deb59a/prints/pp2/W502002.webp
Матовые цветные чехлы для печати,Tecno Camon 40 Pro 5G,A:502048,W502048,ПП2,726761668,72,https://s3.twcstorage.ru/35ffc2ef-1e09-463d-a2c4-c183d5deb59a/prints/pp2/Y502048.webp
Матовые цветные чехлы для печати,Tecno Pova 5,A:501935,W501935,ПП2,726865127,86,https://s3.twcstorage.ru/35ffc2ef-1e09-463d-a2c4-c183d5deb59a/prints/pp2/W501935.webp
Матовые цветные чехлы для печати,Tecno Pova 5,A:501947,W501947,ПП2,726781603,28,https://s3.twcstorage.ru/35ffc2ef-1e09-463d-a2c4-c183d5deb59a/prints/pp2/W501947.webp
Силиконовые чехлы,Tecno Pova 5,A:501967,Q501967,ПП2,727090600,1000000,https://s3.twcstorage.ru/35ffc2ef-1e09-463d-a2c4-c183d5deb59a/prints/pp2/W501967.webp
Силиконовые чехлы,Tecno Pova 5,A:501978,Q501978,ПП2,727218211,2,https://s3.twcstorage.ru/35ffc2ef-1e09-463d-a2c4-c183d5deb59a/prints/pp2/Q5019781.webp
Силиконовые чехлы,Tecno Pova 5,A:501982,Q501982,ПП2,727553101,1000000,https://s3.twcstorage.ru/35ffc2ef-1e09-463d-a2c4-c183d5deb59a/prints/pp2/Y501982.webp
Силиконовые чехлы,Tecno Pova 5,A:501985,Q501985,ПП2,727520862,1000000,https://s3.twcstorage.ru/35ffc2ef-1e09-463d-a2c4-c183d5deb59a/prints/pp2/Y501985.webp
Силиконовые чехлы,Tecno Pova 5,A:502010,W502010,ПП2,727230983,1,https://s3.twcstorage.ru/35ffc2ef-1e09-463d-a2c4-c183d5deb59a/prints/pp2/W502010.webp
Матовые цветные чехлы для печати,Tecno Pova 5,A:502035,W502035,ПП2,726757247,50,https://s3.twcstorage.ru/35ffc2ef-1e09-463d-a2c4-c183d5deb59a/prints/pp2/W502035.webp
Матовые цветные чехлы для печати,Tecno Pova 5,A:502048,W502048,ПП2,726762304,72,https://s3.twcstorage.ru/35ffc2ef-1e09-463d-a2c4-c183d5deb59a/prints/pp2/Y502048.webp
Матовые цветные чехлы для печати,Tecno Pova 5,A:502055,W502055,ПП2,726772495,95,https://s3.twcstorage.ru/35ffc2ef-1e09-463d-a2c4-c183d5deb59a/prints/pp2/W502055.webp
Матовые цветные чехлы для печати,Tecno Pova 5,A:502065,W502065,ПП2,726839681,16,https://s3.twcstorage.ru/35ffc2ef-1e09-463d-a2c4-c183d5deb59a/prints/pp2/W502065.webp
Силиконовые чехлы,Tecno Pova 5 Pro 5G,A:501978,Q501978,ПП2,1121714997,2,https://s3.twcstorage.ru/35ffc2ef-1e09-463d-a2c4-c183d5deb59a/prints/pp2/Q5019781.webp
Силиконовые чехлы,Tecno Pova 5 Pro 5G,A:501980,Q501980,ПП2,1121961140,4,https://s3.twcstorage.ru/35ffc2ef-1e09-463d-a2c4-c183d5deb59a/prints/pp2/Q5019801.webp
Силиконовые чехлы,Tecno Pova 5 Pro 5G,A:501994,Q501994,ПП2,1123114482,1000000,https://s3.twcstorage.ru/35ffc2ef-1e09-463d-a2c4-c183d5deb59a/prints/pp2/Q501994.webp
Силиконовые чехлы,Tecno Pova 6,A:501951,W501951,ПП2,727844262,20,https://s3.twcstorage.ru/35ffc2ef-1e09-463d-a2c4-c183d5deb59a/prints/pp2/W501951.webp
Силиконовые чехлы,Tecno Pova 6,A:501980,Q501980,ПП2,727178627,4,https://s3.twcstorage.ru/35ffc2ef-1e09-463d-a2c4-c183d5deb59a/prints/pp2/Q5019801.webp
Силиконовые чехлы,Tecno Pova 6,A:502014,W502014,ПП2,726983931,7,https://s3.twcstorage.ru/35ffc2ef-1e09-463d-a2c4-c183d5deb59a/prints/pp2/W502014.webp
Силиконовые чехлы,Tecno Pova 6 Neo,A:501946,C501946,ПП2,727077396,121,https://s3.twcstorage.ru/35ffc2ef-1e09-463d-a2c4-c183d5deb59a/prints/pp2/W501946.webp
Силиконовые чехлы,Tecno Pova 6 Neo,A:501951,C501951,ПП2,727816761,20,https://s3.twcstorage.ru/35ffc2ef-1e09-463d-a2c4-c183d5deb59a/prints/pp2/W501951.webp
Матовые цветные чехлы для печати,Tecno Pova 6 Neo,A:501956,W501956,ПП2,726827268,1000000,https://s3.twcstorage.ru/35ffc2ef-1e09-463d-a2c4-c183d5deb59a/prints/pp2/W501956.webp
Силиконовые чехлы,Tecno Pova 6 Neo,A:501978,Q501978,ПП2,727217888,2,https://s3.twcstorage.ru/35ffc2ef-1e09-463d-a2c4-c183d5deb59a/prints/pp2/Q5019781.webp
Силиконовые чехлы,Tecno Pova 6 Pro 5G,A:501931,W501931,ПП2,727107754,1000000,https://s3.twcstorage.ru/35ffc2ef-1e09-463d-a2c4-c183d5deb59a/prints/pp2/W501931.webp
Силиконовые чехлы,Tecno Pova 6 Pro 5G,A:501980,Q501980,ПП2,727175615,4,https://s3.twcstorage.ru/35ffc2ef-1e09-463d-a2c4-c183d5deb59a/prints/pp2/Q5019801.webp
Матовые цветные чехлы для печати,Tecno Pova 6 Pro 5G,A:502065,W502065,ПП2,1152750158,16,https://s3.twcstorage.ru/35ffc2ef-1e09-463d-a2c4-c183d5deb59a/prints/pp2/W502065.webp
Силиконовые чехлы,Tecno Pova 7 5G,A:501942,C501942,ПП2,727245582,118,https://s3.twcstorage.ru/35ffc2ef-1e09-463d-a2c4-c183d5deb59a/prints/pp2/S501942.webp
Силиконовые чехлы,Tecno Pova 7 5G,A:501957,C501957,ПП2,727257291,54,https://s3.twcstorage.ru/35ffc2ef-1e09-463d-a2c4-c183d5deb59a/prints/pp2/W501957.webp
Матовые цветные чехлы для печати,Tecno Pova 7 5G,A:501997,W501997,ПП2,726811922,1000000,https://s3.twcstorage.ru/35ffc2ef-1e09-463d-a2c4-c183d5deb59a/prints/pp2/Y501997.webp
Матовые цветные чехлы для печати,Tecno Pova 7 5G,A:506343,W5063431,ПП2,1154289654,61,https://s3.twcstorage.ru/35ffc2ef-1e09-463d-a2c4-c183d5deb59a/prints/pp2/W5063431.webp
Силиконовые чехлы,Tecno Pova 7 Pro 5G,A:501978,Q501978,ПП2,727218078,2,https://s3.twcstorage.ru/35ffc2ef-1e09-463d-a2c4-c183d5deb59a/prints/pp2/Q5019781.webp
Силиконовые чехлы,Tecno Pova 7 Pro 5G,A:501980,Q501980,ПП2,727175024,4,https://s3.twcstorage.ru/35ffc2ef-1e09-463d-a2c4-c183d5deb59a/prints/pp2/Q5019801.webp
Силиконовые чехлы,Tecno Pova 7 Pro 5G,A:501988,Q501988,ПП2,727513942,128,https://s3.twcstorage.ru/35ffc2ef-1e09-463d-a2c4-c183d5deb59a/prints/pp2/Y501988.webp
Матовые цветные чехлы для печати,Tecno Pova 7 Pro 5G,A:502006,W502006,ПП2,726861969,47,https://s3.twcstorage.ru/35ffc2ef-1e09-463d-a2c4-c183d5deb59a/prints/pp2/W502006.webp
Матовые цветные чехлы для печати,Tecno Pova 7 Pro 5G,A:502014,W502014,ПП2,726750542,18,https://s3.twcstorage.ru/35ffc2ef-1e09-463d-a2c4-c183d5deb59a/prints/pp2/W502014.webp
Матовые цветные чехлы для печати,Tecno Pova 7 Pro 5G,A:502029,W502029,ПП2,726883918,30,https://s3.twcstorage.ru/35ffc2ef-1e09-463d-a2c4-c183d5deb59a/prints/pp2/W502029.webp
Матовые цветные чехлы для печати,Tecno Pova 7 Pro 5G,A:502034,W502034,ПП2,726837970,49,https://s3.twcstorage.ru/35ffc2ef-1e09-463d-a2c4-c183d5deb59a/prints/pp2/W502034.webp
Матовые цветные чехлы для печати,Tecno Pova 7 Pro 5G,A:502054,W502054,ПП2,726770416,73,https://s3.twcstorage.ru/35ffc2ef-1e09-463d-a2c4-c183d5deb59a/prints/pp2/W502054.webp
Матовые цветные чехлы для печати,Tecno Pova 7 Pro 5G,A:502063,W502063,ПП2,726841137,76,https://s3.twcstorage.ru/35ffc2ef-1e09-463d-a2c4-c183d5deb59a/prints/pp2/W502063.webp
Матовые цветные чехлы для печати,Tecno Pova 7 Pro 5G,A:502067,W5020671,ПП2,726734461,41,https://s3.twcstorage.ru/35ffc2ef-1e09-463d-a2c4-c183d5deb59a/prints/pp2/W5020671.webp
Силиконовые чехлы,Tecno Pova 7 Pro 5G,A:506346,W506346,ПП2,1186294979,81,https://s3.twcstorage.ru/35ffc2ef-1e09-463d-a2c4-c183d5deb59a/prints/pp2/W506346.webp
Силиконовые чехлы,Tecno Pova 7 Ultra,A:501980,Q501980,ПП2,1121623628,4,https://s3.twcstorage.ru/35ffc2ef-1e09-463d-a2c4-c183d5deb59a/prints/pp2/Q5019801.webp
Матовые цветные чехлы для печати,Tecno Pova 7 Ultra,A:502037,W502037,ПП2,1140014899,71,https://s3.twcstorage.ru/35ffc2ef-1e09-463d-a2c4-c183d5deb59a/prints/pp2/W502037.webp
Объемные матовые чехлы коричневые,Tecno Pova 7/7 Neo,A:501927,W501927,ПП2,1156138222,40,https://s3.twcstorage.ru/35ffc2ef-1e09-463d-a2c4-c183d5deb59a/prints/pp2/W501927.webp
Матовые цветные чехлы для печати,Tecno Pova 7/7 Neo,A:502004,W502004,ПП2,726737295,1000000,https://s3.twcstorage.ru/35ffc2ef-1e09-463d-a2c4-c183d5deb59a/prints/pp2/W502004.webp
Силиконовые чехлы,Tecno Pova 7/7 Neo,A:502008,W502008,ПП2,727825855,18,https://s3.twcstorage.ru/35ffc2ef-1e09-463d-a2c4-c183d5deb59a/prints/pp2/W502008.webp
Матовые цветные чехлы для печати,Tecno Pova 7/7 Neo,A:502009,W502009,ПП2,726742174,22,https://s3.twcstorage.ru/35ffc2ef-1e09-463d-a2c4-c183d5deb59a/prints/pp2/W502009.webp
Силиконовые чехлы,Tecno Pova 7/7 Neo,A:502016,W502016,ПП2,727820842,130,https://s3.twcstorage.ru/35ffc2ef-1e09-463d-a2c4-c183d5deb59a/prints/pp2/W502016.webp
Матовые цветные чехлы для печати,Tecno Pova 7/7 Neo,A:502018,W502018,ПП2,726833821,48,https://s3.twcstorage.ru/35ffc2ef-1e09-463d-a2c4-c183d5deb59a/prints/pp2/W502018.webp
Силиконовые чехлы,Tecno Pova 7/7 Neo,A:502035,W502035,ПП2,727782020,43,https://s3.twcstorage.ru/35ffc2ef-1e09-463d-a2c4-c183d5deb59a/prints/pp2/W502035.webp
Объемные матовые чехлы коричневые,Tecno Pova 7/7 Neo,A:502037,W502037,ПП2,1156272751,46,https://s3.twcstorage.ru/35ffc2ef-1e09-463d-a2c4-c183d5deb59a/prints/pp2/W502037.webp
Матовые цветные чехлы для печати,Tecno Pova 7/7 Neo,A:506334,W5063341,ПП2,1185574296,1,https://s3.twcstorage.ru/35ffc2ef-1e09-463d-a2c4-c183d5deb59a/prints/pp2/W5063341.webp
Объемные матовые чехлы черные,Tecno Pova 7/7 Neo,A:506336,W5063361,ПП2,1158016671,37,https://s3.twcstorage.ru/35ffc2ef-1e09-463d-a2c4-c183d5deb59a/prints/pp2/W5063361.webp
Силиконовые чехлы,Tecno Pova 7/7 Neo,A:506384,Q506384,ПП2,1186041057,36,https://s3.twcstorage.ru/35ffc2ef-1e09-463d-a2c4-c183d5deb59a/prints/pp2/Q5063841.webp
Силиконовые чехлы,Tecno Pova Neo 2,A:501968,Q501968,ПП2,1121981164,78,https://s3.twcstorage.ru/35ffc2ef-1e09-463d-a2c4-c183d5deb59a/prints/pp2/W501968.webp
Силиконовые чехлы,Tecno Pova Neo 2,A:501971,Q501971,ПП2,1223296291,87,https://s3.twcstorage.ru/35ffc2ef-1e09-463d-a2c4-c183d5deb59a/prints/pp2/Q501971.webp
Стеклянные чехлы,Tecno Spark 10 4G,A:501979,Q5019791,ПП2,727507968,6,https://s3.twcstorage.ru/35ffc2ef-1e09-463d-a2c4-c183d5deb59a/prints/pp2/Q5019791.webp
Стеклянные чехлы,Tecno Spark 10 4G,A:501980,Q5019801,ПП2,727507159,2,https://s3.twcstorage.ru/35ffc2ef-1e09-463d-a2c4-c183d5deb59a/prints/pp2/Q5019801.webp
Силиконовые чехлы,Tecno Spark 10 Pro,A:501980,Q501980,ПП2,727178288,4,https://s3.twcstorage.ru/35ffc2ef-1e09-463d-a2c4-c183d5deb59a/prints/pp2/Q5019801.webp
Стеклянные чехлы,Tecno Spark 10 Pro,A:501988,Y501988,ПП2,726991202,1000000,https://s3.twcstorage.ru/35ffc2ef-1e09-463d-a2c4-c183d5deb59a/prints/pp2/Y501988.webp
Силиконовые чехлы,Tecno Spark 10 Pro,A:502050,W502050,ПП2,726999130,105,https://s3.twcstorage.ru/35ffc2ef-1e09-463d-a2c4-c183d5deb59a/prints/pp2/Y502050.webp
Силиконовые чехлы,Tecno Spark 10 Pro,A:506336,W506336,ПП2,1186198583,14,https://s3.twcstorage.ru/35ffc2ef-1e09-463d-a2c4-c183d5deb59a/prints/pp2/W5063361.webp
Силиконовые чехлы,Tecno Spark 10 Pro,A:506340,W506340,ПП2,1186239626,5,https://s3.twcstorage.ru/35ffc2ef-1e09-463d-a2c4-c183d5deb59a/prints/pp2/W5063401.webp
Матовые цветные чехлы для печати,Tecno Spark 10/10C,A:501947,W501947,ПП2,726781279,28,https://s3.twcstorage.ru/35ffc2ef-1e09-463d-a2c4-c183d5deb59a/prints/pp2/W501947.webp
Силиконовые чехлы,Tecno Spark 10/10C,A:501993,Q501993,ПП2,727185433,37,https://s3.twcstorage.ru/35ffc2ef-1e09-463d-a2c4-c183d5deb59a/prints/pp2/Q5019931.webp
Силиконовые чехлы,Tecno Spark 10/10C,A:502007,W502007,ПП2,727852675,55,https://s3.twcstorage.ru/35ffc2ef-1e09-463d-a2c4-c183d5deb59a/prints/pp2/W502007.webp
Объемные матовые чехлы коричневые,Tecno Spark 10/10C,A:502053,W502053,ПП2,1156656433,4,https://s3.twcstorage.ru/35ffc2ef-1e09-463d-a2c4-c183d5deb59a/prints/pp2/W502053.webp
Объемные матовые чехлы коричневые,Tecno Spark 10/10C,A:502065,W502065,ПП2,1156440645,32,https://s3.twcstorage.ru/35ffc2ef-1e09-463d-a2c4-c183d5deb59a/prints/pp2/W502065.webp
Матовые цветные чехлы для печати,Tecno Spark 20,A:501930,W501930,ПП2,726807912,83,https://s3.twcstorage.ru/35ffc2ef-1e09-463d-a2c4-c183d5deb59a/prints/pp2/W501930.webp
Матовые цветные чехлы для печати,Tecno Spark 20,A:501935,W501935,ПП2,726865295,86,https://s3.twcstorage.ru/35ffc2ef-1e09-463d-a2c4-c183d5deb59a/prints/pp2/W501935.webp
Силиконовые чехлы,Tecno Spark 20,A:501959,C501959,ПП2,727263185,1000000,https://s3.twcstorage.ru/35ffc2ef-1e09-463d-a2c4-c183d5deb59a/prints/pp2/S501959.webp
Силиконовые чехлы,Tecno Spark 20,A:501984,Q501984,ПП2,727519379,126,https://s3.twcstorage.ru/35ffc2ef-1e09-463d-a2c4-c183d5deb59a/prints/pp2/Y501984.webp
Силиконовые чехлы,Tecno Spark 20,A:501987,Q501987,ПП2,727811476,1000000,https://s3.twcstorage.ru/35ffc2ef-1e09-463d-a2c4-c183d5deb59a/prints/pp2/Y501987.webp
Силиконовые чехлы,Tecno Spark 20,A:501988,Q501988,ПП2,727514396,128,https://s3.twcstorage.ru/35ffc2ef-1e09-463d-a2c4-c183d5deb59a/prints/pp2/Y501988.webp
Силиконовые чехлы,Tecno Spark 20,A:502014,W502014,ПП2,727020089,7,https://s3.twcstorage.ru/35ffc2ef-1e09-463d-a2c4-c183d5deb59a/prints/pp2/W502014.webp
Матовые цветные чехлы для печати,Tecno Spark 20,A:502021,W502021,ПП2,726878596,68,https://s3.twcstorage.ru/35ffc2ef-1e09-463d-a2c4-c183d5deb59a/prints/pp2/Y502021.webp
Матовые цветные чехлы для печати,Tecno Spark 20,A:502031,W502031,ПП2,726755595,59,https://s3.twcstorage.ru/35ffc2ef-1e09-463d-a2c4-c183d5deb59a/prints/pp2/W502031.webp
Силиконовые чехлы,Tecno Spark 20,A:502034,W502034,ПП2,727786479,1000000,https://s3.twcstorage.ru/35ffc2ef-1e09-463d-a2c4-c183d5deb59a/prints/pp2/W502034.webp
Силиконовые чехлы,Tecno Spark 20,A:502050,W502050,ПП2,726998635,105,https://s3.twcstorage.ru/35ffc2ef-1e09-463d-a2c4-c183d5deb59a/prints/pp2/Y502050.webp
Матовые цветные чехлы для печати,Tecno Spark 20,A:502054,W502054,ПП2,726770487,73,https://s3.twcstorage.ru/35ffc2ef-1e09-463d-a2c4-c183d5deb59a/prints/pp2/W502054.webp
Силиконовые чехлы,Tecno Spark 20,A:502055,W502055,ПП2,727010689,91,https://s3.twcstorage.ru/35ffc2ef-1e09-463d-a2c4-c183d5deb59a/prints/pp2/W502055.webp
Силиконовые чехлы,Tecno Spark 20,A:502060,W502060,ПП2,727805806,1000000,https://s3.twcstorage.ru/35ffc2ef-1e09-463d-a2c4-c183d5deb59a/prints/pp2/W502060.webp
Стеклянные чехлы,Tecno Spark 20 Pro Plus,A:501978,Q5019781,ПП2,727506571,3,https://s3.twcstorage.ru/35ffc2ef-1e09-463d-a2c4-c183d5deb59a/prints/pp2/Q5019781.webp
Матовые цветные чехлы для печати,Tecno Spark 20 Pro Plus,A:506379,W506379,ПП2,1152422406,24,https://s3.twcstorage.ru/35ffc2ef-1e09-463d-a2c4-c183d5deb59a/prints/pp2/W506379.webp
Силиконовые чехлы,Tecno Spark 20 Pro/20S Pro,A:501937,W501937,ПП2,1196436919,116,https://s3.twcstorage.ru/35ffc2ef-1e09-463d-a2c4-c183d5deb59a/prints/pp2/W501937.webp
Силиконовые чехлы,Tecno Spark 20 Pro/20S Pro,A:501978,Q501978,ПП2,1201976689,2,https://s3.twcstorage.ru/35ffc2ef-1e09-463d-a2c4-c183d5deb59a/prints/pp2/Q5019781.webp
Силиконовые чехлы,Tecno Spark 20 Pro/20S Pro,A:501980,Q501980,ПП2,1121949810,4,https://s3.twcstorage.ru/35ffc2ef-1e09-463d-a2c4-c183d5deb59a/prints/pp2/Q5019801.webp
Силиконовые чехлы,Tecno Spark 20 Pro/20S Pro,A:506332,W506332,ПП2,1137036148,3,https://s3.twcstorage.ru/35ffc2ef-1e09-463d-a2c4-c183d5deb59a/prints/pp2/W5063321.webp
Силиконовые чехлы,Tecno Spark 20 Pro/20S Pro,A:506334,W506334,ПП2,1137054515,12,https://s3.twcstorage.ru/35ffc2ef-1e09-463d-a2c4-c183d5deb59a/prints/pp2/W5063341.webp
Силиконовые чехлы,Tecno Spark 20 Pro/20S Pro,A:506384,Q506384,ПП2,1136995746,36,https://s3.twcstorage.ru/35ffc2ef-1e09-463d-a2c4-c183d5deb59a/prints/pp2/Q5063841.webp
Силиконовые чехлы,Tecno Spark 30,A:501931,C501931,ПП2,727203173,1000000,https://s3.twcstorage.ru/35ffc2ef-1e09-463d-a2c4-c183d5deb59a/prints/pp2/W501931.webp
Силиконовые чехлы,Tecno Spark 30,A:501942,C501942,ПП2,727245015,118,https://s3.twcstorage.ru/35ffc2ef-1e09-463d-a2c4-c183d5deb59a/prints/pp2/S501942.webp
Белые софт-тач,Tecno Spark 30,A:501951,W501951,ПП2,1024274258,7,https://s3.twcstorage.ru/35ffc2ef-1e09-463d-a2c4-c183d5deb59a/prints/pp2/W501951.webp
Силиконовые чехлы,Tecno Spark 30,A:501970,Q501970,ПП2,727788885,1000000,https://s3.twcstorage.ru/35ffc2ef-1e09-463d-a2c4-c183d5deb59a/prints/pp2/W501970.webp
Матовые цветные чехлы для печати,Tecno Spark 30,A:502005,W502005,ПП2,726860011,89,https://s3.twcstorage.ru/35ffc2ef-1e09-463d-a2c4-c183d5deb59a/prints/pp2/W502005.webp
Силиконовые чехлы,Tecno Spark 30,A:502009,W502009,ПП2,727510302,8,https://s3.twcstorage.ru/35ffc2ef-1e09-463d-a2c4-c183d5deb59a/prints/pp2/W502009.webp
Матовые цветные чехлы для печати,Tecno Spark 30,A:502010,W502010,ПП2,726744770,10,https://s3.twcstorage.ru/35ffc2ef-1e09-463d-a2c4-c183d5deb59a/prints/pp2/W502010.webp
Силиконовые чехлы,Tecno Spark 30,A:502030,W502030,ПП2,727844901,66,https://s3.twcstorage.ru/35ffc2ef-1e09-463d-a2c4-c183d5deb59a/prints/pp2/W502030.webp
Матовые цветные чехлы для печати,Tecno Spark 30,A:502031,W502031,ПП2,726754243,59,https://s3.twcstorage.ru/35ffc2ef-1e09-463d-a2c4-c183d5deb59a/prints/pp2/W502031.webp
Матовые цветные чехлы для печати,Tecno Spark 30,A:502056,W502056,ПП2,726773678,1000000,https://s3.twcstorage.ru/35ffc2ef-1e09-463d-a2c4-c183d5deb59a/prints/pp2/W502056.webp
Силиконовые чехлы,Tecno Spark 30,A:506332,W506332,ПП2,1186130642,3,https://s3.twcstorage.ru/35ffc2ef-1e09-463d-a2c4-c183d5deb59a/prints/pp2/W5063321.webp
Силиконовые чехлы,Tecno Spark 30 Pro,A:501978,Q501978,ПП2,727218756,2,https://s3.twcstorage.ru/35ffc2ef-1e09-463d-a2c4-c183d5deb59a/prints/pp2/Q5019781.webp
Силиконовые чехлы,Tecno Spark 30 Pro,A:501979,Q501979,ПП2,727780087,48,https://s3.twcstorage.ru/35ffc2ef-1e09-463d-a2c4-c183d5deb59a/prints/pp2/Q5019791.webp
Силиконовые чехлы,Tecno Spark 30 Pro,A:501993,Q501993,ПП2,727180971,37,https://s3.twcstorage.ru/35ffc2ef-1e09-463d-a2c4-c183d5deb59a/prints/pp2/Q5019931.webp
Силиконовые чехлы,Tecno Spark 30 Pro,A:502010,W502010,ПП2,727231989,1,https://s3.twcstorage.ru/35ffc2ef-1e09-463d-a2c4-c183d5deb59a/prints/pp2/W502010.webp
Силиконовые чехлы,Tecno Spark 30 Pro,A:502016,W502016,ПП2,727821508,130,https://s3.twcstorage.ru/35ffc2ef-1e09-463d-a2c4-c183d5deb59a/prints/pp2/W502016.webp
Силиконовые чехлы,Tecno Spark 30 Pro,A:502048,W502048,ПП2,726991291,26,https://s3.twcstorage.ru/35ffc2ef-1e09-463d-a2c4-c183d5deb59a/prints/pp2/Y502048.webp
Силиконовые чехлы,Tecno Spark 30C,A:501943,C501943,ПП2,727271016,119,https://s3.twcstorage.ru/35ffc2ef-1e09-463d-a2c4-c183d5deb59a/prints/pp2/S501943.webp
Силиконовые чехлы,Tecno Spark 30C,A:501978,Q501978,ПП2,727218552,2,https://s3.twcstorage.ru/35ffc2ef-1e09-463d-a2c4-c183d5deb59a/prints/pp2/Q5019781.webp
Силиконовые чехлы,Tecno Spark 30C,A:502009,W502009,ПП2,727510782,8,https://s3.twcstorage.ru/35ffc2ef-1e09-463d-a2c4-c183d5deb59a/prints/pp2/W502009.webp
Силиконовые чехлы,Tecno Spark 30C,A:502010,W502010,ПП2,727231145,1,https://s3.twcstorage.ru/35ffc2ef-1e09-463d-a2c4-c183d5deb59a/prints/pp2/W502010.webp
Силиконовые чехлы,Tecno Spark 30C,A:502012,W502012,ПП2,727084044,35,https://s3.twcstorage.ru/35ffc2ef-1e09-463d-a2c4-c183d5deb59a/prints/pp2/W502012.webp
Матовые цветные чехлы для печати,Tecno Spark 30C,A:502013,W502013,ПП2,1140000780,90,https://s3.twcstorage.ru/35ffc2ef-1e09-463d-a2c4-c183d5deb59a/prints/pp2/W502013.webp
Силиконовые чехлы,Tecno Spark 30C,A:502014,W502014,ПП2,726983778,7,https://s3.twcstorage.ru/35ffc2ef-1e09-463d-a2c4-c183d5deb59a/prints/pp2/W502014.webp
Матовые цветные чехлы для печати,Tecno Spark 30C,A:502032,W502032,ПП2,1152940339,40,https://s3.twcstorage.ru/35ffc2ef-1e09-463d-a2c4-c183d5deb59a/prints/pp2/W502032.webp
Силиконовые чехлы,Tecno Spark 40,A:501960,W501960,ПП2,727511851,41,https://s3.twcstorage.ru/35ffc2ef-1e09-463d-a2c4-c183d5deb59a/prints/pp2/W501960.webp
Силиконовые чехлы,Tecno Spark 40,A:501988,Q501988,ПП2,727515324,128,https://s3.twcstorage.ru/35ffc2ef-1e09-463d-a2c4-c183d5deb59a/prints/pp2/Y501988.webp
Силиконовые чехлы,Tecno Spark 40 Pro,A:501938,C501938,ПП2,727188280,68,https://s3.twcstorage.ru/35ffc2ef-1e09-463d-a2c4-c183d5deb59a/prints/pp2/W501938.webp
Силиконовые чехлы,Tecno Spark 40 Pro,A:501943,C501943,ПП2,727271110,119,https://s3.twcstorage.ru/35ffc2ef-1e09-463d-a2c4-c183d5deb59a/prints/pp2/S501943.webp
Силиконовые чехлы,Tecno Spark 40 Pro,A:501951,W501951,ПП2,727843999,20,https://s3.twcstorage.ru/35ffc2ef-1e09-463d-a2c4-c183d5deb59a/prints/pp2/W501951.webp
Силиконовые чехлы,Tecno Spark 40 Pro,A:502005,W502005,ПП2,727848144,64,https://s3.twcstorage.ru/35ffc2ef-1e09-463d-a2c4-c183d5deb59a/prints/pp2/W502005.webp
Силиконовые чехлы,Tecno Spark 40 Pro,A:502006,W502006,ПП2,727850980,23,https://s3.twcstorage.ru/35ffc2ef-1e09-463d-a2c4-c183d5deb59a/prints/pp2/W502006.webp
Силиконовые чехлы,Tecno Spark 40 Pro,A:502016,W502016,ПП2,727821866,130,https://s3.twcstorage.ru/35ffc2ef-1e09-463d-a2c4-c183d5deb59a/prints/pp2/W502016.webp
Силиконовые чехлы,Tecno Spark 40 Pro,A:502020,W502020,ПП2,727036602,132,https://s3.twcstorage.ru/35ffc2ef-1e09-463d-a2c4-c183d5deb59a/prints/pp2/W502020.webp
Матовые цветные чехлы для печати,Tecno Spark 40 Pro,A:502035,W502035,ПП2,1140006762,50,https://s3.twcstorage.ru/35ffc2ef-1e09-463d-a2c4-c183d5deb59a/prints/pp2/W502035.webp
Силиконовые чехлы,Tecno Spark 40 Pro,A:502037,W502037,ПП2,727058909,38,https://s3.twcstorage.ru/35ffc2ef-1e09-463d-a2c4-c183d5deb59a/prints/pp2/W502037.webp
Силиконовые чехлы,Tecno Spark 40 Pro,A:502064,W502064,ПП2,726921213,80,https://s3.twcstorage.ru/35ffc2ef-1e09-463d-a2c4-c183d5deb59a/prints/pp2/W502064.webp
Силиконовые чехлы,Tecno Spark 40 Pro+,A:501938,W501938,ПП2,727561222,68,https://s3.twcstorage.ru/35ffc2ef-1e09-463d-a2c4-c183d5deb59a/prints/pp2/W501938.webp
Матовые цветные чехлы для печати,Tecno Spark 40 Pro+,A:501947,W501947,ПП2,1140044069,28,https://s3.twcstorage.ru/35ffc2ef-1e09-463d-a2c4-c183d5deb59a/prints/pp2/W501947.webp
Силиконовые чехлы,Tecno Spark 40 Pro+,A:501965,Q501965,ПП2,726961276,86,https://s3.twcstorage.ru/35ffc2ef-1e09-463d-a2c4-c183d5deb59a/prints/pp2/Q5019651.webp
Силиконовые чехлы,Tecno Spark 40 Pro+,A:501993,Q501993,ПП2,727180840,37,https://s3.twcstorage.ru/35ffc2ef-1e09-463d-a2c4-c183d5deb59a/prints/pp2/Q5019931.webp
Матовые цветные чехлы для печати,Tecno Spark 40 Pro+,A:502017,W502017,ПП2,1152986981,92,https://s3.twcstorage.ru/35ffc2ef-1e09-463d-a2c4-c183d5deb59a/prints/pp2/W502017.webp
Матовые цветные чехлы для печати,Tecno Spark 40 Pro+,A:502062,W502062,ПП2,1140041435,97,https://s3.twcstorage.ru/35ffc2ef-1e09-463d-a2c4-c183d5deb59a/prints/pp2/W502062.webp
Силиконовые чехлы,Tecno Spark 40 Pro+,A:502065,W502065,ПП2,727846837,49,https://s3.twcstorage.ru/35ffc2ef-1e09-463d-a2c4-c183d5deb59a/prints/pp2/W502065.webp
Матовые цветные чехлы для печати,Tecno Spark 40 Pro+,A:502069,W502069,ПП2,1140065270,31,https://s3.twcstorage.ru/35ffc2ef-1e09-463d-a2c4-c183d5deb59a/prints/pp2/W502069.webp
Силиконовые чехлы,Tecno Spark 40C,A:501949,C501949,ПП2,726906278,19,https://s3.twcstorage.ru/35ffc2ef-1e09-463d-a2c4-c183d5deb59a/prints/pp2/W501949.webp
Матовые цветные чехлы для печати,Tecno Spark 40C,A:501957,W501957,ПП2,726828557,17,https://s3.twcstorage.ru/35ffc2ef-1e09-463d-a2c4-c183d5deb59a/prints/pp2/W501957.webp
Матовые цветные чехлы для печати,Tecno Spark 40C,A:502014,W502014,ПП2,726749985,18,https://s3.twcstorage.ru/35ffc2ef-1e09-463d-a2c4-c183d5deb59a/prints/pp2/W502014.webp
Белые софт-тач,Tecno Spark 40C,A:502052,W502052,ПП2,931013306,2,https://s3.twcstorage.ru/35ffc2ef-1e09-463d-a2c4-c183d5deb59a/prints/pp2/W502052.webp
Белые софт-тач,Tecno Spark 40C,A:502053,W502053,ПП2,931009665,1,https://s3.twcstorage.ru/35ffc2ef-1e09-463d-a2c4-c183d5deb59a/prints/pp2/W502053.webp
Силиконовые чехлы,Tecno Spark 40C,A:502061,W502061,ПП2,727807253,108,https://s3.twcstorage.ru/35ffc2ef-1e09-463d-a2c4-c183d5deb59a/prints/pp2/Y502061.webp
Матовые цветные чехлы для печати,Tecno Spark 40C,A:502067,W5020671,ПП2,726733457,41,https://s3.twcstorage.ru/35ffc2ef-1e09-463d-a2c4-c183d5deb59a/prints/pp2/W5020671.webp
Матовые цветные чехлы для печати,Tecno Spark 40C,A:506332,W5063321,ПП2,1185628700,2,https://s3.twcstorage.ru/35ffc2ef-1e09-463d-a2c4-c183d5deb59a/prints/pp2/W5063321.webp
Силиконовые чехлы,Tecno Spark Go 1/Tecno POP 9,A:501978,Q501978,ПП2,727218506,2,https://s3.twcstorage.ru/35ffc2ef-1e09-463d-a2c4-c183d5deb59a/prints/pp2/Q5019781.webp
Силиконовые чехлы,Tecno Spark Go 1/Tecno POP 9,A:502014,W502014,ПП2,726992381,7,https://s3.twcstorage.ru/35ffc2ef-1e09-463d-a2c4-c183d5deb59a/prints/pp2/W502014.webp
Силиконовые чехлы,Tecno Spark Go 2,A:501957,C501957,ПП2,727257097,54,https://s3.twcstorage.ru/35ffc2ef-1e09-463d-a2c4-c183d5deb59a/prints/pp2/W501957.webp
Матовые цветные чехлы для печати,Tecno Spark Go 2,A:501997,W501997,ПП2,726811708,1000000,https://s3.twcstorage.ru/35ffc2ef-1e09-463d-a2c4-c183d5deb59a/prints/pp2/Y501997.webp
Матовые цветные чехлы для печати,Tecno Spark Go 2,A:501999,W501999,ПП2,726825962,88,https://s3.twcstorage.ru/35ffc2ef-1e09-463d-a2c4-c183d5deb59a/prints/pp2/W501999.webp
Матовые цветные чехлы для печати,Tecno Spark Go 2,A:502014,W502014,ПП2,726750330,18,https://s3.twcstorage.ru/35ffc2ef-1e09-463d-a2c4-c183d5deb59a/prints/pp2/W502014.webp
Матовые цветные чехлы для печати,Tecno Spark Go 2,A:502018,W502018,ПП2,726834040,48,https://s3.twcstorage.ru/35ffc2ef-1e09-463d-a2c4-c183d5deb59a/prints/pp2/W502018.webp
Матовые цветные чехлы для печати,Tecno Spark Go 2,A:502032,W502032,ПП2,726858634,40,https://s3.twcstorage.ru/35ffc2ef-1e09-463d-a2c4-c183d5deb59a/prints/pp2/W502032.webp
Матовые цветные чехлы для печати,Tecno Spark Go 2,A:502057,W502057,ПП2,726775446,74,https://s3.twcstorage.ru/35ffc2ef-1e09-463d-a2c4-c183d5deb59a/prints/pp2/W502057.webp
Матовые цветные чехлы для печати,Tecno Spark Go 2,A:506333,W5063331,ПП2,1185702164,25,https://s3.twcstorage.ru/35ffc2ef-1e09-463d-a2c4-c183d5deb59a/prints/pp2/W5063331.webp
Стеклянные чехлы,Tecno Spark Go 2/Infinix Smart 10,A:501978,Q5019781,ПП2,1119188309,3,https://s3.twcstorage.ru/35ffc2ef-1e09-463d-a2c4-c183d5deb59a/prints/pp2/Q5019781.webp
Силиконовые чехлы,Tecno Spark Go 2022/8C/9,A:501978,Q501978,ПП2,727219119,2,https://s3.twcstorage.ru/35ffc2ef-1e09-463d-a2c4-c183d5deb59a/prints/pp2/Q5019781.webp
Силиконовые чехлы,Tecno Spark Go 2022/8C/9,A:501990,Q501990,ПП2,727815088,63,https://s3.twcstorage.ru/35ffc2ef-1e09-463d-a2c4-c183d5deb59a/prints/pp2/Y501990.webp
Силиконовые чехлы,Tecno Spark Go 2022/8C/9,A:501993,Q501993,ПП2,727181766,37,https://s3.twcstorage.ru/35ffc2ef-1e09-463d-a2c4-c183d5deb59a/prints/pp2/Q5019931.webp
Матовые цветные чехлы для печати,Tecno Spark Go 2022/8C/9,A:502058,W502058,ПП2,1152755989,96,https://s3.twcstorage.ru/35ffc2ef-1e09-463d-a2c4-c183d5deb59a/prints/pp2/W502058.webp
Объемные матовые чехлы молочные,Tecno Spark Go 2024/Spark 20C,A:501937,W501937,ПП2,1154469183,36,https://s3.twcstorage.ru/35ffc2ef-1e09-463d-a2c4-c183d5deb59a/prints/pp2/W501937.webp
Белые софт-тач,Tecno Spark Go 2024/Spark 20C,A:501949,W501949,ПП2,726583814,52,https://s3.twcstorage.ru/35ffc2ef-1e09-463d-a2c4-c183d5deb59a/prints/pp2/W501949.webp
Белые софт-тач,Tecno Spark Go 2024/Spark 20C,A:501951,W501951,ПП2,726704242,7,https://s3.twcstorage.ru/35ffc2ef-1e09-463d-a2c4-c183d5deb59a/prints/pp2/W501951.webp
Белые софт-тач,Tecno Spark Go 2024/Spark 20C,A:501957,W501957,ПП2,726609925,29,https://s3.twcstorage.ru/35ffc2ef-1e09-463d-a2c4-c183d5deb59a/prints/pp2/W501957.webp
Белые софт-тач,Tecno Spark Go 2024/Spark 20C,A:501960,W501960,ПП2,726674389,38,https://s3.twcstorage.ru/35ffc2ef-1e09-463d-a2c4-c183d5deb59a/prints/pp2/W501960.webp
Силиконовые чехлы,Tecno Spark Go 2024/Spark 20C,A:501965,Q501965,ПП2,726961006,86,https://s3.twcstorage.ru/35ffc2ef-1e09-463d-a2c4-c183d5deb59a/prints/pp2/Q5019651.webp
Силиконовые чехлы,Tecno Spark Go 2024/Spark 20C,A:501972,Q501972,ПП2,727067187,125,https://s3.twcstorage.ru/35ffc2ef-1e09-463d-a2c4-c183d5deb59a/prints/pp2/Q501972.webp
Силиконовые чехлы,Tecno Spark Go 2024/Spark 20C,A:501996,W501996,ПП2,727049572,1000000,https://s3.twcstorage.ru/35ffc2ef-1e09-463d-a2c4-c183d5deb59a/prints/pp2/Y501996.webp
Силиконовые чехлы,Tecno Spark Go 2024/Spark 20C,A:502031,W502031,ПП2,727052924,52,https://s3.twcstorage.ru/35ffc2ef-1e09-463d-a2c4-c183d5deb59a/prints/pp2/W502031.webp
Белые софт-тач,Tecno Spark Go 2024/Spark 20C,A:502067,W502067,ПП2,726575039,63,https://s3.twcstorage.ru/35ffc2ef-1e09-463d-a2c4-c183d5deb59a/prints/pp2/W5020671.webp
Объемные матовые чехлы молочные,Tecno Spark Go 2024/Spark 20C,A:506340,W506340,ПП2,1155313924,33,https://s3.twcstorage.ru/35ffc2ef-1e09-463d-a2c4-c183d5deb59a/prints/pp2/W5063401.webp
Силиконовые чехлы,Tecno Spark Slim,A:501978,Q501978,ПП2,1196399485,2,https://s3.twcstorage.ru/35ffc2ef-1e09-463d-a2c4-c183d5deb59a/prints/pp2/Q5019781.webp
Силиконовые чехлы,Tecno Spark Slim,A:501980,Q501980,ПП2,1196378780,4,https://s3.twcstorage.ru/35ffc2ef-1e09-463d-a2c4-c183d5deb59a/prints/pp2/Q5019801.webp
Силиконовые чехлы,Vivo IQOO Neo 10,A:501982,Q501982,ПП2,933596983,1000000,https://s3.twcstorage.ru/35ffc2ef-1e09-463d-a2c4-c183d5deb59a/prints/pp2/Y501982.webp
Силиконовые чехлы,Vivo IQOO Neo 10,A:502057,W502057,ПП2,933620594,142,https://s3.twcstorage.ru/35ffc2ef-1e09-463d-a2c4-c183d5deb59a/prints/pp2/W502057.webp
Силиконовые чехлы,Vivo IQOO Z10 5G,A:501937,C501937,ПП2,727185752,116,https://s3.twcstorage.ru/35ffc2ef-1e09-463d-a2c4-c183d5deb59a/prints/pp2/W501937.webp
Силиконовые чехлы,Vivo IQOO Z10 5G,A:501953,W501953,ПП2,727281877,98,https://s3.twcstorage.ru/35ffc2ef-1e09-463d-a2c4-c183d5deb59a/prints/pp2/W501953.webp
Матовые цветные чехлы для печати,Vivo IQOO Z10 5G,A:502029,W502029,ПП2,1154935381,30,https://s3.twcstorage.ru/35ffc2ef-1e09-463d-a2c4-c183d5deb59a/prints/pp2/W502029.webp
Матовые цветные чехлы для печати,Vivo IQOO Z10 5G,A:502048,W502048,ПП2,1140019162,72,https://s3.twcstorage.ru/35ffc2ef-1e09-463d-a2c4-c183d5deb59a/prints/pp2/Y502048.webp
Силиконовые чехлы,Vivo IQOO Z10 5G,A:502061,W502061,ПП2,727807891,108,https://s3.twcstorage.ru/35ffc2ef-1e09-463d-a2c4-c183d5deb59a/prints/pp2/Y502061.webp
Силиконовые чехлы,Vivo T1 44W,A:501965,Q501965,ПП2,1120729178,86,https://s3.twcstorage.ru/35ffc2ef-1e09-463d-a2c4-c183d5deb59a/prints/pp2/Q5019651.webp
Силиконовые чехлы,Vivo T1 44W,A:502065,W502065,ПП2,1123221985,49,https://s3.twcstorage.ru/35ffc2ef-1e09-463d-a2c4-c183d5deb59a/prints/pp2/W502065.webp
Силиконовые чехлы,Vivo T2 4G,A:501974,Q501974,ПП2,1122277349,70,https://s3.twcstorage.ru/35ffc2ef-1e09-463d-a2c4-c183d5deb59a/prints/pp2/Q501974.webp
Силиконовые чехлы,Vivo T2 4G,A:502016,W502016,ПП2,1123354610,130,https://s3.twcstorage.ru/35ffc2ef-1e09-463d-a2c4-c183d5deb59a/prints/pp2/W502016.webp
Силиконовые чехлы,Vivo V25/V25e,A:502031,W502031,ПП2,1121918149,52,https://s3.twcstorage.ru/35ffc2ef-1e09-463d-a2c4-c183d5deb59a/prints/pp2/W502031.webp
Силиконовые чехлы,Vivo V25/V25e,A:502062,W502062,ПП2,1120555942,1000000,https://s3.twcstorage.ru/35ffc2ef-1e09-463d-a2c4-c183d5deb59a/prints/pp2/W502062.webp
Матовые цветные чехлы для печати,Vivo V25/V25e,A:506332,W5063321,ПП2,1153725424,2,https://s3.twcstorage.ru/35ffc2ef-1e09-463d-a2c4-c183d5deb59a/prints/pp2/W5063321.webp
Силиконовые чехлы,Vivo V25/V25e,A:506372,W506372,ПП2,1137390795,16,https://s3.twcstorage.ru/35ffc2ef-1e09-463d-a2c4-c183d5deb59a/prints/pp2/W506372.webp
Силиконовые чехлы,Vivo V27/V27 PRO,A:502067,W502067,ПП2,1121385466,1000000,https://s3.twcstorage.ru/35ffc2ef-1e09-463d-a2c4-c183d5deb59a/prints/pp2/W5020671.webp
Матовые цветные чехлы для печати,Vivo V27e,A:506339,W5063391,ПП2,1154850362,8,https://s3.twcstorage.ru/35ffc2ef-1e09-463d-a2c4-c183d5deb59a/prints/pp2/W5063391.webp
Силиконовые чехлы,Vivo V29e 5G,A:501957,W501957,ПП2,1122534287,54,https://s3.twcstorage.ru/35ffc2ef-1e09-463d-a2c4-c183d5deb59a/prints/pp2/W501957.webp
Силиконовые чехлы,Vivo V29e 5G,A:501993,Q501993,ПП2,1121644971,37,https://s3.twcstorage.ru/35ffc2ef-1e09-463d-a2c4-c183d5deb59a/prints/pp2/Q5019931.webp
Силиконовые чехлы,Vivo V29e 5G,A:502009,W502009,ПП2,1136981286,8,https://s3.twcstorage.ru/35ffc2ef-1e09-463d-a2c4-c183d5deb59a/prints/pp2/W502009.webp
Силиконовые чехлы,Vivo V29e 5G,A:502014,W502014,ПП2,1120795359,7,https://s3.twcstorage.ru/35ffc2ef-1e09-463d-a2c4-c183d5deb59a/prints/pp2/W502014.webp
Силиконовые чехлы,Vivo V30 lite 4G/Y100 4G/T3 5G/V30 SE 5G/Y200E 5G,A:502058,W502058,ПП2,1123129232,1000000,https://s3.twcstorage.ru/35ffc2ef-1e09-463d-a2c4-c183d5deb59a/prints/pp2/W502058.webp
Силиконовые чехлы,Vivo V30 lite 4G/Y100 4G/T3 5G/V30 SE 5G/Y200E 5G,A:502059,W502059,ПП2,1123161401,107,https://s3.twcstorage.ru/35ffc2ef-1e09-463d-a2c4-c183d5deb59a/prints/pp2/W502059.webp
Силиконовые чехлы,Vivo V40 Lite 5G,A:501957,W501957,ПП2,1122544439,54,https://s3.twcstorage.ru/35ffc2ef-1e09-463d-a2c4-c183d5deb59a/prints/pp2/W501957.webp
Матовые цветные чехлы для печати,Vivo V40 Lite 5G,A:502067,W5020671,ПП2,1152746584,41,https://s3.twcstorage.ru/35ffc2ef-1e09-463d-a2c4-c183d5deb59a/prints/pp2/W5020671.webp
Силиконовые чехлы,Vivo V40 Lite 5G,A:506349,W506349,ПП2,1137173736,111,https://s3.twcstorage.ru/35ffc2ef-1e09-463d-a2c4-c183d5deb59a/prints/pp2/W506349.webp
Силиконовые чехлы,Vivo V50 lite,A:501980,Q501980,ПП2,1121977032,4,https://s3.twcstorage.ru/35ffc2ef-1e09-463d-a2c4-c183d5deb59a/prints/pp2/Q5019801.webp
Силиконовые чехлы,Vivo V60,A:506332,W506332,ПП2,1137043132,3,https://s3.twcstorage.ru/35ffc2ef-1e09-463d-a2c4-c183d5deb59a/prints/pp2/W5063321.webp
Матовые цветные чехлы для печати,Vivo V60 lite 5G/V60 Lite 4G/V70 Lite 5G,A:506330,W5063301,ПП2,1153617256,3,https://s3.twcstorage.ru/35ffc2ef-1e09-463d-a2c4-c183d5deb59a/prints/pp2/W5063301.webp
Силиконовые чехлы,Vivo X200,A:501993,Q501993,ПП2,1196388483,37,https://s3.twcstorage.ru/35ffc2ef-1e09-463d-a2c4-c183d5deb59a/prints/pp2/Q5019931.webp
Силиконовые чехлы,Vivo X200,A:502036,W502036,ПП2,1202160562,33,https://s3.twcstorage.ru/35ffc2ef-1e09-463d-a2c4-c183d5deb59a/prints/pp2/W502036.webp
Силиконовые чехлы,Vivo X200 FE,A:506377,W506377,ПП2,1137423885,29,https://s3.twcstorage.ru/35ffc2ef-1e09-463d-a2c4-c183d5deb59a/prints/pp2/W506377.webp
Силиконовые чехлы,Vivo X200 Pro mini,A:506346,W506346,ПП2,1137157788,81,https://s3.twcstorage.ru/35ffc2ef-1e09-463d-a2c4-c183d5deb59a/prints/pp2/W506346.webp
Силиконовые чехлы,Vivo X300,A:501978,Q501978,ПП2,1121713898,2,https://s3.twcstorage.ru/35ffc2ef-1e09-463d-a2c4-c183d5deb59a/prints/pp2/Q5019781.webp
Силиконовые чехлы,Vivo X300,A:506329,W506329,ПП2,1137019551,24,https://s3.twcstorage.ru/35ffc2ef-1e09-463d-a2c4-c183d5deb59a/prints/pp2/W5063291.webp
Матовые цветные чехлы для печати,Vivo X300,A:506339,W5063391,ПП2,1154102911,8,https://s3.twcstorage.ru/35ffc2ef-1e09-463d-a2c4-c183d5deb59a/prints/pp2/W5063391.webp
Силиконовые чехлы,Vivo X300,A:506340,W506340,ПП2,1137109575,5,https://s3.twcstorage.ru/35ffc2ef-1e09-463d-a2c4-c183d5deb59a/prints/pp2/W5063401.webp
Силиконовые чехлы,Vivo X300 FE,A:502010,W502010,ПП2,1242408853,1,https://s3.twcstorage.ru/35ffc2ef-1e09-463d-a2c4-c183d5deb59a/prints/pp2/W502010.webp
Силиконовые чехлы,Vivo X300 Pro,A:502057,W502057,ПП2,1201624449,142,https://s3.twcstorage.ru/35ffc2ef-1e09-463d-a2c4-c183d5deb59a/prints/pp2/W502057.webp
Силиконовые чехлы,Vivo Y27S,A:501990,Q501990,ПП2,1201842301,63,https://s3.twcstorage.ru/35ffc2ef-1e09-463d-a2c4-c183d5deb59a/prints/pp2/Y501990.webp
Матовые цветные чехлы для печати,Vivo Y27S,A:506367,W506367,ПП2,1152333609,99,https://s3.twcstorage.ru/35ffc2ef-1e09-463d-a2c4-c183d5deb59a/prints/pp2/W506367.webp
Силиконовые чехлы,Vivo Y35 4G,A:501946,W501946,ПП2,1120766244,121,https://s3.twcstorage.ru/35ffc2ef-1e09-463d-a2c4-c183d5deb59a/prints/pp2/W501946.webp
Силиконовые чехлы,Xiaomi 12 Lite,A:501930,W501930,ПП2,727523156,1000000,https://s3.twcstorage.ru/35ffc2ef-1e09-463d-a2c4-c183d5deb59a/prints/pp2/W501930.webp
Чёрные софт-тач,Xiaomi 12 Lite,A:501944,S501944,ПП2,727106591,4,https://s3.twcstorage.ru/35ffc2ef-1e09-463d-a2c4-c183d5deb59a/prints/pp2/S501944.webp
Чёрные софт-тач,Xiaomi 12 Lite,A:501946,S501946,ПП2,727096411,7,https://s3.twcstorage.ru/35ffc2ef-1e09-463d-a2c4-c183d5deb59a/prints/pp2/W501946.webp
Силиконовые чехлы,Xiaomi 12 Lite,A:501947,W501947,ПП2,727841003,69,https://s3.twcstorage.ru/35ffc2ef-1e09-463d-a2c4-c183d5deb59a/prints/pp2/W501947.webp
Силиконовые чехлы,Xiaomi 12 Lite,A:501977,Q501977,ПП2,727770098,88,https://s3.twcstorage.ru/35ffc2ef-1e09-463d-a2c4-c183d5deb59a/prints/pp2/Q5019771.webp
Силиконовые чехлы,Xiaomi 12 Lite,A:501978,Q501978,ПП2,727218489,2,https://s3.twcstorage.ru/35ffc2ef-1e09-463d-a2c4-c183d5deb59a/prints/pp2/Q5019781.webp
Силиконовые чехлы,Xiaomi 12 Lite,A:501980,Q501980,ПП2,727175454,4,https://s3.twcstorage.ru/35ffc2ef-1e09-463d-a2c4-c183d5deb59a/prints/pp2/Q5019801.webp
Силиконовые чехлы,Xiaomi 12 Lite,A:501993,Q501993,ПП2,727180253,37,https://s3.twcstorage.ru/35ffc2ef-1e09-463d-a2c4-c183d5deb59a/prints/pp2/Q5019931.webp
Силиконовые чехлы,Xiaomi 12 Lite,A:502005,W502005,ПП2,727848045,64,https://s3.twcstorage.ru/35ffc2ef-1e09-463d-a2c4-c183d5deb59a/prints/pp2/W502005.webp
Силиконовые чехлы,Xiaomi 12 Lite,A:502028,W502028,ПП2,727548657,90,https://s3.twcstorage.ru/35ffc2ef-1e09-463d-a2c4-c183d5deb59a/prints/pp2/W502028.webp
Силиконовые чехлы,Xiaomi 12 Lite,A:502035,W502035,ПП2,727782471,43,https://s3.twcstorage.ru/35ffc2ef-1e09-463d-a2c4-c183d5deb59a/prints/pp2/W502035.webp
Силиконовые чехлы,Xiaomi 12 Lite,A:502056,W502056,ПП2,727015466,106,https://s3.twcstorage.ru/35ffc2ef-1e09-463d-a2c4-c183d5deb59a/prints/pp2/W502056.webp
Силиконовые чехлы,Xiaomi 12 Lite,A:506340,W506340,ПП2,1186237527,5,https://s3.twcstorage.ru/35ffc2ef-1e09-463d-a2c4-c183d5deb59a/prints/pp2/W5063401.webp
Силиконовые чехлы,Xiaomi 12/12X/12S,A:502069,W502069,ПП2,1201716779,11,https://s3.twcstorage.ru/35ffc2ef-1e09-463d-a2c4-c183d5deb59a/prints/pp2/W502069.webp
Силиконовые чехлы,Xiaomi 12/12X/12S,A:506372,W506372,ПП2,1137392196,16,https://s3.twcstorage.ru/35ffc2ef-1e09-463d-a2c4-c183d5deb59a/prints/pp2/W506372.webp
Силиконовые чехлы,Xiaomi 12T,A:501930,W501930,ПП2,727524589,1000000,https://s3.twcstorage.ru/35ffc2ef-1e09-463d-a2c4-c183d5deb59a/prints/pp2/W501930.webp
Белые софт-тач,Xiaomi 12T,A:502054,W502054,ПП2,726568790,62,https://s3.twcstorage.ru/35ffc2ef-1e09-463d-a2c4-c183d5deb59a/prints/pp2/W502054.webp
Белые софт-тач,Xiaomi 12T,A:506331,W506331,ПП2,1164157404,5,https://s3.twcstorage.ru/35ffc2ef-1e09-463d-a2c4-c183d5deb59a/prints/pp2/W5063311.webp
Силиконовые чехлы,Xiaomi 12T Pro,A:501942,C501942,ПП2,727246624,118,https://s3.twcstorage.ru/35ffc2ef-1e09-463d-a2c4-c183d5deb59a/prints/pp2/S501942.webp
Белые софт-тач,Xiaomi 12T Pro,A:501957,W501957,ПП2,726609849,29,https://s3.twcstorage.ru/35ffc2ef-1e09-463d-a2c4-c183d5deb59a/prints/pp2/W501957.webp
Белые софт-тач,Xiaomi 12T Pro,A:501960,W501960,ПП2,726672912,38,https://s3.twcstorage.ru/35ffc2ef-1e09-463d-a2c4-c183d5deb59a/prints/pp2/W501960.webp
Белые софт-тач,Xiaomi 12T Pro,A:501981,W501981,ПП2,726602284,70,https://s3.twcstorage.ru/35ffc2ef-1e09-463d-a2c4-c183d5deb59a/prints/pp2/Y501981.webp
Силиконовые чехлы,Xiaomi 12T Pro,A:502010,W502010,ПП2,727234959,1,https://s3.twcstorage.ru/35ffc2ef-1e09-463d-a2c4-c183d5deb59a/prints/pp2/W502010.webp
Белые софт-тач,Xiaomi 12T Pro,A:506340,W506340,ПП2,1164326939,4,https://s3.twcstorage.ru/35ffc2ef-1e09-463d-a2c4-c183d5deb59a/prints/pp2/W5063401.webp
Силиконовые чехлы,Xiaomi 13 Lite,A:501965,Q501965,ПП2,726961075,86,https://s3.twcstorage.ru/35ffc2ef-1e09-463d-a2c4-c183d5deb59a/prints/pp2/Q5019651.webp
Силиконовые чехлы,Xiaomi 13 Lite,A:501978,Q501978,ПП2,727218803,2,https://s3.twcstorage.ru/35ffc2ef-1e09-463d-a2c4-c183d5deb59a/prints/pp2/Q5019781.webp
Силиконовые чехлы,Xiaomi 13 Lite,A:501984,Q501984,ПП2,727519762,126,https://s3.twcstorage.ru/35ffc2ef-1e09-463d-a2c4-c183d5deb59a/prints/pp2/Y501984.webp
Силиконовые чехлы,Xiaomi 13 Lite,A:501989,Q501989,ПП2,727518294,1000000,https://s3.twcstorage.ru/35ffc2ef-1e09-463d-a2c4-c183d5deb59a/prints/pp2/Y501989.webp
Силиконовые чехлы,Xiaomi 13 Lite,A:501993,Q501993,ПП2,727180645,37,https://s3.twcstorage.ru/35ffc2ef-1e09-463d-a2c4-c183d5deb59a/prints/pp2/Q5019931.webp
Силиконовые чехлы,Xiaomi 13 Lite,A:502008,W502008,ПП2,727826712,18,https://s3.twcstorage.ru/35ffc2ef-1e09-463d-a2c4-c183d5deb59a/prints/pp2/W502008.webp
Силиконовые чехлы,Xiaomi 13 Lite,A:502017,W502017,ПП2,727028862,1000000,https://s3.twcstorage.ru/35ffc2ef-1e09-463d-a2c4-c183d5deb59a/prints/pp2/W502017.webp
Силиконовые чехлы,Xiaomi 13 Lite,A:502028,W502028,ПП2,727549629,90,https://s3.twcstorage.ru/35ffc2ef-1e09-463d-a2c4-c183d5deb59a/prints/pp2/W502028.webp
Силиконовые чехлы,Xiaomi 13 Lite,A:502036,W502036,ПП2,727776575,33,https://s3.twcstorage.ru/35ffc2ef-1e09-463d-a2c4-c183d5deb59a/prints/pp2/W502036.webp
Силиконовые чехлы,Xiaomi 13 Lite,A:502039,W502039,ПП2,727802792,34,https://s3.twcstorage.ru/35ffc2ef-1e09-463d-a2c4-c183d5deb59a/prints/pp2/W502039.webp
Силиконовые чехлы,Xiaomi 13 Lite,A:502049,W502049,ПП2,726995583,40,https://s3.twcstorage.ru/35ffc2ef-1e09-463d-a2c4-c183d5deb59a/prints/pp2/Y502049.webp
Силиконовые чехлы,Xiaomi 13 Lite,A:502062,W502062,ПП2,726932709,1000000,https://s3.twcstorage.ru/35ffc2ef-1e09-463d-a2c4-c183d5deb59a/prints/pp2/W502062.webp
Силиконовые чехлы,Xiaomi 13T,A:501949,W501949,ПП2,727855090,19,https://s3.twcstorage.ru/35ffc2ef-1e09-463d-a2c4-c183d5deb59a/prints/pp2/W501949.webp
Силиконовые чехлы,Xiaomi 13T,A:501978,Q501978,ПП2,727219018,2,https://s3.twcstorage.ru/35ffc2ef-1e09-463d-a2c4-c183d5deb59a/prints/pp2/Q5019781.webp
Силиконовые чехлы,Xiaomi 13T,A:501980,Q501980,ПП2,727178673,4,https://s3.twcstorage.ru/35ffc2ef-1e09-463d-a2c4-c183d5deb59a/prints/pp2/Q5019801.webp
Силиконовые чехлы,Xiaomi 13T,A:502007,W502007,ПП2,727853410,55,https://s3.twcstorage.ru/35ffc2ef-1e09-463d-a2c4-c183d5deb59a/prints/pp2/W502007.webp
Силиконовые чехлы,Xiaomi 13T,A:502027,W502027,ПП2,727547655,1000000,https://s3.twcstorage.ru/35ffc2ef-1e09-463d-a2c4-c183d5deb59a/prints/pp2/W502027.webp
Силиконовые чехлы,Xiaomi 13T,A:502048,W502048,ПП2,726991904,26,https://s3.twcstorage.ru/35ffc2ef-1e09-463d-a2c4-c183d5deb59a/prints/pp2/Y502048.webp
Силиконовые чехлы,Xiaomi 13T,A:506343,W506343,ПП2,1186268671,110,https://s3.twcstorage.ru/35ffc2ef-1e09-463d-a2c4-c183d5deb59a/prints/pp2/W5063431.webp
Силиконовые чехлы,Xiaomi 13T,A:506364,W506364,ПП2,1186436956,44,https://s3.twcstorage.ru/35ffc2ef-1e09-463d-a2c4-c183d5deb59a/prints/pp2/W506364.webp
Силиконовые чехлы,Xiaomi 13T,A:506372,W506372,ПП2,1186492969,16,https://s3.twcstorage.ru/35ffc2ef-1e09-463d-a2c4-c183d5deb59a/prints/pp2/W506372.webp
Чёрные софт-тач,Xiaomi 13T/13T Pro,A:501954,S501954,ПП2,727116878,1000000,https://s3.twcstorage.ru/35ffc2ef-1e09-463d-a2c4-c183d5deb59a/prints/pp2/W501954.webp
Стеклянные чехлы,Xiaomi 13T/13T Pro,A:501980,Q5019801,ПП2,727507142,2,https://s3.twcstorage.ru/35ffc2ef-1e09-463d-a2c4-c183d5deb59a/prints/pp2/Q5019801.webp
Белые софт-тач,Xiaomi 13T/13T Pro,A:502053,W502053,ПП2,726639799,1,https://s3.twcstorage.ru/35ffc2ef-1e09-463d-a2c4-c183d5deb59a/prints/pp2/W502053.webp
Белые софт-тач,Xiaomi 13T/13T Pro,A:506334,W506334,ПП2,1164214127,9,https://s3.twcstorage.ru/35ffc2ef-1e09-463d-a2c4-c183d5deb59a/prints/pp2/W5063341.webp
Силиконовые чехлы,Xiaomi 14,A:501945,W501945,ПП2,1120968925,120,https://s3.twcstorage.ru/35ffc2ef-1e09-463d-a2c4-c183d5deb59a/prints/pp2/W501945.webp
Матовые цветные чехлы для печати,Xiaomi 14,A:506339,W5063391,ПП2,1154868540,8,https://s3.twcstorage.ru/35ffc2ef-1e09-463d-a2c4-c183d5deb59a/prints/pp2/W5063391.webp
Силиконовые чехлы,Xiaomi 14,A:506372,W506372,ПП2,1137393462,16,https://s3.twcstorage.ru/35ffc2ef-1e09-463d-a2c4-c183d5deb59a/prints/pp2/W506372.webp
Силиконовые чехлы,Xiaomi 14,A:506381,W506381,ПП2,1137448442,51,https://s3.twcstorage.ru/35ffc2ef-1e09-463d-a2c4-c183d5deb59a/prints/pp2/W506381.webp
Чёрные софт-тач,Xiaomi 14T,A:501946,S501946,ПП2,727096919,7,https://s3.twcstorage.ru/35ffc2ef-1e09-463d-a2c4-c183d5deb59a/prints/pp2/W501946.webp
Чехол с вкладышем,Xiaomi 14T,A:501949,W501949,ПП2,994651042,1000000,https://s3.twcstorage.ru/35ffc2ef-1e09-463d-a2c4-c183d5deb59a/prints/pp2/W501949.webp
Белые софт-тач,Xiaomi 14T,A:501960,W501960,ПП2,726672027,38,https://s3.twcstorage.ru/35ffc2ef-1e09-463d-a2c4-c183d5deb59a/prints/pp2/W501960.webp
Чехол с вкладышем,Xiaomi 14T,A:501961,W501961,ПП2,994651217,1000000,https://s3.twcstorage.ru/35ffc2ef-1e09-463d-a2c4-c183d5deb59a/prints/pp2/W501961.webp
Стеклянные чехлы,Xiaomi 14T,A:501978,Q5019781,ПП2,727506513,3,https://s3.twcstorage.ru/35ffc2ef-1e09-463d-a2c4-c183d5deb59a/prints/pp2/Q5019781.webp
Стеклянные чехлы,Xiaomi 14T,A:501980,Q5019801,ПП2,727507091,2,https://s3.twcstorage.ru/35ffc2ef-1e09-463d-a2c4-c183d5deb59a/prints/pp2/Q5019801.webp
Белые софт-тач,Xiaomi 14T,A:502014,W502014,ПП2,726647461,15,https://s3.twcstorage.ru/35ffc2ef-1e09-463d-a2c4-c183d5deb59a/prints/pp2/W502014.webp
Белые софт-тач,Xiaomi 14T,A:502053,W502053,ПП2,726640075,1,https://s3.twcstorage.ru/35ffc2ef-1e09-463d-a2c4-c183d5deb59a/prints/pp2/W502053.webp
Матовые цветные чехлы для печати,Xiaomi 14T,A:502057,W502057,ПП2,1140195437,74,https://s3.twcstorage.ru/35ffc2ef-1e09-463d-a2c4-c183d5deb59a/prints/pp2/W502057.webp
Чехол с вкладышем,Xiaomi 14T,A:502069,W502069,ПП2,994655597,1000000,https://s3.twcstorage.ru/35ffc2ef-1e09-463d-a2c4-c183d5deb59a/prints/pp2/W502069.webp
Матовые цветные чехлы для печати,Xiaomi 14T,A:506336,W5063361,ПП2,1153911955,15,https://s3.twcstorage.ru/35ffc2ef-1e09-463d-a2c4-c183d5deb59a/prints/pp2/W5063361.webp
Белые софт-тач,Xiaomi 14T,A:506340,W506340,ПП2,1164324512,4,https://s3.twcstorage.ru/35ffc2ef-1e09-463d-a2c4-c183d5deb59a/prints/pp2/W5063401.webp
Силиконовые чехлы,Xiaomi 14T,A:506364,W506364,ПП2,1186435202,44,https://s3.twcstorage.ru/35ffc2ef-1e09-463d-a2c4-c183d5deb59a/prints/pp2/W506364.webp
Матовые цветные чехлы для печати,Xiaomi 14T,A:506371,W506371,ПП2,1152355774,54,https://s3.twcstorage.ru/35ffc2ef-1e09-463d-a2c4-c183d5deb59a/prints/pp2/W506371.webp
Белые софт-тач,Xiaomi 14T,A:506373,W506373,ПП2,1163934972,11,https://s3.twcstorage.ru/35ffc2ef-1e09-463d-a2c4-c183d5deb59a/prints/pp2/W506373.webp
Силиконовые чехлы,Xiaomi 14T,A:506385,Q506385,ПП2,1186068091,1000000,https://s3.twcstorage.ru/35ffc2ef-1e09-463d-a2c4-c183d5deb59a/prints/pp2/Q5063851.webp
Силиконовые чехлы,Xiaomi 14T Pro,A:501962,W501962,ПП2,727512213,62,https://s3.twcstorage.ru/35ffc2ef-1e09-463d-a2c4-c183d5deb59a/prints/pp2/W501962.webp
Силиконовые чехлы,Xiaomi 14T Pro,A:501979,Q501979,ПП2,727780537,48,https://s3.twcstorage.ru/35ffc2ef-1e09-463d-a2c4-c183d5deb59a/prints/pp2/Q5019791.webp
Силиконовые чехлы,Xiaomi 14T Pro,A:501984,Q501984,ПП2,727519794,126,https://s3.twcstorage.ru/35ffc2ef-1e09-463d-a2c4-c183d5deb59a/prints/pp2/Y501984.webp
Матовые цветные чехлы для печати,Xiaomi 14T Pro,A:502006,W502006,ПП2,1153015150,47,https://s3.twcstorage.ru/35ffc2ef-1e09-463d-a2c4-c183d5deb59a/prints/pp2/W502006.webp
Матовые цветные чехлы для печати,Xiaomi 14T Pro,A:502012,W502012,ПП2,1196161410,6,https://s3.twcstorage.ru/35ffc2ef-1e09-463d-a2c4-c183d5deb59a/prints/pp2/W502012.webp
Матовые цветные чехлы для печати,Xiaomi 14T Pro,A:502026,W502026,ПП2,1153170600,58,https://s3.twcstorage.ru/35ffc2ef-1e09-463d-a2c4-c183d5deb59a/prints/pp2/W502026.webp
Силиконовые чехлы,Xiaomi 14T Pro,A:506332,W506332,ПП2,1186144069,3,https://s3.twcstorage.ru/35ffc2ef-1e09-463d-a2c4-c183d5deb59a/prints/pp2/W5063321.webp
Матовые цветные чехлы для печати,Xiaomi 14T Pro,A:506340,W5063401,ПП2,1154136849,4,https://s3.twcstorage.ru/35ffc2ef-1e09-463d-a2c4-c183d5deb59a/prints/pp2/W5063401.webp
Силиконовые чехлы,Xiaomi 14T Pro,A:506373,W506373,ПП2,1186500831,6,https://s3.twcstorage.ru/35ffc2ef-1e09-463d-a2c4-c183d5deb59a/prints/pp2/W506373.webp
Силиконовые чехлы,Xiaomi 15,A:501980,Q501980,ПП2,1121616756,4,https://s3.twcstorage.ru/35ffc2ef-1e09-463d-a2c4-c183d5deb59a/prints/pp2/Q5019801.webp
Матовые цветные чехлы для печати,Xiaomi 15,A:502012,W502012,ПП2,1153033790,6,https://s3.twcstorage.ru/35ffc2ef-1e09-463d-a2c4-c183d5deb59a/prints/pp2/W502012.webp
Силиконовые чехлы,Xiaomi 15,A:502014,W502014,ПП2,1201513508,7,https://s3.twcstorage.ru/35ffc2ef-1e09-463d-a2c4-c183d5deb59a/prints/pp2/W502014.webp
Матовые цветные чехлы для печати,Xiaomi 15,A:502017,W502017,ПП2,1152731542,92,https://s3.twcstorage.ru/35ffc2ef-1e09-463d-a2c4-c183d5deb59a/prints/pp2/W502017.webp
Силиконовые чехлы,Xiaomi 15 Ultra,A:501982,Q501982,ПП2,1123892351,1000000,https://s3.twcstorage.ru/35ffc2ef-1e09-463d-a2c4-c183d5deb59a/prints/pp2/Y501982.webp
Силиконовые чехлы,Xiaomi 15 Ultra,A:506337,W506337,ПП2,1137075223,28,https://s3.twcstorage.ru/35ffc2ef-1e09-463d-a2c4-c183d5deb59a/prints/pp2/W5063371.webp
Объемные матовые чехлы молочные,Xiaomi 15T 5G,A:501927,W501927,ПП2,1154316404,49,https://s3.twcstorage.ru/35ffc2ef-1e09-463d-a2c4-c183d5deb59a/prints/pp2/W501927.webp
Силиконовые чехлы,Xiaomi 15T 5G,A:501957,W501957,ПП2,727793255,54,https://s3.twcstorage.ru/35ffc2ef-1e09-463d-a2c4-c183d5deb59a/prints/pp2/W501957.webp
Стеклянные чехлы,Xiaomi 15T 5G,A:501978,Q5019781,ПП2,727506091,3,https://s3.twcstorage.ru/35ffc2ef-1e09-463d-a2c4-c183d5deb59a/prints/pp2/Q5019781.webp
Стеклянные чехлы,Xiaomi 15T 5G,A:501980,Q5019801,ПП2,727506670,2,https://s3.twcstorage.ru/35ffc2ef-1e09-463d-a2c4-c183d5deb59a/prints/pp2/Q5019801.webp
Силиконовые чехлы,Xiaomi 15T 5G,A:501993,Q501993,ПП2,727179225,37,https://s3.twcstorage.ru/35ffc2ef-1e09-463d-a2c4-c183d5deb59a/prints/pp2/Q5019931.webp
Силиконовые чехлы,Xiaomi 15T 5G,A:502010,W502010,ПП2,727230296,1,https://s3.twcstorage.ru/35ffc2ef-1e09-463d-a2c4-c183d5deb59a/prints/pp2/W502010.webp
Матовые цветные чехлы для печати,Xiaomi 15T 5G,A:502033,W502033,ПП2,726862631,70,https://s3.twcstorage.ru/35ffc2ef-1e09-463d-a2c4-c183d5deb59a/prints/pp2/W502033.webp
Белые софт-тач,Xiaomi 15T 5G,A:502053,W502053,ПП2,931007557,1,https://s3.twcstorage.ru/35ffc2ef-1e09-463d-a2c4-c183d5deb59a/prints/pp2/W502053.webp
Матовые цветные чехлы для печати,Xiaomi 15T 5G,A:506337,W5063371,ПП2,1185606365,13,https://s3.twcstorage.ru/35ffc2ef-1e09-463d-a2c4-c183d5deb59a/prints/pp2/W5063371.webp
Объемные матовые чехлы бордовые,Xiaomi 15T 5G,A:506346,W506346,ПП2,1179515437,23,https://s3.twcstorage.ru/35ffc2ef-1e09-463d-a2c4-c183d5deb59a/prints/pp2/W506346.webp
Объемные матовые чехлы молочные,Xiaomi 15T 5G,A:506372,W506372,ПП2,1155583876,21,https://s3.twcstorage.ru/35ffc2ef-1e09-463d-a2c4-c183d5deb59a/prints/pp2/W506372.webp
Силиконовые чехлы,Xiaomi 15T 5G,A:506381,W506381,ПП2,1186555115,51,https://s3.twcstorage.ru/35ffc2ef-1e09-463d-a2c4-c183d5deb59a/prints/pp2/W506381.webp
Силиконовые чехлы,Xiaomi 15T Pro 5G,A:501941,C501941,ПП2,727243109,1000000,https://s3.twcstorage.ru/35ffc2ef-1e09-463d-a2c4-c183d5deb59a/prints/pp2/S501941.webp
Матовые цветные чехлы для печати,Xiaomi 15T Pro 5G,A:501947,W501947,ПП2,726781272,28,https://s3.twcstorage.ru/35ffc2ef-1e09-463d-a2c4-c183d5deb59a/prints/pp2/W501947.webp
Силиконовые чехлы,Xiaomi 15T Pro 5G,A:501960,W501960,ПП2,727585595,41,https://s3.twcstorage.ru/35ffc2ef-1e09-463d-a2c4-c183d5deb59a/prints/pp2/W501960.webp
Стеклянные чехлы,Xiaomi 15T Pro 5G,A:501978,Q5019781,ПП2,727506182,3,https://s3.twcstorage.ru/35ffc2ef-1e09-463d-a2c4-c183d5deb59a/prints/pp2/Q5019781.webp
Силиконовые чехлы,Xiaomi 15T Pro 5G,A:501980,Q501980,ПП2,727174720,4,https://s3.twcstorage.ru/35ffc2ef-1e09-463d-a2c4-c183d5deb59a/prints/pp2/Q5019801.webp
Силиконовые чехлы,Xiaomi 15T Pro 5G,A:501990,Q501990,ПП2,727813554,63,https://s3.twcstorage.ru/35ffc2ef-1e09-463d-a2c4-c183d5deb59a/prints/pp2/Y501990.webp
Объемные матовые чехлы бордовые,Xiaomi 15T Pro 5G,A:502010,W502010,ПП2,1153046160,17,https://s3.twcstorage.ru/35ffc2ef-1e09-463d-a2c4-c183d5deb59a/prints/pp2/W502010.webp
Матовые цветные чехлы для печати,Xiaomi 15T Pro 5G,A:502014,W502014,ПП2,726750607,18,https://s3.twcstorage.ru/35ffc2ef-1e09-463d-a2c4-c183d5deb59a/prints/pp2/W502014.webp
Силиконовые чехлы,Xiaomi 15T Pro 5G,A:502029,W502029,ПП2,727619434,42,https://s3.twcstorage.ru/35ffc2ef-1e09-463d-a2c4-c183d5deb59a/prints/pp2/W502029.webp
Объемные матовые чехлы молочные,Xiaomi 15T Pro 5G,A:502032,W502032,ПП2,1154959522,15,https://s3.twcstorage.ru/35ffc2ef-1e09-463d-a2c4-c183d5deb59a/prints/pp2/W502032.webp
Объемные матовые чехлы молочные,Xiaomi 15T Pro 5G,A:502049,W502049,ПП2,1154924308,1000000,https://s3.twcstorage.ru/35ffc2ef-1e09-463d-a2c4-c183d5deb59a/prints/pp2/Y502049.webp
Объемные матовые чехлы молочные,Xiaomi 15T Pro 5G,A:502052,W502052,ПП2,1195380184,10,https://s3.twcstorage.ru/35ffc2ef-1e09-463d-a2c4-c183d5deb59a/prints/pp2/W502052.webp
Силиконовые чехлы,Xiaomi 15T Pro 5G,A:502057,W502057,ПП2,727021156,142,https://s3.twcstorage.ru/35ffc2ef-1e09-463d-a2c4-c183d5deb59a/prints/pp2/W502057.webp
Матовые цветные чехлы для печати,Xiaomi 15T Pro 5G,A:502065,W502065,ПП2,726839298,16,https://s3.twcstorage.ru/35ffc2ef-1e09-463d-a2c4-c183d5deb59a/prints/pp2/W502065.webp
Матовые цветные чехлы для печати,Xiaomi 15T Pro 5G,A:502067,W5020671,ПП2,726733454,41,https://s3.twcstorage.ru/35ffc2ef-1e09-463d-a2c4-c183d5deb59a/prints/pp2/W5020671.webp
Силиконовые чехлы,Xiaomi 15T Pro 5G,A:506330,W506330,ПП2,1186090038,17,https://s3.twcstorage.ru/35ffc2ef-1e09-463d-a2c4-c183d5deb59a/prints/pp2/W5063301.webp
Объемные матовые чехлы черные,Xiaomi 15T Pro 5G,A:506331,W5063311,ПП2,1157935695,7,https://s3.twcstorage.ru/35ffc2ef-1e09-463d-a2c4-c183d5deb59a/prints/pp2/W5063311.webp
Объемные матовые чехлы черные,Xiaomi 15T Pro 5G,A:506333,W5063331,ПП2,1157969922,26,https://s3.twcstorage.ru/35ffc2ef-1e09-463d-a2c4-c183d5deb59a/prints/pp2/W5063331.webp
Объемные матовые чехлы молочные,Xiaomi 15T Pro 5G,A:506334,W506334,ПП2,1155229895,1000000,https://s3.twcstorage.ru/35ffc2ef-1e09-463d-a2c4-c183d5deb59a/prints/pp2/W5063341.webp
Объемные матовые чехлы молочные,Xiaomi 15T Pro 5G,A:506340,W506340,ПП2,1155318422,33,https://s3.twcstorage.ru/35ffc2ef-1e09-463d-a2c4-c183d5deb59a/prints/pp2/W5063401.webp
Силиконовые чехлы,Xiaomi 15T Pro 5G,A:506350,W506350,ПП2,1186317856,45,https://s3.twcstorage.ru/35ffc2ef-1e09-463d-a2c4-c183d5deb59a/prints/pp2/W5063501.webp
Силиконовые чехлы,Xiaomi 17T,A:502019,W502019,ПП2,1242577069,131,https://s3.twcstorage.ru/35ffc2ef-1e09-463d-a2c4-c183d5deb59a/prints/pp2/W502019.webp
Силиконовые чехлы,Xiaomi 17T,A:502065,W502065,ПП2,1242545770,49,https://s3.twcstorage.ru/35ffc2ef-1e09-463d-a2c4-c183d5deb59a/prints/pp2/W502065.webp
Силиконовые чехлы,Xiaomi 17T Pro,A:502065,W502065,ПП2,1242563962,49,https://s3.twcstorage.ru/35ffc2ef-1e09-463d-a2c4-c183d5deb59a/prints/pp2/W502065.webp
Матовые цветные чехлы для печати,Xiaomi 17T Pro,A:506340,W5063401,ПП2,1252146840,4,https://s3.twcstorage.ru/35ffc2ef-1e09-463d-a2c4-c183d5deb59a/prints/pp2/W5063401.webp
Матовые цветные чехлы для печати,Xiaomi Mi 10T/Mi 10T Pro,A:501933,W501933,ПП2,1140067805,85,https://s3.twcstorage.ru/35ffc2ef-1e09-463d-a2c4-c183d5deb59a/prints/pp2/W501933.webp
Матовые цветные чехлы для печати,Xiaomi Mi 10T/Mi 10T Pro,A:502048,W502048,ПП2,1140019860,72,https://s3.twcstorage.ru/35ffc2ef-1e09-463d-a2c4-c183d5deb59a/prints/pp2/Y502048.webp
Чёрные софт-тач,Xiaomi Mi 11 Lite/5G NE,A:501949,S501949,ПП2,727152824,1,https://s3.twcstorage.ru/35ffc2ef-1e09-463d-a2c4-c183d5deb59a/prints/pp2/W501949.webp
Чёрные софт-тач,Xiaomi Mi 11 Lite/5G NE,A:501950,S501950,ПП2,727133130,2,https://s3.twcstorage.ru/35ffc2ef-1e09-463d-a2c4-c183d5deb59a/prints/pp2/W501950.webp
Матовые цветные чехлы для печати,Xiaomi Mi 11 Lite/5G NE,A:501958,W501958,ПП2,726831403,65,https://s3.twcstorage.ru/35ffc2ef-1e09-463d-a2c4-c183d5deb59a/prints/pp2/W501958.webp
Чёрные софт-тач,Xiaomi Mi 11 Lite/5G NE,A:501961,S501961,ПП2,727161553,10,https://s3.twcstorage.ru/35ffc2ef-1e09-463d-a2c4-c183d5deb59a/prints/pp2/W501961.webp
Силиконовые чехлы,Xiaomi Mi 11 Lite/5G NE,A:501980,Q501980,ПП2,727175251,4,https://s3.twcstorage.ru/35ffc2ef-1e09-463d-a2c4-c183d5deb59a/prints/pp2/Q5019801.webp
Силиконовые чехлы,Xiaomi Mi 11 Lite/5G NE,A:501992,Q501992,ПП2,727031480,129,https://s3.twcstorage.ru/35ffc2ef-1e09-463d-a2c4-c183d5deb59a/prints/pp2/Q501992.webp
Чехол с вкладышем,Xiaomi Mi 11 Lite/5G NE,A:501996,W501996,ПП2,994683665,1000000,https://s3.twcstorage.ru/35ffc2ef-1e09-463d-a2c4-c183d5deb59a/prints/pp2/Y501996.webp
Чехол с вкладышем,Xiaomi Mi 11 Lite/5G NE,A:502007,W502007,ПП2,994738682,1000000,https://s3.twcstorage.ru/35ffc2ef-1e09-463d-a2c4-c183d5deb59a/prints/pp2/W502007.webp
Матовые цветные чехлы для печати,Xiaomi Mi 11 Lite/5G NE,A:502008,W502008,ПП2,726740040,43,https://s3.twcstorage.ru/35ffc2ef-1e09-463d-a2c4-c183d5deb59a/prints/pp2/W502008.webp
Матовые цветные чехлы для печати,Xiaomi Mi 11 Lite/5G NE,A:502009,W502009,ПП2,726742768,22,https://s3.twcstorage.ru/35ffc2ef-1e09-463d-a2c4-c183d5deb59a/prints/pp2/W502009.webp
Матовые цветные чехлы для печати,Xiaomi Mi 11 Lite/5G NE,A:502010,W502010,ПП2,726745309,10,https://s3.twcstorage.ru/35ffc2ef-1e09-463d-a2c4-c183d5deb59a/prints/pp2/W502010.webp
Матовые цветные чехлы для печати,Xiaomi Mi 11 Lite/5G NE,A:502014,W502014,ПП2,726750594,18,https://s3.twcstorage.ru/35ffc2ef-1e09-463d-a2c4-c183d5deb59a/prints/pp2/W502014.webp
Матовые цветные чехлы для печати,Xiaomi Mi 11 Lite/5G NE,A:502021,W502021,ПП2,726878613,68,https://s3.twcstorage.ru/35ffc2ef-1e09-463d-a2c4-c183d5deb59a/prints/pp2/Y502021.webp
Белые софт-тач,Xiaomi Mi 11 Lite/5G NE,A:502039,W502039,ПП2,726622100,31,https://s3.twcstorage.ru/35ffc2ef-1e09-463d-a2c4-c183d5deb59a/prints/pp2/W502039.webp
Белые софт-тач,Xiaomi Mi 11 Lite/5G NE,A:502053,W502053,ПП2,726640106,1,https://s3.twcstorage.ru/35ffc2ef-1e09-463d-a2c4-c183d5deb59a/prints/pp2/W502053.webp
Матовые цветные чехлы для печати,Xiaomi Mi 11 Lite/5G NE,A:506338,W5063381,ПП2,1185744621,26,https://s3.twcstorage.ru/35ffc2ef-1e09-463d-a2c4-c183d5deb59a/prints/pp2/W5063381.webp
Силиконовые чехлы,Xiaomi Mi 11 Ultra,A:506384,Q506384,ПП2,1137000741,36,https://s3.twcstorage.ru/35ffc2ef-1e09-463d-a2c4-c183d5deb59a/prints/pp2/Q5063841.webp
Силиконовые чехлы,Xiaomi Mi 11T/11T Pro,A:501957,W501957,ПП2,727794946,54,https://s3.twcstorage.ru/35ffc2ef-1e09-463d-a2c4-c183d5deb59a/prints/pp2/W501957.webp
Объемные матовые чехлы светло-розовые,Xiaomi Mi 11T/11T Pro,A:501961,W501961,ПП2,1052112857,1000000,https://s3.twcstorage.ru/35ffc2ef-1e09-463d-a2c4-c183d5deb59a/prints/pp2/W501961.webp
Силиконовые чехлы,Xiaomi Mi 11T/11T Pro,A:501978,Q501978,ПП2,727218971,2,https://s3.twcstorage.ru/35ffc2ef-1e09-463d-a2c4-c183d5deb59a/prints/pp2/Q5019781.webp
Силиконовые чехлы,Xiaomi Mi 11T/11T Pro,A:501980,Q501980,ПП2,727208634,4,https://s3.twcstorage.ru/35ffc2ef-1e09-463d-a2c4-c183d5deb59a/prints/pp2/Q5019801.webp
Силиконовые чехлы,Xiaomi Mi 11T/11T Pro,A:501993,Q501993,ПП2,727180977,37,https://s3.twcstorage.ru/35ffc2ef-1e09-463d-a2c4-c183d5deb59a/prints/pp2/Q5019931.webp
Силиконовые чехлы,Xiaomi Mi 11T/11T Pro,A:502014,W502014,ПП2,726985445,7,https://s3.twcstorage.ru/35ffc2ef-1e09-463d-a2c4-c183d5deb59a/prints/pp2/W502014.webp
Силиконовые чехлы,Xiaomi Mi 11T/11T Pro,A:502025,W502025,ПП2,727527652,65,https://s3.twcstorage.ru/35ffc2ef-1e09-463d-a2c4-c183d5deb59a/prints/pp2/W502025.webp
Белые софт-тач,Xiaomi Mi 11T/11T Pro,A:502032,W502032,ПП2,726635958,59,https://s3.twcstorage.ru/35ffc2ef-1e09-463d-a2c4-c183d5deb59a/prints/pp2/W502032.webp
Силиконовые чехлы,Xiaomi Mi 9T/Mi 9T Pro/Redmi K20/Redmi K20 Pro,A:506336,W506336,ПП2,1136976182,14,https://s3.twcstorage.ru/35ffc2ef-1e09-463d-a2c4-c183d5deb59a/prints/pp2/W5063361.webp
Силиконовые чехлы,Xiaomi Mi A3/Mi CC9E,A:501962,W501962,ПП2,1124086341,62,https://s3.twcstorage.ru/35ffc2ef-1e09-463d-a2c4-c183d5deb59a/prints/pp2/W501962.webp
Стеклянные чехлы,Xiaomi POCO F7 Pro,A:501980,Q5019801,ПП2,727507139,2,https://s3.twcstorage.ru/35ffc2ef-1e09-463d-a2c4-c183d5deb59a/prints/pp2/Q5019801.webp
Стеклянные чехлы,Xiaomi POCO F7 Pro,A:501993,Q5019931,ПП2,727504847,4,https://s3.twcstorage.ru/35ffc2ef-1e09-463d-a2c4-c183d5deb59a/prints/pp2/Q5019931.webp
Силиконовые чехлы,Xiaomi POCO F7 Pro,A:502008,W502008,ПП2,1123684056,18,https://s3.twcstorage.ru/35ffc2ef-1e09-463d-a2c4-c183d5deb59a/prints/pp2/W502008.webp
Силиконовые чехлы,Xiaomi POCO F7 Pro,A:506372,W506372,ПП2,1137399572,16,https://s3.twcstorage.ru/35ffc2ef-1e09-463d-a2c4-c183d5deb59a/prints/pp2/W506372.webp
Чёрные софт-тач,Xiaomi POCO M4 Pro 4G,A:501949,S501949,ПП2,727145155,1,https://s3.twcstorage.ru/35ffc2ef-1e09-463d-a2c4-c183d5deb59a/prints/pp2/W501949.webp
Силиконовые чехлы,Xiaomi POCO M4 Pro 4G,A:502032,W502032,ПП2,727775440,25,https://s3.twcstorage.ru/35ffc2ef-1e09-463d-a2c4-c183d5deb59a/prints/pp2/W502032.webp
Силиконовые чехлы,Xiaomi POCO M4 Pro 4G,A:502063,W502063,ПП2,726936189,1000000,https://s3.twcstorage.ru/35ffc2ef-1e09-463d-a2c4-c183d5deb59a/prints/pp2/W502063.webp
Матовые цветные чехлы для печати,Xiaomi POCO X7 PRO,A:501933,W501933,ПП2,726801358,85,https://s3.twcstorage.ru/35ffc2ef-1e09-463d-a2c4-c183d5deb59a/prints/pp2/W501933.webp
Матовые цветные чехлы для печати,Xiaomi POCO X7 PRO,A:501937,W501937,ПП2,726809124,1000000,https://s3.twcstorage.ru/35ffc2ef-1e09-463d-a2c4-c183d5deb59a/prints/pp2/W501937.webp
Матовые цветные чехлы для печати,Xiaomi POCO X7 PRO,A:501947,W501947,ПП2,726780922,28,https://s3.twcstorage.ru/35ffc2ef-1e09-463d-a2c4-c183d5deb59a/prints/pp2/W501947.webp
Объемные матовые чехлы бордовые,Xiaomi POCO X7 PRO,A:501951,W501951,ПП2,1153015122,1,https://s3.twcstorage.ru/35ffc2ef-1e09-463d-a2c4-c183d5deb59a/prints/pp2/W501951.webp
Силиконовые чехлы,Xiaomi POCO X7 PRO,A:501978,Q501978,ПП2,727217755,2,https://s3.twcstorage.ru/35ffc2ef-1e09-463d-a2c4-c183d5deb59a/prints/pp2/Q5019781.webp
Силиконовые чехлы,Xiaomi POCO X7 PRO,A:501980,Q501980,ПП2,727174828,4,https://s3.twcstorage.ru/35ffc2ef-1e09-463d-a2c4-c183d5deb59a/prints/pp2/Q5019801.webp
Силиконовые чехлы,Xiaomi POCO X7 PRO,A:501990,Q501990,ПП2,727814236,63,https://s3.twcstorage.ru/35ffc2ef-1e09-463d-a2c4-c183d5deb59a/prints/pp2/Y501990.webp
Объемные матовые чехлы бордовые,Xiaomi POCO X7 PRO,A:501993,Q501993,ПП2,1153028324,19,https://s3.twcstorage.ru/35ffc2ef-1e09-463d-a2c4-c183d5deb59a/prints/pp2/Q5019931.webp
Объемные матовые чехлы молочные,Xiaomi POCO X7 PRO,A:502007,W502007,ПП2,1154863760,30,https://s3.twcstorage.ru/35ffc2ef-1e09-463d-a2c4-c183d5deb59a/prints/pp2/W502007.webp
Белые софт-тач,Xiaomi POCO X7 PRO,A:502016,W502016,ПП2,930997160,1000000,https://s3.twcstorage.ru/35ffc2ef-1e09-463d-a2c4-c183d5deb59a/prints/pp2/W502016.webp
Матовые цветные чехлы для печати,Xiaomi POCO X7 PRO,A:502018,W502018,ПП2,726833861,48,https://s3.twcstorage.ru/35ffc2ef-1e09-463d-a2c4-c183d5deb59a/prints/pp2/W502018.webp
Матовые цветные чехлы для печати,Xiaomi POCO X7 PRO,A:502029,W502029,ПП2,726884248,30,https://s3.twcstorage.ru/35ffc2ef-1e09-463d-a2c4-c183d5deb59a/prints/pp2/W502029.webp
Матовые цветные чехлы для печати,Xiaomi POCO X7 PRO,A:502031,W502031,ПП2,726754578,59,https://s3.twcstorage.ru/35ffc2ef-1e09-463d-a2c4-c183d5deb59a/prints/pp2/W502031.webp
Чехол с вкладышем,Xiaomi POCO X7 PRO,A:502037,W502037,ПП2,994671561,1000000,https://s3.twcstorage.ru/35ffc2ef-1e09-463d-a2c4-c183d5deb59a/prints/pp2/W502037.webp
Матовые цветные чехлы для печати,Xiaomi POCO X7 PRO,A:502049,W502049,ПП2,726765507,60,https://s3.twcstorage.ru/35ffc2ef-1e09-463d-a2c4-c183d5deb59a/prints/pp2/Y502049.webp
Белые софт-тач,Xiaomi POCO X7 PRO,A:502053,W502053,ПП2,931006764,1,https://s3.twcstorage.ru/35ffc2ef-1e09-463d-a2c4-c183d5deb59a/prints/pp2/W502053.webp
Матовые цветные чехлы для печати,Xiaomi POCO X7 PRO,A:502055,W502055,ПП2,726772335,95,https://s3.twcstorage.ru/35ffc2ef-1e09-463d-a2c4-c183d5deb59a/prints/pp2/W502055.webp
Белые софт-тач,Xiaomi POCO X7 PRO,A:502063,W502063,ПП2,931030120,1000000,https://s3.twcstorage.ru/35ffc2ef-1e09-463d-a2c4-c183d5deb59a/prints/pp2/W502063.webp
Объемные матовые чехлы черные,Xiaomi POCO X7 PRO,A:506331,W5063311,ПП2,1157933603,7,https://s3.twcstorage.ru/35ffc2ef-1e09-463d-a2c4-c183d5deb59a/prints/pp2/W5063311.webp
Белые софт-тач,Xiaomi POCO X7 PRO,A:506332,W506332,ПП2,1164189136,8,https://s3.twcstorage.ru/35ffc2ef-1e09-463d-a2c4-c183d5deb59a/prints/pp2/W5063321.webp
Матовые цветные чехлы для печати,Xiaomi POCO X7 PRO,A:506333,W5063331,ПП2,1185737173,25,https://s3.twcstorage.ru/35ffc2ef-1e09-463d-a2c4-c183d5deb59a/prints/pp2/W5063331.webp
Объемные матовые чехлы бордовые,Xiaomi POCO X7 PRO,A:506339,W5063391,ПП2,1153425885,36,https://s3.twcstorage.ru/35ffc2ef-1e09-463d-a2c4-c183d5deb59a/prints/pp2/W5063391.webp
Белые софт-тач,Xiaomi POCO X7 PRO,A:506340,W506340,ПП2,1164336262,4,https://s3.twcstorage.ru/35ffc2ef-1e09-463d-a2c4-c183d5deb59a/prints/pp2/W5063401.webp
Силиконовые чехлы,Xiaomi POCO X7 PRO,A:506384,Q506384,ПП2,1186044133,36,https://s3.twcstorage.ru/35ffc2ef-1e09-463d-a2c4-c183d5deb59a/prints/pp2/Q5063841.webp
Силиконовые чехлы,Xiaomi Poco F3/Redmi K40/Mi11i,A:501931,W501931,ПП2,727109056,1000000,https://s3.twcstorage.ru/35ffc2ef-1e09-463d-a2c4-c183d5deb59a/prints/pp2/W501931.webp
Белые софт-тач,Xiaomi Poco F3/Redmi K40/Mi11i,A:501962,W501962,ПП2,726674553,13,https://s3.twcstorage.ru/35ffc2ef-1e09-463d-a2c4-c183d5deb59a/prints/pp2/W501962.webp
Белые софт-тач,Xiaomi Poco F3/Redmi K40/Mi11i,A:502007,W502007,ПП2,726643918,71,https://s3.twcstorage.ru/35ffc2ef-1e09-463d-a2c4-c183d5deb59a/prints/pp2/W502007.webp
Белые софт-тач,Xiaomi Poco F3/Redmi K40/Mi11i,A:502032,W502032,ПП2,726635681,59,https://s3.twcstorage.ru/35ffc2ef-1e09-463d-a2c4-c183d5deb59a/prints/pp2/W502032.webp
Белые софт-тач,Xiaomi Poco F3/Redmi K40/Mi11i,A:502053,W502053,ПП2,726640194,1,https://s3.twcstorage.ru/35ffc2ef-1e09-463d-a2c4-c183d5deb59a/prints/pp2/W502053.webp
Силиконовые чехлы,Xiaomi Poco F7,A:501949,W501949,ПП2,727854260,19,https://s3.twcstorage.ru/35ffc2ef-1e09-463d-a2c4-c183d5deb59a/prints/pp2/W501949.webp
Объемные матовые чехлы коричневые,Xiaomi Poco F7,A:501950,W501950,ПП2,1156158438,8,https://s3.twcstorage.ru/35ffc2ef-1e09-463d-a2c4-c183d5deb59a/prints/pp2/W501950.webp
Силиконовые чехлы,Xiaomi Poco F7,A:501978,Q501978,ПП2,727218594,2,https://s3.twcstorage.ru/35ffc2ef-1e09-463d-a2c4-c183d5deb59a/prints/pp2/Q5019781.webp
Матовые цветные чехлы для печати,Xiaomi Poco F7,A:502010,W502010,ПП2,933313184,10,https://s3.twcstorage.ru/35ffc2ef-1e09-463d-a2c4-c183d5deb59a/prints/pp2/W502010.webp
Матовые цветные чехлы для печати,Xiaomi Poco F7,A:502014,W502014,ПП2,933315744,18,https://s3.twcstorage.ru/35ffc2ef-1e09-463d-a2c4-c183d5deb59a/prints/pp2/W502014.webp
Матовые цветные чехлы для печати,Xiaomi Poco F7,A:502058,W502058,ПП2,933305565,96,https://s3.twcstorage.ru/35ffc2ef-1e09-463d-a2c4-c183d5deb59a/prints/pp2/W502058.webp
Матовые цветные чехлы для печати,Xiaomi Poco F7,A:502065,W502065,ПП2,933320926,16,https://s3.twcstorage.ru/35ffc2ef-1e09-463d-a2c4-c183d5deb59a/prints/pp2/W502065.webp
Матовые цветные чехлы для печати,Xiaomi Poco F7,A:502068,W502068,ПП2,933318059,77,https://s3.twcstorage.ru/35ffc2ef-1e09-463d-a2c4-c183d5deb59a/prints/pp2/W502068.webp
Белые софт-тач,Xiaomi Poco F7,A:506336,W506336,ПП2,1164265916,48,https://s3.twcstorage.ru/35ffc2ef-1e09-463d-a2c4-c183d5deb59a/prints/pp2/W5063361.webp
Силиконовые чехлы,Xiaomi Poco F7,A:506364,W506364,ПП2,1186435305,44,https://s3.twcstorage.ru/35ffc2ef-1e09-463d-a2c4-c183d5deb59a/prints/pp2/W506364.webp
Силиконовые чехлы,Xiaomi Poco M5,A:501980,Q501980,ПП2,1121617360,4,https://s3.twcstorage.ru/35ffc2ef-1e09-463d-a2c4-c183d5deb59a/prints/pp2/Q5019801.webp
Силиконовые чехлы,Xiaomi Poco M5,A:502031,W502031,ПП2,1196331375,52,https://s3.twcstorage.ru/35ffc2ef-1e09-463d-a2c4-c183d5deb59a/prints/pp2/W502031.webp
Матовые цветные чехлы для печати,Xiaomi Poco X3/X3 Pro,A:501935,W501935,ПП2,726865164,86,https://s3.twcstorage.ru/35ffc2ef-1e09-463d-a2c4-c183d5deb59a/prints/pp2/W501935.webp
Чёрные софт-тач,Xiaomi Poco X3/X3 Pro,A:501945,S501945,ПП2,727120446,1000000,https://s3.twcstorage.ru/35ffc2ef-1e09-463d-a2c4-c183d5deb59a/prints/pp2/W501945.webp
Матовые цветные чехлы для печати,Xiaomi Poco X3/X3 Pro,A:501957,W501957,ПП2,726829065,17,https://s3.twcstorage.ru/35ffc2ef-1e09-463d-a2c4-c183d5deb59a/prints/pp2/W501957.webp
Силиконовые чехлы,Xiaomi Poco X3/X3 Pro,A:501978,Q501978,ПП2,727218296,2,https://s3.twcstorage.ru/35ffc2ef-1e09-463d-a2c4-c183d5deb59a/prints/pp2/Q5019781.webp
Силиконовые чехлы,Xiaomi Poco X3/X3 Pro,A:501980,Q501980,ПП2,727175254,4,https://s3.twcstorage.ru/35ffc2ef-1e09-463d-a2c4-c183d5deb59a/prints/pp2/Q5019801.webp
Силиконовые чехлы,Xiaomi Poco X3/X3 Pro,A:501987,Q501987,ПП2,727811244,1000000,https://s3.twcstorage.ru/35ffc2ef-1e09-463d-a2c4-c183d5deb59a/prints/pp2/Y501987.webp
Силиконовые чехлы,Xiaomi Poco X3/X3 Pro,A:501990,Q501990,ПП2,727814604,63,https://s3.twcstorage.ru/35ffc2ef-1e09-463d-a2c4-c183d5deb59a/prints/pp2/Y501990.webp
Силиконовые чехлы,Xiaomi Poco X3/X3 Pro,A:501993,Q501993,ПП2,727180364,37,https://s3.twcstorage.ru/35ffc2ef-1e09-463d-a2c4-c183d5deb59a/prints/pp2/Q5019931.webp
Силиконовые чехлы,Xiaomi Poco X3/X3 Pro,A:502010,W502010,ПП2,727231269,1,https://s3.twcstorage.ru/35ffc2ef-1e09-463d-a2c4-c183d5deb59a/prints/pp2/W502010.webp
Силиконовые чехлы,Xiaomi Poco X3/X3 Pro,A:502014,W502014,ПП2,726982931,7,https://s3.twcstorage.ru/35ffc2ef-1e09-463d-a2c4-c183d5deb59a/prints/pp2/W502014.webp
Матовые цветные чехлы для печати,Xiaomi Poco X3/X3 Pro,A:502018,W502018,ПП2,726834388,48,https://s3.twcstorage.ru/35ffc2ef-1e09-463d-a2c4-c183d5deb59a/prints/pp2/W502018.webp
Силиконовые чехлы,Xiaomi Poco X3/X3 Pro,A:502024,W502024,ПП2,727525185,134,https://s3.twcstorage.ru/35ffc2ef-1e09-463d-a2c4-c183d5deb59a/prints/pp2/W502024.webp
Матовые цветные чехлы для печати,Xiaomi Poco X3/X3 Pro,A:502025,W502025,ПП2,726877070,34,https://s3.twcstorage.ru/35ffc2ef-1e09-463d-a2c4-c183d5deb59a/prints/pp2/W502025.webp
Матовые цветные чехлы для печати,Xiaomi Poco X3/X3 Pro,A:502029,W502029,ПП2,726884321,30,https://s3.twcstorage.ru/35ffc2ef-1e09-463d-a2c4-c183d5deb59a/prints/pp2/W502029.webp
Объемные матовые чехлы черные,Xiaomi Poco X3/X3 Pro,A:502035,W502035,ПП2,1157530101,20,https://s3.twcstorage.ru/35ffc2ef-1e09-463d-a2c4-c183d5deb59a/prints/pp2/W502035.webp
Силиконовые чехлы,Xiaomi Poco X3/X3 Pro,A:502044,W502044,ПП2,727803569,139,https://s3.twcstorage.ru/35ffc2ef-1e09-463d-a2c4-c183d5deb59a/prints/pp2/W502044.webp
Белые софт-тач,Xiaomi Poco X3/X3 Pro,A:502048,W502048,ПП2,930884151,21,https://s3.twcstorage.ru/35ffc2ef-1e09-463d-a2c4-c183d5deb59a/prints/pp2/Y502048.webp
Матовые цветные чехлы для печати,Xiaomi Poco X3/X3 Pro,A:502067,W5020671,ПП2,726734601,41,https://s3.twcstorage.ru/35ffc2ef-1e09-463d-a2c4-c183d5deb59a/prints/pp2/W5020671.webp
Силиконовые чехлы,Xiaomi Poco X4 Pro 5G,A:501993,Q501993,ПП2,727180893,37,https://s3.twcstorage.ru/35ffc2ef-1e09-463d-a2c4-c183d5deb59a/prints/pp2/Q5019931.webp
Силиконовые чехлы,Xiaomi Poco X4 Pro 5G,A:502039,W502039,ПП2,727802500,34,https://s3.twcstorage.ru/35ffc2ef-1e09-463d-a2c4-c183d5deb59a/prints/pp2/W502039.webp
Силиконовые чехлы,Xiaomi Poco X5 5G,A:506364,W506364,ПП2,1137344109,44,https://s3.twcstorage.ru/35ffc2ef-1e09-463d-a2c4-c183d5deb59a/prints/pp2/W506364.webp
Матовые цветные чехлы для печати,Xiaomi Poco X5 5G,A:506374,W506374,ПП2,1152378855,11,https://s3.twcstorage.ru/35ffc2ef-1e09-463d-a2c4-c183d5deb59a/prints/pp2/W506374.webp
Силиконовые чехлы,Xiaomi Poco X5 Pro 5G,A:501957,W501957,ПП2,727793911,54,https://s3.twcstorage.ru/35ffc2ef-1e09-463d-a2c4-c183d5deb59a/prints/pp2/W501957.webp
Силиконовые чехлы,Xiaomi Poco X5 Pro 5G,A:501960,C501960,ПП2,727209880,41,https://s3.twcstorage.ru/35ffc2ef-1e09-463d-a2c4-c183d5deb59a/prints/pp2/W501960.webp
Силиконовые чехлы,Xiaomi Poco X5 Pro 5G,A:501978,Q501978,ПП2,727218729,2,https://s3.twcstorage.ru/35ffc2ef-1e09-463d-a2c4-c183d5deb59a/prints/pp2/Q5019781.webp
Матовые цветные чехлы для печати,Xiaomi Poco X5 Pro 5G,A:502012,W502012,ПП2,1196159205,6,https://s3.twcstorage.ru/35ffc2ef-1e09-463d-a2c4-c183d5deb59a/prints/pp2/W502012.webp
Матовые цветные чехлы для печати,Xiaomi Poco X5 Pro 5G,A:502019,W502019,ПП2,1196126583,55,https://s3.twcstorage.ru/35ffc2ef-1e09-463d-a2c4-c183d5deb59a/prints/pp2/W502019.webp
Матовые цветные чехлы для печати,Xiaomi Poco X5 Pro 5G,A:502023,W502023,ПП2,1153015758,56,https://s3.twcstorage.ru/35ffc2ef-1e09-463d-a2c4-c183d5deb59a/prints/pp2/W502023.webp
Матовые цветные чехлы для печати,Xiaomi Poco X5 Pro 5G,A:502028,W502028,ПП2,1153201724,69,https://s3.twcstorage.ru/35ffc2ef-1e09-463d-a2c4-c183d5deb59a/prints/pp2/W502028.webp
Силиконовые чехлы,Xiaomi Poco X5 Pro 5G,A:502033,W502033,ПП2,727784536,104,https://s3.twcstorage.ru/35ffc2ef-1e09-463d-a2c4-c183d5deb59a/prints/pp2/W502033.webp
Матовые цветные чехлы для печати,Xiaomi Poco X5 Pro 5G,A:502047,W502047,ПП2,1196051286,93,https://s3.twcstorage.ru/35ffc2ef-1e09-463d-a2c4-c183d5deb59a/prints/pp2/W502047.webp
Матовые цветные чехлы для печати,Xiaomi Poco X5 Pro 5G,A:506336,W5063361,ПП2,1153911736,15,https://s3.twcstorage.ru/35ffc2ef-1e09-463d-a2c4-c183d5deb59a/prints/pp2/W5063361.webp
Матовые цветные чехлы для печати,Xiaomi Poco X5 Pro 5G,A:506340,W5063401,ПП2,1154118354,4,https://s3.twcstorage.ru/35ffc2ef-1e09-463d-a2c4-c183d5deb59a/prints/pp2/W5063401.webp
Матовые цветные чехлы для печати,Xiaomi Poco X5 Pro 5G,A:506363,W506363,ПП2,1152296107,33,https://s3.twcstorage.ru/35ffc2ef-1e09-463d-a2c4-c183d5deb59a/prints/pp2/W506363.webp
Силиконовые чехлы,Xiaomi Poco X5 Pro 5G,A:506379,W506379,ПП2,1186543953,27,https://s3.twcstorage.ru/35ffc2ef-1e09-463d-a2c4-c183d5deb59a/prints/pp2/W506379.webp
Чёрные софт-тач,Xiaomi Poco X6 PRO 5G,A:501947,S501947,ПП2,727135664,8,https://s3.twcstorage.ru/35ffc2ef-1e09-463d-a2c4-c183d5deb59a/prints/pp2/W501947.webp
Чёрные софт-тач,Xiaomi Poco X6 PRO 5G,A:501951,S501951,ПП2,727137239,5,https://s3.twcstorage.ru/35ffc2ef-1e09-463d-a2c4-c183d5deb59a/prints/pp2/W501951.webp
Чёрные софт-тач,Xiaomi Poco X6 PRO 5G,A:501954,S501954,ПП2,727116826,1000000,https://s3.twcstorage.ru/35ffc2ef-1e09-463d-a2c4-c183d5deb59a/prints/pp2/W501954.webp
Чёрные софт-тач,Xiaomi Poco X6 PRO 5G,A:501955,S501955,ПП2,727119310,1000000,https://s3.twcstorage.ru/35ffc2ef-1e09-463d-a2c4-c183d5deb59a/prints/pp2/W501955.webp
Силиконовые чехлы,Xiaomi Poco X6 PRO 5G,A:501979,Q501979,ПП2,727779944,48,https://s3.twcstorage.ru/35ffc2ef-1e09-463d-a2c4-c183d5deb59a/prints/pp2/Q5019791.webp
Силиконовые чехлы,Xiaomi Poco X6 PRO 5G,A:501990,Q501990,ПП2,727814879,63,https://s3.twcstorage.ru/35ffc2ef-1e09-463d-a2c4-c183d5deb59a/prints/pp2/Y501990.webp
Стеклянные чехлы,Xiaomi Poco X6 PRO 5G,A:501993,Q5019931,ПП2,727504822,4,https://s3.twcstorage.ru/35ffc2ef-1e09-463d-a2c4-c183d5deb59a/prints/pp2/Q5019931.webp
Белые софт-тач,Xiaomi Poco X6 PRO 5G,A:502001,W502001,ПП2,726599489,1000000,https://s3.twcstorage.ru/35ffc2ef-1e09-463d-a2c4-c183d5deb59a/prints/pp2/W502001.webp
Силиконовые чехлы,Xiaomi Poco X6 PRO 5G,A:502014,W502014,ПП2,726992406,7,https://s3.twcstorage.ru/35ffc2ef-1e09-463d-a2c4-c183d5deb59a/prints/pp2/W502014.webp
Силиконовые чехлы,Xiaomi Poco X6 PRO 5G,A:502039,W502039,ПП2,727802495,34,https://s3.twcstorage.ru/35ffc2ef-1e09-463d-a2c4-c183d5deb59a/prints/pp2/W502039.webp
Белые софт-тач,Xiaomi Poco X6 PRO 5G,A:502053,W502053,ПП2,726640561,1,https://s3.twcstorage.ru/35ffc2ef-1e09-463d-a2c4-c183d5deb59a/prints/pp2/W502053.webp
Силиконовые чехлы,Xiaomi Poco X6 PRO 5G,A:502054,W502054,ПП2,727006934,141,https://s3.twcstorage.ru/35ffc2ef-1e09-463d-a2c4-c183d5deb59a/prints/pp2/W502054.webp
Матовые цветные чехлы для печати,Xiaomi Poco X6 PRO 5G,A:506340,W5063401,ПП2,1154121806,4,https://s3.twcstorage.ru/35ffc2ef-1e09-463d-a2c4-c183d5deb59a/prints/pp2/W5063401.webp
Силиконовые чехлы,Xiaomi Poco X7/Redmi Note 14 Pro 5G,A:501958,W501958,ПП2,1122332311,99,https://s3.twcstorage.ru/35ffc2ef-1e09-463d-a2c4-c183d5deb59a/prints/pp2/W501958.webp
Силиконовые чехлы,Xiaomi Poco X7/Redmi Note 14 Pro 5G,A:501962,W501962,ПП2,1124090988,62,https://s3.twcstorage.ru/35ffc2ef-1e09-463d-a2c4-c183d5deb59a/prints/pp2/W501962.webp
Силиконовые чехлы,Xiaomi Poco X7/Redmi Note 14 Pro 5G,A:501978,Q501978,ПП2,1121718808,2,https://s3.twcstorage.ru/35ffc2ef-1e09-463d-a2c4-c183d5deb59a/prints/pp2/Q5019781.webp
Силиконовые чехлы,Xiaomi Poco X7/Redmi Note 14 Pro 5G,A:501980,Q501980,ПП2,1121638155,4,https://s3.twcstorage.ru/35ffc2ef-1e09-463d-a2c4-c183d5deb59a/prints/pp2/Q5019801.webp
Силиконовые чехлы,Xiaomi Poco X7/Redmi Note 14 Pro 5G,A:506340,W506340,ПП2,1137111115,5,https://s3.twcstorage.ru/35ffc2ef-1e09-463d-a2c4-c183d5deb59a/prints/pp2/W5063401.webp
Силиконовые чехлы,Xiaomi Redmi 10,A:501993,Q501993,ПП2,933662048,37,https://s3.twcstorage.ru/35ffc2ef-1e09-463d-a2c4-c183d5deb59a/prints/pp2/Q5019931.webp
Силиконовые чехлы,Xiaomi Redmi 10,A:502018,W502018,ПП2,933614492,89,https://s3.twcstorage.ru/35ffc2ef-1e09-463d-a2c4-c183d5deb59a/prints/pp2/W502018.webp
Силиконовые чехлы,Xiaomi Redmi 10C,A:501965,Q501965,ПП2,726961331,86,https://s3.twcstorage.ru/35ffc2ef-1e09-463d-a2c4-c183d5deb59a/prints/pp2/Q5019651.webp
Силиконовые чехлы,Xiaomi Redmi 10C,A:501972,Q501972,ПП2,727066753,125,https://s3.twcstorage.ru/35ffc2ef-1e09-463d-a2c4-c183d5deb59a/prints/pp2/Q501972.webp
Силиконовые чехлы,Xiaomi Redmi 10C,A:501977,Q501977,ПП2,727770101,88,https://s3.twcstorage.ru/35ffc2ef-1e09-463d-a2c4-c183d5deb59a/prints/pp2/Q5019771.webp
Силиконовые чехлы,Xiaomi Redmi 10C,A:501978,Q501978,ПП2,727218519,2,https://s3.twcstorage.ru/35ffc2ef-1e09-463d-a2c4-c183d5deb59a/prints/pp2/Q5019781.webp
Силиконовые чехлы,Xiaomi Redmi 10C,A:501980,Q501980,ПП2,727175452,4,https://s3.twcstorage.ru/35ffc2ef-1e09-463d-a2c4-c183d5deb59a/prints/pp2/Q5019801.webp
Стеклянные чехлы,Xiaomi Redmi 10C,A:501993,Q5019931,ПП2,727504775,4,https://s3.twcstorage.ru/35ffc2ef-1e09-463d-a2c4-c183d5deb59a/prints/pp2/Q5019931.webp
Матовые цветные чехлы для печати,Xiaomi Redmi 10C,A:502010,W502010,ПП2,1139997930,10,https://s3.twcstorage.ru/35ffc2ef-1e09-463d-a2c4-c183d5deb59a/prints/pp2/W502010.webp
Силиконовые чехлы,Xiaomi Redmi 10C,A:502019,W502019,ПП2,727215510,131,https://s3.twcstorage.ru/35ffc2ef-1e09-463d-a2c4-c183d5deb59a/prints/pp2/W502019.webp
Силиконовые чехлы,Xiaomi Redmi 10X/Redmi Note 9,A:501978,Q501978,ПП2,1121704929,2,https://s3.twcstorage.ru/35ffc2ef-1e09-463d-a2c4-c183d5deb59a/prints/pp2/Q5019781.webp
Силиконовые чехлы,Xiaomi Redmi 10X/Redmi Note 9,A:506383,Q506383,ПП2,1136991558,32,https://s3.twcstorage.ru/35ffc2ef-1e09-463d-a2c4-c183d5deb59a/prints/pp2/Q5063831.webp
Чёрные софт-тач,Xiaomi Redmi 12,A:501949,S501949,ПП2,727139606,1,https://s3.twcstorage.ru/35ffc2ef-1e09-463d-a2c4-c183d5deb59a/prints/pp2/W501949.webp
Силиконовые чехлы,Xiaomi Redmi 12,A:501971,Q501971,ПП2,726914664,87,https://s3.twcstorage.ru/35ffc2ef-1e09-463d-a2c4-c183d5deb59a/prints/pp2/Q501971.webp
Силиконовые чехлы,Xiaomi Redmi 12,A:501978,Q501978,ПП2,727217344,2,https://s3.twcstorage.ru/35ffc2ef-1e09-463d-a2c4-c183d5deb59a/prints/pp2/Q5019781.webp
Стеклянные чехлы,Xiaomi Redmi 12,A:501980,Q5019801,ПП2,727506525,2,https://s3.twcstorage.ru/35ffc2ef-1e09-463d-a2c4-c183d5deb59a/prints/pp2/Q5019801.webp
Силиконовые чехлы,Xiaomi Redmi 12,A:501990,Q501990,ПП2,727813002,63,https://s3.twcstorage.ru/35ffc2ef-1e09-463d-a2c4-c183d5deb59a/prints/pp2/Y501990.webp
Силиконовые чехлы,Xiaomi Redmi 12,A:501993,Q501993,ПП2,727179355,37,https://s3.twcstorage.ru/35ffc2ef-1e09-463d-a2c4-c183d5deb59a/prints/pp2/Q5019931.webp
Матовые цветные чехлы для печати,Xiaomi Redmi 12,A:502010,W502010,ПП2,726744365,10,https://s3.twcstorage.ru/35ffc2ef-1e09-463d-a2c4-c183d5deb59a/prints/pp2/W502010.webp
Чехол с вкладышем,Xiaomi Redmi 12,A:502018,W502018,ПП2,994686757,1000000,https://s3.twcstorage.ru/35ffc2ef-1e09-463d-a2c4-c183d5deb59a/prints/pp2/W502018.webp
Матовые цветные чехлы для печати,Xiaomi Redmi 12,A:502046,W5020461,ПП2,726730111,1000000,https://s3.twcstorage.ru/35ffc2ef-1e09-463d-a2c4-c183d5deb59a/prints/pp2/W5020461.webp
Белые софт-тач,Xiaomi Redmi 12,A:502052,W502052,ПП2,726643492,2,https://s3.twcstorage.ru/35ffc2ef-1e09-463d-a2c4-c183d5deb59a/prints/pp2/W502052.webp
Белые софт-тач,Xiaomi Redmi 12,A:502053,W502053,ПП2,726641326,1,https://s3.twcstorage.ru/35ffc2ef-1e09-463d-a2c4-c183d5deb59a/prints/pp2/W502053.webp
Матовые цветные чехлы для печати,Xiaomi Redmi 12,A:502058,W502058,ПП2,726841716,96,https://s3.twcstorage.ru/35ffc2ef-1e09-463d-a2c4-c183d5deb59a/prints/pp2/W502058.webp
Белые софт-тач,Xiaomi Redmi 12,A:506339,W506339,ПП2,1164317902,33,https://s3.twcstorage.ru/35ffc2ef-1e09-463d-a2c4-c183d5deb59a/prints/pp2/W5063391.webp
Белые софт-тач,Xiaomi Redmi 12,A:506374,W506374,ПП2,1163969786,3,https://s3.twcstorage.ru/35ffc2ef-1e09-463d-a2c4-c183d5deb59a/prints/pp2/W506374.webp
Силиконовые чехлы,Xiaomi Redmi 12,A:506383,Q506383,ПП2,1186739250,32,https://s3.twcstorage.ru/35ffc2ef-1e09-463d-a2c4-c183d5deb59a/prints/pp2/Q5063831.webp
Силиконовые чехлы,Xiaomi Redmi 12C/Xiaomi Poco C55,A:501978,Q501978,ПП2,1121709267,2,https://s3.twcstorage.ru/35ffc2ef-1e09-463d-a2c4-c183d5deb59a/prints/pp2/Q5019781.webp
Силиконовые чехлы,Xiaomi Redmi 12C/Xiaomi Poco C55,A:502031,W502031,ПП2,1121443165,52,https://s3.twcstorage.ru/35ffc2ef-1e09-463d-a2c4-c183d5deb59a/prints/pp2/W502031.webp
Белые софт-тач,Xiaomi Redmi 13C/Poco C65,A:501940,W501940,ПП2,726672173,51,https://s3.twcstorage.ru/35ffc2ef-1e09-463d-a2c4-c183d5deb59a/prints/pp2/W501940.webp
Чёрные софт-тач,Xiaomi Redmi 13C/Poco C65,A:501945,S501945,ПП2,727119602,1000000,https://s3.twcstorage.ru/35ffc2ef-1e09-463d-a2c4-c183d5deb59a/prints/pp2/W501945.webp
Белые софт-тач,Xiaomi Redmi 13C/Poco C65,A:501947,W501947,ПП2,726590298,27,https://s3.twcstorage.ru/35ffc2ef-1e09-463d-a2c4-c183d5deb59a/prints/pp2/W501947.webp
Матовые цветные чехлы для печати,Xiaomi Redmi 13C/Poco C65,A:501955,W501955,ПП2,726782398,64,https://s3.twcstorage.ru/35ffc2ef-1e09-463d-a2c4-c183d5deb59a/prints/pp2/W501955.webp
Чёрные софт-тач,Xiaomi Redmi 13C/Poco C65,A:501957,S501957,ПП2,727123603,3,https://s3.twcstorage.ru/35ffc2ef-1e09-463d-a2c4-c183d5deb59a/prints/pp2/W501957.webp
Чёрные софт-тач,Xiaomi Redmi 13C/Poco C65,A:501958,S501958,ПП2,727128011,14,https://s3.twcstorage.ru/35ffc2ef-1e09-463d-a2c4-c183d5deb59a/prints/pp2/W501958.webp
Силиконовые чехлы,Xiaomi Redmi 13C/Poco C65,A:501962,W501962,ПП2,727557706,62,https://s3.twcstorage.ru/35ffc2ef-1e09-463d-a2c4-c183d5deb59a/prints/pp2/W501962.webp
Силиконовые чехлы,Xiaomi Redmi 13C/Poco C65,A:501969,Q501969,ПП2,726910299,1000000,https://s3.twcstorage.ru/35ffc2ef-1e09-463d-a2c4-c183d5deb59a/prints/pp2/W501969.webp
Силиконовые чехлы,Xiaomi Redmi 13C/Poco C65,A:501978,Q501978,ПП2,727217399,2,https://s3.twcstorage.ru/35ffc2ef-1e09-463d-a2c4-c183d5deb59a/prints/pp2/Q5019781.webp
Силиконовые чехлы,Xiaomi Redmi 13C/Poco C65,A:501980,Q501980,ПП2,727174831,4,https://s3.twcstorage.ru/35ffc2ef-1e09-463d-a2c4-c183d5deb59a/prints/pp2/Q5019801.webp
Матовые цветные чехлы для печати,Xiaomi Redmi 13C/Poco C65,A:502003,W502003,ПП2,726735353,38,https://s3.twcstorage.ru/35ffc2ef-1e09-463d-a2c4-c183d5deb59a/prints/pp2/W502003.webp
Объемные матовые чехлы бордовые,Xiaomi Redmi 13C/Poco C65,A:502007,W502007,ПП2,1153016451,33,https://s3.twcstorage.ru/35ffc2ef-1e09-463d-a2c4-c183d5deb59a/prints/pp2/W502007.webp
Силиконовые чехлы,Xiaomi Redmi 13C/Poco C65,A:502010,W502010,ПП2,727230105,1,https://s3.twcstorage.ru/35ffc2ef-1e09-463d-a2c4-c183d5deb59a/prints/pp2/W502010.webp
Белые софт-тач,Xiaomi Redmi 13C/Poco C65,A:502014,W502014,ПП2,726648454,15,https://s3.twcstorage.ru/35ffc2ef-1e09-463d-a2c4-c183d5deb59a/prints/pp2/W502014.webp
Матовые цветные чехлы для печати,Xiaomi Redmi 13C/Poco C65,A:502016,W502016,ПП2,726815942,39,https://s3.twcstorage.ru/35ffc2ef-1e09-463d-a2c4-c183d5deb59a/prints/pp2/W502016.webp
Матовые цветные чехлы для печати,Xiaomi Redmi 13C/Poco C65,A:502021,W502021,ПП2,726877750,68,https://s3.twcstorage.ru/35ffc2ef-1e09-463d-a2c4-c183d5deb59a/prints/pp2/Y502021.webp
Матовые цветные чехлы для печати,Xiaomi Redmi 13C/Poco C65,A:502030,W502030,ПП2,726856507,20,https://s3.twcstorage.ru/35ffc2ef-1e09-463d-a2c4-c183d5deb59a/prints/pp2/W502030.webp
Силиконовые чехлы,Xiaomi Redmi 13C/Poco C65,A:502048,W502048,ПП2,726988798,26,https://s3.twcstorage.ru/35ffc2ef-1e09-463d-a2c4-c183d5deb59a/prints/pp2/Y502048.webp
Матовые цветные чехлы для печати,Xiaomi Redmi 13C/Poco C65,A:502054,W502054,ПП2,726769213,73,https://s3.twcstorage.ru/35ffc2ef-1e09-463d-a2c4-c183d5deb59a/prints/pp2/W502054.webp
Силиконовые чехлы,Xiaomi Redmi 13C/Poco C65,A:502061,W502061,ПП2,727807136,108,https://s3.twcstorage.ru/35ffc2ef-1e09-463d-a2c4-c183d5deb59a/prints/pp2/Y502061.webp
Силиконовые чехлы,Xiaomi Redmi 13C/Poco C65,A:502066,W502066,ПП2,727062039,1000000,https://s3.twcstorage.ru/35ffc2ef-1e09-463d-a2c4-c183d5deb59a/prints/pp2/W502066.webp
Матовые цветные чехлы для печати,Xiaomi Redmi 13C/Poco C65,A:502067,W5020671,ПП2,726733491,41,https://s3.twcstorage.ru/35ffc2ef-1e09-463d-a2c4-c183d5deb59a/prints/pp2/W5020671.webp
Силиконовые чехлы,Xiaomi Redmi 13C/Poco C65,A:506330,W506330,ПП2,1186086928,17,https://s3.twcstorage.ru/35ffc2ef-1e09-463d-a2c4-c183d5deb59a/prints/pp2/W5063301.webp
Объемные матовые чехлы черные,Xiaomi Redmi 13C/Poco C65,A:506334,W5063341,ПП2,1157982072,1,https://s3.twcstorage.ru/35ffc2ef-1e09-463d-a2c4-c183d5deb59a/prints/pp2/W5063341.webp
Объемные матовые чехлы черные,Xiaomi Redmi 13C/Poco C65,A:506336,W5063361,ПП2,1158017925,37,https://s3.twcstorage.ru/35ffc2ef-1e09-463d-a2c4-c183d5deb59a/prints/pp2/W5063361.webp
Силиконовые чехлы,Xiaomi Redmi 14C/Poco C75 4G/Redmi A4 5G/Poco M7 5G,A:501927,W501927,ПП2,727239139,114,https://s3.twcstorage.ru/35ffc2ef-1e09-463d-a2c4-c183d5deb59a/prints/pp2/W501927.webp
Силиконовые чехлы,Xiaomi Redmi 14C/Poco C75 4G/Redmi A4 5G/Poco M7 5G,A:501930,W501930,ПП2,727523110,1000000,https://s3.twcstorage.ru/35ffc2ef-1e09-463d-a2c4-c183d5deb59a/prints/pp2/W501930.webp
Матовые цветные чехлы для печати,Xiaomi Redmi 14C/Poco C75 4G/Redmi A4 5G/Poco M7 5G,A:501931,W501931,ПП2,726804280,84,https://s3.twcstorage.ru/35ffc2ef-1e09-463d-a2c4-c183d5deb59a/prints/pp2/W501931.webp
Чёрные софт-тач,Xiaomi Redmi 14C/Poco C75 4G/Redmi A4 5G/Poco M7 5G,A:501943,S501943,ПП2,727103538,6,https://s3.twcstorage.ru/35ffc2ef-1e09-463d-a2c4-c183d5deb59a/prints/pp2/S501943.webp
Силиконовые чехлы,Xiaomi Redmi 14C/Poco C75 4G/Redmi A4 5G/Poco M7 5G,A:501947,C501947,ПП2,727777618,69,https://s3.twcstorage.ru/35ffc2ef-1e09-463d-a2c4-c183d5deb59a/prints/pp2/W501947.webp
Силиконовые чехлы,Xiaomi Redmi 14C/Poco C75 4G/Redmi A4 5G/Poco M7 5G,A:501949,W501949,ПП2,727854385,19,https://s3.twcstorage.ru/35ffc2ef-1e09-463d-a2c4-c183d5deb59a/prints/pp2/W501949.webp
Чёрные софт-тач,Xiaomi Redmi 14C/Poco C75 4G/Redmi A4 5G/Poco M7 5G,A:501952,S501952,ПП2,727107503,1000000,https://s3.twcstorage.ru/35ffc2ef-1e09-463d-a2c4-c183d5deb59a/prints/pp2/W501952.webp
Силиконовые чехлы,Xiaomi Redmi 14C/Poco C75 4G/Redmi A4 5G/Poco M7 5G,A:501978,Q501978,ПП2,727217824,2,https://s3.twcstorage.ru/35ffc2ef-1e09-463d-a2c4-c183d5deb59a/prints/pp2/Q5019781.webp
Силиконовые чехлы,Xiaomi Redmi 14C/Poco C75 4G/Redmi A4 5G/Poco M7 5G,A:501980,Q501980,ПП2,727174700,4,https://s3.twcstorage.ru/35ffc2ef-1e09-463d-a2c4-c183d5deb59a/prints/pp2/Q5019801.webp
Силиконовые чехлы,Xiaomi Redmi 14C/Poco C75 4G/Redmi A4 5G/Poco M7 5G,A:501987,Q501987,ПП2,727811217,1000000,https://s3.twcstorage.ru/35ffc2ef-1e09-463d-a2c4-c183d5deb59a/prints/pp2/Y501987.webp
Силиконовые чехлы,Xiaomi Redmi 14C/Poco C75 4G/Redmi A4 5G/Poco M7 5G,A:501988,Q501988,ПП2,727513842,128,https://s3.twcstorage.ru/35ffc2ef-1e09-463d-a2c4-c183d5deb59a/prints/pp2/Y501988.webp
Силиконовые чехлы,Xiaomi Redmi 14C/Poco C75 4G/Redmi A4 5G/Poco M7 5G,A:501990,Q501990,ПП2,727813261,63,https://s3.twcstorage.ru/35ffc2ef-1e09-463d-a2c4-c183d5deb59a/prints/pp2/Y501990.webp
Силиконовые чехлы,Xiaomi Redmi 14C/Poco C75 4G/Redmi A4 5G/Poco M7 5G,A:501993,Q501993,ПП2,727179764,37,https://s3.twcstorage.ru/35ffc2ef-1e09-463d-a2c4-c183d5deb59a/prints/pp2/Q5019931.webp
Матовые цветные чехлы для печати,Xiaomi Redmi 14C/Poco C75 4G/Redmi A4 5G/Poco M7 5G,A:501996,W501996,ПП2,726786615,1000000,https://s3.twcstorage.ru/35ffc2ef-1e09-463d-a2c4-c183d5deb59a/prints/pp2/Y501996.webp
Матовые цветные чехлы для печати,Xiaomi Redmi 14C/Poco C75 4G/Redmi A4 5G/Poco M7 5G,A:502001,W502001,ПП2,726822002,66,https://s3.twcstorage.ru/35ffc2ef-1e09-463d-a2c4-c183d5deb59a/prints/pp2/W502001.webp
Матовые цветные чехлы для печати,Xiaomi Redmi 14C/Poco C75 4G/Redmi A4 5G/Poco M7 5G,A:502003,W502003,ПП2,726736083,38,https://s3.twcstorage.ru/35ffc2ef-1e09-463d-a2c4-c183d5deb59a/prints/pp2/W502003.webp
Матовые цветные чехлы для печати,Xiaomi Redmi 14C/Poco C75 4G/Redmi A4 5G/Poco M7 5G,A:502008,W502008,ПП2,726740419,43,https://s3.twcstorage.ru/35ffc2ef-1e09-463d-a2c4-c183d5deb59a/prints/pp2/W502008.webp
Матовые цветные чехлы для печати,Xiaomi Redmi 14C/Poco C75 4G/Redmi A4 5G/Poco M7 5G,A:502009,W502009,ПП2,726742297,22,https://s3.twcstorage.ru/35ffc2ef-1e09-463d-a2c4-c183d5deb59a/prints/pp2/W502009.webp
Силиконовые чехлы,Xiaomi Redmi 14C/Poco C75 4G/Redmi A4 5G/Poco M7 5G,A:502010,W502010,ПП2,727230905,1,https://s3.twcstorage.ru/35ffc2ef-1e09-463d-a2c4-c183d5deb59a/prints/pp2/W502010.webp
Матовые цветные чехлы для печати,Xiaomi Redmi 14C/Poco C75 4G/Redmi A4 5G/Poco M7 5G,A:502014,W502014,ПП2,726750272,18,https://s3.twcstorage.ru/35ffc2ef-1e09-463d-a2c4-c183d5deb59a/prints/pp2/W502014.webp
Белые софт-тач,Xiaomi Redmi 14C/Poco C75 4G/Redmi A4 5G/Poco M7 5G,A:502035,W502035,ПП2,1015443650,20,https://s3.twcstorage.ru/35ffc2ef-1e09-463d-a2c4-c183d5deb59a/prints/pp2/W502035.webp
Силиконовые чехлы,Xiaomi Redmi 14C/Poco C75 4G/Redmi A4 5G/Poco M7 5G,A:502036,W502036,ПП2,727775950,33,https://s3.twcstorage.ru/35ffc2ef-1e09-463d-a2c4-c183d5deb59a/prints/pp2/W502036.webp
Матовые цветные чехлы для печати,Xiaomi Redmi 14C/Poco C75 4G/Redmi A4 5G/Poco M7 5G,A:502048,W502048,ПП2,726762100,72,https://s3.twcstorage.ru/35ffc2ef-1e09-463d-a2c4-c183d5deb59a/prints/pp2/Y502048.webp
Объемные матовые чехлы коричневые,Xiaomi Redmi 14C/Poco C75 4G/Redmi A4 5G/Poco M7 5G,A:502049,W502049,ПП2,1156523644,17,https://s3.twcstorage.ru/35ffc2ef-1e09-463d-a2c4-c183d5deb59a/prints/pp2/Y502049.webp
Матовые цветные чехлы для печати,Xiaomi Redmi 14C/Poco C75 4G/Redmi A4 5G/Poco M7 5G,A:502055,W502055,ПП2,726772518,95,https://s3.twcstorage.ru/35ffc2ef-1e09-463d-a2c4-c183d5deb59a/prints/pp2/W502055.webp
Матовые цветные чехлы для печати,Xiaomi Redmi 14C/Poco C75 4G/Redmi A4 5G/Poco M7 5G,A:502059,W502059,ПП2,726844600,75,https://s3.twcstorage.ru/35ffc2ef-1e09-463d-a2c4-c183d5deb59a/prints/pp2/W502059.webp
Матовые цветные чехлы для печати,Xiaomi Redmi 15,A:501935,W501935,ПП2,933310720,86,https://s3.twcstorage.ru/35ffc2ef-1e09-463d-a2c4-c183d5deb59a/prints/pp2/W501935.webp
Силиконовые чехлы,Xiaomi Redmi 15,A:501953,W501953,ПП2,727281751,98,https://s3.twcstorage.ru/35ffc2ef-1e09-463d-a2c4-c183d5deb59a/prints/pp2/W501953.webp
Силиконовые чехлы,Xiaomi Redmi 15,A:501963,Q501963,ПП2,726948530,77,https://s3.twcstorage.ru/35ffc2ef-1e09-463d-a2c4-c183d5deb59a/prints/pp2/Q5019631.webp
Силиконовые чехлы,Xiaomi Redmi 15,A:501964,Q501964,ПП2,726952747,1000000,https://s3.twcstorage.ru/35ffc2ef-1e09-463d-a2c4-c183d5deb59a/prints/pp2/Q5019641.webp
Силиконовые чехлы,Xiaomi Redmi 15,A:501969,Q501969,ПП2,726912528,1000000,https://s3.twcstorage.ru/35ffc2ef-1e09-463d-a2c4-c183d5deb59a/prints/pp2/W501969.webp
Силиконовые чехлы,Xiaomi Redmi 15,A:501978,Q501978,ПП2,727218573,2,https://s3.twcstorage.ru/35ffc2ef-1e09-463d-a2c4-c183d5deb59a/prints/pp2/Q5019781.webp
Силиконовые чехлы,Xiaomi Redmi 15,A:501980,Q501980,ПП2,727178449,4,https://s3.twcstorage.ru/35ffc2ef-1e09-463d-a2c4-c183d5deb59a/prints/pp2/Q5019801.webp
Матовые цветные чехлы для печати,Xiaomi Redmi 15,A:502009,W502009,ПП2,933286622,22,https://s3.twcstorage.ru/35ffc2ef-1e09-463d-a2c4-c183d5deb59a/prints/pp2/W502009.webp
Силиконовые чехлы,Xiaomi Redmi 15,A:502010,W502010,ПП2,727231274,1,https://s3.twcstorage.ru/35ffc2ef-1e09-463d-a2c4-c183d5deb59a/prints/pp2/W502010.webp
Силиконовые чехлы,Xiaomi Redmi 15,A:502014,W502014,ПП2,726992391,7,https://s3.twcstorage.ru/35ffc2ef-1e09-463d-a2c4-c183d5deb59a/prints/pp2/W502014.webp
Силиконовые чехлы,Xiaomi Redmi 15,A:502018,W502018,ПП2,727025607,89,https://s3.twcstorage.ru/35ffc2ef-1e09-463d-a2c4-c183d5deb59a/prints/pp2/W502018.webp
Матовые цветные чехлы для печати,Xiaomi Redmi 15,A:502030,W502030,ПП2,933281312,20,https://s3.twcstorage.ru/35ffc2ef-1e09-463d-a2c4-c183d5deb59a/prints/pp2/W502030.webp
Силиконовые чехлы,Xiaomi Redmi 15,A:502044,W502044,ПП2,727803742,139,https://s3.twcstorage.ru/35ffc2ef-1e09-463d-a2c4-c183d5deb59a/prints/pp2/W502044.webp
Силиконовые чехлы,Xiaomi Redmi 15C 4G /Poco C85 4G,A:501928,C501928,ПП2,727102599,115,https://s3.twcstorage.ru/35ffc2ef-1e09-463d-a2c4-c183d5deb59a/prints/pp2/W501928.webp
Силиконовые чехлы,Xiaomi Redmi 15C 4G /Poco C85 4G,A:501933,W501933,ПП2,727221227,1000000,https://s3.twcstorage.ru/35ffc2ef-1e09-463d-a2c4-c183d5deb59a/prints/pp2/W501933.webp
Силиконовые чехлы,Xiaomi Redmi 15C 4G /Poco C85 4G,A:501951,W501951,ПП2,727843794,20,https://s3.twcstorage.ru/35ffc2ef-1e09-463d-a2c4-c183d5deb59a/prints/pp2/W501951.webp
Силиконовые чехлы,Xiaomi Redmi 15C 4G /Poco C85 4G,A:501956,C501956,ПП2,727247743,123,https://s3.twcstorage.ru/35ffc2ef-1e09-463d-a2c4-c183d5deb59a/prints/pp2/W501956.webp
Матовые цветные чехлы для печати,Xiaomi Redmi 15C 4G /Poco C85 4G,A:501958,W501958,ПП2,726831835,65,https://s3.twcstorage.ru/35ffc2ef-1e09-463d-a2c4-c183d5deb59a/prints/pp2/W501958.webp
Силиконовые чехлы,Xiaomi Redmi 15C 4G /Poco C85 4G,A:501966,W501966,ПП2,727224870,124,https://s3.twcstorage.ru/35ffc2ef-1e09-463d-a2c4-c183d5deb59a/prints/pp2/W501966.webp
Силиконовые чехлы,Xiaomi Redmi 15C 4G /Poco C85 4G,A:501978,Q501978,ПП2,727218445,2,https://s3.twcstorage.ru/35ffc2ef-1e09-463d-a2c4-c183d5deb59a/prints/pp2/Q5019781.webp
Силиконовые чехлы,Xiaomi Redmi 15C 4G /Poco C85 4G,A:501993,Q501993,ПП2,727180150,37,https://s3.twcstorage.ru/35ffc2ef-1e09-463d-a2c4-c183d5deb59a/prints/pp2/Q5019931.webp
Матовые цветные чехлы для печати,Xiaomi Redmi 15C 4G /Poco C85 4G,A:502001,W502001,ПП2,726822269,66,https://s3.twcstorage.ru/35ffc2ef-1e09-463d-a2c4-c183d5deb59a/prints/pp2/W502001.webp
Матовые цветные чехлы для печати,Xiaomi Redmi 15C 4G /Poco C85 4G,A:502005,W502005,ПП2,726860712,89,https://s3.twcstorage.ru/35ffc2ef-1e09-463d-a2c4-c183d5deb59a/prints/pp2/W502005.webp
Матовые цветные чехлы для печати,Xiaomi Redmi 15C 4G /Poco C85 4G,A:502008,W502008,ПП2,726740671,43,https://s3.twcstorage.ru/35ffc2ef-1e09-463d-a2c4-c183d5deb59a/prints/pp2/W502008.webp
Силиконовые чехлы,Xiaomi Redmi 15C 4G /Poco C85 4G,A:502010,W502010,ПП2,727231829,1,https://s3.twcstorage.ru/35ffc2ef-1e09-463d-a2c4-c183d5deb59a/prints/pp2/W502010.webp
Силиконовые чехлы,Xiaomi Redmi 15C 4G /Poco C85 4G,A:502014,W502014,ПП2,726992447,7,https://s3.twcstorage.ru/35ffc2ef-1e09-463d-a2c4-c183d5deb59a/prints/pp2/W502014.webp
Матовые цветные чехлы для печати,Xiaomi Redmi 15C 4G /Poco C85 4G,A:502031,W502031,ПП2,726755788,59,https://s3.twcstorage.ru/35ffc2ef-1e09-463d-a2c4-c183d5deb59a/prints/pp2/W502031.webp
Матовые цветные чехлы для печати,Xiaomi Redmi 15C 4G /Poco C85 4G,A:502032,W502032,ПП2,726859095,40,https://s3.twcstorage.ru/35ffc2ef-1e09-463d-a2c4-c183d5deb59a/prints/pp2/W502032.webp
Силиконовые чехлы,Xiaomi Redmi 15C 4G /Poco C85 4G,A:502039,W502039,ПП2,727802295,34,https://s3.twcstorage.ru/35ffc2ef-1e09-463d-a2c4-c183d5deb59a/prints/pp2/W502039.webp
Матовые цветные чехлы для печати,Xiaomi Redmi 15C 4G /Poco C85 4G,A:502047,W502047,ПП2,726761268,93,https://s3.twcstorage.ru/35ffc2ef-1e09-463d-a2c4-c183d5deb59a/prints/pp2/W502047.webp
Белые софт-тач,Xiaomi Redmi 15C 4G /Poco C85 4G,A:502058,W502058,ПП2,726615836,1000000,https://s3.twcstorage.ru/35ffc2ef-1e09-463d-a2c4-c183d5deb59a/prints/pp2/W502058.webp
Матовые цветные чехлы для печати,Xiaomi Redmi 15C 4G /Poco C85 4G,A:502065,W502065,ПП2,726839788,16,https://s3.twcstorage.ru/35ffc2ef-1e09-463d-a2c4-c183d5deb59a/prints/pp2/W502065.webp
Матовые цветные чехлы для печати,Xiaomi Redmi 15C 4G /Poco C85 4G,A:502068,W502068,ПП2,726797298,77,https://s3.twcstorage.ru/35ffc2ef-1e09-463d-a2c4-c183d5deb59a/prints/pp2/W502068.webp
Белые софт-тач,Xiaomi Redmi 15C 4G /Poco C85 4G,A:502069,W502069,ПП2,726665709,16,https://s3.twcstorage.ru/35ffc2ef-1e09-463d-a2c4-c183d5deb59a/prints/pp2/W502069.webp
Белые софт-тач,Xiaomi Redmi 15C 4G /Poco C85 4G,A:506332,W506332,ПП2,1164172156,8,https://s3.twcstorage.ru/35ffc2ef-1e09-463d-a2c4-c183d5deb59a/prints/pp2/W5063321.webp
Силиконовые чехлы,Xiaomi Redmi 9,A:501978,Q501978,ПП2,1121958861,2,https://s3.twcstorage.ru/35ffc2ef-1e09-463d-a2c4-c183d5deb59a/prints/pp2/Q5019781.webp
Силиконовые чехлы,Xiaomi Redmi 9C,A:502005,W502005,ПП2,1123234460,64,https://s3.twcstorage.ru/35ffc2ef-1e09-463d-a2c4-c183d5deb59a/prints/pp2/W502005.webp
Силиконовые чехлы,Xiaomi Redmi 9T,A:501993,Q501993,ПП2,727181466,37,https://s3.twcstorage.ru/35ffc2ef-1e09-463d-a2c4-c183d5deb59a/prints/pp2/Q5019931.webp
Силиконовые чехлы,Xiaomi Redmi A1 Plus/A2 Plus/Poco C51/C50,A:502014,W502014,ПП2,1121141870,7,https://s3.twcstorage.ru/35ffc2ef-1e09-463d-a2c4-c183d5deb59a/prints/pp2/W502014.webp
Силиконовые чехлы,Xiaomi Redmi A1 Plus/A2 Plus/Poco C51/C50,A:502031,W502031,ПП2,1121436486,52,https://s3.twcstorage.ru/35ffc2ef-1e09-463d-a2c4-c183d5deb59a/prints/pp2/W502031.webp
Матовые цветные чехлы для печати,Xiaomi Redmi A1 Plus/A2 Plus/Poco C51/C50,A:502065,W502065,ПП2,1152750478,16,https://s3.twcstorage.ru/35ffc2ef-1e09-463d-a2c4-c183d5deb59a/prints/pp2/W502065.webp
Силиконовые чехлы,Xiaomi Redmi A1 Plus/A2 Plus/Poco C51/C50,A:506383,Q506383,ПП2,1136990753,32,https://s3.twcstorage.ru/35ffc2ef-1e09-463d-a2c4-c183d5deb59a/prints/pp2/Q5063831.webp
Силиконовые чехлы,Xiaomi Redmi A3/A3x/Poco C61,A:501945,C501945,ПП2,727267389,120,https://s3.twcstorage.ru/35ffc2ef-1e09-463d-a2c4-c183d5deb59a/prints/pp2/W501945.webp
Силиконовые чехлы,Xiaomi Redmi A3/A3x/Poco C61,A:501947,W501947,ПП2,727840479,69,https://s3.twcstorage.ru/35ffc2ef-1e09-463d-a2c4-c183d5deb59a/prints/pp2/W501947.webp
Силиконовые чехлы,Xiaomi Redmi A3/A3x/Poco C61,A:501976,Q501976,ПП2,727303120,79,https://s3.twcstorage.ru/35ffc2ef-1e09-463d-a2c4-c183d5deb59a/prints/pp2/Q501976.webp
Стеклянные чехлы,Xiaomi Redmi A3/A3x/Poco C61,A:501977,Q5019771,ПП2,727509459,1000000,https://s3.twcstorage.ru/35ffc2ef-1e09-463d-a2c4-c183d5deb59a/prints/pp2/Q5019771.webp
Силиконовые чехлы,Xiaomi Redmi A3/A3x/Poco C61,A:501978,Q501978,ПП2,727217463,2,https://s3.twcstorage.ru/35ffc2ef-1e09-463d-a2c4-c183d5deb59a/prints/pp2/Q5019781.webp
Силиконовые чехлы,Xiaomi Redmi A3/A3x/Poco C61,A:501982,Q501982,ПП2,727552033,1000000,https://s3.twcstorage.ru/35ffc2ef-1e09-463d-a2c4-c183d5deb59a/prints/pp2/Y501982.webp
Стеклянные чехлы,Xiaomi Redmi A3/A3x/Poco C61,A:501989,Y501989,ПП2,726963233,8,https://s3.twcstorage.ru/35ffc2ef-1e09-463d-a2c4-c183d5deb59a/prints/pp2/Y501989.webp
Силиконовые чехлы,Xiaomi Redmi A3/A3x/Poco C61,A:502009,W502009,ПП2,727510317,8,https://s3.twcstorage.ru/35ffc2ef-1e09-463d-a2c4-c183d5deb59a/prints/pp2/W502009.webp
Матовые цветные чехлы для печати,Xiaomi Redmi A3/A3x/Poco C61,A:502010,W502010,ПП2,726744802,10,https://s3.twcstorage.ru/35ffc2ef-1e09-463d-a2c4-c183d5deb59a/prints/pp2/W502010.webp
Силиконовые чехлы,Xiaomi Redmi A3/A3x/Poco C61,A:502011,W502011,ПП2,727235504,58,https://s3.twcstorage.ru/35ffc2ef-1e09-463d-a2c4-c183d5deb59a/prints/pp2/W502011.webp
Белые софт-тач,Xiaomi Redmi A3/A3x/Poco C61,A:502013,W502013,ПП2,726613070,72,https://s3.twcstorage.ru/35ffc2ef-1e09-463d-a2c4-c183d5deb59a/prints/pp2/W502013.webp
Силиконовые чехлы,Xiaomi Redmi A3/A3x/Poco C61,A:502014,W502014,ПП2,726980703,7,https://s3.twcstorage.ru/35ffc2ef-1e09-463d-a2c4-c183d5deb59a/prints/pp2/W502014.webp
Стеклянные чехлы,Xiaomi Redmi A3/A3x/Poco C61,A:502022,Y502022,ПП2,726997983,1000000,https://s3.twcstorage.ru/35ffc2ef-1e09-463d-a2c4-c183d5deb59a/prints/pp2/Y502022.webp
Объемные матовые чехлы молочные,Xiaomi Redmi A3/A3x/Poco C61,A:502030,W502030,ПП2,1154746446,25,https://s3.twcstorage.ru/35ffc2ef-1e09-463d-a2c4-c183d5deb59a/prints/pp2/W502030.webp
Матовые цветные чехлы для печати,Xiaomi Redmi A3/A3x/Poco C61,A:502047,W502047,ПП2,726760382,93,https://s3.twcstorage.ru/35ffc2ef-1e09-463d-a2c4-c183d5deb59a/prints/pp2/W502047.webp
Силиконовые чехлы,Xiaomi Redmi A3/A3x/Poco C61,A:502050,W502050,ПП2,726997215,105,https://s3.twcstorage.ru/35ffc2ef-1e09-463d-a2c4-c183d5deb59a/prints/pp2/Y502050.webp
Белые софт-тач,Xiaomi Redmi A3/A3x/Poco C61,A:502053,W502053,ПП2,726640982,1,https://s3.twcstorage.ru/35ffc2ef-1e09-463d-a2c4-c183d5deb59a/prints/pp2/W502053.webp
Силиконовые чехлы,Xiaomi Redmi A5 4G/Poco C71 4G,A:501943,C501943,ПП2,727271559,119,https://s3.twcstorage.ru/35ffc2ef-1e09-463d-a2c4-c183d5deb59a/prints/pp2/S501943.webp
Белые софт-тач,Xiaomi Redmi A5 4G/Poco C71 4G,A:501947,W501947,ПП2,726589179,27,https://s3.twcstorage.ru/35ffc2ef-1e09-463d-a2c4-c183d5deb59a/prints/pp2/W501947.webp
Силиконовые чехлы,Xiaomi Redmi A5 4G/Poco C71 4G,A:501951,C501951,ПП2,727819152,20,https://s3.twcstorage.ru/35ffc2ef-1e09-463d-a2c4-c183d5deb59a/prints/pp2/W501951.webp
Силиконовые чехлы,Xiaomi Redmi A5 4G/Poco C71 4G,A:501957,W501957,ПП2,727795722,54,https://s3.twcstorage.ru/35ffc2ef-1e09-463d-a2c4-c183d5deb59a/prints/pp2/W501957.webp
Силиконовые чехлы,Xiaomi Redmi A5 4G/Poco C71 4G,A:501967,Q501967,ПП2,727094983,1000000,https://s3.twcstorage.ru/35ffc2ef-1e09-463d-a2c4-c183d5deb59a/prints/pp2/W501967.webp
Силиконовые чехлы,Xiaomi Redmi A5 4G/Poco C71 4G,A:501971,Q501971,ПП2,726918576,87,https://s3.twcstorage.ru/35ffc2ef-1e09-463d-a2c4-c183d5deb59a/prints/pp2/Q501971.webp
Силиконовые чехлы,Xiaomi Redmi A5 4G/Poco C71 4G,A:501978,Q501978,ПП2,727219540,2,https://s3.twcstorage.ru/35ffc2ef-1e09-463d-a2c4-c183d5deb59a/prints/pp2/Q5019781.webp
Силиконовые чехлы,Xiaomi Redmi A5 4G/Poco C71 4G,A:501980,Q501980,ПП2,727179290,4,https://s3.twcstorage.ru/35ffc2ef-1e09-463d-a2c4-c183d5deb59a/prints/pp2/Q5019801.webp
Силиконовые чехлы,Xiaomi Redmi A5 4G/Poco C71 4G,A:501993,Q501993,ПП2,727181780,37,https://s3.twcstorage.ru/35ffc2ef-1e09-463d-a2c4-c183d5deb59a/prints/pp2/Q5019931.webp
Силиконовые чехлы,Xiaomi Redmi A5 4G/Poco C71 4G,A:502014,W502014,ПП2,726984247,7,https://s3.twcstorage.ru/35ffc2ef-1e09-463d-a2c4-c183d5deb59a/prints/pp2/W502014.webp
Силиконовые чехлы,Xiaomi Redmi A5 4G/Poco C71 4G,A:502036,W502036,ПП2,727777108,33,https://s3.twcstorage.ru/35ffc2ef-1e09-463d-a2c4-c183d5deb59a/prints/pp2/W502036.webp
Силиконовые чехлы,Xiaomi Redmi A5 4G/Poco C71 4G,A:502048,W502048,ПП2,726992375,26,https://s3.twcstorage.ru/35ffc2ef-1e09-463d-a2c4-c183d5deb59a/prints/pp2/Y502048.webp
Силиконовые чехлы,Xiaomi Redmi A5 4G/Poco C71 4G,A:502049,W502049,ПП2,726996582,40,https://s3.twcstorage.ru/35ffc2ef-1e09-463d-a2c4-c183d5deb59a/prints/pp2/Y502049.webp
Силиконовые чехлы,Xiaomi Redmi A5 4G/Poco C71 4G,A:502055,W502055,ПП2,727013039,91,https://s3.twcstorage.ru/35ffc2ef-1e09-463d-a2c4-c183d5deb59a/prints/pp2/W502055.webp
Белые софт-тач,Xiaomi Redmi A5 4G/Poco C71 4G,A:502065,W502065,ПП2,726661217,23,https://s3.twcstorage.ru/35ffc2ef-1e09-463d-a2c4-c183d5deb59a/prints/pp2/W502065.webp
Матовые цветные чехлы для печати,Xiaomi Redmi A5 4G/Poco C71 4G,A:506376,W506376,ПП2,1152397811,42,https://s3.twcstorage.ru/35ffc2ef-1e09-463d-a2c4-c183d5deb59a/prints/pp2/W506376.webp
Чёрные софт-тач,Xiaomi Redmi Note 10 Pro,A:501958,S501958,ПП2,727128957,14,https://s3.twcstorage.ru/35ffc2ef-1e09-463d-a2c4-c183d5deb59a/prints/pp2/W501958.webp
Стеклянные чехлы,Xiaomi Redmi Note 10 Pro,A:501978,Q5019781,ПП2,727506259,3,https://s3.twcstorage.ru/35ffc2ef-1e09-463d-a2c4-c183d5deb59a/prints/pp2/Q5019781.webp
Силиконовые чехлы,Xiaomi Redmi Note 10 Pro,A:502010,W502010,ПП2,727231006,1,https://s3.twcstorage.ru/35ffc2ef-1e09-463d-a2c4-c183d5deb59a/prints/pp2/W502010.webp
Матовые цветные чехлы для печати,Xiaomi Redmi Note 10 Pro,A:502014,W502014,ПП2,726750687,18,https://s3.twcstorage.ru/35ffc2ef-1e09-463d-a2c4-c183d5deb59a/prints/pp2/W502014.webp
Матовые цветные чехлы для печати,Xiaomi Redmi Note 10 Pro,A:502032,W502032,ПП2,726858872,40,https://s3.twcstorage.ru/35ffc2ef-1e09-463d-a2c4-c183d5deb59a/prints/pp2/W502032.webp
Матовые цветные чехлы для печати,Xiaomi Redmi Note 10 Pro,A:502048,W502048,ПП2,726762256,72,https://s3.twcstorage.ru/35ffc2ef-1e09-463d-a2c4-c183d5deb59a/prints/pp2/Y502048.webp
Белые софт-тач,Xiaomi Redmi Note 10 Pro,A:502053,W502053,ПП2,726641032,1,https://s3.twcstorage.ru/35ffc2ef-1e09-463d-a2c4-c183d5deb59a/prints/pp2/W502053.webp
Матовые цветные чехлы для печати,Xiaomi Redmi Note 10 Pro,A:502059,W502059,ПП2,726844947,75,https://s3.twcstorage.ru/35ffc2ef-1e09-463d-a2c4-c183d5deb59a/prints/pp2/W502059.webp
Силиконовые чехлы,Xiaomi Redmi Note 10 Pro,A:502064,W502064,ПП2,726920516,80,https://s3.twcstorage.ru/35ffc2ef-1e09-463d-a2c4-c183d5deb59a/prints/pp2/W502064.webp
Объемные матовые чехлы черные,Xiaomi Redmi Note 10 Pro,A:506339,W5063391,ПП2,1158073294,28,https://s3.twcstorage.ru/35ffc2ef-1e09-463d-a2c4-c183d5deb59a/prints/pp2/W5063391.webp
Матовые цветные чехлы для печати,Xiaomi Redmi Note 10 Pro,A:506377,W506377,ПП2,1185759293,21,https://s3.twcstorage.ru/35ffc2ef-1e09-463d-a2c4-c183d5deb59a/prints/pp2/W506377.webp
Матовые цветные чехлы для печати,Xiaomi Redmi Note 10/Note 10S/Poco M5s,A:501930,W501930,ПП2,726807018,83,https://s3.twcstorage.ru/35ffc2ef-1e09-463d-a2c4-c183d5deb59a/prints/pp2/W501930.webp
Матовые цветные чехлы для печати,Xiaomi Redmi Note 10/Note 10S/Poco M5s,A:501947,W501947,ПП2,726780564,28,https://s3.twcstorage.ru/35ffc2ef-1e09-463d-a2c4-c183d5deb59a/prints/pp2/W501947.webp
Матовые цветные чехлы для печати,Xiaomi Redmi Note 10/Note 10S/Poco M5s,A:501957,W501957,ПП2,726828362,17,https://s3.twcstorage.ru/35ffc2ef-1e09-463d-a2c4-c183d5deb59a/prints/pp2/W501957.webp
Чёрные софт-тач,Xiaomi Redmi Note 10/Note 10S/Poco M5s,A:501961,S501961,ПП2,727151465,10,https://s3.twcstorage.ru/35ffc2ef-1e09-463d-a2c4-c183d5deb59a/prints/pp2/W501961.webp
Стеклянные чехлы,Xiaomi Redmi Note 10/Note 10S/Poco M5s,A:501963,Q5019631,ПП2,727505014,1000000,https://s3.twcstorage.ru/35ffc2ef-1e09-463d-a2c4-c183d5deb59a/prints/pp2/Q5019631.webp
Силиконовые чехлы,Xiaomi Redmi Note 10/Note 10S/Poco M5s,A:501978,Q501978,ПП2,727217415,2,https://s3.twcstorage.ru/35ffc2ef-1e09-463d-a2c4-c183d5deb59a/prints/pp2/Q5019781.webp
Силиконовые чехлы,Xiaomi Redmi Note 10/Note 10S/Poco M5s,A:501980,Q501980,ПП2,727174612,4,https://s3.twcstorage.ru/35ffc2ef-1e09-463d-a2c4-c183d5deb59a/prints/pp2/Q5019801.webp
Силиконовые чехлы,Xiaomi Redmi Note 10/Note 10S/Poco M5s,A:501984,Q501984,ПП2,727518683,126,https://s3.twcstorage.ru/35ffc2ef-1e09-463d-a2c4-c183d5deb59a/prints/pp2/Y501984.webp
Силиконовые чехлы,Xiaomi Redmi Note 10/Note 10S/Poco M5s,A:501993,Q501993,ПП2,727179733,37,https://s3.twcstorage.ru/35ffc2ef-1e09-463d-a2c4-c183d5deb59a/prints/pp2/Q5019931.webp
Матовые цветные чехлы для печати,Xiaomi Redmi Note 10/Note 10S/Poco M5s,A:502006,W502006,ПП2,726861168,47,https://s3.twcstorage.ru/35ffc2ef-1e09-463d-a2c4-c183d5deb59a/prints/pp2/W502006.webp
Матовые цветные чехлы для печати,Xiaomi Redmi Note 10/Note 10S/Poco M5s,A:502008,W502008,ПП2,726739415,43,https://s3.twcstorage.ru/35ffc2ef-1e09-463d-a2c4-c183d5deb59a/prints/pp2/W502008.webp
Матовые цветные чехлы для печати,Xiaomi Redmi Note 10/Note 10S/Poco M5s,A:502009,W502009,ПП2,726741699,22,https://s3.twcstorage.ru/35ffc2ef-1e09-463d-a2c4-c183d5deb59a/prints/pp2/W502009.webp
Белые софт-тач,Xiaomi Redmi Note 10/Note 10S/Poco M5s,A:502014,W502014,ПП2,726647998,15,https://s3.twcstorage.ru/35ffc2ef-1e09-463d-a2c4-c183d5deb59a/prints/pp2/W502014.webp
Белые софт-тач,Xiaomi Redmi Note 10/Note 10S/Poco M5s,A:502015,W502015,ПП2,726631059,1000000,https://s3.twcstorage.ru/35ffc2ef-1e09-463d-a2c4-c183d5deb59a/prints/pp2/W502015.webp
Матовые цветные чехлы для печати,Xiaomi Redmi Note 10/Note 10S/Poco M5s,A:502021,W502021,ПП2,726877943,68,https://s3.twcstorage.ru/35ffc2ef-1e09-463d-a2c4-c183d5deb59a/prints/pp2/Y502021.webp
Матовые цветные чехлы для печати,Xiaomi Redmi Note 10/Note 10S/Poco M5s,A:502024,W502024,ПП2,726873111,57,https://s3.twcstorage.ru/35ffc2ef-1e09-463d-a2c4-c183d5deb59a/prints/pp2/W502024.webp
Матовые цветные чехлы для печати,Xiaomi Redmi Note 10/Note 10S/Poco M5s,A:502025,W502025,ПП2,726875347,34,https://s3.twcstorage.ru/35ffc2ef-1e09-463d-a2c4-c183d5deb59a/prints/pp2/W502025.webp
Чехол с вкладышем,Xiaomi Redmi Note 10/Note 10S/Poco M5s,A:502029,W502029,ПП2,994690898,1000000,https://s3.twcstorage.ru/35ffc2ef-1e09-463d-a2c4-c183d5deb59a/prints/pp2/W502029.webp
Матовые цветные чехлы для печати,Xiaomi Redmi Note 10/Note 10S/Poco M5s,A:502031,W502031,ПП2,726754231,59,https://s3.twcstorage.ru/35ffc2ef-1e09-463d-a2c4-c183d5deb59a/prints/pp2/W502031.webp
Белые софт-тач,Xiaomi Redmi Note 10/Note 10S/Poco M5s,A:502032,W502032,ПП2,726636102,59,https://s3.twcstorage.ru/35ffc2ef-1e09-463d-a2c4-c183d5deb59a/prints/pp2/W502032.webp
Матовые цветные чехлы для печати,Xiaomi Redmi Note 10/Note 10S/Poco M5s,A:502033,W502033,ПП2,726862883,70,https://s3.twcstorage.ru/35ffc2ef-1e09-463d-a2c4-c183d5deb59a/prints/pp2/W502033.webp
Белые софт-тач,Xiaomi Redmi Note 10/Note 10S/Poco M5s,A:502035,W502035,ПП2,726564184,20,https://s3.twcstorage.ru/35ffc2ef-1e09-463d-a2c4-c183d5deb59a/prints/pp2/W502035.webp
Белые софт-тач,Xiaomi Redmi Note 10/Note 10S/Poco M5s,A:502049,W502049,ПП2,726567021,46,https://s3.twcstorage.ru/35ffc2ef-1e09-463d-a2c4-c183d5deb59a/prints/pp2/Y502049.webp
Белые софт-тач,Xiaomi Redmi Note 10/Note 10S/Poco M5s,A:502050,W502050,ПП2,726659224,40,https://s3.twcstorage.ru/35ffc2ef-1e09-463d-a2c4-c183d5deb59a/prints/pp2/Y502050.webp
Белые софт-тач,Xiaomi Redmi Note 10/Note 10S/Poco M5s,A:502052,W502052,ПП2,726642738,2,https://s3.twcstorage.ru/35ffc2ef-1e09-463d-a2c4-c183d5deb59a/prints/pp2/W502052.webp
Белые софт-тач,Xiaomi Redmi Note 10/Note 10S/Poco M5s,A:502053,W502053,ПП2,726640390,1,https://s3.twcstorage.ru/35ffc2ef-1e09-463d-a2c4-c183d5deb59a/prints/pp2/W502053.webp
Чехол с вкладышем,Xiaomi Redmi Note 10/Note 10S/Poco M5s,A:502064,W502064,ПП2,994691528,1000000,https://s3.twcstorage.ru/35ffc2ef-1e09-463d-a2c4-c183d5deb59a/prints/pp2/W502064.webp
Белые софт-тач,Xiaomi Redmi Note 10/Note 10S/Poco M5s,A:502065,W502065,ПП2,726661741,23,https://s3.twcstorage.ru/35ffc2ef-1e09-463d-a2c4-c183d5deb59a/prints/pp2/W502065.webp
Матовые цветные чехлы для печати,Xiaomi Redmi Note 10/Note 10S/Poco M5s,A:506379,W506379,ПП2,1185814931,24,https://s3.twcstorage.ru/35ffc2ef-1e09-463d-a2c4-c183d5deb59a/prints/pp2/W506379.webp
Белые софт-тач,Xiaomi Redmi Note 10/Note 10S/Poco M5s,A:506381,W506381,ПП2,1164105340,64,https://s3.twcstorage.ru/35ffc2ef-1e09-463d-a2c4-c183d5deb59a/prints/pp2/W506381.webp
Силиконовые чехлы,Xiaomi Redmi Note 10T/Note 10 5G/Poco M3 Pro,A:501980,Q501980,ПП2,1121619774,4,https://s3.twcstorage.ru/35ffc2ef-1e09-463d-a2c4-c183d5deb59a/prints/pp2/Q5019801.webp
Силиконовые чехлы,Xiaomi Redmi Note 11 4G Global/Redmi Note 11S,A:501935,C501935,ПП2,727172320,1000000,https://s3.twcstorage.ru/35ffc2ef-1e09-463d-a2c4-c183d5deb59a/prints/pp2/W501935.webp
Силиконовые чехлы,Xiaomi Redmi Note 11 4G Global/Redmi Note 11S,A:501943,C501943,ПП2,727271143,119,https://s3.twcstorage.ru/35ffc2ef-1e09-463d-a2c4-c183d5deb59a/prints/pp2/S501943.webp
Силиконовые чехлы,Xiaomi Redmi Note 11 4G Global/Redmi Note 11S,A:501957,W501957,ПП2,727793835,54,https://s3.twcstorage.ru/35ffc2ef-1e09-463d-a2c4-c183d5deb59a/prints/pp2/W501957.webp
Силиконовые чехлы,Xiaomi Redmi Note 11 4G Global/Redmi Note 11S,A:501980,Q501980,ПП2,727178474,4,https://s3.twcstorage.ru/35ffc2ef-1e09-463d-a2c4-c183d5deb59a/prints/pp2/Q5019801.webp
Матовые цветные чехлы для печати,Xiaomi Redmi Note 11 4G Global/Redmi Note 11S,A:502010,W502010,ПП2,1139998621,10,https://s3.twcstorage.ru/35ffc2ef-1e09-463d-a2c4-c183d5deb59a/prints/pp2/W502010.webp
Силиконовые чехлы,Xiaomi Redmi Note 11 Pro Plus 5G,A:501971,Q501971,ПП2,726917951,87,https://s3.twcstorage.ru/35ffc2ef-1e09-463d-a2c4-c183d5deb59a/prints/pp2/Q501971.webp
Силиконовые чехлы,Xiaomi Redmi Note 11 Pro/Note 11 Pro 5G/Note 11E Pro/Note 12 Pro 4G,A:501937,W501937,ПП2,727277919,116,https://s3.twcstorage.ru/35ffc2ef-1e09-463d-a2c4-c183d5deb59a/prints/pp2/W501937.webp
Силиконовые чехлы,Xiaomi Redmi Note 11 Pro/Note 11 Pro 5G/Note 11E Pro/Note 12 Pro 4G,A:501938,W501938,ПП2,727561506,68,https://s3.twcstorage.ru/35ffc2ef-1e09-463d-a2c4-c183d5deb59a/prints/pp2/W501938.webp
Силиконовые чехлы,Xiaomi Redmi Note 11 Pro/Note 11 Pro 5G/Note 11E Pro/Note 12 Pro 4G,A:501942,C501942,ПП2,727246005,118,https://s3.twcstorage.ru/35ffc2ef-1e09-463d-a2c4-c183d5deb59a/prints/pp2/S501942.webp
Силиконовые чехлы,Xiaomi Redmi Note 11 Pro/Note 11 Pro 5G/Note 11E Pro/Note 12 Pro 4G,A:501947,W501947,ПП2,727841509,69,https://s3.twcstorage.ru/35ffc2ef-1e09-463d-a2c4-c183d5deb59a/prints/pp2/W501947.webp
Белые софт-тач,Xiaomi Redmi Note 11 Pro/Note 11 Pro 5G/Note 11E Pro/Note 12 Pro 4G,A:501951,W501951,ПП2,726586409,7,https://s3.twcstorage.ru/35ffc2ef-1e09-463d-a2c4-c183d5deb59a/prints/pp2/W501951.webp
Силиконовые чехлы,Xiaomi Redmi Note 11 Pro/Note 11 Pro 5G/Note 11E Pro/Note 12 Pro 4G,A:501957,W501957,ПП2,727793935,54,https://s3.twcstorage.ru/35ffc2ef-1e09-463d-a2c4-c183d5deb59a/prints/pp2/W501957.webp
Стеклянные чехлы,Xiaomi Redmi Note 11 Pro/Note 11 Pro 5G/Note 11E Pro/Note 12 Pro 4G,A:501978,Q5019781,ПП2,933509055,3,https://s3.twcstorage.ru/35ffc2ef-1e09-463d-a2c4-c183d5deb59a/prints/pp2/Q5019781.webp
Силиконовые чехлы,Xiaomi Redmi Note 11 Pro/Note 11 Pro 5G/Note 11E Pro/Note 12 Pro 4G,A:501988,Q501988,ПП2,727515881,128,https://s3.twcstorage.ru/35ffc2ef-1e09-463d-a2c4-c183d5deb59a/prints/pp2/Y501988.webp
Стеклянные чехлы,Xiaomi Redmi Note 11 Pro/Note 11 Pro 5G/Note 11E Pro/Note 12 Pro 4G,A:501993,Q5019931,ПП2,933505255,4,https://s3.twcstorage.ru/35ffc2ef-1e09-463d-a2c4-c183d5deb59a/prints/pp2/Q5019931.webp
Белые софт-тач,Xiaomi Redmi Note 11 Pro/Note 11 Pro 5G/Note 11E Pro/Note 12 Pro 4G,A:502007,W502007,ПП2,726644034,71,https://s3.twcstorage.ru/35ffc2ef-1e09-463d-a2c4-c183d5deb59a/prints/pp2/W502007.webp
Матовые цветные чехлы для печати,Xiaomi Redmi Note 11 Pro/Note 11 Pro 5G/Note 11E Pro/Note 12 Pro 4G,A:502009,W502009,ПП2,933321250,22,https://s3.twcstorage.ru/35ffc2ef-1e09-463d-a2c4-c183d5deb59a/prints/pp2/W502009.webp
Силиконовые чехлы,Xiaomi Redmi Note 11 Pro/Note 11 Pro 5G/Note 11E Pro/Note 12 Pro 4G,A:502010,W502010,ПП2,727232022,1,https://s3.twcstorage.ru/35ffc2ef-1e09-463d-a2c4-c183d5deb59a/prints/pp2/W502010.webp
Силиконовые чехлы,Xiaomi Redmi Note 11 Pro/Note 11 Pro 5G/Note 11E Pro/Note 12 Pro 4G,A:502014,W502014,ПП2,726993470,7,https://s3.twcstorage.ru/35ffc2ef-1e09-463d-a2c4-c183d5deb59a/prints/pp2/W502014.webp
Силиконовые чехлы,Xiaomi Redmi Note 11 Pro/Note 11 Pro 5G/Note 11E Pro/Note 12 Pro 4G,A:502039,W502039,ПП2,727802556,34,https://s3.twcstorage.ru/35ffc2ef-1e09-463d-a2c4-c183d5deb59a/prints/pp2/W502039.webp
Белые софт-тач,Xiaomi Redmi Note 11 Pro/Note 11 Pro 5G/Note 11E Pro/Note 12 Pro 4G,A:502048,W502048,ПП2,726573521,21,https://s3.twcstorage.ru/35ffc2ef-1e09-463d-a2c4-c183d5deb59a/prints/pp2/Y502048.webp
Белые софт-тач,Xiaomi Redmi Note 11 Pro/Note 11 Pro 5G/Note 11E Pro/Note 12 Pro 4G,A:502052,W502052,ПП2,726641928,2,https://s3.twcstorage.ru/35ffc2ef-1e09-463d-a2c4-c183d5deb59a/prints/pp2/W502052.webp
Белые софт-тач,Xiaomi Redmi Note 11 Pro/Note 11 Pro 5G/Note 11E Pro/Note 12 Pro 4G,A:502053,W502053,ПП2,726639769,1,https://s3.twcstorage.ru/35ffc2ef-1e09-463d-a2c4-c183d5deb59a/prints/pp2/W502053.webp
Белые софт-тач,Xiaomi Redmi Note 11 Pro/Note 11 Pro 5G/Note 11E Pro/Note 12 Pro 4G,A:502057,W502057,ПП2,726577298,26,https://s3.twcstorage.ru/35ffc2ef-1e09-463d-a2c4-c183d5deb59a/prints/pp2/W502057.webp
Чехол с вкладышем,Xiaomi Redmi Note 12 4G,A:501947,W501947,ПП2,994693667,1000000,https://s3.twcstorage.ru/35ffc2ef-1e09-463d-a2c4-c183d5deb59a/prints/pp2/W501947.webp
Силиконовые чехлы,Xiaomi Redmi Note 12 4G,A:501978,Q501978,ПП2,727217568,2,https://s3.twcstorage.ru/35ffc2ef-1e09-463d-a2c4-c183d5deb59a/prints/pp2/Q5019781.webp
Силиконовые чехлы,Xiaomi Redmi Note 12 4G,A:501993,Q501993,ПП2,727179876,37,https://s3.twcstorage.ru/35ffc2ef-1e09-463d-a2c4-c183d5deb59a/prints/pp2/Q5019931.webp
Чехол с вкладышем,Xiaomi Redmi Note 12 4G,A:501997,W501997,ПП2,994693946,1000000,https://s3.twcstorage.ru/35ffc2ef-1e09-463d-a2c4-c183d5deb59a/prints/pp2/Y501997.webp
Матовые цветные чехлы для печати,Xiaomi Redmi Note 12 4G,A:502001,W502001,ПП2,726821248,66,https://s3.twcstorage.ru/35ffc2ef-1e09-463d-a2c4-c183d5deb59a/prints/pp2/W502001.webp
Матовые цветные чехлы для печати,Xiaomi Redmi Note 12 4G,A:502009,W502009,ПП2,726742175,22,https://s3.twcstorage.ru/35ffc2ef-1e09-463d-a2c4-c183d5deb59a/prints/pp2/W502009.webp
Матовые цветные чехлы для печати,Xiaomi Redmi Note 12 4G,A:502010,W502010,ПП2,726744516,10,https://s3.twcstorage.ru/35ffc2ef-1e09-463d-a2c4-c183d5deb59a/prints/pp2/W502010.webp
Чехол с вкладышем,Xiaomi Redmi Note 12 4G,A:502014,W502014,ПП2,994694168,1000000,https://s3.twcstorage.ru/35ffc2ef-1e09-463d-a2c4-c183d5deb59a/prints/pp2/W502014.webp
Матовые цветные чехлы для печати,Xiaomi Redmi Note 12 4G,A:502032,W502032,ПП2,726858362,40,https://s3.twcstorage.ru/35ffc2ef-1e09-463d-a2c4-c183d5deb59a/prints/pp2/W502032.webp
Белые софт-тач,Xiaomi Redmi Note 12 4G,A:502048,W502048,ПП2,726573508,21,https://s3.twcstorage.ru/35ffc2ef-1e09-463d-a2c4-c183d5deb59a/prints/pp2/Y502048.webp
Матовые цветные чехлы для печати,Xiaomi Redmi Note 12 4G,A:502062,W502062,ПП2,726776568,97,https://s3.twcstorage.ru/35ffc2ef-1e09-463d-a2c4-c183d5deb59a/prints/pp2/W502062.webp
Матовые цветные чехлы для печати,Xiaomi Redmi Note 12 4G,A:502065,W502065,ПП2,726838712,16,https://s3.twcstorage.ru/35ffc2ef-1e09-463d-a2c4-c183d5deb59a/prints/pp2/W502065.webp
Силиконовые чехлы,Xiaomi Redmi Note 12 4G,A:506332,W506332,ПП2,1186130230,3,https://s3.twcstorage.ru/35ffc2ef-1e09-463d-a2c4-c183d5deb59a/prints/pp2/W5063321.webp
Силиконовые чехлы,Xiaomi Redmi Note 12 4G,A:506339,W506339,ПП2,1186744095,13,https://s3.twcstorage.ru/35ffc2ef-1e09-463d-a2c4-c183d5deb59a/prints/pp2/W5063391.webp
Силиконовые чехлы,Xiaomi Redmi Note 12 4G,A:506360,W506360,ПП2,1186706677,59,https://s3.twcstorage.ru/35ffc2ef-1e09-463d-a2c4-c183d5deb59a/prints/pp2/W5063601.webp
Силиконовые чехлы,Xiaomi Redmi Note 12 Pro Plus,A:501978,Q501978,ПП2,1121705538,2,https://s3.twcstorage.ru/35ffc2ef-1e09-463d-a2c4-c183d5deb59a/prints/pp2/Q5019781.webp
Силиконовые чехлы,Xiaomi Redmi Note 12 Pro Plus,A:506329,W506329,ПП2,1137018085,24,https://s3.twcstorage.ru/35ffc2ef-1e09-463d-a2c4-c183d5deb59a/prints/pp2/W5063291.webp
Силиконовые чехлы,Xiaomi Redmi Note 12 Pro Plus,A:506331,W506331,ПП2,1137032204,9,https://s3.twcstorage.ru/35ffc2ef-1e09-463d-a2c4-c183d5deb59a/prints/pp2/W5063311.webp
Силиконовые чехлы,Xiaomi Redmi Note 12 Pro Plus,A:506332,W506332,ПП2,1137038512,3,https://s3.twcstorage.ru/35ffc2ef-1e09-463d-a2c4-c183d5deb59a/prints/pp2/W5063321.webp
Силиконовые чехлы,Xiaomi Redmi Note 12 Pro Plus,A:506341,W506341,ПП2,1137113793,109,https://s3.twcstorage.ru/35ffc2ef-1e09-463d-a2c4-c183d5deb59a/prints/pp2/W5063411.webp
Силиконовые чехлы,Xiaomi Redmi Note 12 Pro Plus,A:506385,Q506385,ПП2,1137007822,1000000,https://s3.twcstorage.ru/35ffc2ef-1e09-463d-a2c4-c183d5deb59a/prints/pp2/Q5063851.webp
Белые софт-тач,Xiaomi Redmi Note 12 Turbo/Poco F5,A:501947,W501947,ПП2,726589277,27,https://s3.twcstorage.ru/35ffc2ef-1e09-463d-a2c4-c183d5deb59a/prints/pp2/W501947.webp
Белые софт-тач,Xiaomi Redmi Note 12 Turbo/Poco F5,A:501951,W501951,ПП2,726586264,7,https://s3.twcstorage.ru/35ffc2ef-1e09-463d-a2c4-c183d5deb59a/prints/pp2/W501951.webp
Силиконовые чехлы,Xiaomi Redmi Note 12 Turbo/Poco F5,A:501976,Q501976,ПП2,727778898,79,https://s3.twcstorage.ru/35ffc2ef-1e09-463d-a2c4-c183d5deb59a/prints/pp2/Q501976.webp
Силиконовые чехлы,Xiaomi Redmi Note 12 Turbo/Poco F5,A:501993,Q501993,ПП2,727181795,37,https://s3.twcstorage.ru/35ffc2ef-1e09-463d-a2c4-c183d5deb59a/prints/pp2/Q5019931.webp
Белые софт-тач,Xiaomi Redmi Note 12 Turbo/Poco F5,A:502013,W502013,ПП2,726612266,72,https://s3.twcstorage.ru/35ffc2ef-1e09-463d-a2c4-c183d5deb59a/prints/pp2/W502013.webp
Силиконовые чехлы,Xiaomi Redmi Note 12 Turbo/Poco F5,A:502014,W502014,ПП2,726984086,7,https://s3.twcstorage.ru/35ffc2ef-1e09-463d-a2c4-c183d5deb59a/prints/pp2/W502014.webp
Белые софт-тач,Xiaomi Redmi Note 12 Turbo/Poco F5,A:502039,W502039,ПП2,726621747,31,https://s3.twcstorage.ru/35ffc2ef-1e09-463d-a2c4-c183d5deb59a/prints/pp2/W502039.webp
Белые софт-тач,Xiaomi Redmi Note 12 Turbo/Poco F5,A:502051,W502051,ПП2,726567535,47,https://s3.twcstorage.ru/35ffc2ef-1e09-463d-a2c4-c183d5deb59a/prints/pp2/W502051.webp
Белые софт-тач,Xiaomi Redmi Note 12 Turbo/Poco F5,A:502052,W502052,ПП2,726641828,2,https://s3.twcstorage.ru/35ffc2ef-1e09-463d-a2c4-c183d5deb59a/prints/pp2/W502052.webp
Белые софт-тач,Xiaomi Redmi Note 12 Turbo/Poco F5,A:502053,W502053,ПП2,726639982,1,https://s3.twcstorage.ru/35ffc2ef-1e09-463d-a2c4-c183d5deb59a/prints/pp2/W502053.webp
Белые софт-тач,Xiaomi Redmi Note 12 Turbo/Poco F5,A:506340,W506340,ПП2,1164324119,4,https://s3.twcstorage.ru/35ffc2ef-1e09-463d-a2c4-c183d5deb59a/prints/pp2/W5063401.webp
Матовые цветные чехлы для печати,Xiaomi Redmi Note 12S,A:501931,W501931,ПП2,726804289,84,https://s3.twcstorage.ru/35ffc2ef-1e09-463d-a2c4-c183d5deb59a/prints/pp2/W501931.webp
Чёрные софт-тач,Xiaomi Redmi Note 12S,A:501947,S501947,ПП2,727135112,8,https://s3.twcstorage.ru/35ffc2ef-1e09-463d-a2c4-c183d5deb59a/prints/pp2/W501947.webp
Силиконовые чехлы,Xiaomi Redmi Note 12S,A:501951,C501951,ПП2,727816816,20,https://s3.twcstorage.ru/35ffc2ef-1e09-463d-a2c4-c183d5deb59a/prints/pp2/W501951.webp
Силиконовые чехлы,Xiaomi Redmi Note 12S,A:501978,Q501978,ПП2,727217839,2,https://s3.twcstorage.ru/35ffc2ef-1e09-463d-a2c4-c183d5deb59a/prints/pp2/Q5019781.webp
Матовые цветные чехлы для печати,Xiaomi Redmi Note 12S,A:502010,W502010,ПП2,726744957,10,https://s3.twcstorage.ru/35ffc2ef-1e09-463d-a2c4-c183d5deb59a/prints/pp2/W502010.webp
Силиконовые чехлы,Xiaomi Redmi Note 12S,A:502027,W502027,ПП2,727544323,1000000,https://s3.twcstorage.ru/35ffc2ef-1e09-463d-a2c4-c183d5deb59a/prints/pp2/W502027.webp
Силиконовые чехлы,Xiaomi Redmi Note 12S,A:502057,W502057,ПП2,727021332,142,https://s3.twcstorage.ru/35ffc2ef-1e09-463d-a2c4-c183d5deb59a/prints/pp2/W502057.webp
Белые софт-тач,Xiaomi Redmi Note 13 4G (Global),A:501953,W501953,ПП2,726588987,6,https://s3.twcstorage.ru/35ffc2ef-1e09-463d-a2c4-c183d5deb59a/prints/pp2/W501953.webp
Чёрные софт-тач,Xiaomi Redmi Note 13 4G (Global),A:501957,S501957,ПП2,727124842,3,https://s3.twcstorage.ru/35ffc2ef-1e09-463d-a2c4-c183d5deb59a/prints/pp2/W501957.webp
Чёрные софт-тач,Xiaomi Redmi Note 13 4G (Global),A:501958,S501958,ПП2,727128486,14,https://s3.twcstorage.ru/35ffc2ef-1e09-463d-a2c4-c183d5deb59a/prints/pp2/W501958.webp
Силиконовые чехлы,Xiaomi Redmi Note 13 4G (Global),A:501974,Q501974,ПП2,727294119,70,https://s3.twcstorage.ru/35ffc2ef-1e09-463d-a2c4-c183d5deb59a/prints/pp2/Q501974.webp
Стеклянные чехлы,Xiaomi Redmi Note 13 4G (Global),A:501978,Q5019781,ПП2,933509174,3,https://s3.twcstorage.ru/35ffc2ef-1e09-463d-a2c4-c183d5deb59a/prints/pp2/Q5019781.webp
Стеклянные чехлы,Xiaomi Redmi Note 13 4G (Global),A:501980,Q5019801,ПП2,933511160,2,https://s3.twcstorage.ru/35ffc2ef-1e09-463d-a2c4-c183d5deb59a/prints/pp2/Q5019801.webp
Силиконовые чехлы,Xiaomi Redmi Note 13 4G (Global),A:501982,Q501982,ПП2,727553351,1000000,https://s3.twcstorage.ru/35ffc2ef-1e09-463d-a2c4-c183d5deb59a/prints/pp2/Y501982.webp
Стеклянные чехлы,Xiaomi Redmi Note 13 4G (Global),A:501993,Q5019931,ПП2,933505203,4,https://s3.twcstorage.ru/35ffc2ef-1e09-463d-a2c4-c183d5deb59a/prints/pp2/Q5019931.webp
Белые софт-тач,Xiaomi Redmi Note 13 4G (Global),A:502007,W502007,ПП2,726645545,71,https://s3.twcstorage.ru/35ffc2ef-1e09-463d-a2c4-c183d5deb59a/prints/pp2/W502007.webp
Матовые цветные чехлы для печати,Xiaomi Redmi Note 13 4G (Global),A:502010,W502010,ПП2,726745545,10,https://s3.twcstorage.ru/35ffc2ef-1e09-463d-a2c4-c183d5deb59a/prints/pp2/W502010.webp
Матовые цветные чехлы для печати,Xiaomi Redmi Note 13 4G (Global),A:502014,W502014,ПП2,726751149,18,https://s3.twcstorage.ru/35ffc2ef-1e09-463d-a2c4-c183d5deb59a/prints/pp2/W502014.webp
Матовые цветные чехлы для печати,Xiaomi Redmi Note 13 4G (Global),A:502015,W502015,ПП2,726814744,91,https://s3.twcstorage.ru/35ffc2ef-1e09-463d-a2c4-c183d5deb59a/prints/pp2/W502015.webp
Матовые цветные чехлы для печати,Xiaomi Redmi Note 13 4G (Global),A:502016,W502016,ПП2,726817452,39,https://s3.twcstorage.ru/35ffc2ef-1e09-463d-a2c4-c183d5deb59a/prints/pp2/W502016.webp
Силиконовые чехлы,Xiaomi Redmi Note 13 4G (Global),A:502020,W502020,ПП2,727036161,132,https://s3.twcstorage.ru/35ffc2ef-1e09-463d-a2c4-c183d5deb59a/prints/pp2/W502020.webp
Белые софт-тач,Xiaomi Redmi Note 13 4G (Global),A:502052,W502052,ПП2,726643476,2,https://s3.twcstorage.ru/35ffc2ef-1e09-463d-a2c4-c183d5deb59a/prints/pp2/W502052.webp
Матовые цветные чехлы для печати,Xiaomi Redmi Note 13 4G (Global),A:502054,W502054,ПП2,726770603,73,https://s3.twcstorage.ru/35ffc2ef-1e09-463d-a2c4-c183d5deb59a/prints/pp2/W502054.webp
Силиконовые чехлы,Xiaomi Redmi Note 13 4G (Global),A:502065,W502065,ПП2,727846935,49,https://s3.twcstorage.ru/35ffc2ef-1e09-463d-a2c4-c183d5deb59a/prints/pp2/W502065.webp
Силиконовые чехлы,Xiaomi Redmi Note 13 4G (Global),A:506378,W506378,ПП2,1186534262,22,https://s3.twcstorage.ru/35ffc2ef-1e09-463d-a2c4-c183d5deb59a/prints/pp2/W506378.webp
Белые софт-тач,Xiaomi Redmi Note 13 Pro 4G/POCO M6 Pro 4G,A:501931,W501931,ПП2,726588370,66,https://s3.twcstorage.ru/35ffc2ef-1e09-463d-a2c4-c183d5deb59a/prints/pp2/W501931.webp
Чёрные софт-тач,Xiaomi Redmi Note 13 Pro 4G/POCO M6 Pro 4G,A:501949,S501949,ПП2,727139885,1,https://s3.twcstorage.ru/35ffc2ef-1e09-463d-a2c4-c183d5deb59a/prints/pp2/W501949.webp
Чёрные софт-тач,Xiaomi Redmi Note 13 Pro 4G/POCO M6 Pro 4G,A:501951,S501951,ПП2,727136391,5,https://s3.twcstorage.ru/35ffc2ef-1e09-463d-a2c4-c183d5deb59a/prints/pp2/W501951.webp
Силиконовые чехлы,Xiaomi Redmi Note 13 Pro 4G/POCO M6 Pro 4G,A:501955,C501955,ПП2,727206467,61,https://s3.twcstorage.ru/35ffc2ef-1e09-463d-a2c4-c183d5deb59a/prints/pp2/W501955.webp
Чехол с вкладышем,Xiaomi Redmi Note 13 Pro 4G/POCO M6 Pro 4G,A:501960,W501960,ПП2,994697067,1000000,https://s3.twcstorage.ru/35ffc2ef-1e09-463d-a2c4-c183d5deb59a/prints/pp2/W501960.webp
Белые софт-тач,Xiaomi Redmi Note 13 Pro 4G/POCO M6 Pro 4G,A:501961,W501961,ПП2,726672954,12,https://s3.twcstorage.ru/35ffc2ef-1e09-463d-a2c4-c183d5deb59a/prints/pp2/W501961.webp
Чехол с вкладышем,Xiaomi Redmi Note 13 Pro 4G/POCO M6 Pro 4G,A:501962,W501962,ПП2,994697056,1000000,https://s3.twcstorage.ru/35ffc2ef-1e09-463d-a2c4-c183d5deb59a/prints/pp2/W501962.webp
Силиконовые чехлы,Xiaomi Redmi Note 13 Pro 4G/POCO M6 Pro 4G,A:501965,Q501965,ПП2,726969812,86,https://s3.twcstorage.ru/35ffc2ef-1e09-463d-a2c4-c183d5deb59a/prints/pp2/Q5019651.webp
Силиконовые чехлы,Xiaomi Redmi Note 13 Pro 4G/POCO M6 Pro 4G,A:501978,Q501978,ПП2,727217781,2,https://s3.twcstorage.ru/35ffc2ef-1e09-463d-a2c4-c183d5deb59a/prints/pp2/Q5019781.webp
Силиконовые чехлы,Xiaomi Redmi Note 13 Pro 4G/POCO M6 Pro 4G,A:501979,Q501979,ПП2,727779635,48,https://s3.twcstorage.ru/35ffc2ef-1e09-463d-a2c4-c183d5deb59a/prints/pp2/Q5019791.webp
Стеклянные чехлы,Xiaomi Redmi Note 13 Pro 4G/POCO M6 Pro 4G,A:501980,Q5019801,ПП2,933510100,2,https://s3.twcstorage.ru/35ffc2ef-1e09-463d-a2c4-c183d5deb59a/prints/pp2/Q5019801.webp
Силиконовые чехлы,Xiaomi Redmi Note 13 Pro 4G/POCO M6 Pro 4G,A:501984,Q501984,ПП2,727519099,126,https://s3.twcstorage.ru/35ffc2ef-1e09-463d-a2c4-c183d5deb59a/prints/pp2/Y501984.webp
Силиконовые чехлы,Xiaomi Redmi Note 13 Pro 4G/POCO M6 Pro 4G,A:501986,Q501986,ПП2,727857492,127,https://s3.twcstorage.ru/35ffc2ef-1e09-463d-a2c4-c183d5deb59a/prints/pp2/Y501986.webp
Силиконовые чехлы,Xiaomi Redmi Note 13 Pro 4G/POCO M6 Pro 4G,A:501989,Q501989,ПП2,727517522,1000000,https://s3.twcstorage.ru/35ffc2ef-1e09-463d-a2c4-c183d5deb59a/prints/pp2/Y501989.webp
Стеклянные чехлы,Xiaomi Redmi Note 13 Pro 4G/POCO M6 Pro 4G,A:501993,Q5019931,ПП2,933504445,4,https://s3.twcstorage.ru/35ffc2ef-1e09-463d-a2c4-c183d5deb59a/prints/pp2/Q5019931.webp
Белые софт-тач,Xiaomi Redmi Note 13 Pro 4G/POCO M6 Pro 4G,A:502005,W502005,ПП2,726626578,55,https://s3.twcstorage.ru/35ffc2ef-1e09-463d-a2c4-c183d5deb59a/prints/pp2/W502005.webp
Белые софт-тач,Xiaomi Redmi Note 13 Pro 4G/POCO M6 Pro 4G,A:502007,W502007,ПП2,726645474,71,https://s3.twcstorage.ru/35ffc2ef-1e09-463d-a2c4-c183d5deb59a/prints/pp2/W502007.webp
Матовые цветные чехлы для печати,Xiaomi Redmi Note 13 Pro 4G/POCO M6 Pro 4G,A:502008,W502008,ПП2,726740298,43,https://s3.twcstorage.ru/35ffc2ef-1e09-463d-a2c4-c183d5deb59a/prints/pp2/W502008.webp
Белые софт-тач,Xiaomi Redmi Note 13 Pro 4G/POCO M6 Pro 4G,A:502012,W502012,ПП2,726630357,14,https://s3.twcstorage.ru/35ffc2ef-1e09-463d-a2c4-c183d5deb59a/prints/pp2/W502012.webp
Белые софт-тач,Xiaomi Redmi Note 13 Pro 4G/POCO M6 Pro 4G,A:502014,W502014,ПП2,726648320,15,https://s3.twcstorage.ru/35ffc2ef-1e09-463d-a2c4-c183d5deb59a/prints/pp2/W502014.webp
Чехол с вкладышем,Xiaomi Redmi Note 13 Pro 4G/POCO M6 Pro 4G,A:502025,W502025,ПП2,994697505,1000000,https://s3.twcstorage.ru/35ffc2ef-1e09-463d-a2c4-c183d5deb59a/prints/pp2/W502025.webp
Чехол с вкладышем,Xiaomi Redmi Note 13 Pro 4G/POCO M6 Pro 4G,A:502026,W502026,ПП2,994697514,1000000,https://s3.twcstorage.ru/35ffc2ef-1e09-463d-a2c4-c183d5deb59a/prints/pp2/W502026.webp
Чехол с вкладышем,Xiaomi Redmi Note 13 Pro 4G/POCO M6 Pro 4G,A:502028,W502028,ПП2,994697539,1000000,https://s3.twcstorage.ru/35ffc2ef-1e09-463d-a2c4-c183d5deb59a/prints/pp2/W502028.webp
Чехол с вкладышем,Xiaomi Redmi Note 13 Pro 4G/POCO M6 Pro 4G,A:502029,W502029,ПП2,994697550,1000000,https://s3.twcstorage.ru/35ffc2ef-1e09-463d-a2c4-c183d5deb59a/prints/pp2/W502029.webp
Белые софт-тач,Xiaomi Redmi Note 13 Pro 4G/POCO M6 Pro 4G,A:502030,W502030,ПП2,726634844,39,https://s3.twcstorage.ru/35ffc2ef-1e09-463d-a2c4-c183d5deb59a/prints/pp2/W502030.webp
Матовые цветные чехлы для печати,Xiaomi Redmi Note 13 Pro 4G/POCO M6 Pro 4G,A:502031,W502031,ПП2,726754613,59,https://s3.twcstorage.ru/35ffc2ef-1e09-463d-a2c4-c183d5deb59a/prints/pp2/W502031.webp
Белые софт-тач,Xiaomi Redmi Note 13 Pro 4G/POCO M6 Pro 4G,A:502047,W502047,ПП2,726572882,32,https://s3.twcstorage.ru/35ffc2ef-1e09-463d-a2c4-c183d5deb59a/prints/pp2/W502047.webp
Белые софт-тач,Xiaomi Redmi Note 13 Pro 4G/POCO M6 Pro 4G,A:502048,W502048,ПП2,726573973,21,https://s3.twcstorage.ru/35ffc2ef-1e09-463d-a2c4-c183d5deb59a/prints/pp2/Y502048.webp
Белые софт-тач,Xiaomi Redmi Note 13 Pro 4G/POCO M6 Pro 4G,A:502052,W502052,ПП2,726643454,2,https://s3.twcstorage.ru/35ffc2ef-1e09-463d-a2c4-c183d5deb59a/prints/pp2/W502052.webp
Белые софт-тач,Xiaomi Redmi Note 13 Pro 4G/POCO M6 Pro 4G,A:502053,W502053,ПП2,726641201,1,https://s3.twcstorage.ru/35ffc2ef-1e09-463d-a2c4-c183d5deb59a/prints/pp2/W502053.webp
Белые софт-тач,Xiaomi Redmi Note 13 Pro 4G/POCO M6 Pro 4G,A:502057,W502057,ПП2,726578763,26,https://s3.twcstorage.ru/35ffc2ef-1e09-463d-a2c4-c183d5deb59a/prints/pp2/W502057.webp
Матовые цветные чехлы для печати,Xiaomi Redmi Note 13 Pro 4G/POCO M6 Pro 4G,A:502065,W502065,ПП2,726839168,16,https://s3.twcstorage.ru/35ffc2ef-1e09-463d-a2c4-c183d5deb59a/prints/pp2/W502065.webp
Белые софт-тач,Xiaomi Redmi Note 13 Pro 4G/POCO M6 Pro 4G,A:502068,W502068,ПП2,726665464,1000000,https://s3.twcstorage.ru/35ffc2ef-1e09-463d-a2c4-c183d5deb59a/prints/pp2/W502068.webp
Белые софт-тач,Xiaomi Redmi Note 13 Pro 4G/POCO M6 Pro 4G,A:502069,W502069,ПП2,726667757,16,https://s3.twcstorage.ru/35ffc2ef-1e09-463d-a2c4-c183d5deb59a/prints/pp2/W502069.webp
Белые софт-тач,Xiaomi Redmi Note 13 Pro 4G/POCO M6 Pro 4G,A:506329,W506329,ПП2,1164129940,24,https://s3.twcstorage.ru/35ffc2ef-1e09-463d-a2c4-c183d5deb59a/prints/pp2/W5063291.webp
Силиконовые чехлы,Xiaomi Redmi Note 13 Pro 4G/POCO M6 Pro 4G,A:506334,W506334,ПП2,1186161429,12,https://s3.twcstorage.ru/35ffc2ef-1e09-463d-a2c4-c183d5deb59a/prints/pp2/W5063341.webp
Белые софт-тач,Xiaomi Redmi Note 13 Pro 4G/POCO M6 Pro 4G,A:506340,W506340,ПП2,1164335260,4,https://s3.twcstorage.ru/35ffc2ef-1e09-463d-a2c4-c183d5deb59a/prints/pp2/W5063401.webp
Матовые цветные чехлы для печати,Xiaomi Redmi Note 13 Pro 4G/POCO M6 Pro 4G,A:506345,W5063451,ПП2,1185654421,27,https://s3.twcstorage.ru/35ffc2ef-1e09-463d-a2c4-c183d5deb59a/prints/pp2/W5063451.webp
Матовые цветные чехлы для печати,Xiaomi Redmi Note 13 Pro 4G/POCO M6 Pro 4G,A:506372,W506372,ПП2,1185727867,9,https://s3.twcstorage.ru/35ffc2ef-1e09-463d-a2c4-c183d5deb59a/prints/pp2/W506372.webp
Матовые цветные чехлы для печати,Xiaomi Redmi Note 13 Pro 4G/POCO M6 Pro 4G,A:506373,W506373,ПП2,1185746428,12,https://s3.twcstorage.ru/35ffc2ef-1e09-463d-a2c4-c183d5deb59a/prints/pp2/W506373.webp
Белые софт-тач,Xiaomi Redmi Note 13 Pro 4G/POCO M6 Pro 4G,A:506374,W506374,ПП2,1163968963,3,https://s3.twcstorage.ru/35ffc2ef-1e09-463d-a2c4-c183d5deb59a/prints/pp2/W506374.webp
Силиконовые чехлы,Xiaomi Redmi Note 13 Pro 4G/POCO M6 Pro 4G,A:506377,W506377,ПП2,1186526802,29,https://s3.twcstorage.ru/35ffc2ef-1e09-463d-a2c4-c183d5deb59a/prints/pp2/W506377.webp
Силиконовые чехлы,Xiaomi Redmi Note 13 Pro 4G/POCO M6 Pro 4G,A:506382,Q506382,ПП2,1186014248,47,https://s3.twcstorage.ru/35ffc2ef-1e09-463d-a2c4-c183d5deb59a/prints/pp2/Q5063821.webp
Силиконовые чехлы,Xiaomi Redmi Note 13 Pro 4G/POCO M6 Pro 4G,A:506384,Q506384,ПП2,1186044759,36,https://s3.twcstorage.ru/35ffc2ef-1e09-463d-a2c4-c183d5deb59a/prints/pp2/Q5063841.webp
Матовые цветные чехлы для печати,Xiaomi Redmi Note 13 Pro+,A:501947,W501947,ПП2,1140044465,28,https://s3.twcstorage.ru/35ffc2ef-1e09-463d-a2c4-c183d5deb59a/prints/pp2/W501947.webp
Силиконовые чехлы,Xiaomi Redmi Note 13 Pro+,A:501951,W501951,ПП2,1200040425,20,https://s3.twcstorage.ru/35ffc2ef-1e09-463d-a2c4-c183d5deb59a/prints/pp2/W501951.webp
Матовые цветные чехлы для печати,Xiaomi Redmi Note 13 Pro+,A:502012,W502012,ПП2,1152778327,6,https://s3.twcstorage.ru/35ffc2ef-1e09-463d-a2c4-c183d5deb59a/prints/pp2/W502012.webp
Матовые цветные чехлы для печати,Xiaomi Redmi Note 13 Pro+,A:506340,W5063401,ПП2,1154143139,4,https://s3.twcstorage.ru/35ffc2ef-1e09-463d-a2c4-c183d5deb59a/prints/pp2/W5063401.webp
Силиконовые чехлы,Xiaomi Redmi Note 13R/Redmi 13/Poco M6 4G/Poco M6 Plus,A:501993,Q501993,ПП2,727180926,37,https://s3.twcstorage.ru/35ffc2ef-1e09-463d-a2c4-c183d5deb59a/prints/pp2/Q5019931.webp
Силиконовые чехлы,Xiaomi Redmi Note 13R/Redmi 13/Poco M6 4G/Poco M6 Plus,A:502005,W502005,ПП2,727848821,64,https://s3.twcstorage.ru/35ffc2ef-1e09-463d-a2c4-c183d5deb59a/prints/pp2/W502005.webp
Силиконовые чехлы,Xiaomi Redmi Note 13R/Redmi 13/Poco M6 4G/Poco M6 Plus,A:502009,W502009,ПП2,727513145,8,https://s3.twcstorage.ru/35ffc2ef-1e09-463d-a2c4-c183d5deb59a/prints/pp2/W502009.webp
Матовые цветные чехлы для печати,Xiaomi Redmi Note 13R/Redmi 13/Poco M6 4G/Poco M6 Plus,A:502010,W502010,ПП2,1139998684,10,https://s3.twcstorage.ru/35ffc2ef-1e09-463d-a2c4-c183d5deb59a/prints/pp2/W502010.webp
Силиконовые чехлы,Xiaomi Redmi Note 13R/Redmi 13/Poco M6 4G/Poco M6 Plus,A:502044,W502044,ПП2,727803938,139,https://s3.twcstorage.ru/35ffc2ef-1e09-463d-a2c4-c183d5deb59a/prints/pp2/W502044.webp
Чёрные софт-тач,Xiaomi Redmi Note 14 4G,A:501934,S501934,ПП2,727087251,1000000,https://s3.twcstorage.ru/35ffc2ef-1e09-463d-a2c4-c183d5deb59a/prints/pp2/W501934.webp
Чехол с вкладышем,Xiaomi Redmi Note 14 4G,A:501951,W501951,ПП2,994665717,1000000,https://s3.twcstorage.ru/35ffc2ef-1e09-463d-a2c4-c183d5deb59a/prints/pp2/W501951.webp
Чехол с вкладышем,Xiaomi Redmi Note 14 4G,A:501953,W501953,ПП2,994665735,1000000,https://s3.twcstorage.ru/35ffc2ef-1e09-463d-a2c4-c183d5deb59a/prints/pp2/W501953.webp
Силиконовые чехлы,Xiaomi Redmi Note 14 4G,A:501957,C501957,ПП2,727256935,54,https://s3.twcstorage.ru/35ffc2ef-1e09-463d-a2c4-c183d5deb59a/prints/pp2/W501957.webp
Стеклянные чехлы,Xiaomi Redmi Note 14 4G,A:501978,Q5019781,ПП2,727506071,3,https://s3.twcstorage.ru/35ffc2ef-1e09-463d-a2c4-c183d5deb59a/prints/pp2/Q5019781.webp
Объемные матовые чехлы коричневые,Xiaomi Redmi Note 14 4G,A:501980,Q501980,ПП2,1156588148,3,https://s3.twcstorage.ru/35ffc2ef-1e09-463d-a2c4-c183d5deb59a/prints/pp2/Q5019801.webp
Силиконовые чехлы,Xiaomi Redmi Note 14 4G,A:501984,Q501984,ПП2,727518967,126,https://s3.twcstorage.ru/35ffc2ef-1e09-463d-a2c4-c183d5deb59a/prints/pp2/Y501984.webp
Стеклянные чехлы,Xiaomi Redmi Note 14 4G,A:501993,Q5019931,ПП2,727504573,4,https://s3.twcstorage.ru/35ffc2ef-1e09-463d-a2c4-c183d5deb59a/prints/pp2/Q5019931.webp
Матовые цветные чехлы для печати,Xiaomi Redmi Note 14 4G,A:502009,W502009,ПП2,726742210,22,https://s3.twcstorage.ru/35ffc2ef-1e09-463d-a2c4-c183d5deb59a/prints/pp2/W502009.webp
Матовые цветные чехлы для печати,Xiaomi Redmi Note 14 4G,A:502010,W502010,ПП2,726744696,10,https://s3.twcstorage.ru/35ffc2ef-1e09-463d-a2c4-c183d5deb59a/prints/pp2/W502010.webp
Матовые цветные чехлы для печати,Xiaomi Redmi Note 14 4G,A:502014,W502014,ПП2,726749986,18,https://s3.twcstorage.ru/35ffc2ef-1e09-463d-a2c4-c183d5deb59a/prints/pp2/W502014.webp
Матовые цветные чехлы для печати,Xiaomi Redmi Note 14 4G,A:502023,W502023,ПП2,726867200,56,https://s3.twcstorage.ru/35ffc2ef-1e09-463d-a2c4-c183d5deb59a/prints/pp2/W502023.webp
Матовые цветные чехлы для печати,Xiaomi Redmi Note 14 4G,A:502025,W502025,ПП2,726875686,34,https://s3.twcstorage.ru/35ffc2ef-1e09-463d-a2c4-c183d5deb59a/prints/pp2/W502025.webp
Матовые цветные чехлы для печати,Xiaomi Redmi Note 14 4G,A:502031,W502031,ПП2,726754178,59,https://s3.twcstorage.ru/35ffc2ef-1e09-463d-a2c4-c183d5deb59a/prints/pp2/W502031.webp
Матовые цветные чехлы для печати,Xiaomi Redmi Note 14 4G,A:502048,W502048,ПП2,726761730,72,https://s3.twcstorage.ru/35ffc2ef-1e09-463d-a2c4-c183d5deb59a/prints/pp2/Y502048.webp
Белые софт-тач,Xiaomi Redmi Note 14 4G,A:502053,W502053,ПП2,726639970,1,https://s3.twcstorage.ru/35ffc2ef-1e09-463d-a2c4-c183d5deb59a/prints/pp2/W502053.webp
Матовые цветные чехлы для печати,Xiaomi Redmi Note 14 4G,A:502065,W502065,ПП2,726838932,16,https://s3.twcstorage.ru/35ffc2ef-1e09-463d-a2c4-c183d5deb59a/prints/pp2/W502065.webp
Белые софт-тач,Xiaomi Redmi Note 14 4G,A:506330,W506330,ПП2,1164137034,17,https://s3.twcstorage.ru/35ffc2ef-1e09-463d-a2c4-c183d5deb59a/prints/pp2/W5063301.webp
Объемные матовые чехлы черные,Xiaomi Redmi Note 14 4G,A:506332,W5063321,ПП2,1157958201,9,https://s3.twcstorage.ru/35ffc2ef-1e09-463d-a2c4-c183d5deb59a/prints/pp2/W5063321.webp
Матовые цветные чехлы для печати,Xiaomi Redmi Note 14 4G,A:506334,W5063341,ПП2,1185820314,1,https://s3.twcstorage.ru/35ffc2ef-1e09-463d-a2c4-c183d5deb59a/prints/pp2/W5063341.webp
Матовые цветные чехлы для печати,Xiaomi Redmi Note 14 4G,A:506372,W506372,ПП2,1185546317,9,https://s3.twcstorage.ru/35ffc2ef-1e09-463d-a2c4-c183d5deb59a/prints/pp2/W506372.webp
Белые софт-тач,Xiaomi Redmi Note 14 4G,A:506373,W506373,ПП2,1163934546,11,https://s3.twcstorage.ru/35ffc2ef-1e09-463d-a2c4-c183d5deb59a/prints/pp2/W506373.webp
Силиконовые чехлы,Xiaomi Redmi Note 14 4G,A:506374,W506374,ПП2,1186502909,10,https://s3.twcstorage.ru/35ffc2ef-1e09-463d-a2c4-c183d5deb59a/prints/pp2/W506374.webp
Матовые цветные чехлы для печати,Xiaomi Redmi Note 14 Pro 4G,A:501929,W501929,ПП2,726734157,82,https://s3.twcstorage.ru/35ffc2ef-1e09-463d-a2c4-c183d5deb59a/prints/pp2/W501929.webp
Матовые цветные чехлы для печати,Xiaomi Redmi Note 14 Pro 4G,A:501947,W501947,ПП2,726780862,28,https://s3.twcstorage.ru/35ffc2ef-1e09-463d-a2c4-c183d5deb59a/prints/pp2/W501947.webp
Объемные матовые чехлы черные,Xiaomi Redmi Note 14 Pro 4G,A:501980,Q501980,ПП2,1157720074,5,https://s3.twcstorage.ru/35ffc2ef-1e09-463d-a2c4-c183d5deb59a/prints/pp2/Q5019801.webp
Силиконовые чехлы,Xiaomi Redmi Note 14 Pro 4G,A:501993,Q501993,ПП2,727185466,37,https://s3.twcstorage.ru/35ffc2ef-1e09-463d-a2c4-c183d5deb59a/prints/pp2/Q5019931.webp
Матовые цветные чехлы для печати,Xiaomi Redmi Note 14 Pro 4G,A:502003,W502003,ПП2,726735438,38,https://s3.twcstorage.ru/35ffc2ef-1e09-463d-a2c4-c183d5deb59a/prints/pp2/W502003.webp
Белые софт-тач,Xiaomi Redmi Note 14 Pro 4G,A:502015,W502015,ПП2,930996618,1000000,https://s3.twcstorage.ru/35ffc2ef-1e09-463d-a2c4-c183d5deb59a/prints/pp2/W502015.webp
Матовые цветные чехлы для печати,Xiaomi Redmi Note 14 Pro 4G,A:502016,W502016,ПП2,726815988,39,https://s3.twcstorage.ru/35ffc2ef-1e09-463d-a2c4-c183d5deb59a/prints/pp2/W502016.webp
Объемные матовые чехлы коричневые,Xiaomi Redmi Note 14 Pro 4G,A:502025,W502025,ПП2,1156185927,1000000,https://s3.twcstorage.ru/35ffc2ef-1e09-463d-a2c4-c183d5deb59a/prints/pp2/W502025.webp
Матовые цветные чехлы для печати,Xiaomi Redmi Note 14 Pro 4G,A:502028,W502028,ПП2,726870925,69,https://s3.twcstorage.ru/35ffc2ef-1e09-463d-a2c4-c183d5deb59a/prints/pp2/W502028.webp
Матовые цветные чехлы для печати,Xiaomi Redmi Note 14 Pro 4G,A:502032,W502032,ПП2,726858368,40,https://s3.twcstorage.ru/35ffc2ef-1e09-463d-a2c4-c183d5deb59a/prints/pp2/W502032.webp
Матовые цветные чехлы для печати,Xiaomi Redmi Note 14 Pro 4G,A:502047,W502047,ПП2,726760000,93,https://s3.twcstorage.ru/35ffc2ef-1e09-463d-a2c4-c183d5deb59a/prints/pp2/W502047.webp
Белые софт-тач,Xiaomi Redmi Note 14 Pro 4G,A:502053,W502053,ПП2,931009604,1,https://s3.twcstorage.ru/35ffc2ef-1e09-463d-a2c4-c183d5deb59a/prints/pp2/W502053.webp
Матовые цветные чехлы для печати,Xiaomi Redmi Note 14 Pro 4G,A:502059,W502059,ПП2,726844040,75,https://s3.twcstorage.ru/35ffc2ef-1e09-463d-a2c4-c183d5deb59a/prints/pp2/W502059.webp
Белые софт-тач,Xiaomi Redmi Note 14 Pro 4G,A:502065,W502065,ПП2,931033254,23,https://s3.twcstorage.ru/35ffc2ef-1e09-463d-a2c4-c183d5deb59a/prints/pp2/W502065.webp
Объемные матовые чехлы бордовые,Xiaomi Redmi Note 14 Pro 4G,A:506334,W5063341,ПП2,1153343855,18,https://s3.twcstorage.ru/35ffc2ef-1e09-463d-a2c4-c183d5deb59a/prints/pp2/W5063341.webp
Матовые цветные чехлы для печати,Xiaomi Redmi Note 14 Pro 4G,A:506366,W506366,ПП2,1185472435,1000000,https://s3.twcstorage.ru/35ffc2ef-1e09-463d-a2c4-c183d5deb59a/prints/pp2/W506366.webp
Объемные матовые чехлы коричневые,Xiaomi Redmi Note 14 Pro 4G,A:506371,W506371,ПП2,1156956705,19,https://s3.twcstorage.ru/35ffc2ef-1e09-463d-a2c4-c183d5deb59a/prints/pp2/W506371.webp
Силиконовые чехлы,Xiaomi Redmi Note 14 Pro+ 5G,A:502065,W502065,ПП2,1123218996,49,https://s3.twcstorage.ru/35ffc2ef-1e09-463d-a2c4-c183d5deb59a/prints/pp2/W502065.webp
Силиконовые чехлы,Xiaomi Redmi Note 14 Pro+ 5G,A:506340,W506340,ПП2,1137105958,5,https://s3.twcstorage.ru/35ffc2ef-1e09-463d-a2c4-c183d5deb59a/prints/pp2/W5063401.webp
Матовые цветные чехлы для печати,Xiaomi Redmi Note 14 Pro+ 5G,A:506379,W506379,ПП2,1152421966,24,https://s3.twcstorage.ru/35ffc2ef-1e09-463d-a2c4-c183d5deb59a/prints/pp2/W506379.webp
Чехол с вкладышем,Xiaomi Redmi Note 14S 4G,A:501960,W501960,ПП2,994674050,1000000,https://s3.twcstorage.ru/35ffc2ef-1e09-463d-a2c4-c183d5deb59a/prints/pp2/W501960.webp
Силиконовые чехлы,Xiaomi Redmi Note 14S 4G,A:501961,C501961,ПП2,727534061,21,https://s3.twcstorage.ru/35ffc2ef-1e09-463d-a2c4-c183d5deb59a/prints/pp2/W501961.webp
Силиконовые чехлы,Xiaomi Redmi Note 14S 4G,A:501962,C501962,ПП2,727531094,62,https://s3.twcstorage.ru/35ffc2ef-1e09-463d-a2c4-c183d5deb59a/prints/pp2/W501962.webp
Силиконовые чехлы,Xiaomi Redmi Note 14S 4G,A:501978,Q501978,ПП2,727217909,2,https://s3.twcstorage.ru/35ffc2ef-1e09-463d-a2c4-c183d5deb59a/prints/pp2/Q5019781.webp
Матовые цветные чехлы для печати,Xiaomi Redmi Note 14S 4G,A:502010,W502010,ПП2,726745011,10,https://s3.twcstorage.ru/35ffc2ef-1e09-463d-a2c4-c183d5deb59a/prints/pp2/W502010.webp
Матовые цветные чехлы для печати,Xiaomi Redmi Note 14S 4G,A:502029,W502029,ПП2,726884412,30,https://s3.twcstorage.ru/35ffc2ef-1e09-463d-a2c4-c183d5deb59a/prints/pp2/W502029.webp
Матовые цветные чехлы для печати,Xiaomi Redmi Note 14S 4G,A:502049,W502049,ПП2,726765454,60,https://s3.twcstorage.ru/35ffc2ef-1e09-463d-a2c4-c183d5deb59a/prints/pp2/Y502049.webp
Матовые цветные чехлы для печати,Xiaomi Redmi Note 8 Pro,A:501934,W501934,ПП2,726803037,1000000,https://s3.twcstorage.ru/35ffc2ef-1e09-463d-a2c4-c183d5deb59a/prints/pp2/W501934.webp
Матовые цветные чехлы для печати,Xiaomi Redmi Note 8 Pro,A:501947,W501947,ПП2,726781666,28,https://s3.twcstorage.ru/35ffc2ef-1e09-463d-a2c4-c183d5deb59a/prints/pp2/W501947.webp
Объемные матовые чехлы бордовые,Xiaomi Redmi Note 8 Pro,A:501951,W501951,ПП2,1048688757,1,https://s3.twcstorage.ru/35ffc2ef-1e09-463d-a2c4-c183d5deb59a/prints/pp2/W501951.webp
Силиконовые чехлы,Xiaomi Redmi Note 8 Pro,A:501971,Q501971,ПП2,726915941,87,https://s3.twcstorage.ru/35ffc2ef-1e09-463d-a2c4-c183d5deb59a/prints/pp2/Q501971.webp
Силиконовые чехлы,Xiaomi Redmi Note 8 Pro,A:501980,Q501980,ПП2,727175153,4,https://s3.twcstorage.ru/35ffc2ef-1e09-463d-a2c4-c183d5deb59a/prints/pp2/Q5019801.webp
Силиконовые чехлы,Xiaomi Redmi Note 8 Pro,A:501988,Q501988,ПП2,727514103,128,https://s3.twcstorage.ru/35ffc2ef-1e09-463d-a2c4-c183d5deb59a/prints/pp2/Y501988.webp
Силиконовые чехлы,Xiaomi Redmi Note 8 Pro,A:501993,Q501993,ПП2,727180103,37,https://s3.twcstorage.ru/35ffc2ef-1e09-463d-a2c4-c183d5deb59a/prints/pp2/Q5019931.webp
Матовые цветные чехлы для печати,Xiaomi Redmi Note 8 Pro,A:502010,W502010,ПП2,726745296,10,https://s3.twcstorage.ru/35ffc2ef-1e09-463d-a2c4-c183d5deb59a/prints/pp2/W502010.webp
Силиконовые чехлы,Xiaomi Redmi Note 8 Pro,A:502014,W502014,ПП2,726980951,7,https://s3.twcstorage.ru/35ffc2ef-1e09-463d-a2c4-c183d5deb59a/prints/pp2/W502014.webp
Белые софт-тач,Xiaomi Redmi Note 8 Pro,A:502048,W502048,ПП2,726574021,21,https://s3.twcstorage.ru/35ffc2ef-1e09-463d-a2c4-c183d5deb59a/prints/pp2/Y502048.webp
Матовые цветные чехлы для печати,Xiaomi Redmi Note 8 Pro,A:502049,W502049,ПП2,726765906,60,https://s3.twcstorage.ru/35ffc2ef-1e09-463d-a2c4-c183d5deb59a/prints/pp2/Y502049.webp
Белые софт-тач,Xiaomi Redmi Note 8 Pro,A:502052,W502052,ПП2,726643574,2,https://s3.twcstorage.ru/35ffc2ef-1e09-463d-a2c4-c183d5deb59a/prints/pp2/W502052.webp
Объемные матовые чехлы бордовые,Xiaomi Redmi Note 8 Pro,A:506350,W5063501,ПП2,1153490246,63,https://s3.twcstorage.ru/35ffc2ef-1e09-463d-a2c4-c183d5deb59a/prints/pp2/W5063501.webp
Чёрные софт-тач,Xiaomi Redmi Note 8T,A:501945,S501945,ПП2,727120993,1000000,https://s3.twcstorage.ru/35ffc2ef-1e09-463d-a2c4-c183d5deb59a/prints/pp2/W501945.webp
Чёрные софт-тач,Xiaomi Redmi Note 8T,A:501949,S501949,ПП2,727145329,1,https://s3.twcstorage.ru/35ffc2ef-1e09-463d-a2c4-c183d5deb59a/prints/pp2/W501949.webp
Матовые цветные чехлы для печати,Xiaomi Redmi Note 8T,A:502062,W502062,ПП2,1140043052,97,https://s3.twcstorage.ru/35ffc2ef-1e09-463d-a2c4-c183d5deb59a/prints/pp2/W502062.webp
Матовые цветные чехлы для печати,Xiaomi Redmi Note 9S/Note 9 Pro,A:501930,W501930,ПП2,726807751,83,https://s3.twcstorage.ru/35ffc2ef-1e09-463d-a2c4-c183d5deb59a/prints/pp2/W501930.webp
Силиконовые чехлы,Xiaomi Redmi Note 9S/Note 9 Pro,A:501983,Q501983,ПП2,727855692,71,https://s3.twcstorage.ru/35ffc2ef-1e09-463d-a2c4-c183d5deb59a/prints/pp2/Y501983.webp
Силиконовые чехлы,Xiaomi Redmi Note 9S/Note 9 Pro,A:502007,W502007,ПП2,727852780,55,https://s3.twcstorage.ru/35ffc2ef-1e09-463d-a2c4-c183d5deb59a/prints/pp2/W502007.webp
Силиконовые чехлы,Xiaomi Redmi Note 9S/Note 9 Pro,A:502008,W502008,ПП2,727826374,18,https://s3.twcstorage.ru/35ffc2ef-1e09-463d-a2c4-c183d5deb59a/prints/pp2/W502008.webp
Матовые цветные чехлы для печати,Xiaomi Redmi Note 9S/Note 9 Pro,A:502009,W502009,ПП2,726742954,22,https://s3.twcstorage.ru/35ffc2ef-1e09-463d-a2c4-c183d5deb59a/prints/pp2/W502009.webp
Матовые цветные чехлы для печати,Xiaomi Redmi Note 9S/Note 9 Pro,A:502012,W502012,ПП2,726855686,6,https://s3.twcstorage.ru/35ffc2ef-1e09-463d-a2c4-c183d5deb59a/prints/pp2/W502012.webp
Белые софт-тач,Xiaomi Redmi Note 9S/Note 9 Pro,A:502014,W502014,ПП2,726647465,15,https://s3.twcstorage.ru/35ffc2ef-1e09-463d-a2c4-c183d5deb59a/prints/pp2/W502014.webp
Матовые цветные чехлы для печати,Xiaomi Redmi Note 9S/Note 9 Pro,A:502020,W502020,ПП2,726824874,1000000,https://s3.twcstorage.ru/35ffc2ef-1e09-463d-a2c4-c183d5deb59a/prints/pp2/W502020.webp
Белые софт-тач,Xiaomi Redmi Note 9S/Note 9 Pro,A:502061,W502061,ПП2,726620448,1000000,https://s3.twcstorage.ru/35ffc2ef-1e09-463d-a2c4-c183d5deb59a/prints/pp2/Y502061.webp
Матовые цветные чехлы для печати,Xiaomi Redmi Note 9S/Note 9 Pro,A:506331,W5063311,ПП2,1185696976,5,https://s3.twcstorage.ru/35ffc2ef-1e09-463d-a2c4-c183d5deb59a/prints/pp2/W5063311.webp
Силиконовые чехлы,Xiaomi Redmi Turbo 3/Poco F6,A:501978,Q501978,ПП2,1121702912,2,https://s3.twcstorage.ru/35ffc2ef-1e09-463d-a2c4-c183d5deb59a/prints/pp2/Q5019781.webp
Силиконовые чехлы,Xiaomi Redmi Turbo 3/Poco F6,A:501984,Q501984,ПП2,1123924427,126,https://s3.twcstorage.ru/35ffc2ef-1e09-463d-a2c4-c183d5deb59a/prints/pp2/Y501984.webp
Силиконовые чехлы,Xiaomi Redmi Turbo 3/Poco F6,A:502009,W502009,ПП2,1124338482,8,https://s3.twcstorage.ru/35ffc2ef-1e09-463d-a2c4-c183d5deb59a/prints/pp2/W502009.webp
Силиконовые чехлы,Xiaomi Redmi Turbo 3/Poco F6,A:502010,W502010,ПП2,1121274942,1,https://s3.twcstorage.ru/35ffc2ef-1e09-463d-a2c4-c183d5deb59a/prints/pp2/W502010.webp
Силиконовые чехлы,Xiaomi Redmi Turbo 3/Poco F6,A:506332,W506332,ПП2,1137037670,3,https://s3.twcstorage.ru/35ffc2ef-1e09-463d-a2c4-c183d5deb59a/prints/pp2/W5063321.webp
Силиконовые чехлы,Xiaomi Redmi Turbo 3/Poco F6,A:506370,W506370,ПП2,1137371733,95,https://s3.twcstorage.ru/35ffc2ef-1e09-463d-a2c4-c183d5deb59a/prints/pp2/W506370.webp
Матовые цветные чехлы для печати,Xiaomi Redmi Turbo 3/Poco F6,A:506374,W506374,ПП2,1152380211,11,https://s3.twcstorage.ru/35ffc2ef-1e09-463d-a2c4-c183d5deb59a/prints/pp2/W506374.webp
Чёрные софт-тач,iPhone 11,A:501927,S501927,ПП2,727132239,1000000,https://s3.twcstorage.ru/35ffc2ef-1e09-463d-a2c4-c183d5deb59a/prints/pp2/W501927.webp
Объемные матовые чехлы светло-розовые,iPhone 11,A:501930,W501930,ПП2,1152688931,9,https://s3.twcstorage.ru/35ffc2ef-1e09-463d-a2c4-c183d5deb59a/prints/pp2/W501930.webp
Чёрные софт-тач,iPhone 11,A:501931,S501931,ПП2,727080041,12,https://s3.twcstorage.ru/35ffc2ef-1e09-463d-a2c4-c183d5deb59a/prints/pp2/W501931.webp
Чёрные софт-тач,iPhone 11,A:501933,S501933,ПП2,727085130,1000000,https://s3.twcstorage.ru/35ffc2ef-1e09-463d-a2c4-c183d5deb59a/prints/pp2/W501933.webp
Чёрные софт-тач,iPhone 11,A:501934,S501934,ПП2,727089134,1000000,https://s3.twcstorage.ru/35ffc2ef-1e09-463d-a2c4-c183d5deb59a/prints/pp2/W501934.webp
Белые софт-тач,iPhone 11,A:501935,W501935,ПП2,726594445,69,https://s3.twcstorage.ru/35ffc2ef-1e09-463d-a2c4-c183d5deb59a/prints/pp2/W501935.webp
Объемные матовые чехлы светло-розовые,iPhone 11,A:501937,W501937,ПП2,1152693312,20,https://s3.twcstorage.ru/35ffc2ef-1e09-463d-a2c4-c183d5deb59a/prints/pp2/W501937.webp
Чёрные софт-тач,iPhone 11,A:501938,S501938,ПП2,727158792,1000000,https://s3.twcstorage.ru/35ffc2ef-1e09-463d-a2c4-c183d5deb59a/prints/pp2/W501938.webp
Чёрные софт-тач,iPhone 11,A:501941,S501941,ПП2,727109825,1000000,https://s3.twcstorage.ru/35ffc2ef-1e09-463d-a2c4-c183d5deb59a/prints/pp2/S501941.webp
Чёрные софт-тач,iPhone 11,A:501942,S501942,ПП2,727112418,1000000,https://s3.twcstorage.ru/35ffc2ef-1e09-463d-a2c4-c183d5deb59a/prints/pp2/S501942.webp
Чёрные софт-тач,iPhone 11,A:501943,S501943,ПП2,727104511,6,https://s3.twcstorage.ru/35ffc2ef-1e09-463d-a2c4-c183d5deb59a/prints/pp2/S501943.webp
Чёрные софт-тач,iPhone 11,A:501944,S501944,ПП2,727106974,4,https://s3.twcstorage.ru/35ffc2ef-1e09-463d-a2c4-c183d5deb59a/prints/pp2/S501944.webp
Чёрные софт-тач,iPhone 11,A:501946,S501946,ПП2,727097094,7,https://s3.twcstorage.ru/35ffc2ef-1e09-463d-a2c4-c183d5deb59a/prints/pp2/W501946.webp
Матовые цветные чехлы для печати,iPhone 11,A:501947,W501947,ПП2,726779913,28,https://s3.twcstorage.ru/35ffc2ef-1e09-463d-a2c4-c183d5deb59a/prints/pp2/W501947.webp
Чёрные софт-тач,iPhone 11,A:501948,S501948,ПП2,727139341,1000000,https://s3.twcstorage.ru/35ffc2ef-1e09-463d-a2c4-c183d5deb59a/prints/pp2/W501948.webp
Чехол с вкладышем,iPhone 11,A:501949,W501949,ПП2,994313754,1000000,https://s3.twcstorage.ru/35ffc2ef-1e09-463d-a2c4-c183d5deb59a/prints/pp2/W501949.webp
Чехол с вкладышем,iPhone 11,A:501950,W501950,ПП2,994313776,1000000,https://s3.twcstorage.ru/35ffc2ef-1e09-463d-a2c4-c183d5deb59a/prints/pp2/W501950.webp
Чёрные софт-тач,iPhone 11,A:501951,S501951,ПП2,727137419,5,https://s3.twcstorage.ru/35ffc2ef-1e09-463d-a2c4-c183d5deb59a/prints/pp2/W501951.webp
Объемные матовые чехлы коричневые,iPhone 11,A:501952,W501952,ПП2,1157184237,41,https://s3.twcstorage.ru/35ffc2ef-1e09-463d-a2c4-c183d5deb59a/prints/pp2/W501952.webp
Белые софт-тач,iPhone 11,A:501953,W501953,ПП2,726588907,6,https://s3.twcstorage.ru/35ffc2ef-1e09-463d-a2c4-c183d5deb59a/prints/pp2/W501953.webp
Чёрные софт-тач,iPhone 11,A:501954,S501954,ПП2,727116974,1000000,https://s3.twcstorage.ru/35ffc2ef-1e09-463d-a2c4-c183d5deb59a/prints/pp2/W501954.webp
Белые софт-тач,iPhone 11,A:501955,W501955,ПП2,726607578,44,https://s3.twcstorage.ru/35ffc2ef-1e09-463d-a2c4-c183d5deb59a/prints/pp2/W501955.webp
Чёрные софт-тач,iPhone 11,A:501957,S501957,ПП2,727124674,3,https://s3.twcstorage.ru/35ffc2ef-1e09-463d-a2c4-c183d5deb59a/prints/pp2/W501957.webp
Белые софт-тач,iPhone 11,A:501958,W501958,ПП2,726611855,30,https://s3.twcstorage.ru/35ffc2ef-1e09-463d-a2c4-c183d5deb59a/prints/pp2/W501958.webp
Чёрные софт-тач,iPhone 11,A:501959,S501959,ПП2,727130530,1000000,https://s3.twcstorage.ru/35ffc2ef-1e09-463d-a2c4-c183d5deb59a/prints/pp2/S501959.webp
Чёрные софт-тач,iPhone 11,A:501960,S501960,ПП2,727150492,15,https://s3.twcstorage.ru/35ffc2ef-1e09-463d-a2c4-c183d5deb59a/prints/pp2/W501960.webp
Чёрные софт-тач,iPhone 11,A:501961,S501961,ПП2,727153223,10,https://s3.twcstorage.ru/35ffc2ef-1e09-463d-a2c4-c183d5deb59a/prints/pp2/W501961.webp
Чёрные софт-тач,iPhone 11,A:501962,S501962,ПП2,727379971,9,https://s3.twcstorage.ru/35ffc2ef-1e09-463d-a2c4-c183d5deb59a/prints/pp2/W501962.webp
Стеклянные чехлы,iPhone 11,A:501965,Q5019651,ПП2,727713396,1000000,https://s3.twcstorage.ru/35ffc2ef-1e09-463d-a2c4-c183d5deb59a/prints/pp2/Q5019651.webp
Силиконовые чехлы,iPhone 11,A:501967,Q501967,ПП2,727087475,1000000,https://s3.twcstorage.ru/35ffc2ef-1e09-463d-a2c4-c183d5deb59a/prints/pp2/W501967.webp
Силиконовые чехлы,iPhone 11,A:501972,Q501972,ПП2,727064643,125,https://s3.twcstorage.ru/35ffc2ef-1e09-463d-a2c4-c183d5deb59a/prints/pp2/Q501972.webp
Объемные матовые чехлы светло-розовые,iPhone 11,A:501978,Q501978,ПП2,1152721089,2,https://s3.twcstorage.ru/35ffc2ef-1e09-463d-a2c4-c183d5deb59a/prints/pp2/Q5019781.webp
Стеклянные чехлы,iPhone 11,A:501979,Q5019791,ПП2,727507238,6,https://s3.twcstorage.ru/35ffc2ef-1e09-463d-a2c4-c183d5deb59a/prints/pp2/Q5019791.webp
Стеклянные чехлы,iPhone 11,A:501980,Q5019801,ПП2,727506428,2,https://s3.twcstorage.ru/35ffc2ef-1e09-463d-a2c4-c183d5deb59a/prints/pp2/Q5019801.webp
Силиконовые чехлы,iPhone 11,A:501983,Q501983,ПП2,727855243,71,https://s3.twcstorage.ru/35ffc2ef-1e09-463d-a2c4-c183d5deb59a/prints/pp2/Y501983.webp
Силиконовые чехлы,iPhone 11,A:501985,Q501985,ПП2,727520196,1000000,https://s3.twcstorage.ru/35ffc2ef-1e09-463d-a2c4-c183d5deb59a/prints/pp2/Y501985.webp
Силиконовые чехлы,iPhone 11,A:501987,Q501987,ПП2,727810204,1000000,https://s3.twcstorage.ru/35ffc2ef-1e09-463d-a2c4-c183d5deb59a/prints/pp2/Y501987.webp
Силиконовые чехлы,iPhone 11,A:501990,Q501990,ПП2,727812905,63,https://s3.twcstorage.ru/35ffc2ef-1e09-463d-a2c4-c183d5deb59a/prints/pp2/Y501990.webp
Стеклянные чехлы,iPhone 11,A:501993,Q5019931,ПП2,727504387,4,https://s3.twcstorage.ru/35ffc2ef-1e09-463d-a2c4-c183d5deb59a/prints/pp2/Q5019931.webp
Матовые цветные чехлы для печати,iPhone 11,A:502003,W502003,ПП2,726734977,38,https://s3.twcstorage.ru/35ffc2ef-1e09-463d-a2c4-c183d5deb59a/prints/pp2/W502003.webp
Белые софт-тач,iPhone 11,A:502005,W502005,ПП2,726626548,55,https://s3.twcstorage.ru/35ffc2ef-1e09-463d-a2c4-c183d5deb59a/prints/pp2/W502005.webp
Матовые цветные чехлы для печати,iPhone 11,A:502006,W502006,ПП2,726860999,47,https://s3.twcstorage.ru/35ffc2ef-1e09-463d-a2c4-c183d5deb59a/prints/pp2/W502006.webp
Объемные матовые чехлы светло-розовые,iPhone 11,A:502007,W502007,ПП2,1152714388,24,https://s3.twcstorage.ru/35ffc2ef-1e09-463d-a2c4-c183d5deb59a/prints/pp2/W502007.webp
Матовые цветные чехлы для печати,iPhone 11,A:502008,W502008,ПП2,726738731,43,https://s3.twcstorage.ru/35ffc2ef-1e09-463d-a2c4-c183d5deb59a/prints/pp2/W502008.webp
Матовые цветные чехлы для печати,iPhone 11,A:502009,W502009,ПП2,726741214,22,https://s3.twcstorage.ru/35ffc2ef-1e09-463d-a2c4-c183d5deb59a/prints/pp2/W502009.webp
Объемные матовые чехлы молочные,iPhone 11,A:502010,W502010,ПП2,1155901177,2,https://s3.twcstorage.ru/35ffc2ef-1e09-463d-a2c4-c183d5deb59a/prints/pp2/W502010.webp
Матовые цветные чехлы для печати,iPhone 11,A:502012,W502012,ПП2,726853401,6,https://s3.twcstorage.ru/35ffc2ef-1e09-463d-a2c4-c183d5deb59a/prints/pp2/W502012.webp
Объемные матовые чехлы молочные,iPhone 11,A:502014,W502014,ПП2,1155750990,5,https://s3.twcstorage.ru/35ffc2ef-1e09-463d-a2c4-c183d5deb59a/prints/pp2/W502014.webp
Матовые цветные чехлы для печати,iPhone 11,A:502016,W502016,ПП2,726815890,39,https://s3.twcstorage.ru/35ffc2ef-1e09-463d-a2c4-c183d5deb59a/prints/pp2/W502016.webp
Чехол с вкладышем,iPhone 11,A:502018,W502018,ПП2,994314913,1000000,https://s3.twcstorage.ru/35ffc2ef-1e09-463d-a2c4-c183d5deb59a/prints/pp2/W502018.webp
Матовые цветные чехлы для печати,iPhone 11,A:502020,W502020,ПП2,726822460,1000000,https://s3.twcstorage.ru/35ffc2ef-1e09-463d-a2c4-c183d5deb59a/prints/pp2/W502020.webp
Чехол с вкладышем,iPhone 11,A:502023,W502023,ПП2,994315110,1000000,https://s3.twcstorage.ru/35ffc2ef-1e09-463d-a2c4-c183d5deb59a/prints/pp2/W502023.webp
Матовые цветные чехлы для печати,iPhone 11,A:502024,W502024,ПП2,726872819,57,https://s3.twcstorage.ru/35ffc2ef-1e09-463d-a2c4-c183d5deb59a/prints/pp2/W502024.webp
Чехол с вкладышем,iPhone 11,A:502025,W502025,ПП2,994315207,1000000,https://s3.twcstorage.ru/35ffc2ef-1e09-463d-a2c4-c183d5deb59a/prints/pp2/W502025.webp
Матовые цветные чехлы для печати,iPhone 11,A:502026,W502026,ПП2,726868987,58,https://s3.twcstorage.ru/35ffc2ef-1e09-463d-a2c4-c183d5deb59a/prints/pp2/W502026.webp
Чехол с вкладышем,iPhone 11,A:502027,W502027,ПП2,994315339,1000000,https://s3.twcstorage.ru/35ffc2ef-1e09-463d-a2c4-c183d5deb59a/prints/pp2/W502027.webp
Объемные матовые чехлы светло-розовые,iPhone 11,A:502028,W502028,ПП2,1152693024,28,https://s3.twcstorage.ru/35ffc2ef-1e09-463d-a2c4-c183d5deb59a/prints/pp2/W502028.webp
Объемные матовые чехлы коричневые,iPhone 11,A:502029,W502029,ПП2,1156263213,5,https://s3.twcstorage.ru/35ffc2ef-1e09-463d-a2c4-c183d5deb59a/prints/pp2/W502029.webp
Матовые цветные чехлы для печати,iPhone 11,A:502030,W502030,ПП2,726856230,20,https://s3.twcstorage.ru/35ffc2ef-1e09-463d-a2c4-c183d5deb59a/prints/pp2/W502030.webp
Матовые цветные чехлы для печати,iPhone 11,A:502031,W502031,ПП2,726753416,59,https://s3.twcstorage.ru/35ffc2ef-1e09-463d-a2c4-c183d5deb59a/prints/pp2/W502031.webp
Матовые цветные чехлы для печати,iPhone 11,A:502032,W502032,ПП2,726857921,40,https://s3.twcstorage.ru/35ffc2ef-1e09-463d-a2c4-c183d5deb59a/prints/pp2/W502032.webp
Матовые цветные чехлы для печати,iPhone 11,A:502035,W502035,ПП2,726756218,50,https://s3.twcstorage.ru/35ffc2ef-1e09-463d-a2c4-c183d5deb59a/prints/pp2/W502035.webp
Белые софт-тач,iPhone 11,A:502036,W502036,ПП2,726650261,25,https://s3.twcstorage.ru/35ffc2ef-1e09-463d-a2c4-c183d5deb59a/prints/pp2/W502036.webp
Чехол с вкладышем,iPhone 11,A:502037,W502037,ПП2,994315518,1000000,https://s3.twcstorage.ru/35ffc2ef-1e09-463d-a2c4-c183d5deb59a/prints/pp2/W502037.webp
Матовые цветные чехлы для печати,iPhone 11,A:502038,W502038,ПП2,726847111,1000000,https://s3.twcstorage.ru/35ffc2ef-1e09-463d-a2c4-c183d5deb59a/prints/pp2/Y502038.webp
Чехол с вкладышем,iPhone 11,A:502044,W502044,ПП2,994315637,1000000,https://s3.twcstorage.ru/35ffc2ef-1e09-463d-a2c4-c183d5deb59a/prints/pp2/W502044.webp
Белые софт-тач,iPhone 11,A:502047,W502047,ПП2,726572817,32,https://s3.twcstorage.ru/35ffc2ef-1e09-463d-a2c4-c183d5deb59a/prints/pp2/W502047.webp
Белые софт-тач,iPhone 11,A:502048,W502048,ПП2,726573954,21,https://s3.twcstorage.ru/35ffc2ef-1e09-463d-a2c4-c183d5deb59a/prints/pp2/Y502048.webp
Объемные матовые чехлы коричневые,iPhone 11,A:502049,W502049,ПП2,1156529213,17,https://s3.twcstorage.ru/35ffc2ef-1e09-463d-a2c4-c183d5deb59a/prints/pp2/Y502049.webp
Матовые цветные чехлы для печати,iPhone 11,A:502050,W502050,ПП2,726766630,94,https://s3.twcstorage.ru/35ffc2ef-1e09-463d-a2c4-c183d5deb59a/prints/pp2/Y502050.webp
Белые софт-тач,iPhone 11,A:502051,W502051,ПП2,726568044,47,https://s3.twcstorage.ru/35ffc2ef-1e09-463d-a2c4-c183d5deb59a/prints/pp2/W502051.webp
Объемные матовые чехлы коричневые,iPhone 11,A:502052,W502052,ПП2,1156499999,2,https://s3.twcstorage.ru/35ffc2ef-1e09-463d-a2c4-c183d5deb59a/prints/pp2/W502052.webp
Объемные матовые чехлы молочные,iPhone 11,A:502053,W502053,ПП2,1155052660,1,https://s3.twcstorage.ru/35ffc2ef-1e09-463d-a2c4-c183d5deb59a/prints/pp2/W502053.webp
Чехол с вкладышем,iPhone 11,A:502055,W502055,ПП2,994315734,1000000,https://s3.twcstorage.ru/35ffc2ef-1e09-463d-a2c4-c183d5deb59a/prints/pp2/W502055.webp
Белые софт-тач,iPhone 11,A:502057,W502057,ПП2,726578732,26,https://s3.twcstorage.ru/35ffc2ef-1e09-463d-a2c4-c183d5deb59a/prints/pp2/W502057.webp
Матовые цветные чехлы для печати,iPhone 11,A:502065,W502065,ПП2,726838473,16,https://s3.twcstorage.ru/35ffc2ef-1e09-463d-a2c4-c183d5deb59a/prints/pp2/W502065.webp
Чехол с вкладышем,iPhone 11,A:502067,W502067,ПП2,994316060,1000000,https://s3.twcstorage.ru/35ffc2ef-1e09-463d-a2c4-c183d5deb59a/prints/pp2/W5020671.webp
Белые софт-тач,iPhone 11,A:502069,W502069,ПП2,726667752,16,https://s3.twcstorage.ru/35ffc2ef-1e09-463d-a2c4-c183d5deb59a/prints/pp2/W502069.webp
Матовые цветные чехлы для печати,iPhone 11,A:506329,W5063291,ПП2,1185452758,7,https://s3.twcstorage.ru/35ffc2ef-1e09-463d-a2c4-c183d5deb59a/prints/pp2/W5063291.webp
Матовые цветные чехлы для печати,iPhone 11,A:506330,W5063301,ПП2,1185374258,3,https://s3.twcstorage.ru/35ffc2ef-1e09-463d-a2c4-c183d5deb59a/prints/pp2/W5063301.webp
Белые софт-тач,iPhone 11,A:506331,W506331,ПП2,1164167503,5,https://s3.twcstorage.ru/35ffc2ef-1e09-463d-a2c4-c183d5deb59a/prints/pp2/W5063311.webp
Матовые цветные чехлы для печати,iPhone 11,A:506332,W5063321,ПП2,1185505287,2,https://s3.twcstorage.ru/35ffc2ef-1e09-463d-a2c4-c183d5deb59a/prints/pp2/W5063321.webp
Матовые цветные чехлы для печати,iPhone 11,A:506334,W5063341,ПП2,1185788824,1,https://s3.twcstorage.ru/35ffc2ef-1e09-463d-a2c4-c183d5deb59a/prints/pp2/W5063341.webp
Объемные матовые чехлы светло-розовые,iPhone 11,A:506335,W506335,ПП2,1152729022,11,https://s3.twcstorage.ru/35ffc2ef-1e09-463d-a2c4-c183d5deb59a/prints/pp2/W5063351.webp
Силиконовые чехлы,iPhone 11,A:506336,W506336,ПП2,1186721158,14,https://s3.twcstorage.ru/35ffc2ef-1e09-463d-a2c4-c183d5deb59a/prints/pp2/W5063361.webp
Объемные матовые чехлы светло-розовые,iPhone 11,A:506337,W5063371,ПП2,1158027972,12,https://s3.twcstorage.ru/35ffc2ef-1e09-463d-a2c4-c183d5deb59a/prints/pp2/W5063371.webp
Матовые цветные чехлы для печати,iPhone 11,A:506338,W5063381,ПП2,1185381945,26,https://s3.twcstorage.ru/35ffc2ef-1e09-463d-a2c4-c183d5deb59a/prints/pp2/W5063381.webp
Матовые цветные чехлы для печати,iPhone 11,A:506339,W5063391,ПП2,1185500251,8,https://s3.twcstorage.ru/35ffc2ef-1e09-463d-a2c4-c183d5deb59a/prints/pp2/W5063391.webp
Белые софт-тач,iPhone 11,A:506340,W506340,ПП2,1164335131,4,https://s3.twcstorage.ru/35ffc2ef-1e09-463d-a2c4-c183d5deb59a/prints/pp2/W5063401.webp
Силиконовые чехлы,iPhone 11,A:506342,W506342,ПП2,1186767940,92,https://s3.twcstorage.ru/35ffc2ef-1e09-463d-a2c4-c183d5deb59a/prints/pp2/W5063421.webp
Силиконовые чехлы,iPhone 11,A:506343,W506343,ПП2,1186678654,110,https://s3.twcstorage.ru/35ffc2ef-1e09-463d-a2c4-c183d5deb59a/prints/pp2/W5063431.webp
Матовые цветные чехлы для печати,iPhone 11,A:506345,W5063451,ПП2,1189247178,27,https://s3.twcstorage.ru/35ffc2ef-1e09-463d-a2c4-c183d5deb59a/prints/pp2/W5063451.webp
Матовые цветные чехлы для печати,iPhone 11,A:506346,W506346,ПП2,1185827495,19,https://s3.twcstorage.ru/35ffc2ef-1e09-463d-a2c4-c183d5deb59a/prints/pp2/W506346.webp
Объемные матовые чехлы коричневые,iPhone 11,A:506348,W506348,ПП2,1156791944,51,https://s3.twcstorage.ru/35ffc2ef-1e09-463d-a2c4-c183d5deb59a/prints/pp2/W506348.webp
Силиконовые чехлы,iPhone 11,A:506349,W506349,ПП2,1186718104,111,https://s3.twcstorage.ru/35ffc2ef-1e09-463d-a2c4-c183d5deb59a/prints/pp2/W506349.webp
Матовые цветные чехлы для печати,iPhone 11,A:506354,W5063541,ПП2,1185390806,98,https://s3.twcstorage.ru/35ffc2ef-1e09-463d-a2c4-c183d5deb59a/prints/pp2/W5063541.webp
Объемные матовые чехлы бордовые,iPhone 11,A:506363,W506363,ПП2,1153100198,29,https://s3.twcstorage.ru/35ffc2ef-1e09-463d-a2c4-c183d5deb59a/prints/pp2/W506363.webp
Матовые цветные чехлы для печати,iPhone 11,A:506364,W506364,ПП2,1185626787,29,https://s3.twcstorage.ru/35ffc2ef-1e09-463d-a2c4-c183d5deb59a/prints/pp2/W506364.webp
Объемные матовые чехлы коричневые,iPhone 11,A:506365,W506365,ПП2,1156887313,1000000,https://s3.twcstorage.ru/35ffc2ef-1e09-463d-a2c4-c183d5deb59a/prints/pp2/W506365.webp
Объемные матовые чехлы коричневые,iPhone 11,A:506367,W506367,ПП2,1156912686,39,https://s3.twcstorage.ru/35ffc2ef-1e09-463d-a2c4-c183d5deb59a/prints/pp2/W506367.webp
Силиконовые чехлы,iPhone 11,A:506368,W506368,ПП2,1186663446,146,https://s3.twcstorage.ru/35ffc2ef-1e09-463d-a2c4-c183d5deb59a/prints/pp2/W506368.webp
Силиконовые чехлы,iPhone 11,A:506369,W506369,ПП2,1186666104,46,https://s3.twcstorage.ru/35ffc2ef-1e09-463d-a2c4-c183d5deb59a/prints/pp2/W506369.webp
Силиконовые чехлы,iPhone 11,A:506373,W506373,ПП2,1186715789,6,https://s3.twcstorage.ru/35ffc2ef-1e09-463d-a2c4-c183d5deb59a/prints/pp2/W506373.webp
Белые софт-тач,iPhone 11,A:506374,W506374,ПП2,1163968927,3,https://s3.twcstorage.ru/35ffc2ef-1e09-463d-a2c4-c183d5deb59a/prints/pp2/W506374.webp
Силиконовые чехлы,iPhone 11,A:506376,W506376,ПП2,1186699345,53,https://s3.twcstorage.ru/35ffc2ef-1e09-463d-a2c4-c183d5deb59a/prints/pp2/W506376.webp
Матовые цветные чехлы для печати,iPhone 11,A:506378,W506378,ПП2,1185848239,100,https://s3.twcstorage.ru/35ffc2ef-1e09-463d-a2c4-c183d5deb59a/prints/pp2/W506378.webp
Матовые цветные чехлы для печати,iPhone 11,A:506379,W506379,ПП2,1185759139,24,https://s3.twcstorage.ru/35ffc2ef-1e09-463d-a2c4-c183d5deb59a/prints/pp2/W506379.webp
Матовые цветные чехлы для печати,iPhone 11,A:506381,W506381,ПП2,1185459101,14,https://s3.twcstorage.ru/35ffc2ef-1e09-463d-a2c4-c183d5deb59a/prints/pp2/W506381.webp
Стеклянные чехлы,iPhone 11,A:506382,Q5063821,ПП2,1186843242,7,https://s3.twcstorage.ru/35ffc2ef-1e09-463d-a2c4-c183d5deb59a/prints/pp2/Q5063821.webp
Силиконовые чехлы,iPhone 11,A:506383,Q506383,ПП2,1186662124,32,https://s3.twcstorage.ru/35ffc2ef-1e09-463d-a2c4-c183d5deb59a/prints/pp2/Q5063831.webp
Объемные матовые чехлы светло-розовые,iPhone 11,A:506384,Q506384,ПП2,1152724792,1,https://s3.twcstorage.ru/35ffc2ef-1e09-463d-a2c4-c183d5deb59a/prints/pp2/Q5063841.webp
Чехол с вкладышем,iPhone 11 Pro,A:501935,W501935,ПП2,994289649,1000000,https://s3.twcstorage.ru/35ffc2ef-1e09-463d-a2c4-c183d5deb59a/prints/pp2/W501935.webp
Матовые цветные чехлы для печати,iPhone 11 Pro,A:501937,W501937,ПП2,726809938,1000000,https://s3.twcstorage.ru/35ffc2ef-1e09-463d-a2c4-c183d5deb59a/prints/pp2/W501937.webp
Чёрные софт-тач,iPhone 11 Pro,A:501944,S501944,ПП2,727106950,4,https://s3.twcstorage.ru/35ffc2ef-1e09-463d-a2c4-c183d5deb59a/prints/pp2/S501944.webp
Чехол с вкладышем,iPhone 11 Pro,A:501947,W501947,ПП2,994289773,1000000,https://s3.twcstorage.ru/35ffc2ef-1e09-463d-a2c4-c183d5deb59a/prints/pp2/W501947.webp
Белые софт-тач,iPhone 11 Pro,A:501951,W501951,ПП2,726586570,7,https://s3.twcstorage.ru/35ffc2ef-1e09-463d-a2c4-c183d5deb59a/prints/pp2/W501951.webp
Чёрные софт-тач,iPhone 11 Pro,A:501953,S501953,ПП2,727114412,1000000,https://s3.twcstorage.ru/35ffc2ef-1e09-463d-a2c4-c183d5deb59a/prints/pp2/W501953.webp
Матовые цветные чехлы для печати,iPhone 11 Pro,A:501956,W501956,ПП2,726827629,1000000,https://s3.twcstorage.ru/35ffc2ef-1e09-463d-a2c4-c183d5deb59a/prints/pp2/W501956.webp
Чехол с вкладышем,iPhone 11 Pro,A:501960,W501960,ПП2,994290187,1000000,https://s3.twcstorage.ru/35ffc2ef-1e09-463d-a2c4-c183d5deb59a/prints/pp2/W501960.webp
Белые софт-тач,iPhone 11 Pro,A:501962,W501962,ПП2,726675062,13,https://s3.twcstorage.ru/35ffc2ef-1e09-463d-a2c4-c183d5deb59a/prints/pp2/W501962.webp
Силиконовые чехлы,iPhone 11 Pro,A:501978,Q501978,ПП2,727219183,2,https://s3.twcstorage.ru/35ffc2ef-1e09-463d-a2c4-c183d5deb59a/prints/pp2/Q5019781.webp
Силиконовые чехлы,iPhone 11 Pro,A:501979,Q501979,ПП2,727780448,48,https://s3.twcstorage.ru/35ffc2ef-1e09-463d-a2c4-c183d5deb59a/prints/pp2/Q5019791.webp
Силиконовые чехлы,iPhone 11 Pro,A:501980,Q501980,ПП2,727178966,4,https://s3.twcstorage.ru/35ffc2ef-1e09-463d-a2c4-c183d5deb59a/prints/pp2/Q5019801.webp
Силиконовые чехлы,iPhone 11 Pro,A:501982,Q501982,ПП2,727513385,1000000,https://s3.twcstorage.ru/35ffc2ef-1e09-463d-a2c4-c183d5deb59a/prints/pp2/Y501982.webp
Силиконовые чехлы,iPhone 11 Pro,A:501990,Q501990,ПП2,727815308,63,https://s3.twcstorage.ru/35ffc2ef-1e09-463d-a2c4-c183d5deb59a/prints/pp2/Y501990.webp
Силиконовые чехлы,iPhone 11 Pro,A:501993,Q501993,ПП2,727181798,37,https://s3.twcstorage.ru/35ffc2ef-1e09-463d-a2c4-c183d5deb59a/prints/pp2/Q5019931.webp
Чехол с вкладышем,iPhone 11 Pro,A:501997,W501997,ПП2,994290365,1000000,https://s3.twcstorage.ru/35ffc2ef-1e09-463d-a2c4-c183d5deb59a/prints/pp2/Y501997.webp
Матовые цветные чехлы для печати,iPhone 11 Pro,A:502005,W502005,ПП2,726860726,89,https://s3.twcstorage.ru/35ffc2ef-1e09-463d-a2c4-c183d5deb59a/prints/pp2/W502005.webp
Белые софт-тач,iPhone 11 Pro,A:502006,W502006,ПП2,726627877,56,https://s3.twcstorage.ru/35ffc2ef-1e09-463d-a2c4-c183d5deb59a/prints/pp2/W502006.webp
Чехол с вкладышем,iPhone 11 Pro,A:502009,W502009,ПП2,994290911,1000000,https://s3.twcstorage.ru/35ffc2ef-1e09-463d-a2c4-c183d5deb59a/prints/pp2/W502009.webp
Матовые цветные чехлы для печати,iPhone 11 Pro,A:502010,W502010,ПП2,726745827,10,https://s3.twcstorage.ru/35ffc2ef-1e09-463d-a2c4-c183d5deb59a/prints/pp2/W502010.webp
Объемные матовые чехлы коричневые,iPhone 11 Pro,A:502014,W502014,ПП2,1156639562,43,https://s3.twcstorage.ru/35ffc2ef-1e09-463d-a2c4-c183d5deb59a/prints/pp2/W502014.webp
Матовые цветные чехлы для печати,iPhone 11 Pro,A:502025,W502025,ПП2,726876989,34,https://s3.twcstorage.ru/35ffc2ef-1e09-463d-a2c4-c183d5deb59a/prints/pp2/W502025.webp
Чехол с вкладышем,iPhone 11 Pro,A:502048,W502048,ПП2,994291821,1000000,https://s3.twcstorage.ru/35ffc2ef-1e09-463d-a2c4-c183d5deb59a/prints/pp2/Y502048.webp
Белые софт-тач,iPhone 11 Pro,A:502053,W502053,ПП2,726639897,1,https://s3.twcstorage.ru/35ffc2ef-1e09-463d-a2c4-c183d5deb59a/prints/pp2/W502053.webp
Объемные матовые чехлы коричневые,iPhone 11 Pro,A:502069,W502069,ПП2,1156389461,1000000,https://s3.twcstorage.ru/35ffc2ef-1e09-463d-a2c4-c183d5deb59a/prints/pp2/W502069.webp
Объемные матовые чехлы черные,iPhone 11 Pro,A:506334,W5063341,ПП2,1157988693,1,https://s3.twcstorage.ru/35ffc2ef-1e09-463d-a2c4-c183d5deb59a/prints/pp2/W5063341.webp
Матовые цветные чехлы для печати,iPhone 11 Pro,A:506363,W506363,ПП2,1189295368,33,https://s3.twcstorage.ru/35ffc2ef-1e09-463d-a2c4-c183d5deb59a/prints/pp2/W506363.webp
Чехол с вкладышем,iPhone 11 Pro Max,A:501930,W501930,ПП2,994295068,1000000,https://s3.twcstorage.ru/35ffc2ef-1e09-463d-a2c4-c183d5deb59a/prints/pp2/W501930.webp
Чёрные софт-тач,iPhone 11 Pro Max,A:501946,S501946,ПП2,727097021,7,https://s3.twcstorage.ru/35ffc2ef-1e09-463d-a2c4-c183d5deb59a/prints/pp2/W501946.webp
Матовые цветные чехлы для печати,iPhone 11 Pro Max,A:501957,W501957,ПП2,726829394,17,https://s3.twcstorage.ru/35ffc2ef-1e09-463d-a2c4-c183d5deb59a/prints/pp2/W501957.webp
Чехол с вкладышем,iPhone 11 Pro Max,A:501960,W501960,ПП2,994295516,1000000,https://s3.twcstorage.ru/35ffc2ef-1e09-463d-a2c4-c183d5deb59a/prints/pp2/W501960.webp
Силиконовые чехлы,iPhone 11 Pro Max,A:501978,Q501978,ПП2,727219298,2,https://s3.twcstorage.ru/35ffc2ef-1e09-463d-a2c4-c183d5deb59a/prints/pp2/Q5019781.webp
Силиконовые чехлы,iPhone 11 Pro Max,A:501980,Q501980,ПП2,727179208,4,https://s3.twcstorage.ru/35ffc2ef-1e09-463d-a2c4-c183d5deb59a/prints/pp2/Q5019801.webp
Силиконовые чехлы,iPhone 11 Pro Max,A:501982,Q501982,ПП2,727513416,1000000,https://s3.twcstorage.ru/35ffc2ef-1e09-463d-a2c4-c183d5deb59a/prints/pp2/Y501982.webp
Силиконовые чехлы,iPhone 11 Pro Max,A:501983,Q501983,ПП2,727856473,71,https://s3.twcstorage.ru/35ffc2ef-1e09-463d-a2c4-c183d5deb59a/prints/pp2/Y501983.webp
Силиконовые чехлы,iPhone 11 Pro Max,A:501988,Q501988,ПП2,727516022,128,https://s3.twcstorage.ru/35ffc2ef-1e09-463d-a2c4-c183d5deb59a/prints/pp2/Y501988.webp
Силиконовые чехлы,iPhone 11 Pro Max,A:501993,Q501993,ПП2,727181804,37,https://s3.twcstorage.ru/35ffc2ef-1e09-463d-a2c4-c183d5deb59a/prints/pp2/Q5019931.webp
Чехол с вкладышем,iPhone 11 Pro Max,A:501997,W501997,ПП2,994295708,1000000,https://s3.twcstorage.ru/35ffc2ef-1e09-463d-a2c4-c183d5deb59a/prints/pp2/Y501997.webp
Матовые цветные чехлы для печати,iPhone 11 Pro Max,A:501999,W501999,ПП2,726826298,88,https://s3.twcstorage.ru/35ffc2ef-1e09-463d-a2c4-c183d5deb59a/prints/pp2/W501999.webp
Чехол с вкладышем,iPhone 11 Pro Max,A:502001,W502001,ПП2,994295706,1000000,https://s3.twcstorage.ru/35ffc2ef-1e09-463d-a2c4-c183d5deb59a/prints/pp2/W502001.webp
Чехол с вкладышем,iPhone 11 Pro Max,A:502005,W502005,ПП2,994295755,1000000,https://s3.twcstorage.ru/35ffc2ef-1e09-463d-a2c4-c183d5deb59a/prints/pp2/W502005.webp
Чехол с вкладышем,iPhone 11 Pro Max,A:502006,W502006,ПП2,994295764,1000000,https://s3.twcstorage.ru/35ffc2ef-1e09-463d-a2c4-c183d5deb59a/prints/pp2/W502006.webp
Чехол с вкладышем,iPhone 11 Pro Max,A:502008,W502008,ПП2,994295781,1000000,https://s3.twcstorage.ru/35ffc2ef-1e09-463d-a2c4-c183d5deb59a/prints/pp2/W502008.webp
Матовые цветные чехлы для печати,iPhone 11 Pro Max,A:502009,W502009,ПП2,726743499,22,https://s3.twcstorage.ru/35ffc2ef-1e09-463d-a2c4-c183d5deb59a/prints/pp2/W502009.webp
Чехол с вкладышем,iPhone 11 Pro Max,A:502010,W502010,ПП2,994295847,1000000,https://s3.twcstorage.ru/35ffc2ef-1e09-463d-a2c4-c183d5deb59a/prints/pp2/W502010.webp
Матовые цветные чехлы для печати,iPhone 11 Pro Max,A:502012,W502012,ПП2,726856090,6,https://s3.twcstorage.ru/35ffc2ef-1e09-463d-a2c4-c183d5deb59a/prints/pp2/W502012.webp
Чехол с вкладышем,iPhone 11 Pro Max,A:502014,W502014,ПП2,994295885,1000000,https://s3.twcstorage.ru/35ffc2ef-1e09-463d-a2c4-c183d5deb59a/prints/pp2/W502014.webp
Чехол с вкладышем,iPhone 11 Pro Max,A:502031,W502031,ПП2,994296393,1000000,https://s3.twcstorage.ru/35ffc2ef-1e09-463d-a2c4-c183d5deb59a/prints/pp2/W502031.webp
Матовые цветные чехлы для печати,iPhone 11 Pro Max,A:502032,W502032,ПП2,726859263,40,https://s3.twcstorage.ru/35ffc2ef-1e09-463d-a2c4-c183d5deb59a/prints/pp2/W502032.webp
Белые софт-тач,iPhone 11 Pro Max,A:502042,W502042,ПП2,1015478770,60,https://s3.twcstorage.ru/35ffc2ef-1e09-463d-a2c4-c183d5deb59a/prints/pp2/Y502042.webp
Матовые цветные чехлы для печати,iPhone 11 Pro Max,A:502048,W502048,ПП2,726762588,72,https://s3.twcstorage.ru/35ffc2ef-1e09-463d-a2c4-c183d5deb59a/prints/pp2/Y502048.webp
Матовые цветные чехлы для печати,iPhone 11 Pro Max,A:502049,W502049,ПП2,726766323,60,https://s3.twcstorage.ru/35ffc2ef-1e09-463d-a2c4-c183d5deb59a/prints/pp2/Y502049.webp
Матовые цветные чехлы для печати,iPhone 11 Pro Max,A:502054,W502054,ПП2,726770967,73,https://s3.twcstorage.ru/35ffc2ef-1e09-463d-a2c4-c183d5deb59a/prints/pp2/W502054.webp
Матовые цветные чехлы для печати,iPhone 11 Pro Max,A:502065,W502065,ПП2,726839862,16,https://s3.twcstorage.ru/35ffc2ef-1e09-463d-a2c4-c183d5deb59a/prints/pp2/W502065.webp
Силиконовые чехлы,iPhone 11 Pro Max,A:506332,W506332,ПП2,1195549363,3,https://s3.twcstorage.ru/35ffc2ef-1e09-463d-a2c4-c183d5deb59a/prints/pp2/W5063321.webp
Матовые цветные чехлы для печати,iPhone 11 Pro Max,A:506336,W5063361,ПП2,1189274123,15,https://s3.twcstorage.ru/35ffc2ef-1e09-463d-a2c4-c183d5deb59a/prints/pp2/W5063361.webp
Матовые цветные чехлы для печати,iPhone 11 Pro Max,A:506340,W5063401,ПП2,1185528562,4,https://s3.twcstorage.ru/35ffc2ef-1e09-463d-a2c4-c183d5deb59a/prints/pp2/W5063401.webp
Силиконовые чехлы,iPhone 11 Pro Max,A:506372,W506372,ПП2,1186493441,16,https://s3.twcstorage.ru/35ffc2ef-1e09-463d-a2c4-c183d5deb59a/prints/pp2/W506372.webp
Матовые цветные чехлы для печати,iPhone 11 Pro Max,A:506381,W506381,ПП2,1185779185,14,https://s3.twcstorage.ru/35ffc2ef-1e09-463d-a2c4-c183d5deb59a/prints/pp2/W506381.webp
Силиконовые чехлы,iPhone 11 Pro Max,A:506383,Q506383,ПП2,1186739960,32,https://s3.twcstorage.ru/35ffc2ef-1e09-463d-a2c4-c183d5deb59a/prints/pp2/Q5063831.webp
Объемные матовые чехлы молочные,iPhone 12,A:501930,W501930,ПП2,1154361080,22,https://s3.twcstorage.ru/35ffc2ef-1e09-463d-a2c4-c183d5deb59a/prints/pp2/W501930.webp
Объемные матовые чехлы черные,iPhone 12,A:501937,W501937,ПП2,1157445540,18,https://s3.twcstorage.ru/35ffc2ef-1e09-463d-a2c4-c183d5deb59a/prints/pp2/W501937.webp
Объемные матовые чехлы черные,iPhone 12,A:501938,W501938,ПП2,1157419498,30,https://s3.twcstorage.ru/35ffc2ef-1e09-463d-a2c4-c183d5deb59a/prints/pp2/W501938.webp
Чёрные софт-тач,iPhone 12,A:501941,S501941,ПП2,727109734,1000000,https://s3.twcstorage.ru/35ffc2ef-1e09-463d-a2c4-c183d5deb59a/prints/pp2/S501941.webp
Чёрные софт-тач,iPhone 12,A:501943,S501943,ПП2,727103992,6,https://s3.twcstorage.ru/35ffc2ef-1e09-463d-a2c4-c183d5deb59a/prints/pp2/S501943.webp
Чёрные софт-тач,iPhone 12,A:501945,S501945,ПП2,727120771,1000000,https://s3.twcstorage.ru/35ffc2ef-1e09-463d-a2c4-c183d5deb59a/prints/pp2/W501945.webp
Белые софт-тач,iPhone 12,A:501947,W501947,ПП2,726589250,27,https://s3.twcstorage.ru/35ffc2ef-1e09-463d-a2c4-c183d5deb59a/prints/pp2/W501947.webp
Чёрные софт-тач,iPhone 12,A:501951,S501951,ПП2,727137251,5,https://s3.twcstorage.ru/35ffc2ef-1e09-463d-a2c4-c183d5deb59a/prints/pp2/W501951.webp
Белые софт-тач,iPhone 12,A:501953,W501953,ПП2,726587727,6,https://s3.twcstorage.ru/35ffc2ef-1e09-463d-a2c4-c183d5deb59a/prints/pp2/W501953.webp
Чёрные софт-тач,iPhone 12,A:501957,S501957,ПП2,727125017,3,https://s3.twcstorage.ru/35ffc2ef-1e09-463d-a2c4-c183d5deb59a/prints/pp2/W501957.webp
Чёрные софт-тач,iPhone 12,A:501959,S501959,ПП2,727130348,1000000,https://s3.twcstorage.ru/35ffc2ef-1e09-463d-a2c4-c183d5deb59a/prints/pp2/S501959.webp
Чёрные софт-тач,iPhone 12,A:501960,S501960,ПП2,727150289,15,https://s3.twcstorage.ru/35ffc2ef-1e09-463d-a2c4-c183d5deb59a/prints/pp2/W501960.webp
Белые софт-тач,iPhone 12,A:501961,W501961,ПП2,726672725,12,https://s3.twcstorage.ru/35ffc2ef-1e09-463d-a2c4-c183d5deb59a/prints/pp2/W501961.webp
Белые софт-тач,iPhone 12,A:501962,W501962,ПП2,726674166,13,https://s3.twcstorage.ru/35ffc2ef-1e09-463d-a2c4-c183d5deb59a/prints/pp2/W501962.webp
Объемные матовые чехлы черные,iPhone 12,A:501980,Q501980,ПП2,1157714774,5,https://s3.twcstorage.ru/35ffc2ef-1e09-463d-a2c4-c183d5deb59a/prints/pp2/Q5019801.webp
Объемные матовые чехлы черные,iPhone 12,A:502003,W502003,ПП2,1157565841,13,https://s3.twcstorage.ru/35ffc2ef-1e09-463d-a2c4-c183d5deb59a/prints/pp2/W502003.webp
Белые софт-тач,iPhone 12,A:502006,W502006,ПП2,726627606,56,https://s3.twcstorage.ru/35ffc2ef-1e09-463d-a2c4-c183d5deb59a/prints/pp2/W502006.webp
Белые софт-тач,iPhone 12,A:502007,W502007,ПП2,726643681,71,https://s3.twcstorage.ru/35ffc2ef-1e09-463d-a2c4-c183d5deb59a/prints/pp2/W502007.webp
Объемные матовые чехлы бордовые,iPhone 12,A:502008,W502008,ПП2,1153011198,54,https://s3.twcstorage.ru/35ffc2ef-1e09-463d-a2c4-c183d5deb59a/prints/pp2/W502008.webp
Объемные матовые чехлы молочные,iPhone 12,A:502010,W502010,ПП2,1155721957,2,https://s3.twcstorage.ru/35ffc2ef-1e09-463d-a2c4-c183d5deb59a/prints/pp2/W502010.webp
Белые софт-тач,iPhone 12,A:502012,W502012,ПП2,726628850,14,https://s3.twcstorage.ru/35ffc2ef-1e09-463d-a2c4-c183d5deb59a/prints/pp2/W502012.webp
Белые софт-тач,iPhone 12,A:502014,W502014,ПП2,726647398,15,https://s3.twcstorage.ru/35ffc2ef-1e09-463d-a2c4-c183d5deb59a/prints/pp2/W502014.webp
Объемные матовые чехлы светло-розовые,iPhone 12,A:502029,W502029,ПП2,1152704347,3,https://s3.twcstorage.ru/35ffc2ef-1e09-463d-a2c4-c183d5deb59a/prints/pp2/W502029.webp
Объемные матовые чехлы коричневые,iPhone 12,A:502032,W502032,ПП2,1156547928,1,https://s3.twcstorage.ru/35ffc2ef-1e09-463d-a2c4-c183d5deb59a/prints/pp2/W502032.webp
Белые софт-тач,iPhone 12,A:502033,W502033,ПП2,726638111,10,https://s3.twcstorage.ru/35ffc2ef-1e09-463d-a2c4-c183d5deb59a/prints/pp2/W502033.webp
Белые софт-тач,iPhone 12,A:502037,W502037,ПП2,726564039,45,https://s3.twcstorage.ru/35ffc2ef-1e09-463d-a2c4-c183d5deb59a/prints/pp2/W502037.webp
Белые софт-тач,iPhone 12,A:502047,W502047,ПП2,726571901,32,https://s3.twcstorage.ru/35ffc2ef-1e09-463d-a2c4-c183d5deb59a/prints/pp2/W502047.webp
Белые софт-тач,iPhone 12,A:502052,W502052,ПП2,726641814,2,https://s3.twcstorage.ru/35ffc2ef-1e09-463d-a2c4-c183d5deb59a/prints/pp2/W502052.webp
Белые софт-тач,iPhone 12,A:502053,W502053,ПП2,726639948,1,https://s3.twcstorage.ru/35ffc2ef-1e09-463d-a2c4-c183d5deb59a/prints/pp2/W502053.webp
Белые софт-тач,iPhone 12,A:502065,W502065,ПП2,726661263,23,https://s3.twcstorage.ru/35ffc2ef-1e09-463d-a2c4-c183d5deb59a/prints/pp2/W502065.webp
Белые софт-тач,iPhone 12,A:502069,W502069,ПП2,726665219,16,https://s3.twcstorage.ru/35ffc2ef-1e09-463d-a2c4-c183d5deb59a/prints/pp2/W502069.webp
Белые софт-тач,iPhone 12,A:506331,W506331,ПП2,1164157158,5,https://s3.twcstorage.ru/35ffc2ef-1e09-463d-a2c4-c183d5deb59a/prints/pp2/W5063311.webp
Объемные матовые чехлы коричневые,iPhone 12,A:506332,W5063321,ПП2,1157012892,18,https://s3.twcstorage.ru/35ffc2ef-1e09-463d-a2c4-c183d5deb59a/prints/pp2/W5063321.webp
Объемные матовые чехлы коричневые,iPhone 12,A:506333,W5063331,ПП2,1157025125,34,https://s3.twcstorage.ru/35ffc2ef-1e09-463d-a2c4-c183d5deb59a/prints/pp2/W5063331.webp
Объемные матовые чехлы черные,iPhone 12,A:506334,W5063341,ПП2,1157985324,1,https://s3.twcstorage.ru/35ffc2ef-1e09-463d-a2c4-c183d5deb59a/prints/pp2/W5063341.webp
Объемные матовые чехлы черные,iPhone 12,A:506335,W5063351,ПП2,1158004034,4,https://s3.twcstorage.ru/35ffc2ef-1e09-463d-a2c4-c183d5deb59a/prints/pp2/W5063351.webp
Объемные матовые чехлы молочные,iPhone 12,A:506336,W506336,ПП2,1155255716,3,https://s3.twcstorage.ru/35ffc2ef-1e09-463d-a2c4-c183d5deb59a/prints/pp2/W5063361.webp
Объемные матовые чехлы черные,iPhone 12,A:506337,W5063371,ПП2,1158036462,27,https://s3.twcstorage.ru/35ffc2ef-1e09-463d-a2c4-c183d5deb59a/prints/pp2/W5063371.webp
Объемные матовые чехлы черные,iPhone 12,A:506338,W5063381,ПП2,1158052091,6,https://s3.twcstorage.ru/35ffc2ef-1e09-463d-a2c4-c183d5deb59a/prints/pp2/W5063381.webp
Объемные матовые чехлы светло-розовые,iPhone 12,A:506339,W506339,ПП2,1152731628,6,https://s3.twcstorage.ru/35ffc2ef-1e09-463d-a2c4-c183d5deb59a/prints/pp2/W5063391.webp
Белые софт-тач,iPhone 12,A:506340,W506340,ПП2,1164323984,4,https://s3.twcstorage.ru/35ffc2ef-1e09-463d-a2c4-c183d5deb59a/prints/pp2/W5063401.webp
Объемные матовые чехлы черные,iPhone 12,A:506341,W5063411,ПП2,1158104677,11,https://s3.twcstorage.ru/35ffc2ef-1e09-463d-a2c4-c183d5deb59a/prints/pp2/W5063411.webp
Объемные матовые чехлы коричневые,iPhone 12,A:506349,W506349,ПП2,1156794653,52,https://s3.twcstorage.ru/35ffc2ef-1e09-463d-a2c4-c183d5deb59a/prints/pp2/W506349.webp
Объемные матовые чехлы черные,iPhone 12,A:506364,W506364,ПП2,1157805157,56,https://s3.twcstorage.ru/35ffc2ef-1e09-463d-a2c4-c183d5deb59a/prints/pp2/W506364.webp
Белые софт-тач,iPhone 12,A:506370,W506370,ПП2,1163872380,35,https://s3.twcstorage.ru/35ffc2ef-1e09-463d-a2c4-c183d5deb59a/prints/pp2/W506370.webp
Объемные матовые чехлы черные,iPhone 12,A:506372,W506372,ПП2,1157878183,33,https://s3.twcstorage.ru/35ffc2ef-1e09-463d-a2c4-c183d5deb59a/prints/pp2/W506372.webp
Белые софт-тач,iPhone 12,A:506373,W506373,ПП2,1163934411,11,https://s3.twcstorage.ru/35ffc2ef-1e09-463d-a2c4-c183d5deb59a/prints/pp2/W506373.webp
Белые софт-тач,iPhone 12,A:506374,W506374,ПП2,1163956619,3,https://s3.twcstorage.ru/35ffc2ef-1e09-463d-a2c4-c183d5deb59a/prints/pp2/W506374.webp
Белые софт-тач,iPhone 12,A:506378,W506378,ПП2,1164037947,82,https://s3.twcstorage.ru/35ffc2ef-1e09-463d-a2c4-c183d5deb59a/prints/pp2/W506378.webp
Белые софт-тач,iPhone 12,A:506379,W506379,ПП2,1164058517,42,https://s3.twcstorage.ru/35ffc2ef-1e09-463d-a2c4-c183d5deb59a/prints/pp2/W506379.webp
Белые софт-тач,iPhone 12,A:506381,W506381,ПП2,1164097656,64,https://s3.twcstorage.ru/35ffc2ef-1e09-463d-a2c4-c183d5deb59a/prints/pp2/W506381.webp
Объемные матовые чехлы светло-розовые,iPhone 12,A:506384,Q506384,ПП2,1152724856,1,https://s3.twcstorage.ru/35ffc2ef-1e09-463d-a2c4-c183d5deb59a/prints/pp2/Q5063841.webp
Чехол с вкладышем,iPhone 12 Mini,A:501933,W501933,ПП2,994328562,1000000,https://s3.twcstorage.ru/35ffc2ef-1e09-463d-a2c4-c183d5deb59a/prints/pp2/W501933.webp
Матовые цветные чехлы для печати,iPhone 12 Mini,A:501934,W501934,ПП2,726803083,1000000,https://s3.twcstorage.ru/35ffc2ef-1e09-463d-a2c4-c183d5deb59a/prints/pp2/W501934.webp
Матовые цветные чехлы для печати,iPhone 12 Mini,A:501938,W501938,ПП2,726788401,1000000,https://s3.twcstorage.ru/35ffc2ef-1e09-463d-a2c4-c183d5deb59a/prints/pp2/W501938.webp
Чёрные софт-тач,iPhone 12 Mini,A:501944,S501944,ПП2,727106023,4,https://s3.twcstorage.ru/35ffc2ef-1e09-463d-a2c4-c183d5deb59a/prints/pp2/S501944.webp
Чёрные софт-тач,iPhone 12 Mini,A:501946,S501946,ПП2,727096042,7,https://s3.twcstorage.ru/35ffc2ef-1e09-463d-a2c4-c183d5deb59a/prints/pp2/W501946.webp
Чёрные софт-тач,iPhone 12 Mini,A:501950,S501950,ПП2,727133123,2,https://s3.twcstorage.ru/35ffc2ef-1e09-463d-a2c4-c183d5deb59a/prints/pp2/W501950.webp
Белые софт-тач,iPhone 12 Mini,A:501951,W501951,ПП2,930919070,7,https://s3.twcstorage.ru/35ffc2ef-1e09-463d-a2c4-c183d5deb59a/prints/pp2/W501951.webp
Чёрные софт-тач,iPhone 12 Mini,A:501952,S501952,ПП2,727107380,1000000,https://s3.twcstorage.ru/35ffc2ef-1e09-463d-a2c4-c183d5deb59a/prints/pp2/W501952.webp
Чёрные софт-тач,iPhone 12 Mini,A:501955,S501955,ПП2,727117709,1000000,https://s3.twcstorage.ru/35ffc2ef-1e09-463d-a2c4-c183d5deb59a/prints/pp2/W501955.webp
Матовые цветные чехлы для печати,iPhone 12 Mini,A:501956,W501956,ПП2,726827143,1000000,https://s3.twcstorage.ru/35ffc2ef-1e09-463d-a2c4-c183d5deb59a/prints/pp2/W501956.webp
Матовые цветные чехлы для печати,iPhone 12 Mini,A:501957,W501957,ПП2,726828894,17,https://s3.twcstorage.ru/35ffc2ef-1e09-463d-a2c4-c183d5deb59a/prints/pp2/W501957.webp
Белые софт-тач,iPhone 12 Mini,A:501958,W501958,ПП2,930963187,30,https://s3.twcstorage.ru/35ffc2ef-1e09-463d-a2c4-c183d5deb59a/prints/pp2/W501958.webp
Чёрные софт-тач,iPhone 12 Mini,A:501959,S501959,ПП2,727129918,1000000,https://s3.twcstorage.ru/35ffc2ef-1e09-463d-a2c4-c183d5deb59a/prints/pp2/S501959.webp
Чёрные софт-тач,iPhone 12 Mini,A:501960,S501960,ПП2,727149696,15,https://s3.twcstorage.ru/35ffc2ef-1e09-463d-a2c4-c183d5deb59a/prints/pp2/W501960.webp
Чёрные софт-тач,iPhone 12 Mini,A:501961,S501961,ПП2,727153705,10,https://s3.twcstorage.ru/35ffc2ef-1e09-463d-a2c4-c183d5deb59a/prints/pp2/W501961.webp
Силиконовые чехлы,iPhone 12 Mini,A:501968,Q501968,ПП2,726898413,78,https://s3.twcstorage.ru/35ffc2ef-1e09-463d-a2c4-c183d5deb59a/prints/pp2/W501968.webp
Силиконовые чехлы,iPhone 12 Mini,A:501974,Q501974,ПП2,727294103,70,https://s3.twcstorage.ru/35ffc2ef-1e09-463d-a2c4-c183d5deb59a/prints/pp2/Q501974.webp
Силиконовые чехлы,iPhone 12 Mini,A:501978,Q501978,ПП2,727217678,2,https://s3.twcstorage.ru/35ffc2ef-1e09-463d-a2c4-c183d5deb59a/prints/pp2/Q5019781.webp
Силиконовые чехлы,iPhone 12 Mini,A:501980,Q501980,ПП2,727174692,4,https://s3.twcstorage.ru/35ffc2ef-1e09-463d-a2c4-c183d5deb59a/prints/pp2/Q5019801.webp
Силиконовые чехлы,iPhone 12 Mini,A:501990,Q501990,ПП2,727814281,63,https://s3.twcstorage.ru/35ffc2ef-1e09-463d-a2c4-c183d5deb59a/prints/pp2/Y501990.webp
Силиконовые чехлы,iPhone 12 Mini,A:501994,Q501994,ПП2,727069955,1000000,https://s3.twcstorage.ru/35ffc2ef-1e09-463d-a2c4-c183d5deb59a/prints/pp2/Q501994.webp
Чехол с вкладышем,iPhone 12 Mini,A:501997,W501997,ПП2,994329340,1000000,https://s3.twcstorage.ru/35ffc2ef-1e09-463d-a2c4-c183d5deb59a/prints/pp2/Y501997.webp
Чехол с вкладышем,iPhone 12 Mini,A:502004,W502004,ПП2,994329537,1000000,https://s3.twcstorage.ru/35ffc2ef-1e09-463d-a2c4-c183d5deb59a/prints/pp2/W502004.webp
Матовые цветные чехлы для печати,iPhone 12 Mini,A:502005,W502005,ПП2,726860200,89,https://s3.twcstorage.ru/35ffc2ef-1e09-463d-a2c4-c183d5deb59a/prints/pp2/W502005.webp
Матовые цветные чехлы для печати,iPhone 12 Mini,A:502006,W502006,ПП2,726861498,47,https://s3.twcstorage.ru/35ffc2ef-1e09-463d-a2c4-c183d5deb59a/prints/pp2/W502006.webp
Белые софт-тач,iPhone 12 Mini,A:502007,W502007,ПП2,931013501,71,https://s3.twcstorage.ru/35ffc2ef-1e09-463d-a2c4-c183d5deb59a/prints/pp2/W502007.webp
Чехол с вкладышем,iPhone 12 Mini,A:502008,W502008,ПП2,994329669,1000000,https://s3.twcstorage.ru/35ffc2ef-1e09-463d-a2c4-c183d5deb59a/prints/pp2/W502008.webp
Матовые цветные чехлы для печати,iPhone 12 Mini,A:502009,W502009,ПП2,726742613,22,https://s3.twcstorage.ru/35ffc2ef-1e09-463d-a2c4-c183d5deb59a/prints/pp2/W502009.webp
Матовые цветные чехлы для печати,iPhone 12 Mini,A:502010,W502010,ПП2,726744690,10,https://s3.twcstorage.ru/35ffc2ef-1e09-463d-a2c4-c183d5deb59a/prints/pp2/W502010.webp
Чехол с вкладышем,iPhone 12 Mini,A:502011,W502011,ПП2,994329905,1000000,https://s3.twcstorage.ru/35ffc2ef-1e09-463d-a2c4-c183d5deb59a/prints/pp2/W502011.webp
Матовые цветные чехлы для печати,iPhone 12 Mini,A:502012,W502012,ПП2,726855289,6,https://s3.twcstorage.ru/35ffc2ef-1e09-463d-a2c4-c183d5deb59a/prints/pp2/W502012.webp
Матовые цветные чехлы для печати,iPhone 12 Mini,A:502014,W502014,ПП2,726750140,18,https://s3.twcstorage.ru/35ffc2ef-1e09-463d-a2c4-c183d5deb59a/prints/pp2/W502014.webp
Матовые цветные чехлы для печати,iPhone 12 Mini,A:502024,W502024,ПП2,726873689,57,https://s3.twcstorage.ru/35ffc2ef-1e09-463d-a2c4-c183d5deb59a/prints/pp2/W502024.webp
Белые софт-тач,iPhone 12 Mini,A:502030,W502030,ПП2,930999920,39,https://s3.twcstorage.ru/35ffc2ef-1e09-463d-a2c4-c183d5deb59a/prints/pp2/W502030.webp
Матовые цветные чехлы для печати,iPhone 12 Mini,A:502031,W502031,ПП2,726754498,59,https://s3.twcstorage.ru/35ffc2ef-1e09-463d-a2c4-c183d5deb59a/prints/pp2/W502031.webp
Матовые цветные чехлы для печати,iPhone 12 Mini,A:502032,W502032,ПП2,726858697,40,https://s3.twcstorage.ru/35ffc2ef-1e09-463d-a2c4-c183d5deb59a/prints/pp2/W502032.webp
Чехол с вкладышем,iPhone 12 Mini,A:502047,W502047,ПП2,994331195,1000000,https://s3.twcstorage.ru/35ffc2ef-1e09-463d-a2c4-c183d5deb59a/prints/pp2/W502047.webp
Белые софт-тач,iPhone 12 Mini,A:502048,W502048,ПП2,930883722,21,https://s3.twcstorage.ru/35ffc2ef-1e09-463d-a2c4-c183d5deb59a/prints/pp2/Y502048.webp
Белые софт-тач,iPhone 12 Mini,A:502052,W502052,ПП2,931010053,2,https://s3.twcstorage.ru/35ffc2ef-1e09-463d-a2c4-c183d5deb59a/prints/pp2/W502052.webp
Белые софт-тач,iPhone 12 Mini,A:502053,W502053,ПП2,931006638,1,https://s3.twcstorage.ru/35ffc2ef-1e09-463d-a2c4-c183d5deb59a/prints/pp2/W502053.webp
Матовые цветные чехлы для печати,iPhone 12 Mini,A:502054,W502054,ПП2,726770023,73,https://s3.twcstorage.ru/35ffc2ef-1e09-463d-a2c4-c183d5deb59a/prints/pp2/W502054.webp
Чехол с вкладышем,iPhone 12 Mini,A:502055,W502055,ПП2,994331291,1000000,https://s3.twcstorage.ru/35ffc2ef-1e09-463d-a2c4-c183d5deb59a/prints/pp2/W502055.webp
Чехол с вкладышем,iPhone 12 Mini,A:502065,W502065,ПП2,994331656,1000000,https://s3.twcstorage.ru/35ffc2ef-1e09-463d-a2c4-c183d5deb59a/prints/pp2/W502065.webp
Матовые цветные чехлы для печати,iPhone 12 Mini,A:502066,W502066,ПП2,726795305,1000000,https://s3.twcstorage.ru/35ffc2ef-1e09-463d-a2c4-c183d5deb59a/prints/pp2/W502066.webp
Матовые цветные чехлы для печати,iPhone 12 Mini,A:502069,W502069,ПП2,726799664,31,https://s3.twcstorage.ru/35ffc2ef-1e09-463d-a2c4-c183d5deb59a/prints/pp2/W502069.webp
Матовые цветные чехлы для печати,iPhone 12 Mini,A:506329,W5063291,ПП2,1189291835,7,https://s3.twcstorage.ru/35ffc2ef-1e09-463d-a2c4-c183d5deb59a/prints/pp2/W5063291.webp
Матовые цветные чехлы для печати,iPhone 12 Mini,A:506330,W5063301,ПП2,1185634463,3,https://s3.twcstorage.ru/35ffc2ef-1e09-463d-a2c4-c183d5deb59a/prints/pp2/W5063301.webp
Силиконовые чехлы,iPhone 12 Mini,A:506332,W506332,ПП2,1186131366,3,https://s3.twcstorage.ru/35ffc2ef-1e09-463d-a2c4-c183d5deb59a/prints/pp2/W5063321.webp
Матовые цветные чехлы для печати,iPhone 12 Mini,A:506334,W5063341,ПП2,1189276401,1,https://s3.twcstorage.ru/35ffc2ef-1e09-463d-a2c4-c183d5deb59a/prints/pp2/W5063341.webp
Силиконовые чехлы,iPhone 12 Mini,A:506340,W506340,ПП2,1186234365,5,https://s3.twcstorage.ru/35ffc2ef-1e09-463d-a2c4-c183d5deb59a/prints/pp2/W5063401.webp
Матовые цветные чехлы для печати,iPhone 12 Mini,A:506341,W5063411,ПП2,1185793831,36,https://s3.twcstorage.ru/35ffc2ef-1e09-463d-a2c4-c183d5deb59a/prints/pp2/W5063411.webp
Матовые цветные чехлы для печати,iPhone 12 Mini,A:506350,W5063501,ПП2,1185455729,32,https://s3.twcstorage.ru/35ffc2ef-1e09-463d-a2c4-c183d5deb59a/prints/pp2/W5063501.webp
Матовые цветные чехлы для печати,iPhone 12 Mini,A:506351,W5063511,ПП2,1189257340,37,https://s3.twcstorage.ru/35ffc2ef-1e09-463d-a2c4-c183d5deb59a/prints/pp2/W5063511.webp
Матовые цветные чехлы для печати,iPhone 12 Mini,A:506372,W506372,ПП2,1185758878,9,https://s3.twcstorage.ru/35ffc2ef-1e09-463d-a2c4-c183d5deb59a/prints/pp2/W506372.webp
Матовые цветные чехлы для печати,iPhone 12 Mini,A:506374,W506374,ПП2,1185585792,11,https://s3.twcstorage.ru/35ffc2ef-1e09-463d-a2c4-c183d5deb59a/prints/pp2/W506374.webp
Матовые цветные чехлы для печати,iPhone 12 Mini,A:506377,W506377,ПП2,1189262151,21,https://s3.twcstorage.ru/35ffc2ef-1e09-463d-a2c4-c183d5deb59a/prints/pp2/W506377.webp
Белые софт-тач,iPhone 12 Mini,A:506379,W506379,ПП2,1164074085,42,https://s3.twcstorage.ru/35ffc2ef-1e09-463d-a2c4-c183d5deb59a/prints/pp2/W506379.webp
Чёрные софт-тач,iPhone 12 Pro,A:501944,S501944,ПП2,727106839,4,https://s3.twcstorage.ru/35ffc2ef-1e09-463d-a2c4-c183d5deb59a/prints/pp2/S501944.webp
Стеклянные чехлы,iPhone 12 Pro,A:501978,Q5019781,ПП2,727506480,3,https://s3.twcstorage.ru/35ffc2ef-1e09-463d-a2c4-c183d5deb59a/prints/pp2/Q5019781.webp
Объемные матовые чехлы черные,iPhone 12 Pro,A:502008,W502008,ПП2,1157636351,36,https://s3.twcstorage.ru/35ffc2ef-1e09-463d-a2c4-c183d5deb59a/prints/pp2/W502008.webp
Объемные матовые чехлы черные,iPhone 12 Pro,A:502010,W502010,ПП2,1157739683,31,https://s3.twcstorage.ru/35ffc2ef-1e09-463d-a2c4-c183d5deb59a/prints/pp2/W502010.webp
Объемные матовые чехлы черные,iPhone 12 Pro,A:502023,W502023,ПП2,1157515419,23,https://s3.twcstorage.ru/35ffc2ef-1e09-463d-a2c4-c183d5deb59a/prints/pp2/W502023.webp
Объемные матовые чехлы черные,iPhone 12 Pro,A:502053,W502053,ПП2,1157752768,12,https://s3.twcstorage.ru/35ffc2ef-1e09-463d-a2c4-c183d5deb59a/prints/pp2/W502053.webp
Объемные матовые чехлы черные,iPhone 12 Pro,A:506340,W5063401,ПП2,1158090051,8,https://s3.twcstorage.ru/35ffc2ef-1e09-463d-a2c4-c183d5deb59a/prints/pp2/W5063401.webp
Объемные матовые чехлы черные,iPhone 12 Pro,A:506370,W506370,ПП2,1157865617,38,https://s3.twcstorage.ru/35ffc2ef-1e09-463d-a2c4-c183d5deb59a/prints/pp2/W506370.webp
Стеклянные чехлы,iPhone 12 Pro,A:506383,Q5063831,ПП2,1186925837,1000000,https://s3.twcstorage.ru/35ffc2ef-1e09-463d-a2c4-c183d5deb59a/prints/pp2/Q5063831.webp
Стеклянные чехлы,iPhone 12 Pro,A:506384,Q5063841,ПП2,1186928908,1,https://s3.twcstorage.ru/35ffc2ef-1e09-463d-a2c4-c183d5deb59a/prints/pp2/Q5063841.webp
Чёрные софт-тач,iPhone 12 Pro Max,A:501927,S501927,ПП2,727131736,1000000,https://s3.twcstorage.ru/35ffc2ef-1e09-463d-a2c4-c183d5deb59a/prints/pp2/W501927.webp
Чёрные софт-тач,iPhone 12 Pro Max,A:501942,S501942,ПП2,727111921,1000000,https://s3.twcstorage.ru/35ffc2ef-1e09-463d-a2c4-c183d5deb59a/prints/pp2/S501942.webp
Чёрные софт-тач,iPhone 12 Pro Max,A:501943,S501943,ПП2,727103448,6,https://s3.twcstorage.ru/35ffc2ef-1e09-463d-a2c4-c183d5deb59a/prints/pp2/S501943.webp
Чёрные софт-тач,iPhone 12 Pro Max,A:501944,S501944,ПП2,727106434,4,https://s3.twcstorage.ru/35ffc2ef-1e09-463d-a2c4-c183d5deb59a/prints/pp2/S501944.webp
Чёрные софт-тач,iPhone 12 Pro Max,A:501946,S501946,ПП2,727096156,7,https://s3.twcstorage.ru/35ffc2ef-1e09-463d-a2c4-c183d5deb59a/prints/pp2/W501946.webp
Чехол с вкладышем,iPhone 12 Pro Max,A:501947,W501947,ПП2,994335383,1000000,https://s3.twcstorage.ru/35ffc2ef-1e09-463d-a2c4-c183d5deb59a/prints/pp2/W501947.webp
Чёрные софт-тач,iPhone 12 Pro Max,A:501949,S501949,ПП2,727144200,1,https://s3.twcstorage.ru/35ffc2ef-1e09-463d-a2c4-c183d5deb59a/prints/pp2/W501949.webp
Чёрные софт-тач,iPhone 12 Pro Max,A:501951,S501951,ПП2,727136872,5,https://s3.twcstorage.ru/35ffc2ef-1e09-463d-a2c4-c183d5deb59a/prints/pp2/W501951.webp
Чёрные софт-тач,iPhone 12 Pro Max,A:501957,S501957,ПП2,727124819,3,https://s3.twcstorage.ru/35ffc2ef-1e09-463d-a2c4-c183d5deb59a/prints/pp2/W501957.webp
Чехол с вкладышем,iPhone 12 Pro Max,A:501960,W501960,ПП2,994335558,1000000,https://s3.twcstorage.ru/35ffc2ef-1e09-463d-a2c4-c183d5deb59a/prints/pp2/W501960.webp
Белые софт-тач,iPhone 12 Pro Max,A:501961,W501961,ПП2,726675271,12,https://s3.twcstorage.ru/35ffc2ef-1e09-463d-a2c4-c183d5deb59a/prints/pp2/W501961.webp
Чёрные софт-тач,iPhone 12 Pro Max,A:501962,S501962,ПП2,727442619,9,https://s3.twcstorage.ru/35ffc2ef-1e09-463d-a2c4-c183d5deb59a/prints/pp2/W501962.webp
Силиконовые чехлы,iPhone 12 Pro Max,A:501978,Q501978,ПП2,727218334,2,https://s3.twcstorage.ru/35ffc2ef-1e09-463d-a2c4-c183d5deb59a/prints/pp2/Q5019781.webp
Силиконовые чехлы,iPhone 12 Pro Max,A:501980,Q501980,ПП2,727175203,4,https://s3.twcstorage.ru/35ffc2ef-1e09-463d-a2c4-c183d5deb59a/prints/pp2/Q5019801.webp
Силиконовые чехлы,iPhone 12 Pro Max,A:501985,Q501985,ПП2,727520950,1000000,https://s3.twcstorage.ru/35ffc2ef-1e09-463d-a2c4-c183d5deb59a/prints/pp2/Y501985.webp
Силиконовые чехлы,iPhone 12 Pro Max,A:501993,Q501993,ПП2,727180306,37,https://s3.twcstorage.ru/35ffc2ef-1e09-463d-a2c4-c183d5deb59a/prints/pp2/Q5019931.webp
Белые софт-тач,iPhone 12 Pro Max,A:502007,W502007,ПП2,726644453,71,https://s3.twcstorage.ru/35ffc2ef-1e09-463d-a2c4-c183d5deb59a/prints/pp2/W502007.webp
Чехол с вкладышем,iPhone 12 Pro Max,A:502009,W502009,ПП2,994336549,1000000,https://s3.twcstorage.ru/35ffc2ef-1e09-463d-a2c4-c183d5deb59a/prints/pp2/W502009.webp
Чехол с вкладышем,iPhone 12 Pro Max,A:502010,W502010,ПП2,994336561,1000000,https://s3.twcstorage.ru/35ffc2ef-1e09-463d-a2c4-c183d5deb59a/prints/pp2/W502010.webp
Белые софт-тач,iPhone 12 Pro Max,A:502012,W502012,ПП2,726629877,14,https://s3.twcstorage.ru/35ffc2ef-1e09-463d-a2c4-c183d5deb59a/prints/pp2/W502012.webp
Белые софт-тач,iPhone 12 Pro Max,A:502014,W502014,ПП2,726647910,15,https://s3.twcstorage.ru/35ffc2ef-1e09-463d-a2c4-c183d5deb59a/prints/pp2/W502014.webp
Белые софт-тач,iPhone 12 Pro Max,A:502016,W502016,ПП2,726632371,1000000,https://s3.twcstorage.ru/35ffc2ef-1e09-463d-a2c4-c183d5deb59a/prints/pp2/W502016.webp
Матовые цветные чехлы для печати,iPhone 12 Pro Max,A:502025,W502025,ПП2,726877045,34,https://s3.twcstorage.ru/35ffc2ef-1e09-463d-a2c4-c183d5deb59a/prints/pp2/W502025.webp
Матовые цветные чехлы для печати,iPhone 12 Pro Max,A:502027,W502027,ПП2,726881085,1000000,https://s3.twcstorage.ru/35ffc2ef-1e09-463d-a2c4-c183d5deb59a/prints/pp2/W502027.webp
Матовые цветные чехлы для печати,iPhone 12 Pro Max,A:502029,W502029,ПП2,726884563,30,https://s3.twcstorage.ru/35ffc2ef-1e09-463d-a2c4-c183d5deb59a/prints/pp2/W502029.webp
Белые софт-тач,iPhone 12 Pro Max,A:502031,W502031,ПП2,726579382,58,https://s3.twcstorage.ru/35ffc2ef-1e09-463d-a2c4-c183d5deb59a/prints/pp2/W502031.webp
Матовые цветные чехлы для печати,iPhone 12 Pro Max,A:502032,W502032,ПП2,726858971,40,https://s3.twcstorage.ru/35ffc2ef-1e09-463d-a2c4-c183d5deb59a/prints/pp2/W502032.webp
Белые софт-тач,iPhone 12 Pro Max,A:502033,W502033,ПП2,726638445,10,https://s3.twcstorage.ru/35ffc2ef-1e09-463d-a2c4-c183d5deb59a/prints/pp2/W502033.webp
Матовые цветные чехлы для печати,iPhone 12 Pro Max,A:502035,W502035,ПП2,726757511,50,https://s3.twcstorage.ru/35ffc2ef-1e09-463d-a2c4-c183d5deb59a/prints/pp2/W502035.webp
Чехол с вкладышем,iPhone 12 Pro Max,A:502036,W502036,ПП2,994337780,1000000,https://s3.twcstorage.ru/35ffc2ef-1e09-463d-a2c4-c183d5deb59a/prints/pp2/W502036.webp
Чехол с вкладышем,iPhone 12 Pro Max,A:502039,W502039,ПП2,994337830,1000000,https://s3.twcstorage.ru/35ffc2ef-1e09-463d-a2c4-c183d5deb59a/prints/pp2/W502039.webp
Белые софт-тач,iPhone 12 Pro Max,A:502047,W502047,ПП2,726572129,32,https://s3.twcstorage.ru/35ffc2ef-1e09-463d-a2c4-c183d5deb59a/prints/pp2/W502047.webp
Белые софт-тач,iPhone 12 Pro Max,A:502052,W502052,ПП2,726642537,2,https://s3.twcstorage.ru/35ffc2ef-1e09-463d-a2c4-c183d5deb59a/prints/pp2/W502052.webp
Белые софт-тач,iPhone 12 Pro Max,A:502053,W502053,ПП2,726640280,1,https://s3.twcstorage.ru/35ffc2ef-1e09-463d-a2c4-c183d5deb59a/prints/pp2/W502053.webp
Белые софт-тач,iPhone 12 Pro Max,A:502055,W502055,ПП2,726570066,1000000,https://s3.twcstorage.ru/35ffc2ef-1e09-463d-a2c4-c183d5deb59a/prints/pp2/W502055.webp
Чехол с вкладышем,iPhone 12 Pro Max,A:502069,W502069,ПП2,994338746,1000000,https://s3.twcstorage.ru/35ffc2ef-1e09-463d-a2c4-c183d5deb59a/prints/pp2/W502069.webp
Силиконовые чехлы,iPhone 12 Pro Max,A:506329,W506329,ПП2,1186079062,24,https://s3.twcstorage.ru/35ffc2ef-1e09-463d-a2c4-c183d5deb59a/prints/pp2/W5063291.webp
Белые софт-тач,iPhone 12 Pro Max,A:506330,W506330,ПП2,1164142340,17,https://s3.twcstorage.ru/35ffc2ef-1e09-463d-a2c4-c183d5deb59a/prints/pp2/W5063301.webp
Белые софт-тач,iPhone 12 Pro Max,A:506331,W506331,ПП2,1164160919,5,https://s3.twcstorage.ru/35ffc2ef-1e09-463d-a2c4-c183d5deb59a/prints/pp2/W5063311.webp
Матовые цветные чехлы для печати,iPhone 12 Pro Max,A:506332,W5063321,ПП2,1185679919,2,https://s3.twcstorage.ru/35ffc2ef-1e09-463d-a2c4-c183d5deb59a/prints/pp2/W5063321.webp
Силиконовые чехлы,iPhone 12 Pro Max,A:506334,W506334,ПП2,1186164434,12,https://s3.twcstorage.ru/35ffc2ef-1e09-463d-a2c4-c183d5deb59a/prints/pp2/W5063341.webp
Силиконовые чехлы,iPhone 12 Pro Max,A:506335,W506335,ПП2,1186186341,15,https://s3.twcstorage.ru/35ffc2ef-1e09-463d-a2c4-c183d5deb59a/prints/pp2/W5063351.webp
Силиконовые чехлы,iPhone 12 Pro Max,A:506337,W506337,ПП2,1186204661,28,https://s3.twcstorage.ru/35ffc2ef-1e09-463d-a2c4-c183d5deb59a/prints/pp2/W5063371.webp
Матовые цветные чехлы для печати,iPhone 12 Pro Max,A:506345,W5063451,ПП2,1185732272,27,https://s3.twcstorage.ru/35ffc2ef-1e09-463d-a2c4-c183d5deb59a/prints/pp2/W5063451.webp
Силиконовые чехлы,iPhone 12 Pro Max,A:506358,W506358,ПП2,1186383469,113,https://s3.twcstorage.ru/35ffc2ef-1e09-463d-a2c4-c183d5deb59a/prints/pp2/W5063581.webp
Матовые цветные чехлы для печати,iPhone 12 Pro Max,A:506363,W506363,ПП2,1185666001,33,https://s3.twcstorage.ru/35ffc2ef-1e09-463d-a2c4-c183d5deb59a/prints/pp2/W506363.webp
Матовые цветные чехлы для печати,iPhone 12 Pro Max,A:506372,W506372,ПП2,1185734680,9,https://s3.twcstorage.ru/35ffc2ef-1e09-463d-a2c4-c183d5deb59a/prints/pp2/W506372.webp
Силиконовые чехлы,iPhone 12 Pro Max,A:506373,W506373,ПП2,1186497426,6,https://s3.twcstorage.ru/35ffc2ef-1e09-463d-a2c4-c183d5deb59a/prints/pp2/W506373.webp
Силиконовые чехлы,iPhone 12 Pro Max,A:506379,W506379,ПП2,1186542491,27,https://s3.twcstorage.ru/35ffc2ef-1e09-463d-a2c4-c183d5deb59a/prints/pp2/W506379.webp
Матовые цветные чехлы для печати,iPhone 12 Pro Max,A:506381,W506381,ПП2,1185676051,14,https://s3.twcstorage.ru/35ffc2ef-1e09-463d-a2c4-c183d5deb59a/prints/pp2/W506381.webp
Матовые цветные чехлы для печати,iPhone 12/12 Pro,A:501937,W501937,ПП2,726808828,1000000,https://s3.twcstorage.ru/35ffc2ef-1e09-463d-a2c4-c183d5deb59a/prints/pp2/W501937.webp
Матовые цветные чехлы для печати,iPhone 12/12 Pro,A:501947,W501947,ПП2,726780956,28,https://s3.twcstorage.ru/35ffc2ef-1e09-463d-a2c4-c183d5deb59a/prints/pp2/W501947.webp
Чехол с вкладышем,iPhone 12/12 Pro,A:501949,W501949,ПП2,994320817,1000000,https://s3.twcstorage.ru/35ffc2ef-1e09-463d-a2c4-c183d5deb59a/prints/pp2/W501949.webp
Чехол с вкладышем,iPhone 12/12 Pro,A:501951,W501951,ПП2,994321049,1000000,https://s3.twcstorage.ru/35ffc2ef-1e09-463d-a2c4-c183d5deb59a/prints/pp2/W501951.webp
Чехол с вкладышем,iPhone 12/12 Pro,A:501953,W501953,ПП2,994320928,1000000,https://s3.twcstorage.ru/35ffc2ef-1e09-463d-a2c4-c183d5deb59a/prints/pp2/W501953.webp
Матовые цветные чехлы для печати,iPhone 12/12 Pro,A:501955,W501955,ПП2,726782512,64,https://s3.twcstorage.ru/35ffc2ef-1e09-463d-a2c4-c183d5deb59a/prints/pp2/W501955.webp
Матовые цветные чехлы для печати,iPhone 12/12 Pro,A:501957,W501957,ПП2,726828541,17,https://s3.twcstorage.ru/35ffc2ef-1e09-463d-a2c4-c183d5deb59a/prints/pp2/W501957.webp
Чехол с вкладышем,iPhone 12/12 Pro,A:501961,W501961,ПП2,994321560,1000000,https://s3.twcstorage.ru/35ffc2ef-1e09-463d-a2c4-c183d5deb59a/prints/pp2/W501961.webp
Чехол с вкладышем,iPhone 12/12 Pro,A:501962,W501962,ПП2,994321497,1000000,https://s3.twcstorage.ru/35ffc2ef-1e09-463d-a2c4-c183d5deb59a/prints/pp2/W501962.webp
Чехол с вкладышем,iPhone 12/12 Pro,A:501966,W501966,ПП2,994321552,1000000,https://s3.twcstorage.ru/35ffc2ef-1e09-463d-a2c4-c183d5deb59a/prints/pp2/W501966.webp
Силиконовые чехлы,iPhone 12/12 Pro,A:501968,Q501968,ПП2,726897853,78,https://s3.twcstorage.ru/35ffc2ef-1e09-463d-a2c4-c183d5deb59a/prints/pp2/W501968.webp
Силиконовые чехлы,iPhone 12/12 Pro,A:501978,Q501978,ПП2,727217547,2,https://s3.twcstorage.ru/35ffc2ef-1e09-463d-a2c4-c183d5deb59a/prints/pp2/Q5019781.webp
Силиконовые чехлы,iPhone 12/12 Pro,A:501980,Q501980,ПП2,727174835,4,https://s3.twcstorage.ru/35ffc2ef-1e09-463d-a2c4-c183d5deb59a/prints/pp2/Q5019801.webp
Силиконовые чехлы,iPhone 12/12 Pro,A:501987,Q501987,ПП2,727810725,1000000,https://s3.twcstorage.ru/35ffc2ef-1e09-463d-a2c4-c183d5deb59a/prints/pp2/Y501987.webp
Силиконовые чехлы,iPhone 12/12 Pro,A:501989,Q501989,ПП2,727517524,1000000,https://s3.twcstorage.ru/35ffc2ef-1e09-463d-a2c4-c183d5deb59a/prints/pp2/Y501989.webp
Силиконовые чехлы,iPhone 12/12 Pro,A:501993,Q501993,ПП2,727185465,37,https://s3.twcstorage.ru/35ffc2ef-1e09-463d-a2c4-c183d5deb59a/prints/pp2/Q5019931.webp
Матовые цветные чехлы для печати,iPhone 12/12 Pro,A:502003,W502003,ПП2,726735485,38,https://s3.twcstorage.ru/35ffc2ef-1e09-463d-a2c4-c183d5deb59a/prints/pp2/W502003.webp
Матовые цветные чехлы для печати,iPhone 12/12 Pro,A:502005,W502005,ПП2,726859781,89,https://s3.twcstorage.ru/35ffc2ef-1e09-463d-a2c4-c183d5deb59a/prints/pp2/W502005.webp
Матовые цветные чехлы для печати,iPhone 12/12 Pro,A:502006,W502006,ПП2,726861270,47,https://s3.twcstorage.ru/35ffc2ef-1e09-463d-a2c4-c183d5deb59a/prints/pp2/W502006.webp
Матовые цветные чехлы для печати,iPhone 12/12 Pro,A:502007,W502007,ПП2,726849439,67,https://s3.twcstorage.ru/35ffc2ef-1e09-463d-a2c4-c183d5deb59a/prints/pp2/W502007.webp
Матовые цветные чехлы для печати,iPhone 12/12 Pro,A:502008,W502008,ПП2,726739561,43,https://s3.twcstorage.ru/35ffc2ef-1e09-463d-a2c4-c183d5deb59a/prints/pp2/W502008.webp
Матовые цветные чехлы для печати,iPhone 12/12 Pro,A:502009,W502009,ПП2,726741920,22,https://s3.twcstorage.ru/35ffc2ef-1e09-463d-a2c4-c183d5deb59a/prints/pp2/W502009.webp
Матовые цветные чехлы для печати,iPhone 12/12 Pro,A:502010,W502010,ПП2,726744497,10,https://s3.twcstorage.ru/35ffc2ef-1e09-463d-a2c4-c183d5deb59a/prints/pp2/W502010.webp
Чехол с вкладышем,iPhone 12/12 Pro,A:502011,W502011,ПП2,994575159,1000000,https://s3.twcstorage.ru/35ffc2ef-1e09-463d-a2c4-c183d5deb59a/prints/pp2/W502011.webp
Матовые цветные чехлы для печати,iPhone 12/12 Pro,A:502012,W502012,ПП2,726854862,6,https://s3.twcstorage.ru/35ffc2ef-1e09-463d-a2c4-c183d5deb59a/prints/pp2/W502012.webp
Матовые цветные чехлы для печати,iPhone 12/12 Pro,A:502014,W502014,ПП2,726749911,18,https://s3.twcstorage.ru/35ffc2ef-1e09-463d-a2c4-c183d5deb59a/prints/pp2/W502014.webp
Чехол с вкладышем,iPhone 12/12 Pro,A:502016,W502016,ПП2,994322846,1000000,https://s3.twcstorage.ru/35ffc2ef-1e09-463d-a2c4-c183d5deb59a/prints/pp2/W502016.webp
Чехол с вкладышем,iPhone 12/12 Pro,A:502019,W502019,ПП2,994323309,1000000,https://s3.twcstorage.ru/35ffc2ef-1e09-463d-a2c4-c183d5deb59a/prints/pp2/W502019.webp
Матовые цветные чехлы для печати,iPhone 12/12 Pro,A:502023,W502023,ПП2,726867050,56,https://s3.twcstorage.ru/35ffc2ef-1e09-463d-a2c4-c183d5deb59a/prints/pp2/W502023.webp
Матовые цветные чехлы для печати,iPhone 12/12 Pro,A:502026,W502026,ПП2,726869023,58,https://s3.twcstorage.ru/35ffc2ef-1e09-463d-a2c4-c183d5deb59a/prints/pp2/W502026.webp
Матовые цветные чехлы для печати,iPhone 12/12 Pro,A:502027,W502027,ПП2,726879867,1000000,https://s3.twcstorage.ru/35ffc2ef-1e09-463d-a2c4-c183d5deb59a/prints/pp2/W502027.webp
Чехол с вкладышем,iPhone 12/12 Pro,A:502029,W502029,ПП2,994323574,1000000,https://s3.twcstorage.ru/35ffc2ef-1e09-463d-a2c4-c183d5deb59a/prints/pp2/W502029.webp
Матовые цветные чехлы для печати,iPhone 12/12 Pro,A:502030,W502030,ПП2,726856578,20,https://s3.twcstorage.ru/35ffc2ef-1e09-463d-a2c4-c183d5deb59a/prints/pp2/W502030.webp
Матовые цветные чехлы для печати,iPhone 12/12 Pro,A:502031,W502031,ПП2,726754027,59,https://s3.twcstorage.ru/35ffc2ef-1e09-463d-a2c4-c183d5deb59a/prints/pp2/W502031.webp
Матовые цветные чехлы для печати,iPhone 12/12 Pro,A:502032,W502032,ПП2,726858369,40,https://s3.twcstorage.ru/35ffc2ef-1e09-463d-a2c4-c183d5deb59a/prints/pp2/W502032.webp
Чехол с вкладышем,iPhone 12/12 Pro,A:502033,W502033,ПП2,994323649,1000000,https://s3.twcstorage.ru/35ffc2ef-1e09-463d-a2c4-c183d5deb59a/prints/pp2/W502033.webp
Матовые цветные чехлы для печати,iPhone 12/12 Pro,A:502035,W502035,ПП2,726756188,50,https://s3.twcstorage.ru/35ffc2ef-1e09-463d-a2c4-c183d5deb59a/prints/pp2/W502035.webp
Чехол с вкладышем,iPhone 12/12 Pro,A:502036,W502036,ПП2,994323749,1000000,https://s3.twcstorage.ru/35ffc2ef-1e09-463d-a2c4-c183d5deb59a/prints/pp2/W502036.webp
Чехол с вкладышем,iPhone 12/12 Pro,A:502044,W502044,ПП2,994323841,1000000,https://s3.twcstorage.ru/35ffc2ef-1e09-463d-a2c4-c183d5deb59a/prints/pp2/W502044.webp
Матовые цветные чехлы для печати,iPhone 12/12 Pro,A:502048,W502048,ПП2,726761521,72,https://s3.twcstorage.ru/35ffc2ef-1e09-463d-a2c4-c183d5deb59a/prints/pp2/Y502048.webp
Чехол с вкладышем,iPhone 12/12 Pro,A:502049,W502049,ПП2,994323881,1000000,https://s3.twcstorage.ru/35ffc2ef-1e09-463d-a2c4-c183d5deb59a/prints/pp2/Y502049.webp
Чехол с вкладышем,iPhone 12/12 Pro,A:502051,W502051,ПП2,994323901,1000000,https://s3.twcstorage.ru/35ffc2ef-1e09-463d-a2c4-c183d5deb59a/prints/pp2/W502051.webp
Матовые цветные чехлы для печати,iPhone 12/12 Pro,A:502054,W502054,ПП2,726769552,73,https://s3.twcstorage.ru/35ffc2ef-1e09-463d-a2c4-c183d5deb59a/prints/pp2/W502054.webp
Матовые цветные чехлы для печати,iPhone 12/12 Pro,A:502055,W502055,ПП2,726771653,95,https://s3.twcstorage.ru/35ffc2ef-1e09-463d-a2c4-c183d5deb59a/prints/pp2/W502055.webp
Матовые цветные чехлы для печати,iPhone 12/12 Pro,A:502057,W502057,ПП2,726775150,74,https://s3.twcstorage.ru/35ffc2ef-1e09-463d-a2c4-c183d5deb59a/prints/pp2/W502057.webp
Матовые цветные чехлы для печати,iPhone 12/12 Pro,A:502059,W502059,ПП2,726844050,75,https://s3.twcstorage.ru/35ffc2ef-1e09-463d-a2c4-c183d5deb59a/prints/pp2/W502059.webp
Матовые цветные чехлы для печати,iPhone 12/12 Pro,A:502065,W502065,ПП2,726838699,16,https://s3.twcstorage.ru/35ffc2ef-1e09-463d-a2c4-c183d5deb59a/prints/pp2/W502065.webp
Чехол с вкладышем,iPhone 12/12 Pro,A:502067,W502067,ПП2,994324148,1000000,https://s3.twcstorage.ru/35ffc2ef-1e09-463d-a2c4-c183d5deb59a/prints/pp2/W5020671.webp
Матовые цветные чехлы для печати,iPhone 12/12 Pro,A:502069,W502069,ПП2,726798136,31,https://s3.twcstorage.ru/35ffc2ef-1e09-463d-a2c4-c183d5deb59a/prints/pp2/W502069.webp
Матовые цветные чехлы для печати,iPhone 12/12 Pro,A:506329,W5063291,ПП2,1185463269,7,https://s3.twcstorage.ru/35ffc2ef-1e09-463d-a2c4-c183d5deb59a/prints/pp2/W5063291.webp
Матовые цветные чехлы для печати,iPhone 12/12 Pro,A:506330,W5063301,ПП2,1185375174,3,https://s3.twcstorage.ru/35ffc2ef-1e09-463d-a2c4-c183d5deb59a/prints/pp2/W5063301.webp
Силиконовые чехлы,iPhone 12/12 Pro,A:506331,W506331,ПП2,1186751150,9,https://s3.twcstorage.ru/35ffc2ef-1e09-463d-a2c4-c183d5deb59a/prints/pp2/W5063311.webp
Силиконовые чехлы,iPhone 12/12 Pro,A:506332,W506332,ПП2,1186130209,3,https://s3.twcstorage.ru/35ffc2ef-1e09-463d-a2c4-c183d5deb59a/prints/pp2/W5063321.webp
Матовые цветные чехлы для печати,iPhone 12/12 Pro,A:506333,W5063331,ПП2,1185843253,25,https://s3.twcstorage.ru/35ffc2ef-1e09-463d-a2c4-c183d5deb59a/prints/pp2/W5063331.webp
Силиконовые чехлы,iPhone 12/12 Pro,A:506334,W506334,ПП2,1186160214,12,https://s3.twcstorage.ru/35ffc2ef-1e09-463d-a2c4-c183d5deb59a/prints/pp2/W5063341.webp
Силиконовые чехлы,iPhone 12/12 Pro,A:506335,W506335,ПП2,1186174174,15,https://s3.twcstorage.ru/35ffc2ef-1e09-463d-a2c4-c183d5deb59a/prints/pp2/W5063351.webp
Матовые цветные чехлы для печати,iPhone 12/12 Pro,A:506337,W5063371,ПП2,1185575725,13,https://s3.twcstorage.ru/35ffc2ef-1e09-463d-a2c4-c183d5deb59a/prints/pp2/W5063371.webp
Матовые цветные чехлы для печати,iPhone 12/12 Pro,A:506339,W5063391,ПП2,1185632995,8,https://s3.twcstorage.ru/35ffc2ef-1e09-463d-a2c4-c183d5deb59a/prints/pp2/W5063391.webp
Матовые цветные чехлы для печати,iPhone 12/12 Pro,A:506340,W5063401,ПП2,1185465856,4,https://s3.twcstorage.ru/35ffc2ef-1e09-463d-a2c4-c183d5deb59a/prints/pp2/W5063401.webp
Силиконовые чехлы,iPhone 12/12 Pro,A:506344,W506344,ПП2,1186718535,57,https://s3.twcstorage.ru/35ffc2ef-1e09-463d-a2c4-c183d5deb59a/prints/pp2/W5063441.webp
Матовые цветные чехлы для печати,iPhone 12/12 Pro,A:506345,W5063451,ПП2,1185750906,27,https://s3.twcstorage.ru/35ffc2ef-1e09-463d-a2c4-c183d5deb59a/prints/pp2/W5063451.webp
Матовые цветные чехлы для печати,iPhone 12/12 Pro,A:506350,W5063501,ПП2,1189268150,32,https://s3.twcstorage.ru/35ffc2ef-1e09-463d-a2c4-c183d5deb59a/prints/pp2/W5063501.webp
Матовые цветные чехлы для печати,iPhone 12/12 Pro,A:506351,W5063511,ПП2,1185811746,37,https://s3.twcstorage.ru/35ffc2ef-1e09-463d-a2c4-c183d5deb59a/prints/pp2/W5063511.webp
Силиконовые чехлы,iPhone 12/12 Pro,A:506358,W506358,ПП2,1186380358,113,https://s3.twcstorage.ru/35ffc2ef-1e09-463d-a2c4-c183d5deb59a/prints/pp2/W5063581.webp
Силиконовые чехлы,iPhone 12/12 Pro,A:506361,W506361,ПП2,1186404423,30,https://s3.twcstorage.ru/35ffc2ef-1e09-463d-a2c4-c183d5deb59a/prints/pp2/W506361.webp
Силиконовые чехлы,iPhone 12/12 Pro,A:506369,W506369,ПП2,1186465960,46,https://s3.twcstorage.ru/35ffc2ef-1e09-463d-a2c4-c183d5deb59a/prints/pp2/W506369.webp
Силиконовые чехлы,iPhone 12/12 Pro,A:506371,W506371,ПП2,1186479730,75,https://s3.twcstorage.ru/35ffc2ef-1e09-463d-a2c4-c183d5deb59a/prints/pp2/W506371.webp
Силиконовые чехлы,iPhone 12/12 Pro,A:506373,W506373,ПП2,1186684318,6,https://s3.twcstorage.ru/35ffc2ef-1e09-463d-a2c4-c183d5deb59a/prints/pp2/W506373.webp
Силиконовые чехлы,iPhone 12/12 Pro,A:506374,W506374,ПП2,1186502857,10,https://s3.twcstorage.ru/35ffc2ef-1e09-463d-a2c4-c183d5deb59a/prints/pp2/W506374.webp
Матовые цветные чехлы для печати,iPhone 12/12 Pro,A:506377,W506377,ПП2,1185484203,21,https://s3.twcstorage.ru/35ffc2ef-1e09-463d-a2c4-c183d5deb59a/prints/pp2/W506377.webp
Матовые цветные чехлы для печати,iPhone 12/12 Pro,A:506378,W506378,ПП2,1189252301,100,https://s3.twcstorage.ru/35ffc2ef-1e09-463d-a2c4-c183d5deb59a/prints/pp2/W506378.webp
Матовые цветные чехлы для печати,iPhone 12/12 Pro,A:506379,W506379,ПП2,1185532029,24,https://s3.twcstorage.ru/35ffc2ef-1e09-463d-a2c4-c183d5deb59a/prints/pp2/W506379.webp
Силиконовые чехлы,iPhone 12/12 Pro,A:506381,W506381,ПП2,1186767380,51,https://s3.twcstorage.ru/35ffc2ef-1e09-463d-a2c4-c183d5deb59a/prints/pp2/W506381.webp
Силиконовые чехлы,iPhone 12/12 Pro,A:506382,Q506382,ПП2,1186665997,47,https://s3.twcstorage.ru/35ffc2ef-1e09-463d-a2c4-c183d5deb59a/prints/pp2/Q5063821.webp
Силиконовые чехлы,iPhone 12/12 Pro,A:506383,Q506383,ПП2,1186720521,32,https://s3.twcstorage.ru/35ffc2ef-1e09-463d-a2c4-c183d5deb59a/prints/pp2/Q5063831.webp
Чехол с вкладышем,iPhone 13,A:501927,W501927,ПП2,994344488,1000000,https://s3.twcstorage.ru/35ffc2ef-1e09-463d-a2c4-c183d5deb59a/prints/pp2/W501927.webp
Чёрные софт-тач,iPhone 13,A:501928,S501928,ПП2,727098117,11,https://s3.twcstorage.ru/35ffc2ef-1e09-463d-a2c4-c183d5deb59a/prints/pp2/W501928.webp
Матовые цветные чехлы для печати,iPhone 13,A:501929,W501929,ПП2,726733506,82,https://s3.twcstorage.ru/35ffc2ef-1e09-463d-a2c4-c183d5deb59a/prints/pp2/W501929.webp
Объемные матовые чехлы светло-розовые,iPhone 13,A:501930,W501930,ПП2,1152688786,9,https://s3.twcstorage.ru/35ffc2ef-1e09-463d-a2c4-c183d5deb59a/prints/pp2/W501930.webp
Чёрные софт-тач,iPhone 13,A:501931,S501931,ПП2,727077725,12,https://s3.twcstorage.ru/35ffc2ef-1e09-463d-a2c4-c183d5deb59a/prints/pp2/W501931.webp
Матовые цветные чехлы для печати,iPhone 13,A:501933,W501933,ПП2,726800403,85,https://s3.twcstorage.ru/35ffc2ef-1e09-463d-a2c4-c183d5deb59a/prints/pp2/W501933.webp
Чёрные софт-тач,iPhone 13,A:501937,S501937,ПП2,727125423,13,https://s3.twcstorage.ru/35ffc2ef-1e09-463d-a2c4-c183d5deb59a/prints/pp2/W501937.webp
Объемные матовые чехлы черные,iPhone 13,A:501938,W501938,ПП2,1181471976,30,https://s3.twcstorage.ru/35ffc2ef-1e09-463d-a2c4-c183d5deb59a/prints/pp2/W501938.webp
Белые софт-тач,iPhone 13,A:501940,W501940,ПП2,726671619,51,https://s3.twcstorage.ru/35ffc2ef-1e09-463d-a2c4-c183d5deb59a/prints/pp2/W501940.webp
Чёрные софт-тач,iPhone 13,A:501944,S501944,ПП2,727105522,4,https://s3.twcstorage.ru/35ffc2ef-1e09-463d-a2c4-c183d5deb59a/prints/pp2/S501944.webp
Чёрные софт-тач,iPhone 13,A:501945,S501945,ПП2,727119392,1000000,https://s3.twcstorage.ru/35ffc2ef-1e09-463d-a2c4-c183d5deb59a/prints/pp2/W501945.webp
Чёрные софт-тач,iPhone 13,A:501946,S501946,ПП2,727094952,7,https://s3.twcstorage.ru/35ffc2ef-1e09-463d-a2c4-c183d5deb59a/prints/pp2/W501946.webp
Чёрные софт-тач,iPhone 13,A:501947,S501947,ПП2,727134532,8,https://s3.twcstorage.ru/35ffc2ef-1e09-463d-a2c4-c183d5deb59a/prints/pp2/W501947.webp
Чехол с вкладышем,iPhone 13,A:501949,W501949,ПП2,994345983,1000000,https://s3.twcstorage.ru/35ffc2ef-1e09-463d-a2c4-c183d5deb59a/prints/pp2/W501949.webp
Чёрные софт-тач,iPhone 13,A:501950,S501950,ПП2,727132677,2,https://s3.twcstorage.ru/35ffc2ef-1e09-463d-a2c4-c183d5deb59a/prints/pp2/W501950.webp
Чёрные софт-тач,iPhone 13,A:501951,S501951,ПП2,727136318,5,https://s3.twcstorage.ru/35ffc2ef-1e09-463d-a2c4-c183d5deb59a/prints/pp2/W501951.webp
Объемные матовые чехлы коричневые,iPhone 13,A:501952,W501952,ПП2,1157185875,41,https://s3.twcstorage.ru/35ffc2ef-1e09-463d-a2c4-c183d5deb59a/prints/pp2/W501952.webp
Чёрные софт-тач,iPhone 13,A:501954,S501954,ПП2,727114676,1000000,https://s3.twcstorage.ru/35ffc2ef-1e09-463d-a2c4-c183d5deb59a/prints/pp2/W501954.webp
Объемные матовые чехлы бордовые,iPhone 13,A:501955,W501955,ПП2,1152949941,24,https://s3.twcstorage.ru/35ffc2ef-1e09-463d-a2c4-c183d5deb59a/prints/pp2/W501955.webp
Чёрные софт-тач,iPhone 13,A:501956,S501956,ПП2,727121264,1000000,https://s3.twcstorage.ru/35ffc2ef-1e09-463d-a2c4-c183d5deb59a/prints/pp2/W501956.webp
Чёрные софт-тач,iPhone 13,A:501957,S501957,ПП2,727123368,3,https://s3.twcstorage.ru/35ffc2ef-1e09-463d-a2c4-c183d5deb59a/prints/pp2/W501957.webp
Чехол с вкладышем,iPhone 13,A:501958,W501958,ПП2,994346638,1000000,https://s3.twcstorage.ru/35ffc2ef-1e09-463d-a2c4-c183d5deb59a/prints/pp2/W501958.webp
Чёрные софт-тач,iPhone 13,A:501959,S501959,ПП2,727129366,1000000,https://s3.twcstorage.ru/35ffc2ef-1e09-463d-a2c4-c183d5deb59a/prints/pp2/S501959.webp
Белые софт-тач,iPhone 13,A:501960,W501960,ПП2,726675268,38,https://s3.twcstorage.ru/35ffc2ef-1e09-463d-a2c4-c183d5deb59a/prints/pp2/W501960.webp
Чёрные софт-тач,iPhone 13,A:501961,S501961,ПП2,727150682,10,https://s3.twcstorage.ru/35ffc2ef-1e09-463d-a2c4-c183d5deb59a/prints/pp2/W501961.webp
Чёрные софт-тач,iPhone 13,A:501962,S501962,ПП2,727147315,9,https://s3.twcstorage.ru/35ffc2ef-1e09-463d-a2c4-c183d5deb59a/prints/pp2/W501962.webp
Силиконовые чехлы,iPhone 13,A:501967,Q501967,ПП2,727087406,1000000,https://s3.twcstorage.ru/35ffc2ef-1e09-463d-a2c4-c183d5deb59a/prints/pp2/W501967.webp
Силиконовые чехлы,iPhone 13,A:501968,Q501968,ПП2,727095392,78,https://s3.twcstorage.ru/35ffc2ef-1e09-463d-a2c4-c183d5deb59a/prints/pp2/W501968.webp
Силиконовые чехлы,iPhone 13,A:501973,Q501973,ПП2,727799074,1000000,https://s3.twcstorage.ru/35ffc2ef-1e09-463d-a2c4-c183d5deb59a/prints/pp2/Q501973.webp
Силиконовые чехлы,iPhone 13,A:501977,Q501977,ПП2,727768914,88,https://s3.twcstorage.ru/35ffc2ef-1e09-463d-a2c4-c183d5deb59a/prints/pp2/Q5019771.webp
Силиконовые чехлы,iPhone 13,A:501978,Q501978,ПП2,727216878,2,https://s3.twcstorage.ru/35ffc2ef-1e09-463d-a2c4-c183d5deb59a/prints/pp2/Q5019781.webp
Стеклянные чехлы,iPhone 13,A:501979,Q5019791,ПП2,727507224,6,https://s3.twcstorage.ru/35ffc2ef-1e09-463d-a2c4-c183d5deb59a/prints/pp2/Q5019791.webp
Стеклянные чехлы,iPhone 13,A:501980,Q5019801,ПП2,727506424,2,https://s3.twcstorage.ru/35ffc2ef-1e09-463d-a2c4-c183d5deb59a/prints/pp2/Q5019801.webp
Силиконовые чехлы,iPhone 13,A:501981,Q501981,ПП2,727787223,101,https://s3.twcstorage.ru/35ffc2ef-1e09-463d-a2c4-c183d5deb59a/prints/pp2/Y501981.webp
Силиконовые чехлы,iPhone 13,A:501983,Q501983,ПП2,727855182,71,https://s3.twcstorage.ru/35ffc2ef-1e09-463d-a2c4-c183d5deb59a/prints/pp2/Y501983.webp
Объемные матовые чехлы черные,iPhone 13,A:501984,Q501984,ПП2,1157405685,48,https://s3.twcstorage.ru/35ffc2ef-1e09-463d-a2c4-c183d5deb59a/prints/pp2/Y501984.webp
Силиконовые чехлы,iPhone 13,A:501987,Q501987,ПП2,727810156,1000000,https://s3.twcstorage.ru/35ffc2ef-1e09-463d-a2c4-c183d5deb59a/prints/pp2/Y501987.webp
Силиконовые чехлы,iPhone 13,A:501988,Q501988,ПП2,727513576,128,https://s3.twcstorage.ru/35ffc2ef-1e09-463d-a2c4-c183d5deb59a/prints/pp2/Y501988.webp
Силиконовые чехлы,iPhone 13,A:501989,Q501989,ПП2,727516258,1000000,https://s3.twcstorage.ru/35ffc2ef-1e09-463d-a2c4-c183d5deb59a/prints/pp2/Y501989.webp
Объемные матовые чехлы светло-розовые,iPhone 13,A:501990,Q501990,ПП2,1152696184,22,https://s3.twcstorage.ru/35ffc2ef-1e09-463d-a2c4-c183d5deb59a/prints/pp2/Y501990.webp
Силиконовые чехлы,iPhone 13,A:501991,Q501991,ПП2,727211596,1000000,https://s3.twcstorage.ru/35ffc2ef-1e09-463d-a2c4-c183d5deb59a/prints/pp2/Q501991.webp
Силиконовые чехлы,iPhone 13,A:501992,Q501992,ПП2,727030648,129,https://s3.twcstorage.ru/35ffc2ef-1e09-463d-a2c4-c183d5deb59a/prints/pp2/Q501992.webp
Стеклянные чехлы,iPhone 13,A:501993,Q5019931,ПП2,727504353,4,https://s3.twcstorage.ru/35ffc2ef-1e09-463d-a2c4-c183d5deb59a/prints/pp2/Q5019931.webp
Чехол с вкладышем,iPhone 13,A:501996,W501996,ПП2,994347054,1000000,https://s3.twcstorage.ru/35ffc2ef-1e09-463d-a2c4-c183d5deb59a/prints/pp2/Y501996.webp
Чехол с вкладышем,iPhone 13,A:501997,W501997,ПП2,994347246,1000000,https://s3.twcstorage.ru/35ffc2ef-1e09-463d-a2c4-c183d5deb59a/prints/pp2/Y501997.webp
Матовые цветные чехлы для печати,iPhone 13,A:502001,W502001,ПП2,726820908,66,https://s3.twcstorage.ru/35ffc2ef-1e09-463d-a2c4-c183d5deb59a/prints/pp2/W502001.webp
Объемные матовые чехлы черные,iPhone 13,A:502003,W502003,ПП2,1181485702,13,https://s3.twcstorage.ru/35ffc2ef-1e09-463d-a2c4-c183d5deb59a/prints/pp2/W502003.webp
Объемные матовые чехлы черные,iPhone 13,A:502005,W502005,ПП2,1181477936,50,https://s3.twcstorage.ru/35ffc2ef-1e09-463d-a2c4-c183d5deb59a/prints/pp2/W502005.webp
Объемные матовые чехлы коричневые,iPhone 13,A:502006,W502006,ПП2,1156404352,22,https://s3.twcstorage.ru/35ffc2ef-1e09-463d-a2c4-c183d5deb59a/prints/pp2/W502006.webp
Объемные матовые чехлы черные,iPhone 13,A:502007,W502007,ПП2,1181482431,15,https://s3.twcstorage.ru/35ffc2ef-1e09-463d-a2c4-c183d5deb59a/prints/pp2/W502007.webp
Объемные матовые чехлы коричневые,iPhone 13,A:502008,W502008,ПП2,1156421547,13,https://s3.twcstorage.ru/35ffc2ef-1e09-463d-a2c4-c183d5deb59a/prints/pp2/W502008.webp
Чехол с вкладышем,iPhone 13,A:502009,W502009,ПП2,994347447,1000000,https://s3.twcstorage.ru/35ffc2ef-1e09-463d-a2c4-c183d5deb59a/prints/pp2/W502009.webp
Объемные матовые чехлы молочные,iPhone 13,A:502010,W502010,ПП2,1155739283,2,https://s3.twcstorage.ru/35ffc2ef-1e09-463d-a2c4-c183d5deb59a/prints/pp2/W502010.webp
Чехол с вкладышем,iPhone 13,A:502011,W502011,ПП2,994347477,1000000,https://s3.twcstorage.ru/35ffc2ef-1e09-463d-a2c4-c183d5deb59a/prints/pp2/W502011.webp
Матовые цветные чехлы для печати,iPhone 13,A:502012,W502012,ПП2,726852911,6,https://s3.twcstorage.ru/35ffc2ef-1e09-463d-a2c4-c183d5deb59a/prints/pp2/W502012.webp
Объемные матовые чехлы бордовые,iPhone 13,A:502014,W502014,ПП2,1153050711,14,https://s3.twcstorage.ru/35ffc2ef-1e09-463d-a2c4-c183d5deb59a/prints/pp2/W502014.webp
Матовые цветные чехлы для печати,iPhone 13,A:502016,W502016,ПП2,726815823,39,https://s3.twcstorage.ru/35ffc2ef-1e09-463d-a2c4-c183d5deb59a/prints/pp2/W502016.webp
Чехол с вкладышем,iPhone 13,A:502017,W502017,ПП2,994347654,1000000,https://s3.twcstorage.ru/35ffc2ef-1e09-463d-a2c4-c183d5deb59a/prints/pp2/W502017.webp
Матовые цветные чехлы для печати,iPhone 13,A:502019,W502019,ПП2,726834739,55,https://s3.twcstorage.ru/35ffc2ef-1e09-463d-a2c4-c183d5deb59a/prints/pp2/W502019.webp
Чехол с вкладышем,iPhone 13,A:502020,W502020,ПП2,994347696,1000000,https://s3.twcstorage.ru/35ffc2ef-1e09-463d-a2c4-c183d5deb59a/prints/pp2/W502020.webp
Матовые цветные чехлы для печати,iPhone 13,A:502023,W502023,ПП2,726866976,56,https://s3.twcstorage.ru/35ffc2ef-1e09-463d-a2c4-c183d5deb59a/prints/pp2/W502023.webp
Матовые цветные чехлы для печати,iPhone 13,A:502025,W502025,ПП2,726874900,34,https://s3.twcstorage.ru/35ffc2ef-1e09-463d-a2c4-c183d5deb59a/prints/pp2/W502025.webp
Матовые цветные чехлы для печати,iPhone 13,A:502026,W502026,ПП2,726868918,58,https://s3.twcstorage.ru/35ffc2ef-1e09-463d-a2c4-c183d5deb59a/prints/pp2/W502026.webp
Чехол с вкладышем,iPhone 13,A:502027,W502027,ПП2,994347825,1000000,https://s3.twcstorage.ru/35ffc2ef-1e09-463d-a2c4-c183d5deb59a/prints/pp2/W502027.webp
Объемные матовые чехлы черные,iPhone 13,A:502029,W502029,ПП2,1157572027,2,https://s3.twcstorage.ru/35ffc2ef-1e09-463d-a2c4-c183d5deb59a/prints/pp2/W502029.webp
Матовые цветные чехлы для печати,iPhone 13,A:502030,W502030,ПП2,726856100,20,https://s3.twcstorage.ru/35ffc2ef-1e09-463d-a2c4-c183d5deb59a/prints/pp2/W502030.webp
Белые софт-тач,iPhone 13,A:502031,W502031,ПП2,726579879,58,https://s3.twcstorage.ru/35ffc2ef-1e09-463d-a2c4-c183d5deb59a/prints/pp2/W502031.webp
Объемные матовые чехлы коричневые,iPhone 13,A:502032,W502032,ПП2,1156560550,1,https://s3.twcstorage.ru/35ffc2ef-1e09-463d-a2c4-c183d5deb59a/prints/pp2/W502032.webp
Белые софт-тач,iPhone 13,A:502033,W502033,ПП2,726638992,10,https://s3.twcstorage.ru/35ffc2ef-1e09-463d-a2c4-c183d5deb59a/prints/pp2/W502033.webp
Матовые цветные чехлы для печати,iPhone 13,A:502034,W502034,ПП2,726836416,49,https://s3.twcstorage.ru/35ffc2ef-1e09-463d-a2c4-c183d5deb59a/prints/pp2/W502034.webp
Матовые цветные чехлы для печати,iPhone 13,A:502035,W502035,ПП2,726756086,50,https://s3.twcstorage.ru/35ffc2ef-1e09-463d-a2c4-c183d5deb59a/prints/pp2/W502035.webp
Объемные матовые чехлы бордовые,iPhone 13,A:502036,W502036,ПП2,1152985550,3,https://s3.twcstorage.ru/35ffc2ef-1e09-463d-a2c4-c183d5deb59a/prints/pp2/W502036.webp
Белые софт-тач,iPhone 13,A:502037,W502037,ПП2,726565888,45,https://s3.twcstorage.ru/35ffc2ef-1e09-463d-a2c4-c183d5deb59a/prints/pp2/W502037.webp
Матовые цветные чехлы для печати,iPhone 13,A:502038,W502038,ПП2,726847070,1000000,https://s3.twcstorage.ru/35ffc2ef-1e09-463d-a2c4-c183d5deb59a/prints/pp2/Y502038.webp
Чехол с вкладышем,iPhone 13,A:502039,W502039,ПП2,994349982,1000000,https://s3.twcstorage.ru/35ffc2ef-1e09-463d-a2c4-c183d5deb59a/prints/pp2/W502039.webp
Чехол с вкладышем,iPhone 13,A:502042,W502042,ПП2,994349908,1000000,https://s3.twcstorage.ru/35ffc2ef-1e09-463d-a2c4-c183d5deb59a/prints/pp2/Y502042.webp
Белые софт-тач,iPhone 13,A:502047,W502047,ПП2,726572615,32,https://s3.twcstorage.ru/35ffc2ef-1e09-463d-a2c4-c183d5deb59a/prints/pp2/W502047.webp
Объемные матовые чехлы светло-розовые,iPhone 13,A:502048,W502048,ПП2,1152719177,16,https://s3.twcstorage.ru/35ffc2ef-1e09-463d-a2c4-c183d5deb59a/prints/pp2/Y502048.webp
Белые софт-тач,iPhone 13,A:502049,W502049,ПП2,726567032,46,https://s3.twcstorage.ru/35ffc2ef-1e09-463d-a2c4-c183d5deb59a/prints/pp2/Y502049.webp
Белые софт-тач,iPhone 13,A:502050,W502050,ПП2,726659559,40,https://s3.twcstorage.ru/35ffc2ef-1e09-463d-a2c4-c183d5deb59a/prints/pp2/Y502050.webp
Чехол с вкладышем,iPhone 13,A:502051,W502051,ПП2,994350619,1000000,https://s3.twcstorage.ru/35ffc2ef-1e09-463d-a2c4-c183d5deb59a/prints/pp2/W502051.webp
Объемные матовые чехлы коричневые,iPhone 13,A:502052,W502052,ПП2,1156499418,2,https://s3.twcstorage.ru/35ffc2ef-1e09-463d-a2c4-c183d5deb59a/prints/pp2/W502052.webp
Белые софт-тач,iPhone 13,A:502053,W502053,ПП2,726640910,1,https://s3.twcstorage.ru/35ffc2ef-1e09-463d-a2c4-c183d5deb59a/prints/pp2/W502053.webp
Белые софт-тач,iPhone 13,A:502054,W502054,ПП2,726568976,62,https://s3.twcstorage.ru/35ffc2ef-1e09-463d-a2c4-c183d5deb59a/prints/pp2/W502054.webp
Белые софт-тач,iPhone 13,A:502055,W502055,ПП2,726570471,1000000,https://s3.twcstorage.ru/35ffc2ef-1e09-463d-a2c4-c183d5deb59a/prints/pp2/W502055.webp
Белые софт-тач,iPhone 13,A:502056,W502056,ПП2,726576742,73,https://s3.twcstorage.ru/35ffc2ef-1e09-463d-a2c4-c183d5deb59a/prints/pp2/W502056.webp
Белые софт-тач,iPhone 13,A:502057,W502057,ПП2,726578560,26,https://s3.twcstorage.ru/35ffc2ef-1e09-463d-a2c4-c183d5deb59a/prints/pp2/W502057.webp
Матовые цветные чехлы для печати,iPhone 13,A:502058,W502058,ПП2,726841665,96,https://s3.twcstorage.ru/35ffc2ef-1e09-463d-a2c4-c183d5deb59a/prints/pp2/W502058.webp
Белые софт-тач,iPhone 13,A:502059,W502059,ПП2,726618937,22,https://s3.twcstorage.ru/35ffc2ef-1e09-463d-a2c4-c183d5deb59a/prints/pp2/W502059.webp
Чехол с вкладышем,iPhone 13,A:502061,W502061,ПП2,994350788,1000000,https://s3.twcstorage.ru/35ffc2ef-1e09-463d-a2c4-c183d5deb59a/prints/pp2/Y502061.webp
Объемные матовые чехлы черные,iPhone 13,A:502065,W502065,ПП2,1181464663,14,https://s3.twcstorage.ru/35ffc2ef-1e09-463d-a2c4-c183d5deb59a/prints/pp2/W502065.webp
Белые софт-тач,iPhone 13,A:502066,W502066,ПП2,726663537,75,https://s3.twcstorage.ru/35ffc2ef-1e09-463d-a2c4-c183d5deb59a/prints/pp2/W502066.webp
Белые софт-тач,iPhone 13,A:502067,W502067,ПП2,726575254,63,https://s3.twcstorage.ru/35ffc2ef-1e09-463d-a2c4-c183d5deb59a/prints/pp2/W5020671.webp
Белые софт-тач,iPhone 13,A:502069,W502069,ПП2,726667254,16,https://s3.twcstorage.ru/35ffc2ef-1e09-463d-a2c4-c183d5deb59a/prints/pp2/W502069.webp
Силиконовые чехлы,iPhone 13,A:506329,W506329,ПП2,1186719463,24,https://s3.twcstorage.ru/35ffc2ef-1e09-463d-a2c4-c183d5deb59a/prints/pp2/W5063291.webp
Матовые цветные чехлы для печати,iPhone 13,A:506330,W5063301,ПП2,1185373953,3,https://s3.twcstorage.ru/35ffc2ef-1e09-463d-a2c4-c183d5deb59a/prints/pp2/W5063301.webp
Белые софт-тач,iPhone 13,A:506331,W506331,ПП2,1164165448,5,https://s3.twcstorage.ru/35ffc2ef-1e09-463d-a2c4-c183d5deb59a/prints/pp2/W5063311.webp
Матовые цветные чехлы для печати,iPhone 13,A:506332,W5063321,ПП2,1185595359,2,https://s3.twcstorage.ru/35ffc2ef-1e09-463d-a2c4-c183d5deb59a/prints/pp2/W5063321.webp
Матовые цветные чехлы для печати,iPhone 13,A:506333,W5063331,ПП2,1189267500,25,https://s3.twcstorage.ru/35ffc2ef-1e09-463d-a2c4-c183d5deb59a/prints/pp2/W5063331.webp
Матовые цветные чехлы для печати,iPhone 13,A:506334,W5063341,ПП2,1185705943,1,https://s3.twcstorage.ru/35ffc2ef-1e09-463d-a2c4-c183d5deb59a/prints/pp2/W5063341.webp
Объемные матовые чехлы черные,iPhone 13,A:506335,W5063351,ПП2,1157997337,4,https://s3.twcstorage.ru/35ffc2ef-1e09-463d-a2c4-c183d5deb59a/prints/pp2/W5063351.webp
Объемные матовые чехлы коричневые,iPhone 13,A:506336,W5063361,ПП2,1157066632,9,https://s3.twcstorage.ru/35ffc2ef-1e09-463d-a2c4-c183d5deb59a/prints/pp2/W5063361.webp
Объемные матовые чехлы молочные,iPhone 13,A:506337,W506337,ПП2,1155269317,9,https://s3.twcstorage.ru/35ffc2ef-1e09-463d-a2c4-c183d5deb59a/prints/pp2/W5063371.webp
Матовые цветные чехлы для печати,iPhone 13,A:506338,W5063381,ПП2,1185381993,26,https://s3.twcstorage.ru/35ffc2ef-1e09-463d-a2c4-c183d5deb59a/prints/pp2/W5063381.webp
Матовые цветные чехлы для печати,iPhone 13,A:506339,W5063391,ПП2,1185726032,8,https://s3.twcstorage.ru/35ffc2ef-1e09-463d-a2c4-c183d5deb59a/prints/pp2/W5063391.webp
Объемные матовые чехлы бордовые,iPhone 13,A:506340,W5063401,ПП2,1153757337,2,https://s3.twcstorage.ru/35ffc2ef-1e09-463d-a2c4-c183d5deb59a/prints/pp2/W5063401.webp
Матовые цветные чехлы для печати,iPhone 13,A:506341,W5063411,ПП2,1185464088,36,https://s3.twcstorage.ru/35ffc2ef-1e09-463d-a2c4-c183d5deb59a/prints/pp2/W5063411.webp
Матовые цветные чехлы для печати,iPhone 13,A:506342,W5063421,ПП2,1189282120,78,https://s3.twcstorage.ru/35ffc2ef-1e09-463d-a2c4-c183d5deb59a/prints/pp2/W5063421.webp
Силиконовые чехлы,iPhone 13,A:506343,W506343,ПП2,1186668446,110,https://s3.twcstorage.ru/35ffc2ef-1e09-463d-a2c4-c183d5deb59a/prints/pp2/W5063431.webp
Силиконовые чехлы,iPhone 13,A:506344,W506344,ПП2,1186756609,57,https://s3.twcstorage.ru/35ffc2ef-1e09-463d-a2c4-c183d5deb59a/prints/pp2/W5063441.webp
Матовые цветные чехлы для печати,iPhone 13,A:506346,W506346,ПП2,1195454672,19,https://s3.twcstorage.ru/35ffc2ef-1e09-463d-a2c4-c183d5deb59a/prints/pp2/W506346.webp
Силиконовые чехлы,iPhone 13,A:506350,W506350,ПП2,1186688252,45,https://s3.twcstorage.ru/35ffc2ef-1e09-463d-a2c4-c183d5deb59a/prints/pp2/W5063501.webp
Матовые цветные чехлы для печати,iPhone 13,A:506351,W5063511,ПП2,1185475645,37,https://s3.twcstorage.ru/35ffc2ef-1e09-463d-a2c4-c183d5deb59a/prints/pp2/W5063511.webp
Силиконовые чехлы,iPhone 13,A:506360,W506360,ПП2,1195522887,59,https://s3.twcstorage.ru/35ffc2ef-1e09-463d-a2c4-c183d5deb59a/prints/pp2/W5063601.webp
Объемные матовые чехлы бордовые,iPhone 13,A:506362,W506362,ПП2,1153089340,28,https://s3.twcstorage.ru/35ffc2ef-1e09-463d-a2c4-c183d5deb59a/prints/pp2/W506362.webp
Объемные матовые чехлы бордовые,iPhone 13,A:506363,W506363,ПП2,1153099472,29,https://s3.twcstorage.ru/35ffc2ef-1e09-463d-a2c4-c183d5deb59a/prints/pp2/W506363.webp
Матовые цветные чехлы для печати,iPhone 13,A:506364,W506364,ПП2,1189257139,29,https://s3.twcstorage.ru/35ffc2ef-1e09-463d-a2c4-c183d5deb59a/prints/pp2/W506364.webp
Объемные матовые чехлы коричневые,iPhone 13,A:506367,W506367,ПП2,1156912584,39,https://s3.twcstorage.ru/35ffc2ef-1e09-463d-a2c4-c183d5deb59a/prints/pp2/W506367.webp
Силиконовые чехлы,iPhone 13,A:506369,W506369,ПП2,1186718995,46,https://s3.twcstorage.ru/35ffc2ef-1e09-463d-a2c4-c183d5deb59a/prints/pp2/W506369.webp
Белые софт-тач,iPhone 13,A:506370,W506370,ПП2,1163884846,35,https://s3.twcstorage.ru/35ffc2ef-1e09-463d-a2c4-c183d5deb59a/prints/pp2/W506370.webp
Силиконовые чехлы,iPhone 13,A:506371,W506371,ПП2,1186660566,75,https://s3.twcstorage.ru/35ffc2ef-1e09-463d-a2c4-c183d5deb59a/prints/pp2/W506371.webp
Матовые цветные чехлы для печати,iPhone 13,A:506372,W506372,ПП2,1185620706,9,https://s3.twcstorage.ru/35ffc2ef-1e09-463d-a2c4-c183d5deb59a/prints/pp2/W506372.webp
Силиконовые чехлы,iPhone 13,A:506373,W506373,ПП2,1186722455,6,https://s3.twcstorage.ru/35ffc2ef-1e09-463d-a2c4-c183d5deb59a/prints/pp2/W506373.webp
Белые софт-тач,iPhone 13,A:506374,W506374,ПП2,1163967604,3,https://s3.twcstorage.ru/35ffc2ef-1e09-463d-a2c4-c183d5deb59a/prints/pp2/W506374.webp
Силиконовые чехлы,iPhone 13,A:506375,W506375,ПП2,1186509697,31,https://s3.twcstorage.ru/35ffc2ef-1e09-463d-a2c4-c183d5deb59a/prints/pp2/W506375.webp
Силиконовые чехлы,iPhone 13,A:506376,W506376,ПП2,1195548719,53,https://s3.twcstorage.ru/35ffc2ef-1e09-463d-a2c4-c183d5deb59a/prints/pp2/W506376.webp
Силиконовые чехлы,iPhone 13,A:506377,W506377,ПП2,1186682812,29,https://s3.twcstorage.ru/35ffc2ef-1e09-463d-a2c4-c183d5deb59a/prints/pp2/W506377.webp
Силиконовые чехлы,iPhone 13,A:506378,W506378,ПП2,1186735765,22,https://s3.twcstorage.ru/35ffc2ef-1e09-463d-a2c4-c183d5deb59a/prints/pp2/W506378.webp
Силиконовые чехлы,iPhone 13,A:506379,W506379,ПП2,1186772035,27,https://s3.twcstorage.ru/35ffc2ef-1e09-463d-a2c4-c183d5deb59a/prints/pp2/W506379.webp
Матовые цветные чехлы для печати,iPhone 13,A:506380,W506380,ПП2,1185755701,46,https://s3.twcstorage.ru/35ffc2ef-1e09-463d-a2c4-c183d5deb59a/prints/pp2/W506380.webp
Матовые цветные чехлы для печати,iPhone 13,A:506381,W506381,ПП2,1185467946,14,https://s3.twcstorage.ru/35ffc2ef-1e09-463d-a2c4-c183d5deb59a/prints/pp2/W506381.webp
Стеклянные чехлы,iPhone 13,A:506382,Q5063821,ПП2,1186843153,7,https://s3.twcstorage.ru/35ffc2ef-1e09-463d-a2c4-c183d5deb59a/prints/pp2/Q5063821.webp
Объемные матовые чехлы черные,iPhone 13,A:506383,Q506383,ПП2,1181483650,39,https://s3.twcstorage.ru/35ffc2ef-1e09-463d-a2c4-c183d5deb59a/prints/pp2/Q5063831.webp
Объемные матовые чехлы светло-розовые,iPhone 13,A:506384,Q506384,ПП2,1152724672,1,https://s3.twcstorage.ru/35ffc2ef-1e09-463d-a2c4-c183d5deb59a/prints/pp2/Q5063841.webp
Стеклянные чехлы,iPhone 13,A:506385,Q5063851,ПП2,1186853062,5,https://s3.twcstorage.ru/35ffc2ef-1e09-463d-a2c4-c183d5deb59a/prints/pp2/Q5063851.webp
Чёрные софт-тач,iPhone 13 Pro,A:501927,S501927,ПП2,727131267,1000000,https://s3.twcstorage.ru/35ffc2ef-1e09-463d-a2c4-c183d5deb59a/prints/pp2/W501927.webp
Объемные матовые чехлы черные,iPhone 13 Pro,A:501938,W501938,ПП2,1181462596,30,https://s3.twcstorage.ru/35ffc2ef-1e09-463d-a2c4-c183d5deb59a/prints/pp2/W501938.webp
Силиконовые чехлы,iPhone 13 Pro,A:501943,C501943,ПП2,727270211,119,https://s3.twcstorage.ru/35ffc2ef-1e09-463d-a2c4-c183d5deb59a/prints/pp2/S501943.webp
Чехол с вкладышем,iPhone 13 Pro,A:501945,W501945,ПП2,994364075,1000000,https://s3.twcstorage.ru/35ffc2ef-1e09-463d-a2c4-c183d5deb59a/prints/pp2/W501945.webp
Чёрные софт-тач,iPhone 13 Pro,A:501946,S501946,ПП2,727095641,7,https://s3.twcstorage.ru/35ffc2ef-1e09-463d-a2c4-c183d5deb59a/prints/pp2/W501946.webp
Белые софт-тач,iPhone 13 Pro,A:501947,W501947,ПП2,726589485,27,https://s3.twcstorage.ru/35ffc2ef-1e09-463d-a2c4-c183d5deb59a/prints/pp2/W501947.webp
Объемные матовые чехлы коричневые,iPhone 13 Pro,A:501951,W501951,ПП2,1156449935,7,https://s3.twcstorage.ru/35ffc2ef-1e09-463d-a2c4-c183d5deb59a/prints/pp2/W501951.webp
Белые софт-тач,iPhone 13 Pro,A:501953,W501953,ПП2,726587949,6,https://s3.twcstorage.ru/35ffc2ef-1e09-463d-a2c4-c183d5deb59a/prints/pp2/W501953.webp
Белые софт-тач,iPhone 13 Pro,A:501955,W501955,ПП2,726606334,44,https://s3.twcstorage.ru/35ffc2ef-1e09-463d-a2c4-c183d5deb59a/prints/pp2/W501955.webp
Чёрные софт-тач,iPhone 13 Pro,A:501957,S501957,ПП2,727123633,3,https://s3.twcstorage.ru/35ffc2ef-1e09-463d-a2c4-c183d5deb59a/prints/pp2/W501957.webp
Силиконовые чехлы,iPhone 13 Pro,A:501960,C501960,ПП2,727208689,41,https://s3.twcstorage.ru/35ffc2ef-1e09-463d-a2c4-c183d5deb59a/prints/pp2/W501960.webp
Белые софт-тач,iPhone 13 Pro,A:501961,W501961,ПП2,726673519,12,https://s3.twcstorage.ru/35ffc2ef-1e09-463d-a2c4-c183d5deb59a/prints/pp2/W501961.webp
Силиконовые чехлы,iPhone 13 Pro,A:501966,Q501966,ПП2,726963503,124,https://s3.twcstorage.ru/35ffc2ef-1e09-463d-a2c4-c183d5deb59a/prints/pp2/W501966.webp
Чехол с вкладышем,iPhone 13 Pro,A:501969,W501969,ПП2,994365022,1000000,https://s3.twcstorage.ru/35ffc2ef-1e09-463d-a2c4-c183d5deb59a/prints/pp2/W501969.webp
Силиконовые чехлы,iPhone 13 Pro,A:501973,Q501973,ПП2,727799258,1000000,https://s3.twcstorage.ru/35ffc2ef-1e09-463d-a2c4-c183d5deb59a/prints/pp2/Q501973.webp
Силиконовые чехлы,iPhone 13 Pro,A:501978,Q501978,ПП2,727217438,2,https://s3.twcstorage.ru/35ffc2ef-1e09-463d-a2c4-c183d5deb59a/prints/pp2/Q5019781.webp
Силиконовые чехлы,iPhone 13 Pro,A:501979,Q501979,ПП2,727779226,48,https://s3.twcstorage.ru/35ffc2ef-1e09-463d-a2c4-c183d5deb59a/prints/pp2/Q5019791.webp
Силиконовые чехлы,iPhone 13 Pro,A:501980,Q501980,ПП2,727174701,4,https://s3.twcstorage.ru/35ffc2ef-1e09-463d-a2c4-c183d5deb59a/prints/pp2/Q5019801.webp
Силиконовые чехлы,iPhone 13 Pro,A:501990,Q501990,ПП2,727813112,63,https://s3.twcstorage.ru/35ffc2ef-1e09-463d-a2c4-c183d5deb59a/prints/pp2/Y501990.webp
Матовые цветные чехлы для печати,iPhone 13 Pro,A:502003,W502003,ПП2,726735393,38,https://s3.twcstorage.ru/35ffc2ef-1e09-463d-a2c4-c183d5deb59a/prints/pp2/W502003.webp
Объемные матовые чехлы коричневые,iPhone 13 Pro,A:502005,W502005,ПП2,1156339344,12,https://s3.twcstorage.ru/35ffc2ef-1e09-463d-a2c4-c183d5deb59a/prints/pp2/W502005.webp
Объемные матовые чехлы черные,iPhone 13 Pro,A:502006,W502006,ПП2,1181488423,35,https://s3.twcstorage.ru/35ffc2ef-1e09-463d-a2c4-c183d5deb59a/prints/pp2/W502006.webp
Объемные матовые чехлы черные,iPhone 13 Pro,A:502008,W502008,ПП2,1181493095,36,https://s3.twcstorage.ru/35ffc2ef-1e09-463d-a2c4-c183d5deb59a/prints/pp2/W502008.webp
Чехол с вкладышем,iPhone 13 Pro,A:502009,W502009,ПП2,994365836,1000000,https://s3.twcstorage.ru/35ffc2ef-1e09-463d-a2c4-c183d5deb59a/prints/pp2/W502009.webp
Матовые цветные чехлы для печати,iPhone 13 Pro,A:502010,W502010,ПП2,726744426,10,https://s3.twcstorage.ru/35ffc2ef-1e09-463d-a2c4-c183d5deb59a/prints/pp2/W502010.webp
Матовые цветные чехлы для печати,iPhone 13 Pro,A:502012,W502012,ПП2,726854722,6,https://s3.twcstorage.ru/35ffc2ef-1e09-463d-a2c4-c183d5deb59a/prints/pp2/W502012.webp
Белые софт-тач,iPhone 13 Pro,A:502014,W502014,ПП2,726647576,15,https://s3.twcstorage.ru/35ffc2ef-1e09-463d-a2c4-c183d5deb59a/prints/pp2/W502014.webp
Чехол с вкладышем,iPhone 13 Pro,A:502015,W502015,ПП2,994366435,1000000,https://s3.twcstorage.ru/35ffc2ef-1e09-463d-a2c4-c183d5deb59a/prints/pp2/W502015.webp
Чехол с вкладышем,iPhone 13 Pro,A:502016,W502016,ПП2,994366462,1000000,https://s3.twcstorage.ru/35ffc2ef-1e09-463d-a2c4-c183d5deb59a/prints/pp2/W502016.webp
Чехол с вкладышем,iPhone 13 Pro,A:502023,W502023,ПП2,994366893,1000000,https://s3.twcstorage.ru/35ffc2ef-1e09-463d-a2c4-c183d5deb59a/prints/pp2/W502023.webp
Матовые цветные чехлы для печати,iPhone 13 Pro,A:502026,W502026,ПП2,726868926,58,https://s3.twcstorage.ru/35ffc2ef-1e09-463d-a2c4-c183d5deb59a/prints/pp2/W502026.webp
Чехол с вкладышем,iPhone 13 Pro,A:502027,W502027,ПП2,994367030,1000000,https://s3.twcstorage.ru/35ffc2ef-1e09-463d-a2c4-c183d5deb59a/prints/pp2/W502027.webp
Объемные матовые чехлы коричневые,iPhone 13 Pro,A:502029,W502029,ПП2,1156258162,5,https://s3.twcstorage.ru/35ffc2ef-1e09-463d-a2c4-c183d5deb59a/prints/pp2/W502029.webp
Чехол с вкладышем,iPhone 13 Pro,A:502030,W502030,ПП2,994367373,1000000,https://s3.twcstorage.ru/35ffc2ef-1e09-463d-a2c4-c183d5deb59a/prints/pp2/W502030.webp
Матовые цветные чехлы для печати,iPhone 13 Pro,A:502031,W502031,ПП2,726754255,59,https://s3.twcstorage.ru/35ffc2ef-1e09-463d-a2c4-c183d5deb59a/prints/pp2/W502031.webp
Объемные матовые чехлы коричневые,iPhone 13 Pro,A:502032,W502032,ПП2,1156556537,1,https://s3.twcstorage.ru/35ffc2ef-1e09-463d-a2c4-c183d5deb59a/prints/pp2/W502032.webp
Матовые цветные чехлы для печати,iPhone 13 Pro,A:502033,W502033,ПП2,726862910,70,https://s3.twcstorage.ru/35ffc2ef-1e09-463d-a2c4-c183d5deb59a/prints/pp2/W502033.webp
Объемные матовые чехлы бордовые,iPhone 13 Pro,A:502035,W502035,ПП2,1152952016,4,https://s3.twcstorage.ru/35ffc2ef-1e09-463d-a2c4-c183d5deb59a/prints/pp2/W502035.webp
Белые софт-тач,iPhone 13 Pro,A:502036,W502036,ПП2,726649005,25,https://s3.twcstorage.ru/35ffc2ef-1e09-463d-a2c4-c183d5deb59a/prints/pp2/W502036.webp
Матовые цветные чехлы для печати,iPhone 13 Pro,A:502037,W502037,ПП2,726758049,71,https://s3.twcstorage.ru/35ffc2ef-1e09-463d-a2c4-c183d5deb59a/prints/pp2/W502037.webp
Силиконовые чехлы,iPhone 13 Pro,A:502043,W502043,ПП2,727767540,138,https://s3.twcstorage.ru/35ffc2ef-1e09-463d-a2c4-c183d5deb59a/prints/pp2/W502043.webp
Чехол с вкладышем,iPhone 13 Pro,A:502047,W502047,ПП2,994367989,1000000,https://s3.twcstorage.ru/35ffc2ef-1e09-463d-a2c4-c183d5deb59a/prints/pp2/W502047.webp
Белые софт-тач,iPhone 13 Pro,A:502048,W502048,ПП2,726573497,21,https://s3.twcstorage.ru/35ffc2ef-1e09-463d-a2c4-c183d5deb59a/prints/pp2/Y502048.webp
Белые софт-тач,iPhone 13 Pro,A:502052,W502052,ПП2,726641875,2,https://s3.twcstorage.ru/35ffc2ef-1e09-463d-a2c4-c183d5deb59a/prints/pp2/W502052.webp
Белые софт-тач,iPhone 13 Pro,A:502053,W502053,ПП2,726639745,1,https://s3.twcstorage.ru/35ffc2ef-1e09-463d-a2c4-c183d5deb59a/prints/pp2/W502053.webp
Чехол с вкладышем,iPhone 13 Pro,A:502055,W502055,ПП2,994368095,1000000,https://s3.twcstorage.ru/35ffc2ef-1e09-463d-a2c4-c183d5deb59a/prints/pp2/W502055.webp
Матовые цветные чехлы для печати,iPhone 13 Pro,A:502057,W502057,ПП2,726775107,74,https://s3.twcstorage.ru/35ffc2ef-1e09-463d-a2c4-c183d5deb59a/prints/pp2/W502057.webp
Белые софт-тач,iPhone 13 Pro,A:502058,W502058,ПП2,726616317,1000000,https://s3.twcstorage.ru/35ffc2ef-1e09-463d-a2c4-c183d5deb59a/prints/pp2/W502058.webp
Чехол с вкладышем,iPhone 13 Pro,A:502063,W502063,ПП2,994369233,1000000,https://s3.twcstorage.ru/35ffc2ef-1e09-463d-a2c4-c183d5deb59a/prints/pp2/W502063.webp
Матовые цветные чехлы для печати,iPhone 13 Pro,A:502065,W502065,ПП2,726838787,16,https://s3.twcstorage.ru/35ffc2ef-1e09-463d-a2c4-c183d5deb59a/prints/pp2/W502065.webp
Чехол с вкладышем,iPhone 13 Pro,A:502067,W502067,ПП2,994369745,1000000,https://s3.twcstorage.ru/35ffc2ef-1e09-463d-a2c4-c183d5deb59a/prints/pp2/W5020671.webp
Чехол с вкладышем,iPhone 13 Pro,A:502069,W502069,ПП2,994369844,1000000,https://s3.twcstorage.ru/35ffc2ef-1e09-463d-a2c4-c183d5deb59a/prints/pp2/W502069.webp
Силиконовые чехлы,iPhone 13 Pro,A:506330,W506330,ПП2,1186087027,17,https://s3.twcstorage.ru/35ffc2ef-1e09-463d-a2c4-c183d5deb59a/prints/pp2/W5063301.webp
Белые софт-тач,iPhone 13 Pro,A:506331,W506331,ПП2,1164158424,5,https://s3.twcstorage.ru/35ffc2ef-1e09-463d-a2c4-c183d5deb59a/prints/pp2/W5063311.webp
Матовые цветные чехлы для печати,iPhone 13 Pro,A:506332,W5063321,ПП2,1185450854,2,https://s3.twcstorage.ru/35ffc2ef-1e09-463d-a2c4-c183d5deb59a/prints/pp2/W5063321.webp
Объемные матовые чехлы черные,iPhone 13 Pro,A:506333,W5063331,ПП2,1157960869,26,https://s3.twcstorage.ru/35ffc2ef-1e09-463d-a2c4-c183d5deb59a/prints/pp2/W5063331.webp
Матовые цветные чехлы для печати,iPhone 13 Pro,A:506334,W5063341,ПП2,1185650061,1,https://s3.twcstorage.ru/35ffc2ef-1e09-463d-a2c4-c183d5deb59a/prints/pp2/W5063341.webp
Силиконовые чехлы,iPhone 13 Pro,A:506336,W506336,ПП2,1186662325,14,https://s3.twcstorage.ru/35ffc2ef-1e09-463d-a2c4-c183d5deb59a/prints/pp2/W5063361.webp
Белые софт-тач,iPhone 13 Pro,A:506337,W506337,ПП2,1164271797,77,https://s3.twcstorage.ru/35ffc2ef-1e09-463d-a2c4-c183d5deb59a/prints/pp2/W5063371.webp
Силиконовые чехлы,iPhone 13 Pro,A:506339,W506339,ПП2,1186663777,13,https://s3.twcstorage.ru/35ffc2ef-1e09-463d-a2c4-c183d5deb59a/prints/pp2/W5063391.webp
Белые софт-тач,iPhone 13 Pro,A:506340,W506340,ПП2,1164325501,4,https://s3.twcstorage.ru/35ffc2ef-1e09-463d-a2c4-c183d5deb59a/prints/pp2/W5063401.webp
Матовые цветные чехлы для печати,iPhone 13 Pro,A:506343,W5063431,ПП2,1185386587,61,https://s3.twcstorage.ru/35ffc2ef-1e09-463d-a2c4-c183d5deb59a/prints/pp2/W5063431.webp
Матовые цветные чехлы для печати,iPhone 13 Pro,A:506348,W506348,ПП2,1185676384,52,https://s3.twcstorage.ru/35ffc2ef-1e09-463d-a2c4-c183d5deb59a/prints/pp2/W506348.webp
Матовые цветные чехлы для печати,iPhone 13 Pro,A:506363,W506363,ПП2,1185398545,33,https://s3.twcstorage.ru/35ffc2ef-1e09-463d-a2c4-c183d5deb59a/prints/pp2/W506363.webp
Объемные матовые чехлы коричневые,iPhone 13 Pro,A:506367,W506367,ПП2,1156909324,39,https://s3.twcstorage.ru/35ffc2ef-1e09-463d-a2c4-c183d5deb59a/prints/pp2/W506367.webp
Матовые цветные чехлы для печати,iPhone 13 Pro,A:506368,W506368,ПП2,1185403905,62,https://s3.twcstorage.ru/35ffc2ef-1e09-463d-a2c4-c183d5deb59a/prints/pp2/W506368.webp
Матовые цветные чехлы для печати,iPhone 13 Pro,A:506369,W506369,ПП2,1185771937,81,https://s3.twcstorage.ru/35ffc2ef-1e09-463d-a2c4-c183d5deb59a/prints/pp2/W506369.webp
Матовые цветные чехлы для печати,iPhone 13 Pro,A:506370,W506370,ПП2,1185455242,63,https://s3.twcstorage.ru/35ffc2ef-1e09-463d-a2c4-c183d5deb59a/prints/pp2/W506370.webp
Силиконовые чехлы,iPhone 13 Pro,A:506372,W506372,ПП2,1186486335,16,https://s3.twcstorage.ru/35ffc2ef-1e09-463d-a2c4-c183d5deb59a/prints/pp2/W506372.webp
Силиконовые чехлы,iPhone 13 Pro,A:506373,W506373,ПП2,1186721353,6,https://s3.twcstorage.ru/35ffc2ef-1e09-463d-a2c4-c183d5deb59a/prints/pp2/W506373.webp
Белые софт-тач,iPhone 13 Pro,A:506374,W506374,ПП2,1163958882,3,https://s3.twcstorage.ru/35ffc2ef-1e09-463d-a2c4-c183d5deb59a/prints/pp2/W506374.webp
Силиконовые чехлы,iPhone 13 Pro,A:506375,W506375,ПП2,1186510194,31,https://s3.twcstorage.ru/35ffc2ef-1e09-463d-a2c4-c183d5deb59a/prints/pp2/W506375.webp
Силиконовые чехлы,iPhone 13 Pro,A:506377,W506377,ПП2,1186525840,29,https://s3.twcstorage.ru/35ffc2ef-1e09-463d-a2c4-c183d5deb59a/prints/pp2/W506377.webp
Матовые цветные чехлы для печати,iPhone 13 Pro,A:506379,W506379,ПП2,1185737301,24,https://s3.twcstorage.ru/35ffc2ef-1e09-463d-a2c4-c183d5deb59a/prints/pp2/W506379.webp
Объемные матовые чехлы черные,iPhone 13 Pro,A:506382,Q506382,ПП2,1181462978,22,https://s3.twcstorage.ru/35ffc2ef-1e09-463d-a2c4-c183d5deb59a/prints/pp2/Q5063821.webp
Объемные матовые чехлы черные,iPhone 13 Pro,A:506384,Q506384,ПП2,1181466340,10,https://s3.twcstorage.ru/35ffc2ef-1e09-463d-a2c4-c183d5deb59a/prints/pp2/Q5063841.webp
Чехол с вкладышем,iPhone 13 Pro Max,A:501937,W501937,ПП2,994375295,1000000,https://s3.twcstorage.ru/35ffc2ef-1e09-463d-a2c4-c183d5deb59a/prints/pp2/W501937.webp
Матовые цветные чехлы для печати,iPhone 13 Pro Max,A:501940,W501940,ПП2,726793356,1000000,https://s3.twcstorage.ru/35ffc2ef-1e09-463d-a2c4-c183d5deb59a/prints/pp2/W501940.webp
Чёрные софт-тач,iPhone 13 Pro Max,A:501947,S501947,ПП2,727135281,8,https://s3.twcstorage.ru/35ffc2ef-1e09-463d-a2c4-c183d5deb59a/prints/pp2/W501947.webp
Чехол с вкладышем,iPhone 13 Pro Max,A:501949,W501949,ПП2,994375527,1000000,https://s3.twcstorage.ru/35ffc2ef-1e09-463d-a2c4-c183d5deb59a/prints/pp2/W501949.webp
Объемные матовые чехлы бордовые,iPhone 13 Pro Max,A:501951,W501951,ПП2,1153014475,1,https://s3.twcstorage.ru/35ffc2ef-1e09-463d-a2c4-c183d5deb59a/prints/pp2/W501951.webp
Объемные матовые чехлы черные,iPhone 13 Pro Max,A:501955,W501955,ПП2,1157525021,24,https://s3.twcstorage.ru/35ffc2ef-1e09-463d-a2c4-c183d5deb59a/prints/pp2/W501955.webp
Матовые цветные чехлы для печати,iPhone 13 Pro Max,A:501957,W501957,ПП2,726828809,17,https://s3.twcstorage.ru/35ffc2ef-1e09-463d-a2c4-c183d5deb59a/prints/pp2/W501957.webp
Матовые цветные чехлы для печати,iPhone 13 Pro Max,A:501958,W501958,ПП2,726831191,65,https://s3.twcstorage.ru/35ffc2ef-1e09-463d-a2c4-c183d5deb59a/prints/pp2/W501958.webp
Белые софт-тач,iPhone 13 Pro Max,A:501960,W501960,ПП2,726673676,38,https://s3.twcstorage.ru/35ffc2ef-1e09-463d-a2c4-c183d5deb59a/prints/pp2/W501960.webp
Силиконовые чехлы,iPhone 13 Pro Max,A:501961,C501961,ПП2,727534667,21,https://s3.twcstorage.ru/35ffc2ef-1e09-463d-a2c4-c183d5deb59a/prints/pp2/W501961.webp
Силиконовые чехлы,iPhone 13 Pro Max,A:501965,Q501965,ПП2,727039383,86,https://s3.twcstorage.ru/35ffc2ef-1e09-463d-a2c4-c183d5deb59a/prints/pp2/Q5019651.webp
Чехол с вкладышем,iPhone 13 Pro Max,A:501968,W501968,ПП2,994376123,1000000,https://s3.twcstorage.ru/35ffc2ef-1e09-463d-a2c4-c183d5deb59a/prints/pp2/W501968.webp
Силиконовые чехлы,iPhone 13 Pro Max,A:501978,Q501978,ПП2,727217567,2,https://s3.twcstorage.ru/35ffc2ef-1e09-463d-a2c4-c183d5deb59a/prints/pp2/Q5019781.webp
Стеклянные чехлы,iPhone 13 Pro Max,A:501979,Q5019791,ПП2,933511198,6,https://s3.twcstorage.ru/35ffc2ef-1e09-463d-a2c4-c183d5deb59a/prints/pp2/Q5019791.webp
Стеклянные чехлы,iPhone 13 Pro Max,A:501980,Q5019801,ПП2,933509797,2,https://s3.twcstorage.ru/35ffc2ef-1e09-463d-a2c4-c183d5deb59a/prints/pp2/Q5019801.webp
Чехол с вкладышем,iPhone 13 Pro Max,A:501981,W501981,ПП2,994376302,1000000,https://s3.twcstorage.ru/35ffc2ef-1e09-463d-a2c4-c183d5deb59a/prints/pp2/Y501981.webp
Силиконовые чехлы,iPhone 13 Pro Max,A:501982,Q501982,ПП2,727552118,1000000,https://s3.twcstorage.ru/35ffc2ef-1e09-463d-a2c4-c183d5deb59a/prints/pp2/Y501982.webp
Силиконовые чехлы,iPhone 13 Pro Max,A:501989,Q501989,ПП2,727517381,1000000,https://s3.twcstorage.ru/35ffc2ef-1e09-463d-a2c4-c183d5deb59a/prints/pp2/Y501989.webp
Стеклянные чехлы,iPhone 13 Pro Max,A:501993,Q5019931,ПП2,933503824,4,https://s3.twcstorage.ru/35ffc2ef-1e09-463d-a2c4-c183d5deb59a/prints/pp2/Q5019931.webp
Чехол с вкладышем,iPhone 13 Pro Max,A:501997,W501997,ПП2,994376360,1000000,https://s3.twcstorage.ru/35ffc2ef-1e09-463d-a2c4-c183d5deb59a/prints/pp2/Y501997.webp
Матовые цветные чехлы для печати,iPhone 13 Pro Max,A:502003,W502003,ПП2,726735784,38,https://s3.twcstorage.ru/35ffc2ef-1e09-463d-a2c4-c183d5deb59a/prints/pp2/W502003.webp
Матовые цветные чехлы для печати,iPhone 13 Pro Max,A:502007,W502007,ПП2,726849764,67,https://s3.twcstorage.ru/35ffc2ef-1e09-463d-a2c4-c183d5deb59a/prints/pp2/W502007.webp
Матовые цветные чехлы для печати,iPhone 13 Pro Max,A:502008,W502008,ПП2,726739985,43,https://s3.twcstorage.ru/35ffc2ef-1e09-463d-a2c4-c183d5deb59a/prints/pp2/W502008.webp
Матовые цветные чехлы для печати,iPhone 13 Pro Max,A:502009,W502009,ПП2,726742728,22,https://s3.twcstorage.ru/35ffc2ef-1e09-463d-a2c4-c183d5deb59a/prints/pp2/W502009.webp
Матовые цветные чехлы для печати,iPhone 13 Pro Max,A:502010,W502010,ПП2,726744991,10,https://s3.twcstorage.ru/35ffc2ef-1e09-463d-a2c4-c183d5deb59a/prints/pp2/W502010.webp
Чехол с вкладышем,iPhone 13 Pro Max,A:502011,W502011,ПП2,994376930,1000000,https://s3.twcstorage.ru/35ffc2ef-1e09-463d-a2c4-c183d5deb59a/prints/pp2/W502011.webp
Матовые цветные чехлы для печати,iPhone 13 Pro Max,A:502012,W502012,ПП2,726855255,6,https://s3.twcstorage.ru/35ffc2ef-1e09-463d-a2c4-c183d5deb59a/prints/pp2/W502012.webp
Объемные матовые чехлы бордовые,iPhone 13 Pro Max,A:502014,W502014,ПП2,1153049229,14,https://s3.twcstorage.ru/35ffc2ef-1e09-463d-a2c4-c183d5deb59a/prints/pp2/W502014.webp
Матовые цветные чехлы для печати,iPhone 13 Pro Max,A:502016,W502016,ПП2,726816285,39,https://s3.twcstorage.ru/35ffc2ef-1e09-463d-a2c4-c183d5deb59a/prints/pp2/W502016.webp
Чехол с вкладышем,iPhone 13 Pro Max,A:502018,W502018,ПП2,994377119,1000000,https://s3.twcstorage.ru/35ffc2ef-1e09-463d-a2c4-c183d5deb59a/prints/pp2/W502018.webp
Чехол с вкладышем,iPhone 13 Pro Max,A:502024,W502024,ПП2,994377294,1000000,https://s3.twcstorage.ru/35ffc2ef-1e09-463d-a2c4-c183d5deb59a/prints/pp2/W502024.webp
Чехол с вкладышем,iPhone 13 Pro Max,A:502027,W502027,ПП2,994377340,1000000,https://s3.twcstorage.ru/35ffc2ef-1e09-463d-a2c4-c183d5deb59a/prints/pp2/W502027.webp
Объемные матовые чехлы черные,iPhone 13 Pro Max,A:502029,W502029,ПП2,1157574879,2,https://s3.twcstorage.ru/35ffc2ef-1e09-463d-a2c4-c183d5deb59a/prints/pp2/W502029.webp
Чехол с вкладышем,iPhone 13 Pro Max,A:502030,W502030,ПП2,994377428,1000000,https://s3.twcstorage.ru/35ffc2ef-1e09-463d-a2c4-c183d5deb59a/prints/pp2/W502030.webp
Белые софт-тач,iPhone 13 Pro Max,A:502031,W502031,ПП2,726579406,58,https://s3.twcstorage.ru/35ffc2ef-1e09-463d-a2c4-c183d5deb59a/prints/pp2/W502031.webp
Матовые цветные чехлы для печати,iPhone 13 Pro Max,A:502032,W502032,ПП2,726858647,40,https://s3.twcstorage.ru/35ffc2ef-1e09-463d-a2c4-c183d5deb59a/prints/pp2/W502032.webp
Белые софт-тач,iPhone 13 Pro Max,A:502033,W502033,ПП2,726638533,10,https://s3.twcstorage.ru/35ffc2ef-1e09-463d-a2c4-c183d5deb59a/prints/pp2/W502033.webp
Белые софт-тач,iPhone 13 Pro Max,A:502035,W502035,ПП2,726563473,20,https://s3.twcstorage.ru/35ffc2ef-1e09-463d-a2c4-c183d5deb59a/prints/pp2/W502035.webp
Белые софт-тач,iPhone 13 Pro Max,A:502036,W502036,ПП2,726649549,25,https://s3.twcstorage.ru/35ffc2ef-1e09-463d-a2c4-c183d5deb59a/prints/pp2/W502036.webp
Объемные матовые чехлы черные,iPhone 13 Pro Max,A:502037,W502037,ПП2,1157581039,52,https://s3.twcstorage.ru/35ffc2ef-1e09-463d-a2c4-c183d5deb59a/prints/pp2/W502037.webp
Белые софт-тач,iPhone 13 Pro Max,A:502038,W502038,ПП2,726615164,1000000,https://s3.twcstorage.ru/35ffc2ef-1e09-463d-a2c4-c183d5deb59a/prints/pp2/Y502038.webp
Белые софт-тач,iPhone 13 Pro Max,A:502047,W502047,ПП2,726572148,32,https://s3.twcstorage.ru/35ffc2ef-1e09-463d-a2c4-c183d5deb59a/prints/pp2/W502047.webp
Матовые цветные чехлы для печати,iPhone 13 Pro Max,A:502048,W502048,ПП2,726761887,72,https://s3.twcstorage.ru/35ffc2ef-1e09-463d-a2c4-c183d5deb59a/prints/pp2/Y502048.webp
Матовые цветные чехлы для печати,iPhone 13 Pro Max,A:502049,W502049,ПП2,726763854,60,https://s3.twcstorage.ru/35ffc2ef-1e09-463d-a2c4-c183d5deb59a/prints/pp2/Y502049.webp
Матовые цветные чехлы для печати,iPhone 13 Pro Max,A:502050,W502050,ПП2,726767075,94,https://s3.twcstorage.ru/35ffc2ef-1e09-463d-a2c4-c183d5deb59a/prints/pp2/Y502050.webp
Белые софт-тач,iPhone 13 Pro Max,A:502051,W502051,ПП2,726567940,47,https://s3.twcstorage.ru/35ffc2ef-1e09-463d-a2c4-c183d5deb59a/prints/pp2/W502051.webp
Белые софт-тач,iPhone 13 Pro Max,A:502052,W502052,ПП2,726642691,2,https://s3.twcstorage.ru/35ffc2ef-1e09-463d-a2c4-c183d5deb59a/prints/pp2/W502052.webp
Белые софт-тач,iPhone 13 Pro Max,A:502053,W502053,ПП2,726640404,1,https://s3.twcstorage.ru/35ffc2ef-1e09-463d-a2c4-c183d5deb59a/prints/pp2/W502053.webp
Матовые цветные чехлы для печати,iPhone 13 Pro Max,A:502054,W502054,ПП2,726770039,73,https://s3.twcstorage.ru/35ffc2ef-1e09-463d-a2c4-c183d5deb59a/prints/pp2/W502054.webp
Чехол с вкладышем,iPhone 13 Pro Max,A:502055,W502055,ПП2,994377707,1000000,https://s3.twcstorage.ru/35ffc2ef-1e09-463d-a2c4-c183d5deb59a/prints/pp2/W502055.webp
Белые софт-тач,iPhone 13 Pro Max,A:502057,W502057,ПП2,726577899,26,https://s3.twcstorage.ru/35ffc2ef-1e09-463d-a2c4-c183d5deb59a/prints/pp2/W502057.webp
Матовые цветные чехлы для печати,iPhone 13 Pro Max,A:502062,W502062,ПП2,726777149,97,https://s3.twcstorage.ru/35ffc2ef-1e09-463d-a2c4-c183d5deb59a/prints/pp2/W502062.webp
Объемные матовые чехлы черные,iPhone 13 Pro Max,A:502063,W502063,ПП2,1157331265,1000000,https://s3.twcstorage.ru/35ffc2ef-1e09-463d-a2c4-c183d5deb59a/prints/pp2/W502063.webp
Матовые цветные чехлы для печати,iPhone 13 Pro Max,A:502065,W502065,ПП2,726839053,16,https://s3.twcstorage.ru/35ffc2ef-1e09-463d-a2c4-c183d5deb59a/prints/pp2/W502065.webp
Белые софт-тач,iPhone 13 Pro Max,A:502067,W502067,ПП2,726574790,63,https://s3.twcstorage.ru/35ffc2ef-1e09-463d-a2c4-c183d5deb59a/prints/pp2/W5020671.webp
Матовые цветные чехлы для печати,iPhone 13 Pro Max,A:506329,W5063291,ПП2,1185796255,7,https://s3.twcstorage.ru/35ffc2ef-1e09-463d-a2c4-c183d5deb59a/prints/pp2/W5063291.webp
Матовые цветные чехлы для печати,iPhone 13 Pro Max,A:506330,W5063301,ПП2,1185577771,3,https://s3.twcstorage.ru/35ffc2ef-1e09-463d-a2c4-c183d5deb59a/prints/pp2/W5063301.webp
Белые софт-тач,iPhone 13 Pro Max,A:506331,W506331,ПП2,1164161890,5,https://s3.twcstorage.ru/35ffc2ef-1e09-463d-a2c4-c183d5deb59a/prints/pp2/W5063311.webp
Силиконовые чехлы,iPhone 13 Pro Max,A:506332,W506332,ПП2,1186131220,3,https://s3.twcstorage.ru/35ffc2ef-1e09-463d-a2c4-c183d5deb59a/prints/pp2/W5063321.webp
Матовые цветные чехлы для печати,iPhone 13 Pro Max,A:506333,W5063331,ПП2,1185809909,25,https://s3.twcstorage.ru/35ffc2ef-1e09-463d-a2c4-c183d5deb59a/prints/pp2/W5063331.webp
Матовые цветные чехлы для печати,iPhone 13 Pro Max,A:506334,W5063341,ПП2,1189274079,1,https://s3.twcstorage.ru/35ffc2ef-1e09-463d-a2c4-c183d5deb59a/prints/pp2/W5063341.webp
Матовые цветные чехлы для печати,iPhone 13 Pro Max,A:506335,W5063351,ПП2,1185606237,23,https://s3.twcstorage.ru/35ffc2ef-1e09-463d-a2c4-c183d5deb59a/prints/pp2/W5063351.webp
Силиконовые чехлы,iPhone 13 Pro Max,A:506336,W506336,ПП2,1186192149,14,https://s3.twcstorage.ru/35ffc2ef-1e09-463d-a2c4-c183d5deb59a/prints/pp2/W5063361.webp
Белые софт-тач,iPhone 13 Pro Max,A:506337,W506337,ПП2,1164275847,77,https://s3.twcstorage.ru/35ffc2ef-1e09-463d-a2c4-c183d5deb59a/prints/pp2/W5063371.webp
Объемные матовые чехлы черные,iPhone 13 Pro Max,A:506338,W5063381,ПП2,1158049507,6,https://s3.twcstorage.ru/35ffc2ef-1e09-463d-a2c4-c183d5deb59a/prints/pp2/W5063381.webp
Силиконовые чехлы,iPhone 13 Pro Max,A:506339,W506339,ПП2,1186224543,13,https://s3.twcstorage.ru/35ffc2ef-1e09-463d-a2c4-c183d5deb59a/prints/pp2/W5063391.webp
Белые софт-тач,iPhone 13 Pro Max,A:506340,W506340,ПП2,1164329299,4,https://s3.twcstorage.ru/35ffc2ef-1e09-463d-a2c4-c183d5deb59a/prints/pp2/W5063401.webp
Силиконовые чехлы,iPhone 13 Pro Max,A:506353,W506353,ПП2,1186338515,74,https://s3.twcstorage.ru/35ffc2ef-1e09-463d-a2c4-c183d5deb59a/prints/pp2/W5063531.webp
Силиконовые чехлы,iPhone 13 Pro Max,A:506361,W506361,ПП2,1186405191,30,https://s3.twcstorage.ru/35ffc2ef-1e09-463d-a2c4-c183d5deb59a/prints/pp2/W506361.webp
Матовые цветные чехлы для печати,iPhone 13 Pro Max,A:506363,W506363,ПП2,1185668774,33,https://s3.twcstorage.ru/35ffc2ef-1e09-463d-a2c4-c183d5deb59a/prints/pp2/W506363.webp
Белые софт-тач,iPhone 13 Pro Max,A:506364,W506364,ПП2,1163749027,34,https://s3.twcstorage.ru/35ffc2ef-1e09-463d-a2c4-c183d5deb59a/prints/pp2/W506364.webp
Силиконовые чехлы,iPhone 13 Pro Max,A:506365,W506365,ПП2,1186438689,1000000,https://s3.twcstorage.ru/35ffc2ef-1e09-463d-a2c4-c183d5deb59a/prints/pp2/W506365.webp
Силиконовые чехлы,iPhone 13 Pro Max,A:506369,W506369,ПП2,1186467650,46,https://s3.twcstorage.ru/35ffc2ef-1e09-463d-a2c4-c183d5deb59a/prints/pp2/W506369.webp
Белые софт-тач,iPhone 13 Pro Max,A:506370,W506370,ПП2,1163879306,35,https://s3.twcstorage.ru/35ffc2ef-1e09-463d-a2c4-c183d5deb59a/prints/pp2/W506370.webp
Силиконовые чехлы,iPhone 13 Pro Max,A:506371,W506371,ПП2,1186480462,75,https://s3.twcstorage.ru/35ffc2ef-1e09-463d-a2c4-c183d5deb59a/prints/pp2/W506371.webp
Силиконовые чехлы,iPhone 13 Pro Max,A:506372,W506372,ПП2,1186486939,16,https://s3.twcstorage.ru/35ffc2ef-1e09-463d-a2c4-c183d5deb59a/prints/pp2/W506372.webp
Силиконовые чехлы,iPhone 13 Pro Max,A:506373,W506373,ПП2,1186495310,6,https://s3.twcstorage.ru/35ffc2ef-1e09-463d-a2c4-c183d5deb59a/prints/pp2/W506373.webp
Белые софт-тач,iPhone 13 Pro Max,A:506374,W506374,ПП2,1163963110,3,https://s3.twcstorage.ru/35ffc2ef-1e09-463d-a2c4-c183d5deb59a/prints/pp2/W506374.webp
Силиконовые чехлы,iPhone 13 Pro Max,A:506376,W506376,ПП2,1186518587,53,https://s3.twcstorage.ru/35ffc2ef-1e09-463d-a2c4-c183d5deb59a/prints/pp2/W506376.webp
Силиконовые чехлы,iPhone 13 Pro Max,A:506378,W506378,ПП2,1186532022,22,https://s3.twcstorage.ru/35ffc2ef-1e09-463d-a2c4-c183d5deb59a/prints/pp2/W506378.webp
Матовые цветные чехлы для печати,iPhone 13 Pro Max,A:506379,W506379,ПП2,1185472681,24,https://s3.twcstorage.ru/35ffc2ef-1e09-463d-a2c4-c183d5deb59a/prints/pp2/W506379.webp
Объемные матовые чехлы бордовые,iPhone 13 Pro Max,A:506383,Q506383,ПП2,1153062226,30,https://s3.twcstorage.ru/35ffc2ef-1e09-463d-a2c4-c183d5deb59a/prints/pp2/Q5063831.webp
Стеклянные чехлы,iPhone 13 Pro Max,A:506384,Q5063841,ПП2,1186929765,1,https://s3.twcstorage.ru/35ffc2ef-1e09-463d-a2c4-c183d5deb59a/prints/pp2/Q5063841.webp
Чехол с вкладышем,iPhone 13 mini,A:501938,W501938,ПП2,994353803,1000000,https://s3.twcstorage.ru/35ffc2ef-1e09-463d-a2c4-c183d5deb59a/prints/pp2/W501938.webp
Белые софт-тач,iPhone 13 mini,A:501947,W501947,ПП2,726589613,27,https://s3.twcstorage.ru/35ffc2ef-1e09-463d-a2c4-c183d5deb59a/prints/pp2/W501947.webp
Чёрные софт-тач,iPhone 13 mini,A:501950,S501950,ПП2,727133148,2,https://s3.twcstorage.ru/35ffc2ef-1e09-463d-a2c4-c183d5deb59a/prints/pp2/W501950.webp
Чёрные софт-тач,iPhone 13 mini,A:501951,S501951,ПП2,727136336,5,https://s3.twcstorage.ru/35ffc2ef-1e09-463d-a2c4-c183d5deb59a/prints/pp2/W501951.webp
Чёрные софт-тач,iPhone 13 mini,A:501953,S501953,ПП2,727113400,1000000,https://s3.twcstorage.ru/35ffc2ef-1e09-463d-a2c4-c183d5deb59a/prints/pp2/W501953.webp
Чёрные софт-тач,iPhone 13 mini,A:501954,S501954,ПП2,727115420,1000000,https://s3.twcstorage.ru/35ffc2ef-1e09-463d-a2c4-c183d5deb59a/prints/pp2/W501954.webp
Белые софт-тач,iPhone 13 mini,A:501957,W501957,ПП2,726609698,29,https://s3.twcstorage.ru/35ffc2ef-1e09-463d-a2c4-c183d5deb59a/prints/pp2/W501957.webp
Белые софт-тач,iPhone 13 mini,A:501960,W501960,ПП2,726672714,38,https://s3.twcstorage.ru/35ffc2ef-1e09-463d-a2c4-c183d5deb59a/prints/pp2/W501960.webp
Чехол с вкладышем,iPhone 13 mini,A:501961,W501961,ПП2,994354145,1000000,https://s3.twcstorage.ru/35ffc2ef-1e09-463d-a2c4-c183d5deb59a/prints/pp2/W501961.webp
Белые софт-тач,iPhone 13 mini,A:501962,W501962,ПП2,726675147,13,https://s3.twcstorage.ru/35ffc2ef-1e09-463d-a2c4-c183d5deb59a/prints/pp2/W501962.webp
Силиконовые чехлы,iPhone 13 mini,A:501978,Q501978,ПП2,727217773,2,https://s3.twcstorage.ru/35ffc2ef-1e09-463d-a2c4-c183d5deb59a/prints/pp2/Q5019781.webp
Силиконовые чехлы,iPhone 13 mini,A:501980,Q501980,ПП2,727174685,4,https://s3.twcstorage.ru/35ffc2ef-1e09-463d-a2c4-c183d5deb59a/prints/pp2/Q5019801.webp
Силиконовые чехлы,iPhone 13 mini,A:501989,Q501989,ПП2,727517430,1000000,https://s3.twcstorage.ru/35ffc2ef-1e09-463d-a2c4-c183d5deb59a/prints/pp2/Y501989.webp
Силиконовые чехлы,iPhone 13 mini,A:501993,Q501993,ПП2,727179292,37,https://s3.twcstorage.ru/35ffc2ef-1e09-463d-a2c4-c183d5deb59a/prints/pp2/Q5019931.webp
Чехол с вкладышем,iPhone 13 mini,A:502003,W502003,ПП2,994354420,1000000,https://s3.twcstorage.ru/35ffc2ef-1e09-463d-a2c4-c183d5deb59a/prints/pp2/W502003.webp
Чехол с вкладышем,iPhone 13 mini,A:502005,W502005,ПП2,994354449,1000000,https://s3.twcstorage.ru/35ffc2ef-1e09-463d-a2c4-c183d5deb59a/prints/pp2/W502005.webp
Матовые цветные чехлы для печати,iPhone 13 mini,A:502008,W502008,ПП2,726740271,43,https://s3.twcstorage.ru/35ffc2ef-1e09-463d-a2c4-c183d5deb59a/prints/pp2/W502008.webp
Чехол с вкладышем,iPhone 13 mini,A:502010,W502010,ПП2,994354572,1000000,https://s3.twcstorage.ru/35ffc2ef-1e09-463d-a2c4-c183d5deb59a/prints/pp2/W502010.webp
Матовые цветные чехлы для печати,iPhone 13 mini,A:502012,W502012,ПП2,726855390,6,https://s3.twcstorage.ru/35ffc2ef-1e09-463d-a2c4-c183d5deb59a/prints/pp2/W502012.webp
Матовые цветные чехлы для печати,iPhone 13 mini,A:502014,W502014,ПП2,726750180,18,https://s3.twcstorage.ru/35ffc2ef-1e09-463d-a2c4-c183d5deb59a/prints/pp2/W502014.webp
Белые софт-тач,iPhone 13 mini,A:502016,W502016,ПП2,726632307,1000000,https://s3.twcstorage.ru/35ffc2ef-1e09-463d-a2c4-c183d5deb59a/prints/pp2/W502016.webp
Чехол с вкладышем,iPhone 13 mini,A:502023,W502023,ПП2,994354766,1000000,https://s3.twcstorage.ru/35ffc2ef-1e09-463d-a2c4-c183d5deb59a/prints/pp2/W502023.webp
Чехол с вкладышем,iPhone 13 mini,A:502029,W502029,ПП2,994354877,1000000,https://s3.twcstorage.ru/35ffc2ef-1e09-463d-a2c4-c183d5deb59a/prints/pp2/W502029.webp
Матовые цветные чехлы для печати,iPhone 13 mini,A:502031,W502031,ПП2,726754589,59,https://s3.twcstorage.ru/35ffc2ef-1e09-463d-a2c4-c183d5deb59a/prints/pp2/W502031.webp
Матовые цветные чехлы для печати,iPhone 13 mini,A:502032,W502032,ПП2,726858788,40,https://s3.twcstorage.ru/35ffc2ef-1e09-463d-a2c4-c183d5deb59a/prints/pp2/W502032.webp
Матовые цветные чехлы для печати,iPhone 13 mini,A:502033,W502033,ПП2,726862888,70,https://s3.twcstorage.ru/35ffc2ef-1e09-463d-a2c4-c183d5deb59a/prints/pp2/W502033.webp
Чехол с вкладышем,iPhone 13 mini,A:502036,W502036,ПП2,994355023,1000000,https://s3.twcstorage.ru/35ffc2ef-1e09-463d-a2c4-c183d5deb59a/prints/pp2/W502036.webp
Белые софт-тач,iPhone 13 mini,A:502039,W502039,ПП2,726621937,31,https://s3.twcstorage.ru/35ffc2ef-1e09-463d-a2c4-c183d5deb59a/prints/pp2/W502039.webp
Чехол с вкладышем,iPhone 13 mini,A:502047,W502047,ПП2,994355177,1000000,https://s3.twcstorage.ru/35ffc2ef-1e09-463d-a2c4-c183d5deb59a/prints/pp2/W502047.webp
Белые софт-тач,iPhone 13 mini,A:502048,W502048,ПП2,726573502,21,https://s3.twcstorage.ru/35ffc2ef-1e09-463d-a2c4-c183d5deb59a/prints/pp2/Y502048.webp
Матовые цветные чехлы для печати,iPhone 13 mini,A:502050,W502050,ПП2,726767265,94,https://s3.twcstorage.ru/35ffc2ef-1e09-463d-a2c4-c183d5deb59a/prints/pp2/Y502050.webp
Белые софт-тач,iPhone 13 mini,A:502052,W502052,ПП2,726641985,2,https://s3.twcstorage.ru/35ffc2ef-1e09-463d-a2c4-c183d5deb59a/prints/pp2/W502052.webp
Белые софт-тач,iPhone 13 mini,A:502053,W502053,ПП2,726639867,1,https://s3.twcstorage.ru/35ffc2ef-1e09-463d-a2c4-c183d5deb59a/prints/pp2/W502053.webp
Матовые цветные чехлы для печати,iPhone 13 mini,A:502054,W502054,ПП2,726770078,73,https://s3.twcstorage.ru/35ffc2ef-1e09-463d-a2c4-c183d5deb59a/prints/pp2/W502054.webp
Чехол с вкладышем,iPhone 13 mini,A:502057,W502057,ПП2,994355459,1000000,https://s3.twcstorage.ru/35ffc2ef-1e09-463d-a2c4-c183d5deb59a/prints/pp2/W502057.webp
Чехол с вкладышем,iPhone 13 mini,A:502066,W502066,ПП2,994355597,1000000,https://s3.twcstorage.ru/35ffc2ef-1e09-463d-a2c4-c183d5deb59a/prints/pp2/W502066.webp
Матовые цветные чехлы для печати,iPhone 13 mini,A:506330,W5063301,ПП2,1189261187,3,https://s3.twcstorage.ru/35ffc2ef-1e09-463d-a2c4-c183d5deb59a/prints/pp2/W5063301.webp
Белые софт-тач,iPhone 13 mini,A:506331,W506331,ПП2,1164159053,5,https://s3.twcstorage.ru/35ffc2ef-1e09-463d-a2c4-c183d5deb59a/prints/pp2/W5063311.webp
Силиконовые чехлы,iPhone 13 mini,A:506332,W506332,ПП2,1186131707,3,https://s3.twcstorage.ru/35ffc2ef-1e09-463d-a2c4-c183d5deb59a/prints/pp2/W5063321.webp
Матовые цветные чехлы для печати,iPhone 13 mini,A:506334,W5063341,ПП2,1185475804,1,https://s3.twcstorage.ru/35ffc2ef-1e09-463d-a2c4-c183d5deb59a/prints/pp2/W5063341.webp
Силиконовые чехлы,iPhone 13 mini,A:506336,W506336,ПП2,1186192891,14,https://s3.twcstorage.ru/35ffc2ef-1e09-463d-a2c4-c183d5deb59a/prints/pp2/W5063361.webp
Белые софт-тач,iPhone 13 mini,A:506337,W506337,ПП2,1164272585,77,https://s3.twcstorage.ru/35ffc2ef-1e09-463d-a2c4-c183d5deb59a/prints/pp2/W5063371.webp
Силиконовые чехлы,iPhone 13 mini,A:506339,W506339,ПП2,1186224860,13,https://s3.twcstorage.ru/35ffc2ef-1e09-463d-a2c4-c183d5deb59a/prints/pp2/W5063391.webp
Силиконовые чехлы,iPhone 13 mini,A:506340,W506340,ПП2,1186234589,5,https://s3.twcstorage.ru/35ffc2ef-1e09-463d-a2c4-c183d5deb59a/prints/pp2/W5063401.webp
Силиконовые чехлы,iPhone 13 mini,A:506341,W506341,ПП2,1186244509,109,https://s3.twcstorage.ru/35ffc2ef-1e09-463d-a2c4-c183d5deb59a/prints/pp2/W5063411.webp
Матовые цветные чехлы для печати,iPhone 13 mini,A:506350,W5063501,ПП2,1185485098,32,https://s3.twcstorage.ru/35ffc2ef-1e09-463d-a2c4-c183d5deb59a/prints/pp2/W5063501.webp
Белые софт-тач,iPhone 13 mini,A:506365,W506365,ПП2,1163766922,49,https://s3.twcstorage.ru/35ffc2ef-1e09-463d-a2c4-c183d5deb59a/prints/pp2/W506365.webp
Белые софт-тач,iPhone 13 mini,A:506371,W506371,ПП2,1163895324,1000000,https://s3.twcstorage.ru/35ffc2ef-1e09-463d-a2c4-c183d5deb59a/prints/pp2/W506371.webp
Силиконовые чехлы,iPhone 13 mini,A:506372,W506372,ПП2,1186487530,16,https://s3.twcstorage.ru/35ffc2ef-1e09-463d-a2c4-c183d5deb59a/prints/pp2/W506372.webp
Силиконовые чехлы,iPhone 13 mini,A:506374,W506374,ПП2,1186504354,10,https://s3.twcstorage.ru/35ffc2ef-1e09-463d-a2c4-c183d5deb59a/prints/pp2/W506374.webp
Белые софт-тач,iPhone 13 mini,A:506379,W506379,ПП2,1164061407,42,https://s3.twcstorage.ru/35ffc2ef-1e09-463d-a2c4-c183d5deb59a/prints/pp2/W506379.webp
Матовые цветные чехлы для печати,iPhone 13 mini,A:506381,W506381,ПП2,1185537909,14,https://s3.twcstorage.ru/35ffc2ef-1e09-463d-a2c4-c183d5deb59a/prints/pp2/W506381.webp
Чехол с вкладышем,iPhone 14,A:501927,W501927,ПП2,994380165,1000000,https://s3.twcstorage.ru/35ffc2ef-1e09-463d-a2c4-c183d5deb59a/prints/pp2/W501927.webp
Чехол с вкладышем,iPhone 14,A:501928,W501928,ПП2,994380190,1000000,https://s3.twcstorage.ru/35ffc2ef-1e09-463d-a2c4-c183d5deb59a/prints/pp2/W501928.webp
Матовые цветные чехлы для печати,iPhone 14,A:501929,W501929,ПП2,726741851,82,https://s3.twcstorage.ru/35ffc2ef-1e09-463d-a2c4-c183d5deb59a/prints/pp2/W501929.webp
Белые софт-тач,iPhone 14,A:501933,W501933,ПП2,726592647,67,https://s3.twcstorage.ru/35ffc2ef-1e09-463d-a2c4-c183d5deb59a/prints/pp2/W501933.webp
Чехол с вкладышем,iPhone 14,A:501934,W501934,ПП2,994380465,1000000,https://s3.twcstorage.ru/35ffc2ef-1e09-463d-a2c4-c183d5deb59a/prints/pp2/W501934.webp
Матовые цветные чехлы для печати,iPhone 14,A:501937,W501937,ПП2,726808397,1000000,https://s3.twcstorage.ru/35ffc2ef-1e09-463d-a2c4-c183d5deb59a/prints/pp2/W501937.webp
Чёрные софт-тач,iPhone 14,A:501943,S501943,ПП2,727102671,6,https://s3.twcstorage.ru/35ffc2ef-1e09-463d-a2c4-c183d5deb59a/prints/pp2/S501943.webp
Чёрные софт-тач,iPhone 14,A:501944,S501944,ПП2,727105618,4,https://s3.twcstorage.ru/35ffc2ef-1e09-463d-a2c4-c183d5deb59a/prints/pp2/S501944.webp
Чёрные софт-тач,iPhone 14,A:501946,S501946,ПП2,727095104,7,https://s3.twcstorage.ru/35ffc2ef-1e09-463d-a2c4-c183d5deb59a/prints/pp2/W501946.webp
Чёрные софт-тач,iPhone 14,A:501947,S501947,ПП2,727134556,8,https://s3.twcstorage.ru/35ffc2ef-1e09-463d-a2c4-c183d5deb59a/prints/pp2/W501947.webp
Чёрные софт-тач,iPhone 14,A:501949,S501949,ПП2,727140141,1,https://s3.twcstorage.ru/35ffc2ef-1e09-463d-a2c4-c183d5deb59a/prints/pp2/W501949.webp
Объемные матовые чехлы коричневые,iPhone 14,A:501950,W501950,ПП2,1156158883,8,https://s3.twcstorage.ru/35ffc2ef-1e09-463d-a2c4-c183d5deb59a/prints/pp2/W501950.webp
Чёрные софт-тач,iPhone 14,A:501951,S501951,ПП2,727136387,5,https://s3.twcstorage.ru/35ffc2ef-1e09-463d-a2c4-c183d5deb59a/prints/pp2/W501951.webp
Белые софт-тач,iPhone 14,A:501953,W501953,ПП2,726588885,6,https://s3.twcstorage.ru/35ffc2ef-1e09-463d-a2c4-c183d5deb59a/prints/pp2/W501953.webp
Белые софт-тач,iPhone 14,A:501954,W501954,ПП2,726598544,1000000,https://s3.twcstorage.ru/35ffc2ef-1e09-463d-a2c4-c183d5deb59a/prints/pp2/W501954.webp
Матовые цветные чехлы для печати,iPhone 14,A:501955,W501955,ПП2,726782251,64,https://s3.twcstorage.ru/35ffc2ef-1e09-463d-a2c4-c183d5deb59a/prints/pp2/W501955.webp
Чёрные софт-тач,iPhone 14,A:501957,S501957,ПП2,727123456,3,https://s3.twcstorage.ru/35ffc2ef-1e09-463d-a2c4-c183d5deb59a/prints/pp2/W501957.webp
Чехол с вкладышем,iPhone 14,A:501960,W501960,ПП2,994380832,1000000,https://s3.twcstorage.ru/35ffc2ef-1e09-463d-a2c4-c183d5deb59a/prints/pp2/W501960.webp
Белые софт-тач,iPhone 14,A:501961,W501961,ПП2,726672653,12,https://s3.twcstorage.ru/35ffc2ef-1e09-463d-a2c4-c183d5deb59a/prints/pp2/W501961.webp
Белые софт-тач,iPhone 14,A:501962,W501962,ПП2,726674324,13,https://s3.twcstorage.ru/35ffc2ef-1e09-463d-a2c4-c183d5deb59a/prints/pp2/W501962.webp
Силиконовые чехлы,iPhone 14,A:501964,Q501964,ПП2,726951180,1000000,https://s3.twcstorage.ru/35ffc2ef-1e09-463d-a2c4-c183d5deb59a/prints/pp2/Q5019641.webp
Стеклянные чехлы,iPhone 14,A:501965,Q5019651,ПП2,933506711,1000000,https://s3.twcstorage.ru/35ffc2ef-1e09-463d-a2c4-c183d5deb59a/prints/pp2/Q5019651.webp
Чехол с вкладышем,iPhone 14,A:501969,W501969,ПП2,994380907,1000000,https://s3.twcstorage.ru/35ffc2ef-1e09-463d-a2c4-c183d5deb59a/prints/pp2/W501969.webp
Силиконовые чехлы,iPhone 14,A:501971,Q501971,ПП2,726914428,87,https://s3.twcstorage.ru/35ffc2ef-1e09-463d-a2c4-c183d5deb59a/prints/pp2/Q501971.webp
Силиконовые чехлы,iPhone 14,A:501974,Q501974,ПП2,727293380,70,https://s3.twcstorage.ru/35ffc2ef-1e09-463d-a2c4-c183d5deb59a/prints/pp2/Q501974.webp
Силиконовые чехлы,iPhone 14,A:501978,Q501978,ПП2,727217178,2,https://s3.twcstorage.ru/35ffc2ef-1e09-463d-a2c4-c183d5deb59a/prints/pp2/Q5019781.webp
Стеклянные чехлы,iPhone 14,A:501979,Q5019791,ПП2,933511111,6,https://s3.twcstorage.ru/35ffc2ef-1e09-463d-a2c4-c183d5deb59a/prints/pp2/Q5019791.webp
Стеклянные чехлы,iPhone 14,A:501980,Q5019801,ПП2,933509616,2,https://s3.twcstorage.ru/35ffc2ef-1e09-463d-a2c4-c183d5deb59a/prints/pp2/Q5019801.webp
Стеклянные чехлы,iPhone 14,A:501981,Q5019811,ПП2,933512724,1000000,https://s3.twcstorage.ru/35ffc2ef-1e09-463d-a2c4-c183d5deb59a/prints/pp2/Y501981.webp
Силиконовые чехлы,iPhone 14,A:501989,Q501989,ПП2,727517067,1000000,https://s3.twcstorage.ru/35ffc2ef-1e09-463d-a2c4-c183d5deb59a/prints/pp2/Y501989.webp
Силиконовые чехлы,iPhone 14,A:501990,Q501990,ПП2,727812960,63,https://s3.twcstorage.ru/35ffc2ef-1e09-463d-a2c4-c183d5deb59a/prints/pp2/Y501990.webp
Силиконовые чехлы,iPhone 14,A:501992,Q501992,ПП2,727030811,129,https://s3.twcstorage.ru/35ffc2ef-1e09-463d-a2c4-c183d5deb59a/prints/pp2/Q501992.webp
Стеклянные чехлы,iPhone 14,A:501993,Q5019931,ПП2,933503510,4,https://s3.twcstorage.ru/35ffc2ef-1e09-463d-a2c4-c183d5deb59a/prints/pp2/Q5019931.webp
Объемные матовые чехлы коричневые,iPhone 14,A:501996,W501996,ПП2,1156104226,1000000,https://s3.twcstorage.ru/35ffc2ef-1e09-463d-a2c4-c183d5deb59a/prints/pp2/Y501996.webp
Чехол с вкладышем,iPhone 14,A:501997,W501997,ПП2,994381062,1000000,https://s3.twcstorage.ru/35ffc2ef-1e09-463d-a2c4-c183d5deb59a/prints/pp2/Y501997.webp
Объемные матовые чехлы коричневые,iPhone 14,A:502003,W502003,ПП2,1156241844,21,https://s3.twcstorage.ru/35ffc2ef-1e09-463d-a2c4-c183d5deb59a/prints/pp2/W502003.webp
Объемные матовые чехлы коричневые,iPhone 14,A:502005,W502005,ПП2,1156340351,12,https://s3.twcstorage.ru/35ffc2ef-1e09-463d-a2c4-c183d5deb59a/prints/pp2/W502005.webp
Матовые цветные чехлы для печати,iPhone 14,A:502006,W502006,ПП2,726861028,47,https://s3.twcstorage.ru/35ffc2ef-1e09-463d-a2c4-c183d5deb59a/prints/pp2/W502006.webp
Белые софт-тач,iPhone 14,A:502007,W502007,ПП2,726645292,71,https://s3.twcstorage.ru/35ffc2ef-1e09-463d-a2c4-c183d5deb59a/prints/pp2/W502007.webp
Объемные матовые чехлы черные,iPhone 14,A:502008,W502008,ПП2,1157637400,36,https://s3.twcstorage.ru/35ffc2ef-1e09-463d-a2c4-c183d5deb59a/prints/pp2/W502008.webp
Матовые цветные чехлы для печати,iPhone 14,A:502009,W502009,ПП2,726741304,22,https://s3.twcstorage.ru/35ffc2ef-1e09-463d-a2c4-c183d5deb59a/prints/pp2/W502009.webp
Объемные матовые чехлы молочные,iPhone 14,A:502010,W502010,ПП2,1155718316,2,https://s3.twcstorage.ru/35ffc2ef-1e09-463d-a2c4-c183d5deb59a/prints/pp2/W502010.webp
Чехол с вкладышем,iPhone 14,A:502011,W502011,ПП2,994381233,1000000,https://s3.twcstorage.ru/35ffc2ef-1e09-463d-a2c4-c183d5deb59a/prints/pp2/W502011.webp
Матовые цветные чехлы для печати,iPhone 14,A:502012,W502012,ПП2,726853662,6,https://s3.twcstorage.ru/35ffc2ef-1e09-463d-a2c4-c183d5deb59a/prints/pp2/W502012.webp
Чехол с вкладышем,iPhone 14,A:502013,W502013,ПП2,994381252,1000000,https://s3.twcstorage.ru/35ffc2ef-1e09-463d-a2c4-c183d5deb59a/prints/pp2/W502013.webp
Объемные матовые чехлы молочные,iPhone 14,A:502014,W502014,ПП2,1155794327,5,https://s3.twcstorage.ru/35ffc2ef-1e09-463d-a2c4-c183d5deb59a/prints/pp2/W502014.webp
Чехол с вкладышем,iPhone 14,A:502016,W502016,ПП2,994381561,1000000,https://s3.twcstorage.ru/35ffc2ef-1e09-463d-a2c4-c183d5deb59a/prints/pp2/W502016.webp
Чехол с вкладышем,iPhone 14,A:502017,W502017,ПП2,994381492,1000000,https://s3.twcstorage.ru/35ffc2ef-1e09-463d-a2c4-c183d5deb59a/prints/pp2/W502017.webp
Чехол с вкладышем,iPhone 14,A:502019,W502019,ПП2,994381650,1000000,https://s3.twcstorage.ru/35ffc2ef-1e09-463d-a2c4-c183d5deb59a/prints/pp2/W502019.webp
Чехол с вкладышем,iPhone 14,A:502023,W502023,ПП2,994381718,1000000,https://s3.twcstorage.ru/35ffc2ef-1e09-463d-a2c4-c183d5deb59a/prints/pp2/W502023.webp
Матовые цветные чехлы для печати,iPhone 14,A:502025,W502025,ПП2,726875115,34,https://s3.twcstorage.ru/35ffc2ef-1e09-463d-a2c4-c183d5deb59a/prints/pp2/W502025.webp
Чехол с вкладышем,iPhone 14,A:502026,W502026,ПП2,994382035,1000000,https://s3.twcstorage.ru/35ffc2ef-1e09-463d-a2c4-c183d5deb59a/prints/pp2/W502026.webp
Чехол с вкладышем,iPhone 14,A:502027,W502027,ПП2,994382098,1000000,https://s3.twcstorage.ru/35ffc2ef-1e09-463d-a2c4-c183d5deb59a/prints/pp2/W502027.webp
Объемные матовые чехлы черные,iPhone 14,A:502029,W502029,ПП2,1181479750,2,https://s3.twcstorage.ru/35ffc2ef-1e09-463d-a2c4-c183d5deb59a/prints/pp2/W502029.webp
Белые софт-тач,iPhone 14,A:502030,W502030,ПП2,726634706,39,https://s3.twcstorage.ru/35ffc2ef-1e09-463d-a2c4-c183d5deb59a/prints/pp2/W502030.webp
Белые софт-тач,iPhone 14,A:502031,W502031,ПП2,726579944,58,https://s3.twcstorage.ru/35ffc2ef-1e09-463d-a2c4-c183d5deb59a/prints/pp2/W502031.webp
Объемные матовые чехлы коричневые,iPhone 14,A:502032,W502032,ПП2,1156557728,1,https://s3.twcstorage.ru/35ffc2ef-1e09-463d-a2c4-c183d5deb59a/prints/pp2/W502032.webp
Белые софт-тач,iPhone 14,A:502033,W502033,ПП2,726639085,10,https://s3.twcstorage.ru/35ffc2ef-1e09-463d-a2c4-c183d5deb59a/prints/pp2/W502033.webp
Объемные матовые чехлы бордовые,iPhone 14,A:502035,W502035,ПП2,1152953352,4,https://s3.twcstorage.ru/35ffc2ef-1e09-463d-a2c4-c183d5deb59a/prints/pp2/W502035.webp
Объемные матовые чехлы бордовые,iPhone 14,A:502036,W502036,ПП2,1152985056,3,https://s3.twcstorage.ru/35ffc2ef-1e09-463d-a2c4-c183d5deb59a/prints/pp2/W502036.webp
Матовые цветные чехлы для печати,iPhone 14,A:502037,W502037,ПП2,726758083,71,https://s3.twcstorage.ru/35ffc2ef-1e09-463d-a2c4-c183d5deb59a/prints/pp2/W502037.webp
Чехол с вкладышем,iPhone 14,A:502039,W502039,ПП2,994382470,1000000,https://s3.twcstorage.ru/35ffc2ef-1e09-463d-a2c4-c183d5deb59a/prints/pp2/W502039.webp
Белые софт-тач,iPhone 14,A:502044,W502044,ПП2,726624325,61,https://s3.twcstorage.ru/35ffc2ef-1e09-463d-a2c4-c183d5deb59a/prints/pp2/W502044.webp
Белые софт-тач,iPhone 14,A:502047,W502047,ПП2,726572643,32,https://s3.twcstorage.ru/35ffc2ef-1e09-463d-a2c4-c183d5deb59a/prints/pp2/W502047.webp
Объемные матовые чехлы бордовые,iPhone 14,A:502048,W502048,ПП2,1153033784,15,https://s3.twcstorage.ru/35ffc2ef-1e09-463d-a2c4-c183d5deb59a/prints/pp2/Y502048.webp
Матовые цветные чехлы для печати,iPhone 14,A:502049,W502049,ПП2,726762698,60,https://s3.twcstorage.ru/35ffc2ef-1e09-463d-a2c4-c183d5deb59a/prints/pp2/Y502049.webp
Чехол с вкладышем,iPhone 14,A:502051,W502051,ПП2,994382741,1000000,https://s3.twcstorage.ru/35ffc2ef-1e09-463d-a2c4-c183d5deb59a/prints/pp2/W502051.webp
Объемные матовые чехлы коричневые,iPhone 14,A:502052,W502052,ПП2,1156497034,2,https://s3.twcstorage.ru/35ffc2ef-1e09-463d-a2c4-c183d5deb59a/prints/pp2/W502052.webp
Белые софт-тач,iPhone 14,A:502053,W502053,ПП2,726640992,1,https://s3.twcstorage.ru/35ffc2ef-1e09-463d-a2c4-c183d5deb59a/prints/pp2/W502053.webp
Чехол с вкладышем,iPhone 14,A:502054,W502054,ПП2,994382717,1000000,https://s3.twcstorage.ru/35ffc2ef-1e09-463d-a2c4-c183d5deb59a/prints/pp2/W502054.webp
Матовые цветные чехлы для печати,iPhone 14,A:502055,W502055,ПП2,726771295,95,https://s3.twcstorage.ru/35ffc2ef-1e09-463d-a2c4-c183d5deb59a/prints/pp2/W502055.webp
Белые софт-тач,iPhone 14,A:502056,W502056,ПП2,726576778,73,https://s3.twcstorage.ru/35ffc2ef-1e09-463d-a2c4-c183d5deb59a/prints/pp2/W502056.webp
Белые софт-тач,iPhone 14,A:502057,W502057,ПП2,726578612,26,https://s3.twcstorage.ru/35ffc2ef-1e09-463d-a2c4-c183d5deb59a/prints/pp2/W502057.webp
Чехол с вкладышем,iPhone 14,A:502062,W502062,ПП2,994382824,1000000,https://s3.twcstorage.ru/35ffc2ef-1e09-463d-a2c4-c183d5deb59a/prints/pp2/W502062.webp
Матовые цветные чехлы для печати,iPhone 14,A:502065,W502065,ПП2,726838588,16,https://s3.twcstorage.ru/35ffc2ef-1e09-463d-a2c4-c183d5deb59a/prints/pp2/W502065.webp
Белые софт-тач,iPhone 14,A:502066,W502066,ПП2,726663593,75,https://s3.twcstorage.ru/35ffc2ef-1e09-463d-a2c4-c183d5deb59a/prints/pp2/W502066.webp
Белые софт-тач,iPhone 14,A:502069,W502069,ПП2,726667524,16,https://s3.twcstorage.ru/35ffc2ef-1e09-463d-a2c4-c183d5deb59a/prints/pp2/W502069.webp
Силиконовые чехлы,iPhone 14,A:506329,W506329,ПП2,1186748490,24,https://s3.twcstorage.ru/35ffc2ef-1e09-463d-a2c4-c183d5deb59a/prints/pp2/W5063291.webp
Объемные матовые чехлы молочные,iPhone 14,A:506330,W506330,ПП2,1155165414,7,https://s3.twcstorage.ru/35ffc2ef-1e09-463d-a2c4-c183d5deb59a/prints/pp2/W5063301.webp
Белые софт-тач,iPhone 14,A:506331,W506331,ПП2,1164166293,5,https://s3.twcstorage.ru/35ffc2ef-1e09-463d-a2c4-c183d5deb59a/prints/pp2/W5063311.webp
Матовые цветные чехлы для печати,iPhone 14,A:506332,W5063321,ПП2,1185632878,2,https://s3.twcstorage.ru/35ffc2ef-1e09-463d-a2c4-c183d5deb59a/prints/pp2/W5063321.webp
Силиконовые чехлы,iPhone 14,A:506333,W506333,ПП2,1186145582,50,https://s3.twcstorage.ru/35ffc2ef-1e09-463d-a2c4-c183d5deb59a/prints/pp2/W5063331.webp
Объемные матовые чехлы черные,iPhone 14,A:506334,W5063341,ПП2,1157989582,1,https://s3.twcstorage.ru/35ffc2ef-1e09-463d-a2c4-c183d5deb59a/prints/pp2/W5063341.webp
Объемные матовые чехлы черные,iPhone 14,A:506335,W5063351,ПП2,1158009428,4,https://s3.twcstorage.ru/35ffc2ef-1e09-463d-a2c4-c183d5deb59a/prints/pp2/W5063351.webp
Объемные матовые чехлы молочные,iPhone 14,A:506336,W506336,ПП2,1155255854,3,https://s3.twcstorage.ru/35ffc2ef-1e09-463d-a2c4-c183d5deb59a/prints/pp2/W5063361.webp
Объемные матовые чехлы молочные,iPhone 14,A:506337,W506337,ПП2,1155270416,9,https://s3.twcstorage.ru/35ffc2ef-1e09-463d-a2c4-c183d5deb59a/prints/pp2/W5063371.webp
Силиконовые чехлы,iPhone 14,A:506338,W506338,ПП2,1186214050,56,https://s3.twcstorage.ru/35ffc2ef-1e09-463d-a2c4-c183d5deb59a/prints/pp2/W5063381.webp
Матовые цветные чехлы для печати,iPhone 14,A:506339,W5063391,ПП2,1185549763,8,https://s3.twcstorage.ru/35ffc2ef-1e09-463d-a2c4-c183d5deb59a/prints/pp2/W5063391.webp
Белые софт-тач,iPhone 14,A:506340,W506340,ПП2,1164334353,4,https://s3.twcstorage.ru/35ffc2ef-1e09-463d-a2c4-c183d5deb59a/prints/pp2/W5063401.webp
Объемные матовые чехлы черные,iPhone 14,A:506341,W5063411,ПП2,1158109785,11,https://s3.twcstorage.ru/35ffc2ef-1e09-463d-a2c4-c183d5deb59a/prints/pp2/W5063411.webp
Матовые цветные чехлы для печати,iPhone 14,A:506346,W506346,ПП2,1185655894,19,https://s3.twcstorage.ru/35ffc2ef-1e09-463d-a2c4-c183d5deb59a/prints/pp2/W506346.webp
Матовые цветные чехлы для печати,iPhone 14,A:506351,W5063511,ПП2,1185782068,37,https://s3.twcstorage.ru/35ffc2ef-1e09-463d-a2c4-c183d5deb59a/prints/pp2/W5063511.webp
Матовые цветные чехлы для печати,iPhone 14,A:506363,W506363,ПП2,1185397812,33,https://s3.twcstorage.ru/35ffc2ef-1e09-463d-a2c4-c183d5deb59a/prints/pp2/W506363.webp
Силиконовые чехлы,iPhone 14,A:506364,W506364,ПП2,1186430519,44,https://s3.twcstorage.ru/35ffc2ef-1e09-463d-a2c4-c183d5deb59a/prints/pp2/W506364.webp
Объемные матовые чехлы черные,iPhone 14,A:506367,W506367,ПП2,1181462873,57,https://s3.twcstorage.ru/35ffc2ef-1e09-463d-a2c4-c183d5deb59a/prints/pp2/W506367.webp
Силиконовые чехлы,iPhone 14,A:506372,W506372,ПП2,1186485950,16,https://s3.twcstorage.ru/35ffc2ef-1e09-463d-a2c4-c183d5deb59a/prints/pp2/W506372.webp
Силиконовые чехлы,iPhone 14,A:506373,W506373,ПП2,1186748974,6,https://s3.twcstorage.ru/35ffc2ef-1e09-463d-a2c4-c183d5deb59a/prints/pp2/W506373.webp
Белые софт-тач,iPhone 14,A:506374,W506374,ПП2,1163968532,3,https://s3.twcstorage.ru/35ffc2ef-1e09-463d-a2c4-c183d5deb59a/prints/pp2/W506374.webp
Силиконовые чехлы,iPhone 14,A:506375,W506375,ПП2,1186510322,31,https://s3.twcstorage.ru/35ffc2ef-1e09-463d-a2c4-c183d5deb59a/prints/pp2/W506375.webp
Силиконовые чехлы,iPhone 14,A:506376,W506376,ПП2,1186713644,53,https://s3.twcstorage.ru/35ffc2ef-1e09-463d-a2c4-c183d5deb59a/prints/pp2/W506376.webp
Матовые цветные чехлы для печати,iPhone 14,A:506377,W506377,ПП2,1185605875,21,https://s3.twcstorage.ru/35ffc2ef-1e09-463d-a2c4-c183d5deb59a/prints/pp2/W506377.webp
Силиконовые чехлы,iPhone 14,A:506378,W506378,ПП2,1186665151,22,https://s3.twcstorage.ru/35ffc2ef-1e09-463d-a2c4-c183d5deb59a/prints/pp2/W506378.webp
Силиконовые чехлы,iPhone 14,A:506379,W506379,ПП2,1186729772,27,https://s3.twcstorage.ru/35ffc2ef-1e09-463d-a2c4-c183d5deb59a/prints/pp2/W506379.webp
Объемные матовые чехлы бордовые,iPhone 14,A:506384,Q506384,ПП2,1153066263,8,https://s3.twcstorage.ru/35ffc2ef-1e09-463d-a2c4-c183d5deb59a/prints/pp2/Q5063841.webp
Белые софт-тач,iPhone 14 Plus,A:501929,W501929,ПП2,931027641,1000000,https://s3.twcstorage.ru/35ffc2ef-1e09-463d-a2c4-c183d5deb59a/prints/pp2/W501929.webp
Белые софт-тач,iPhone 14 Plus,A:501937,W501937,ПП2,930954948,43,https://s3.twcstorage.ru/35ffc2ef-1e09-463d-a2c4-c183d5deb59a/prints/pp2/W501937.webp
Белые софт-тач,iPhone 14 Plus,A:501938,W501938,ПП2,931023433,1000000,https://s3.twcstorage.ru/35ffc2ef-1e09-463d-a2c4-c183d5deb59a/prints/pp2/W501938.webp
Белые софт-тач,iPhone 14 Plus,A:501947,W501947,ПП2,930925582,27,https://s3.twcstorage.ru/35ffc2ef-1e09-463d-a2c4-c183d5deb59a/prints/pp2/W501947.webp
Чехол с вкладышем,iPhone 14 Plus,A:501949,W501949,ПП2,994300046,1000000,https://s3.twcstorage.ru/35ffc2ef-1e09-463d-a2c4-c183d5deb59a/prints/pp2/W501949.webp
Чехол с вкладышем,iPhone 14 Plus,A:501950,W501950,ПП2,994300062,1000000,https://s3.twcstorage.ru/35ffc2ef-1e09-463d-a2c4-c183d5deb59a/prints/pp2/W501950.webp
Белые софт-тач,iPhone 14 Plus,A:501951,W501951,ПП2,930919249,7,https://s3.twcstorage.ru/35ffc2ef-1e09-463d-a2c4-c183d5deb59a/prints/pp2/W501951.webp
Силиконовые чехлы,iPhone 14 Plus,A:501955,C501955,ПП2,727206784,61,https://s3.twcstorage.ru/35ffc2ef-1e09-463d-a2c4-c183d5deb59a/prints/pp2/W501955.webp
Белые софт-тач,iPhone 14 Plus,A:501957,W501957,ПП2,930961464,29,https://s3.twcstorage.ru/35ffc2ef-1e09-463d-a2c4-c183d5deb59a/prints/pp2/W501957.webp
Белые софт-тач,iPhone 14 Plus,A:501960,W501960,ПП2,931041316,38,https://s3.twcstorage.ru/35ffc2ef-1e09-463d-a2c4-c183d5deb59a/prints/pp2/W501960.webp
Силиконовые чехлы,iPhone 14 Plus,A:501962,C501962,ПП2,727532049,62,https://s3.twcstorage.ru/35ffc2ef-1e09-463d-a2c4-c183d5deb59a/prints/pp2/W501962.webp
Силиконовые чехлы,iPhone 14 Plus,A:501964,Q501964,ПП2,726952915,1000000,https://s3.twcstorage.ru/35ffc2ef-1e09-463d-a2c4-c183d5deb59a/prints/pp2/Q5019641.webp
Силиконовые чехлы,iPhone 14 Plus,A:501978,Q501978,ПП2,727218368,2,https://s3.twcstorage.ru/35ffc2ef-1e09-463d-a2c4-c183d5deb59a/prints/pp2/Q5019781.webp
Силиконовые чехлы,iPhone 14 Plus,A:501979,Q501979,ПП2,727779681,48,https://s3.twcstorage.ru/35ffc2ef-1e09-463d-a2c4-c183d5deb59a/prints/pp2/Q5019791.webp
Силиконовые чехлы,iPhone 14 Plus,A:501980,Q501980,ПП2,727175368,4,https://s3.twcstorage.ru/35ffc2ef-1e09-463d-a2c4-c183d5deb59a/prints/pp2/Q5019801.webp
Силиконовые чехлы,iPhone 14 Plus,A:501990,Q501990,ПП2,727814675,63,https://s3.twcstorage.ru/35ffc2ef-1e09-463d-a2c4-c183d5deb59a/prints/pp2/Y501990.webp
Силиконовые чехлы,iPhone 14 Plus,A:501993,Q501993,ПП2,727180119,37,https://s3.twcstorage.ru/35ffc2ef-1e09-463d-a2c4-c183d5deb59a/prints/pp2/Q5019931.webp
Белые софт-тач,iPhone 14 Plus,A:502005,W502005,ПП2,930989426,55,https://s3.twcstorage.ru/35ffc2ef-1e09-463d-a2c4-c183d5deb59a/prints/pp2/W502005.webp
Чехол с вкладышем,iPhone 14 Plus,A:502006,W502006,ПП2,994300750,1000000,https://s3.twcstorage.ru/35ffc2ef-1e09-463d-a2c4-c183d5deb59a/prints/pp2/W502006.webp
Чехол с вкладышем,iPhone 14 Plus,A:502007,W502007,ПП2,994300796,1000000,https://s3.twcstorage.ru/35ffc2ef-1e09-463d-a2c4-c183d5deb59a/prints/pp2/W502007.webp
Чехол с вкладышем,iPhone 14 Plus,A:502008,W502008,ПП2,994300795,1000000,https://s3.twcstorage.ru/35ffc2ef-1e09-463d-a2c4-c183d5deb59a/prints/pp2/W502008.webp
Чехол с вкладышем,iPhone 14 Plus,A:502009,W502009,ПП2,994300825,1000000,https://s3.twcstorage.ru/35ffc2ef-1e09-463d-a2c4-c183d5deb59a/prints/pp2/W502009.webp
Чехол с вкладышем,iPhone 14 Plus,A:502010,W502010,ПП2,994300838,1000000,https://s3.twcstorage.ru/35ffc2ef-1e09-463d-a2c4-c183d5deb59a/prints/pp2/W502010.webp
Чехол с вкладышем,iPhone 14 Plus,A:502012,W502012,ПП2,994300846,1000000,https://s3.twcstorage.ru/35ffc2ef-1e09-463d-a2c4-c183d5deb59a/prints/pp2/W502012.webp
Чехол с вкладышем,iPhone 14 Plus,A:502014,W502014,ПП2,994300861,1000000,https://s3.twcstorage.ru/35ffc2ef-1e09-463d-a2c4-c183d5deb59a/prints/pp2/W502014.webp
Белые софт-тач,iPhone 14 Plus,A:502015,W502015,ПП2,930995197,1000000,https://s3.twcstorage.ru/35ffc2ef-1e09-463d-a2c4-c183d5deb59a/prints/pp2/W502015.webp
Белые софт-тач,iPhone 14 Plus,A:502016,W502016,ПП2,930996974,1000000,https://s3.twcstorage.ru/35ffc2ef-1e09-463d-a2c4-c183d5deb59a/prints/pp2/W502016.webp
Чехол с вкладышем,iPhone 14 Plus,A:502029,W502029,ПП2,994301298,1000000,https://s3.twcstorage.ru/35ffc2ef-1e09-463d-a2c4-c183d5deb59a/prints/pp2/W502029.webp
Белые софт-тач,iPhone 14 Plus,A:502032,W502032,ПП2,931002559,59,https://s3.twcstorage.ru/35ffc2ef-1e09-463d-a2c4-c183d5deb59a/prints/pp2/W502032.webp
Чехол с вкладышем,iPhone 14 Plus,A:502036,W502036,ПП2,994301604,1000000,https://s3.twcstorage.ru/35ffc2ef-1e09-463d-a2c4-c183d5deb59a/prints/pp2/W502036.webp
Белые софт-тач,iPhone 14 Plus,A:502048,W502048,ПП2,930883759,21,https://s3.twcstorage.ru/35ffc2ef-1e09-463d-a2c4-c183d5deb59a/prints/pp2/Y502048.webp
Чехол с вкладышем,iPhone 14 Plus,A:502049,W502049,ПП2,994301779,1000000,https://s3.twcstorage.ru/35ffc2ef-1e09-463d-a2c4-c183d5deb59a/prints/pp2/Y502049.webp
Белые софт-тач,iPhone 14 Plus,A:502052,W502052,ПП2,931010759,2,https://s3.twcstorage.ru/35ffc2ef-1e09-463d-a2c4-c183d5deb59a/prints/pp2/W502052.webp
Белые софт-тач,iPhone 14 Plus,A:502053,W502053,ПП2,931006693,1,https://s3.twcstorage.ru/35ffc2ef-1e09-463d-a2c4-c183d5deb59a/prints/pp2/W502053.webp
Чехол с вкладышем,iPhone 14 Plus,A:502054,W502054,ПП2,994301807,1000000,https://s3.twcstorage.ru/35ffc2ef-1e09-463d-a2c4-c183d5deb59a/prints/pp2/W502054.webp
Белые софт-тач,iPhone 14 Plus,A:502059,W502059,ПП2,930974612,22,https://s3.twcstorage.ru/35ffc2ef-1e09-463d-a2c4-c183d5deb59a/prints/pp2/W502059.webp
Белые софт-тач,iPhone 14 Plus,A:502067,W502067,ПП2,930885891,63,https://s3.twcstorage.ru/35ffc2ef-1e09-463d-a2c4-c183d5deb59a/prints/pp2/W5020671.webp
Чехол с вкладышем,iPhone 14 Plus,A:502069,W502069,ПП2,994302198,1000000,https://s3.twcstorage.ru/35ffc2ef-1e09-463d-a2c4-c183d5deb59a/prints/pp2/W502069.webp
Белые софт-тач,iPhone 14 Plus,A:506329,W506329,ПП2,1164131553,24,https://s3.twcstorage.ru/35ffc2ef-1e09-463d-a2c4-c183d5deb59a/prints/pp2/W5063291.webp
Белые софт-тач,iPhone 14 Plus,A:506331,W506331,ПП2,1164168613,5,https://s3.twcstorage.ru/35ffc2ef-1e09-463d-a2c4-c183d5deb59a/prints/pp2/W5063311.webp
Силиконовые чехлы,iPhone 14 Plus,A:506332,W506332,ПП2,1186139110,3,https://s3.twcstorage.ru/35ffc2ef-1e09-463d-a2c4-c183d5deb59a/prints/pp2/W5063321.webp
Белые софт-тач,iPhone 14 Plus,A:506333,W506333,ПП2,1164209873,76,https://s3.twcstorage.ru/35ffc2ef-1e09-463d-a2c4-c183d5deb59a/prints/pp2/W5063331.webp
Белые софт-тач,iPhone 14 Plus,A:506334,W506334,ПП2,1164228035,9,https://s3.twcstorage.ru/35ffc2ef-1e09-463d-a2c4-c183d5deb59a/prints/pp2/W5063341.webp
Силиконовые чехлы,iPhone 14 Plus,A:506335,W506335,ПП2,1186187066,15,https://s3.twcstorage.ru/35ffc2ef-1e09-463d-a2c4-c183d5deb59a/prints/pp2/W5063351.webp
Силиконовые чехлы,iPhone 14 Plus,A:506336,W506336,ПП2,1186195071,14,https://s3.twcstorage.ru/35ffc2ef-1e09-463d-a2c4-c183d5deb59a/prints/pp2/W5063361.webp
Силиконовые чехлы,iPhone 14 Plus,A:506339,W506339,ПП2,1186227582,13,https://s3.twcstorage.ru/35ffc2ef-1e09-463d-a2c4-c183d5deb59a/prints/pp2/W5063391.webp
Белые софт-тач,iPhone 14 Plus,A:506340,W506340,ПП2,1164336196,4,https://s3.twcstorage.ru/35ffc2ef-1e09-463d-a2c4-c183d5deb59a/prints/pp2/W5063401.webp
Силиконовые чехлы,iPhone 14 Plus,A:506341,W506341,ПП2,1186246166,109,https://s3.twcstorage.ru/35ffc2ef-1e09-463d-a2c4-c183d5deb59a/prints/pp2/W5063411.webp
Силиконовые чехлы,iPhone 14 Plus,A:506344,W506344,ПП2,1186272925,57,https://s3.twcstorage.ru/35ffc2ef-1e09-463d-a2c4-c183d5deb59a/prints/pp2/W5063441.webp
Силиконовые чехлы,iPhone 14 Plus,A:506369,W506369,ПП2,1186470548,46,https://s3.twcstorage.ru/35ffc2ef-1e09-463d-a2c4-c183d5deb59a/prints/pp2/W506369.webp
Силиконовые чехлы,iPhone 14 Plus,A:506373,W506373,ПП2,1186497465,6,https://s3.twcstorage.ru/35ffc2ef-1e09-463d-a2c4-c183d5deb59a/prints/pp2/W506373.webp
Белые софт-тач,iPhone 14 Plus,A:506374,W506374,ПП2,1163969893,3,https://s3.twcstorage.ru/35ffc2ef-1e09-463d-a2c4-c183d5deb59a/prints/pp2/W506374.webp
Силиконовые чехлы,iPhone 14 Plus,A:506379,W506379,ПП2,1186542544,27,https://s3.twcstorage.ru/35ffc2ef-1e09-463d-a2c4-c183d5deb59a/prints/pp2/W506379.webp
Матовые цветные чехлы для печати,iPhone 14 Pro,A:501930,W501930,ПП2,726806739,83,https://s3.twcstorage.ru/35ffc2ef-1e09-463d-a2c4-c183d5deb59a/prints/pp2/W501930.webp
Объемные матовые чехлы черные,iPhone 14 Pro,A:501937,W501937,ПП2,1157448145,18,https://s3.twcstorage.ru/35ffc2ef-1e09-463d-a2c4-c183d5deb59a/prints/pp2/W501937.webp
Силиконовые чехлы,iPhone 14 Pro,A:501940,C501940,ПП2,727196025,117,https://s3.twcstorage.ru/35ffc2ef-1e09-463d-a2c4-c183d5deb59a/prints/pp2/W501940.webp
Силиконовые чехлы,iPhone 14 Pro,A:501942,C501942,ПП2,727244319,118,https://s3.twcstorage.ru/35ffc2ef-1e09-463d-a2c4-c183d5deb59a/prints/pp2/S501942.webp
Чёрные софт-тач,iPhone 14 Pro,A:501945,S501945,ПП2,727119411,1000000,https://s3.twcstorage.ru/35ffc2ef-1e09-463d-a2c4-c183d5deb59a/prints/pp2/W501945.webp
Чёрные софт-тач,iPhone 14 Pro,A:501946,S501946,ПП2,727095025,7,https://s3.twcstorage.ru/35ffc2ef-1e09-463d-a2c4-c183d5deb59a/prints/pp2/W501946.webp
Белые софт-тач,iPhone 14 Pro,A:501947,W501947,ПП2,726590029,27,https://s3.twcstorage.ru/35ffc2ef-1e09-463d-a2c4-c183d5deb59a/prints/pp2/W501947.webp
Чёрные софт-тач,iPhone 14 Pro,A:501950,S501950,ПП2,727132702,2,https://s3.twcstorage.ru/35ffc2ef-1e09-463d-a2c4-c183d5deb59a/prints/pp2/W501950.webp
Объемные матовые чехлы бордовые,iPhone 14 Pro,A:501951,W501951,ПП2,1153746002,1,https://s3.twcstorage.ru/35ffc2ef-1e09-463d-a2c4-c183d5deb59a/prints/pp2/W501951.webp
Белые софт-тач,iPhone 14 Pro,A:501953,W501953,ПП2,726588699,6,https://s3.twcstorage.ru/35ffc2ef-1e09-463d-a2c4-c183d5deb59a/prints/pp2/W501953.webp
Белые софт-тач,iPhone 14 Pro,A:501955,W501955,ПП2,726607157,44,https://s3.twcstorage.ru/35ffc2ef-1e09-463d-a2c4-c183d5deb59a/prints/pp2/W501955.webp
Белые софт-тач,iPhone 14 Pro,A:501956,W501956,ПП2,726608595,53,https://s3.twcstorage.ru/35ffc2ef-1e09-463d-a2c4-c183d5deb59a/prints/pp2/W501956.webp
Чёрные софт-тач,iPhone 14 Pro,A:501957,S501957,ПП2,727123392,3,https://s3.twcstorage.ru/35ffc2ef-1e09-463d-a2c4-c183d5deb59a/prints/pp2/W501957.webp
Силиконовые чехлы,iPhone 14 Pro,A:501959,C501959,ПП2,727262028,1000000,https://s3.twcstorage.ru/35ffc2ef-1e09-463d-a2c4-c183d5deb59a/prints/pp2/S501959.webp
Белые софт-тач,iPhone 14 Pro,A:501960,W501960,ПП2,726675178,38,https://s3.twcstorage.ru/35ffc2ef-1e09-463d-a2c4-c183d5deb59a/prints/pp2/W501960.webp
Белые софт-тач,iPhone 14 Pro,A:501961,W501961,ПП2,726676394,12,https://s3.twcstorage.ru/35ffc2ef-1e09-463d-a2c4-c183d5deb59a/prints/pp2/W501961.webp
Чёрные софт-тач,iPhone 14 Pro,A:501962,S501962,ПП2,727147414,9,https://s3.twcstorage.ru/35ffc2ef-1e09-463d-a2c4-c183d5deb59a/prints/pp2/W501962.webp
Стеклянные чехлы,iPhone 14 Pro,A:501964,Q5019641,ПП2,727504090,1000000,https://s3.twcstorage.ru/35ffc2ef-1e09-463d-a2c4-c183d5deb59a/prints/pp2/Q5019641.webp
Чехол с вкладышем,iPhone 14 Pro,A:501966,W501966,ПП2,994387933,1000000,https://s3.twcstorage.ru/35ffc2ef-1e09-463d-a2c4-c183d5deb59a/prints/pp2/W501966.webp
Чехол с вкладышем,iPhone 14 Pro,A:501967,W501967,ПП2,994387942,1000000,https://s3.twcstorage.ru/35ffc2ef-1e09-463d-a2c4-c183d5deb59a/prints/pp2/W501967.webp
Силиконовые чехлы,iPhone 14 Pro,A:501969,Q501969,ПП2,726909769,1000000,https://s3.twcstorage.ru/35ffc2ef-1e09-463d-a2c4-c183d5deb59a/prints/pp2/W501969.webp
Силиконовые чехлы,iPhone 14 Pro,A:501976,Q501976,ПП2,727302700,79,https://s3.twcstorage.ru/35ffc2ef-1e09-463d-a2c4-c183d5deb59a/prints/pp2/Q501976.webp
Силиконовые чехлы,iPhone 14 Pro,A:501978,Q501978,ПП2,727216904,2,https://s3.twcstorage.ru/35ffc2ef-1e09-463d-a2c4-c183d5deb59a/prints/pp2/Q5019781.webp
Стеклянные чехлы,iPhone 14 Pro,A:501980,Q5019801,ПП2,727506401,2,https://s3.twcstorage.ru/35ffc2ef-1e09-463d-a2c4-c183d5deb59a/prints/pp2/Q5019801.webp
Силиконовые чехлы,iPhone 14 Pro,A:501989,Q501989,ПП2,727516402,1000000,https://s3.twcstorage.ru/35ffc2ef-1e09-463d-a2c4-c183d5deb59a/prints/pp2/Y501989.webp
Силиконовые чехлы,iPhone 14 Pro,A:501990,Q501990,ПП2,727812900,63,https://s3.twcstorage.ru/35ffc2ef-1e09-463d-a2c4-c183d5deb59a/prints/pp2/Y501990.webp
Стеклянные чехлы,iPhone 14 Pro,A:501993,Q5019931,ПП2,727504403,4,https://s3.twcstorage.ru/35ffc2ef-1e09-463d-a2c4-c183d5deb59a/prints/pp2/Q5019931.webp
Матовые цветные чехлы для печати,iPhone 14 Pro,A:501996,W501996,ПП2,726785873,1000000,https://s3.twcstorage.ru/35ffc2ef-1e09-463d-a2c4-c183d5deb59a/prints/pp2/Y501996.webp
Чехол с вкладышем,iPhone 14 Pro,A:501997,W501997,ПП2,994388166,1000000,https://s3.twcstorage.ru/35ffc2ef-1e09-463d-a2c4-c183d5deb59a/prints/pp2/Y501997.webp
Матовые цветные чехлы для печати,iPhone 14 Pro,A:502003,W502003,ПП2,726734971,38,https://s3.twcstorage.ru/35ffc2ef-1e09-463d-a2c4-c183d5deb59a/prints/pp2/W502003.webp
Матовые цветные чехлы для печати,iPhone 14 Pro,A:502005,W502005,ПП2,726859333,89,https://s3.twcstorage.ru/35ffc2ef-1e09-463d-a2c4-c183d5deb59a/prints/pp2/W502005.webp
Чехол с вкладышем,iPhone 14 Pro,A:502006,W502006,ПП2,994388278,1000000,https://s3.twcstorage.ru/35ffc2ef-1e09-463d-a2c4-c183d5deb59a/prints/pp2/W502006.webp
Объемные матовые чехлы черные,iPhone 14 Pro,A:502007,W502007,ПП2,1181487035,15,https://s3.twcstorage.ru/35ffc2ef-1e09-463d-a2c4-c183d5deb59a/prints/pp2/W502007.webp
Объемные матовые чехлы коричневые,iPhone 14 Pro,A:502008,W502008,ПП2,1156425020,13,https://s3.twcstorage.ru/35ffc2ef-1e09-463d-a2c4-c183d5deb59a/prints/pp2/W502008.webp
Матовые цветные чехлы для печати,iPhone 14 Pro,A:502009,W502009,ПП2,726741077,22,https://s3.twcstorage.ru/35ffc2ef-1e09-463d-a2c4-c183d5deb59a/prints/pp2/W502009.webp
Матовые цветные чехлы для печати,iPhone 14 Pro,A:502010,W502010,ПП2,726743852,10,https://s3.twcstorage.ru/35ffc2ef-1e09-463d-a2c4-c183d5deb59a/prints/pp2/W502010.webp
Матовые цветные чехлы для печати,iPhone 14 Pro,A:502012,W502012,ПП2,726853350,6,https://s3.twcstorage.ru/35ffc2ef-1e09-463d-a2c4-c183d5deb59a/prints/pp2/W502012.webp
Белые софт-тач,iPhone 14 Pro,A:502014,W502014,ПП2,726648237,15,https://s3.twcstorage.ru/35ffc2ef-1e09-463d-a2c4-c183d5deb59a/prints/pp2/W502014.webp
Матовые цветные чехлы для печати,iPhone 14 Pro,A:502015,W502015,ПП2,726813523,91,https://s3.twcstorage.ru/35ffc2ef-1e09-463d-a2c4-c183d5deb59a/prints/pp2/W502015.webp
Белые софт-тач,iPhone 14 Pro,A:502016,W502016,ПП2,726633124,1000000,https://s3.twcstorage.ru/35ffc2ef-1e09-463d-a2c4-c183d5deb59a/prints/pp2/W502016.webp
Чехол с вкладышем,iPhone 14 Pro,A:502017,W502017,ПП2,994388447,1000000,https://s3.twcstorage.ru/35ffc2ef-1e09-463d-a2c4-c183d5deb59a/prints/pp2/W502017.webp
Чехол с вкладышем,iPhone 14 Pro,A:502019,W502019,ПП2,994388514,1000000,https://s3.twcstorage.ru/35ffc2ef-1e09-463d-a2c4-c183d5deb59a/prints/pp2/W502019.webp
Матовые цветные чехлы для печати,iPhone 14 Pro,A:502025,W502025,ПП2,726874927,34,https://s3.twcstorage.ru/35ffc2ef-1e09-463d-a2c4-c183d5deb59a/prints/pp2/W502025.webp
Матовые цветные чехлы для печати,iPhone 14 Pro,A:502026,W502026,ПП2,726868957,58,https://s3.twcstorage.ru/35ffc2ef-1e09-463d-a2c4-c183d5deb59a/prints/pp2/W502026.webp
Матовые цветные чехлы для печати,iPhone 14 Pro,A:502028,W502028,ПП2,726870767,69,https://s3.twcstorage.ru/35ffc2ef-1e09-463d-a2c4-c183d5deb59a/prints/pp2/W502028.webp
Объемные матовые чехлы коричневые,iPhone 14 Pro,A:502029,W502029,ПП2,1156267285,5,https://s3.twcstorage.ru/35ffc2ef-1e09-463d-a2c4-c183d5deb59a/prints/pp2/W502029.webp
Матовые цветные чехлы для печати,iPhone 14 Pro,A:502030,W502030,ПП2,726856183,20,https://s3.twcstorage.ru/35ffc2ef-1e09-463d-a2c4-c183d5deb59a/prints/pp2/W502030.webp
Белые софт-тач,iPhone 14 Pro,A:502031,W502031,ПП2,726579791,58,https://s3.twcstorage.ru/35ffc2ef-1e09-463d-a2c4-c183d5deb59a/prints/pp2/W502031.webp
Объемные матовые чехлы коричневые,iPhone 14 Pro,A:502032,W502032,ПП2,1156564502,1,https://s3.twcstorage.ru/35ffc2ef-1e09-463d-a2c4-c183d5deb59a/prints/pp2/W502032.webp
Белые софт-тач,iPhone 14 Pro,A:502033,W502033,ПП2,726638944,10,https://s3.twcstorage.ru/35ffc2ef-1e09-463d-a2c4-c183d5deb59a/prints/pp2/W502033.webp
Объемные матовые чехлы бордовые,iPhone 14 Pro,A:502035,W502035,ПП2,1152952040,4,https://s3.twcstorage.ru/35ffc2ef-1e09-463d-a2c4-c183d5deb59a/prints/pp2/W502035.webp
Белые софт-тач,iPhone 14 Pro,A:502036,W502036,ПП2,726650551,25,https://s3.twcstorage.ru/35ffc2ef-1e09-463d-a2c4-c183d5deb59a/prints/pp2/W502036.webp
Матовые цветные чехлы для печати,iPhone 14 Pro,A:502037,W502037,ПП2,726758079,71,https://s3.twcstorage.ru/35ffc2ef-1e09-463d-a2c4-c183d5deb59a/prints/pp2/W502037.webp
Белые софт-тач,iPhone 14 Pro,A:502047,W502047,ПП2,726572628,32,https://s3.twcstorage.ru/35ffc2ef-1e09-463d-a2c4-c183d5deb59a/prints/pp2/W502047.webp
Белые софт-тач,iPhone 14 Pro,A:502048,W502048,ПП2,726573752,21,https://s3.twcstorage.ru/35ffc2ef-1e09-463d-a2c4-c183d5deb59a/prints/pp2/Y502048.webp
Чехол с вкладышем,iPhone 14 Pro,A:502049,W502049,ПП2,994389179,1000000,https://s3.twcstorage.ru/35ffc2ef-1e09-463d-a2c4-c183d5deb59a/prints/pp2/Y502049.webp
Белые софт-тач,iPhone 14 Pro,A:502051,W502051,ПП2,726567901,47,https://s3.twcstorage.ru/35ffc2ef-1e09-463d-a2c4-c183d5deb59a/prints/pp2/W502051.webp
Объемные матовые чехлы коричневые,iPhone 14 Pro,A:502052,W502052,ПП2,1156502431,2,https://s3.twcstorage.ru/35ffc2ef-1e09-463d-a2c4-c183d5deb59a/prints/pp2/W502052.webp
Белые софт-тач,iPhone 14 Pro,A:502053,W502053,ПП2,726640829,1,https://s3.twcstorage.ru/35ffc2ef-1e09-463d-a2c4-c183d5deb59a/prints/pp2/W502053.webp
Белые софт-тач,iPhone 14 Pro,A:502054,W502054,ПП2,726568936,62,https://s3.twcstorage.ru/35ffc2ef-1e09-463d-a2c4-c183d5deb59a/prints/pp2/W502054.webp
Белые софт-тач,iPhone 14 Pro,A:502055,W502055,ПП2,726570393,1000000,https://s3.twcstorage.ru/35ffc2ef-1e09-463d-a2c4-c183d5deb59a/prints/pp2/W502055.webp
Белые софт-тач,iPhone 14 Pro,A:502056,W502056,ПП2,726576699,73,https://s3.twcstorage.ru/35ffc2ef-1e09-463d-a2c4-c183d5deb59a/prints/pp2/W502056.webp
Белые софт-тач,iPhone 14 Pro,A:502057,W502057,ПП2,726578454,26,https://s3.twcstorage.ru/35ffc2ef-1e09-463d-a2c4-c183d5deb59a/prints/pp2/W502057.webp
Чехол с вкладышем,iPhone 14 Pro,A:502060,W502060,ПП2,994389658,1000000,https://s3.twcstorage.ru/35ffc2ef-1e09-463d-a2c4-c183d5deb59a/prints/pp2/W502060.webp
Матовые цветные чехлы для печати,iPhone 14 Pro,A:502065,W502065,ПП2,726838460,16,https://s3.twcstorage.ru/35ffc2ef-1e09-463d-a2c4-c183d5deb59a/prints/pp2/W502065.webp
Белые софт-тач,iPhone 14 Pro,A:502066,W502066,ПП2,726663506,75,https://s3.twcstorage.ru/35ffc2ef-1e09-463d-a2c4-c183d5deb59a/prints/pp2/W502066.webp
Матовые цветные чехлы для печати,iPhone 14 Pro,A:502067,W5020671,ПП2,726731341,41,https://s3.twcstorage.ru/35ffc2ef-1e09-463d-a2c4-c183d5deb59a/prints/pp2/W5020671.webp
Белые софт-тач,iPhone 14 Pro,A:502069,W502069,ПП2,726667175,16,https://s3.twcstorage.ru/35ffc2ef-1e09-463d-a2c4-c183d5deb59a/prints/pp2/W502069.webp
Белые софт-тач,iPhone 14 Pro,A:506329,W506329,ПП2,1164128660,24,https://s3.twcstorage.ru/35ffc2ef-1e09-463d-a2c4-c183d5deb59a/prints/pp2/W5063291.webp
Объемные матовые чехлы черные,iPhone 14 Pro,A:506330,W5063301,ПП2,1157920158,3,https://s3.twcstorage.ru/35ffc2ef-1e09-463d-a2c4-c183d5deb59a/prints/pp2/W5063301.webp
Белые софт-тач,iPhone 14 Pro,A:506331,W506331,ПП2,1164164926,5,https://s3.twcstorage.ru/35ffc2ef-1e09-463d-a2c4-c183d5deb59a/prints/pp2/W5063311.webp
Силиконовые чехлы,iPhone 14 Pro,A:506332,W506332,ПП2,1186721187,3,https://s3.twcstorage.ru/35ffc2ef-1e09-463d-a2c4-c183d5deb59a/prints/pp2/W5063321.webp
Силиконовые чехлы,iPhone 14 Pro,A:506333,W506333,ПП2,1186145273,50,https://s3.twcstorage.ru/35ffc2ef-1e09-463d-a2c4-c183d5deb59a/prints/pp2/W5063331.webp
Белые софт-тач,iPhone 14 Pro,A:506334,W506334,ПП2,1164224353,9,https://s3.twcstorage.ru/35ffc2ef-1e09-463d-a2c4-c183d5deb59a/prints/pp2/W5063341.webp
Силиконовые чехлы,iPhone 14 Pro,A:506335,W506335,ПП2,1186684207,15,https://s3.twcstorage.ru/35ffc2ef-1e09-463d-a2c4-c183d5deb59a/prints/pp2/W5063351.webp
Силиконовые чехлы,iPhone 14 Pro,A:506336,W506336,ПП2,1186675275,14,https://s3.twcstorage.ru/35ffc2ef-1e09-463d-a2c4-c183d5deb59a/prints/pp2/W5063361.webp
Матовые цветные чехлы для печати,iPhone 14 Pro,A:506337,W5063371,ПП2,1185453904,13,https://s3.twcstorage.ru/35ffc2ef-1e09-463d-a2c4-c183d5deb59a/prints/pp2/W5063371.webp
Силиконовые чехлы,iPhone 14 Pro,A:506339,W506339,ПП2,1186687866,13,https://s3.twcstorage.ru/35ffc2ef-1e09-463d-a2c4-c183d5deb59a/prints/pp2/W5063391.webp
Объемные матовые чехлы бордовые,iPhone 14 Pro,A:506340,W5063401,ПП2,1153437118,2,https://s3.twcstorage.ru/35ffc2ef-1e09-463d-a2c4-c183d5deb59a/prints/pp2/W5063401.webp
Объемные матовые чехлы черные,iPhone 14 Pro,A:506341,W5063411,ПП2,1158106928,11,https://s3.twcstorage.ru/35ffc2ef-1e09-463d-a2c4-c183d5deb59a/prints/pp2/W5063411.webp
Силиконовые чехлы,iPhone 14 Pro,A:506343,W506343,ПП2,1186792146,110,https://s3.twcstorage.ru/35ffc2ef-1e09-463d-a2c4-c183d5deb59a/prints/pp2/W5063431.webp
Матовые цветные чехлы для печати,iPhone 14 Pro,A:506344,W5063441,ПП2,1185453628,51,https://s3.twcstorage.ru/35ffc2ef-1e09-463d-a2c4-c183d5deb59a/prints/pp2/W5063441.webp
Матовые цветные чехлы для печати,iPhone 14 Pro,A:506346,W506346,ПП2,1185788107,19,https://s3.twcstorage.ru/35ffc2ef-1e09-463d-a2c4-c183d5deb59a/prints/pp2/W506346.webp
Матовые цветные чехлы для печати,iPhone 14 Pro,A:506351,W5063511,ПП2,1185835636,37,https://s3.twcstorage.ru/35ffc2ef-1e09-463d-a2c4-c183d5deb59a/prints/pp2/W5063511.webp
Матовые цветные чехлы для печати,iPhone 14 Pro,A:506354,W5063541,ПП2,1185390744,98,https://s3.twcstorage.ru/35ffc2ef-1e09-463d-a2c4-c183d5deb59a/prints/pp2/W5063541.webp
Объемные матовые чехлы бордовые,iPhone 14 Pro,A:506362,W506362,ПП2,1153717509,28,https://s3.twcstorage.ru/35ffc2ef-1e09-463d-a2c4-c183d5deb59a/prints/pp2/W506362.webp
Объемные матовые чехлы бордовые,iPhone 14 Pro,A:506363,W506363,ПП2,1153094009,29,https://s3.twcstorage.ru/35ffc2ef-1e09-463d-a2c4-c183d5deb59a/prints/pp2/W506363.webp
Белые софт-тач,iPhone 14 Pro,A:506365,W506365,ПП2,1163774929,49,https://s3.twcstorage.ru/35ffc2ef-1e09-463d-a2c4-c183d5deb59a/prints/pp2/W506365.webp
Силиконовые чехлы,iPhone 14 Pro,A:506366,W506366,ПП2,1186718883,145,https://s3.twcstorage.ru/35ffc2ef-1e09-463d-a2c4-c183d5deb59a/prints/pp2/W506366.webp
Силиконовые чехлы,iPhone 14 Pro,A:506369,W506369,ПП2,1186706283,46,https://s3.twcstorage.ru/35ffc2ef-1e09-463d-a2c4-c183d5deb59a/prints/pp2/W506369.webp
Белые софт-тач,iPhone 14 Pro,A:506370,W506370,ПП2,1163884746,35,https://s3.twcstorage.ru/35ffc2ef-1e09-463d-a2c4-c183d5deb59a/prints/pp2/W506370.webp
Силиконовые чехлы,iPhone 14 Pro,A:506371,W506371,ПП2,1186702609,75,https://s3.twcstorage.ru/35ffc2ef-1e09-463d-a2c4-c183d5deb59a/prints/pp2/W506371.webp
Силиконовые чехлы,iPhone 14 Pro,A:506372,W506372,ПП2,1186698782,16,https://s3.twcstorage.ru/35ffc2ef-1e09-463d-a2c4-c183d5deb59a/prints/pp2/W506372.webp
Силиконовые чехлы,iPhone 14 Pro,A:506373,W506373,ПП2,1186663176,6,https://s3.twcstorage.ru/35ffc2ef-1e09-463d-a2c4-c183d5deb59a/prints/pp2/W506373.webp
Белые софт-тач,iPhone 14 Pro,A:506374,W506374,ПП2,1163967160,3,https://s3.twcstorage.ru/35ffc2ef-1e09-463d-a2c4-c183d5deb59a/prints/pp2/W506374.webp
Силиконовые чехлы,iPhone 14 Pro,A:506375,W506375,ПП2,1186509740,31,https://s3.twcstorage.ru/35ffc2ef-1e09-463d-a2c4-c183d5deb59a/prints/pp2/W506375.webp
Силиконовые чехлы,iPhone 14 Pro,A:506377,W506377,ПП2,1186738388,29,https://s3.twcstorage.ru/35ffc2ef-1e09-463d-a2c4-c183d5deb59a/prints/pp2/W506377.webp
Силиконовые чехлы,iPhone 14 Pro,A:506378,W506378,ПП2,1186682186,22,https://s3.twcstorage.ru/35ffc2ef-1e09-463d-a2c4-c183d5deb59a/prints/pp2/W506378.webp
Матовые цветные чехлы для печати,iPhone 14 Pro,A:506379,W506379,ПП2,1185640066,24,https://s3.twcstorage.ru/35ffc2ef-1e09-463d-a2c4-c183d5deb59a/prints/pp2/W506379.webp
Матовые цветные чехлы для печати,iPhone 14 Pro,A:506381,W506381,ПП2,1185581471,14,https://s3.twcstorage.ru/35ffc2ef-1e09-463d-a2c4-c183d5deb59a/prints/pp2/W506381.webp
Силиконовые чехлы,iPhone 14 Pro,A:506382,Q506382,ПП2,1186751540,47,https://s3.twcstorage.ru/35ffc2ef-1e09-463d-a2c4-c183d5deb59a/prints/pp2/Q5063821.webp
Стеклянные чехлы,iPhone 14 Pro,A:506384,Q5063841,ПП2,1186850100,1,https://s3.twcstorage.ru/35ffc2ef-1e09-463d-a2c4-c183d5deb59a/prints/pp2/Q5063841.webp
Чёрные софт-тач,iPhone 14 Pro Max,A:501928,S501928,ПП2,727101181,11,https://s3.twcstorage.ru/35ffc2ef-1e09-463d-a2c4-c183d5deb59a/prints/pp2/W501928.webp
Белые софт-тач,iPhone 14 Pro Max,A:501929,W501929,ПП2,726658134,1000000,https://s3.twcstorage.ru/35ffc2ef-1e09-463d-a2c4-c183d5deb59a/prints/pp2/W501929.webp
Силиконовые чехлы,iPhone 14 Pro Max,A:501933,C501933,ПП2,727567339,1000000,https://s3.twcstorage.ru/35ffc2ef-1e09-463d-a2c4-c183d5deb59a/prints/pp2/W501933.webp
Чёрные софт-тач,iPhone 14 Pro Max,A:501935,S501935,ПП2,727093355,1000000,https://s3.twcstorage.ru/35ffc2ef-1e09-463d-a2c4-c183d5deb59a/prints/pp2/W501935.webp
Белые софт-тач,iPhone 14 Pro Max,A:501937,W501937,ПП2,726605428,43,https://s3.twcstorage.ru/35ffc2ef-1e09-463d-a2c4-c183d5deb59a/prints/pp2/W501937.webp
Силиконовые чехлы,iPhone 14 Pro Max,A:501940,C501940,ПП2,727196029,117,https://s3.twcstorage.ru/35ffc2ef-1e09-463d-a2c4-c183d5deb59a/prints/pp2/W501940.webp
Силиконовые чехлы,iPhone 14 Pro Max,A:501945,C501945,ПП2,727267051,120,https://s3.twcstorage.ru/35ffc2ef-1e09-463d-a2c4-c183d5deb59a/prints/pp2/W501945.webp
Чёрные софт-тач,iPhone 14 Pro Max,A:501946,S501946,ПП2,727097113,7,https://s3.twcstorage.ru/35ffc2ef-1e09-463d-a2c4-c183d5deb59a/prints/pp2/W501946.webp
Объемные матовые чехлы бордовые,iPhone 14 Pro Max,A:501947,W501947,ПП2,1153000040,13,https://s3.twcstorage.ru/35ffc2ef-1e09-463d-a2c4-c183d5deb59a/prints/pp2/W501947.webp
Чёрные софт-тач,iPhone 14 Pro Max,A:501949,S501949,ПП2,727144991,1,https://s3.twcstorage.ru/35ffc2ef-1e09-463d-a2c4-c183d5deb59a/prints/pp2/W501949.webp
Чёрные софт-тач,iPhone 14 Pro Max,A:501950,S501950,ПП2,727134001,2,https://s3.twcstorage.ru/35ffc2ef-1e09-463d-a2c4-c183d5deb59a/prints/pp2/W501950.webp
Объемные матовые чехлы бордовые,iPhone 14 Pro Max,A:501951,W501951,ПП2,1153014331,1,https://s3.twcstorage.ru/35ffc2ef-1e09-463d-a2c4-c183d5deb59a/prints/pp2/W501951.webp
Белые софт-тач,iPhone 14 Pro Max,A:501953,W501953,ПП2,726588568,6,https://s3.twcstorage.ru/35ffc2ef-1e09-463d-a2c4-c183d5deb59a/prints/pp2/W501953.webp
Белые софт-тач,iPhone 14 Pro Max,A:501955,W501955,ПП2,726607434,44,https://s3.twcstorage.ru/35ffc2ef-1e09-463d-a2c4-c183d5deb59a/prints/pp2/W501955.webp
Чёрные софт-тач,iPhone 14 Pro Max,A:501957,S501957,ПП2,727124710,3,https://s3.twcstorage.ru/35ffc2ef-1e09-463d-a2c4-c183d5deb59a/prints/pp2/W501957.webp
Силиконовые чехлы,iPhone 14 Pro Max,A:501960,C501960,ПП2,727208713,41,https://s3.twcstorage.ru/35ffc2ef-1e09-463d-a2c4-c183d5deb59a/prints/pp2/W501960.webp
Белые софт-тач,iPhone 14 Pro Max,A:501961,W501961,ПП2,726675999,12,https://s3.twcstorage.ru/35ffc2ef-1e09-463d-a2c4-c183d5deb59a/prints/pp2/W501961.webp
Белые софт-тач,iPhone 14 Pro Max,A:501962,W501962,ПП2,726676483,13,https://s3.twcstorage.ru/35ffc2ef-1e09-463d-a2c4-c183d5deb59a/prints/pp2/W501962.webp
Стеклянные чехлы,iPhone 14 Pro Max,A:501963,Q5019631,ПП2,933505339,1000000,https://s3.twcstorage.ru/35ffc2ef-1e09-463d-a2c4-c183d5deb59a/prints/pp2/Q5019631.webp
Силиконовые чехлы,iPhone 14 Pro Max,A:501965,Q501965,ПП2,726966563,86,https://s3.twcstorage.ru/35ffc2ef-1e09-463d-a2c4-c183d5deb59a/prints/pp2/Q5019651.webp
Силиконовые чехлы,iPhone 14 Pro Max,A:501968,Q501968,ПП2,726897518,78,https://s3.twcstorage.ru/35ffc2ef-1e09-463d-a2c4-c183d5deb59a/prints/pp2/W501968.webp
Силиконовые чехлы,iPhone 14 Pro Max,A:501978,Q501978,ПП2,727217354,2,https://s3.twcstorage.ru/35ffc2ef-1e09-463d-a2c4-c183d5deb59a/prints/pp2/Q5019781.webp
Стеклянные чехлы,iPhone 14 Pro Max,A:501979,Q5019791,ПП2,933511177,6,https://s3.twcstorage.ru/35ffc2ef-1e09-463d-a2c4-c183d5deb59a/prints/pp2/Q5019791.webp
Стеклянные чехлы,iPhone 14 Pro Max,A:501980,Q5019801,ПП2,933509905,2,https://s3.twcstorage.ru/35ffc2ef-1e09-463d-a2c4-c183d5deb59a/prints/pp2/Q5019801.webp
Силиконовые чехлы,iPhone 14 Pro Max,A:501982,Q501982,ПП2,727552021,1000000,https://s3.twcstorage.ru/35ffc2ef-1e09-463d-a2c4-c183d5deb59a/prints/pp2/Y501982.webp
Силиконовые чехлы,iPhone 14 Pro Max,A:501983,Q501983,ПП2,727855387,71,https://s3.twcstorage.ru/35ffc2ef-1e09-463d-a2c4-c183d5deb59a/prints/pp2/Y501983.webp
Силиконовые чехлы,iPhone 14 Pro Max,A:501984,Q501984,ПП2,727519140,126,https://s3.twcstorage.ru/35ffc2ef-1e09-463d-a2c4-c183d5deb59a/prints/pp2/Y501984.webp
Силиконовые чехлы,iPhone 14 Pro Max,A:501987,Q501987,ПП2,727810368,1000000,https://s3.twcstorage.ru/35ffc2ef-1e09-463d-a2c4-c183d5deb59a/prints/pp2/Y501987.webp
Силиконовые чехлы,iPhone 14 Pro Max,A:501989,Q501989,ПП2,727517383,1000000,https://s3.twcstorage.ru/35ffc2ef-1e09-463d-a2c4-c183d5deb59a/prints/pp2/Y501989.webp
Силиконовые чехлы,iPhone 14 Pro Max,A:501990,Q501990,ПП2,727813051,63,https://s3.twcstorage.ru/35ffc2ef-1e09-463d-a2c4-c183d5deb59a/prints/pp2/Y501990.webp
Стеклянные чехлы,iPhone 14 Pro Max,A:501993,Q5019931,ПП2,933503611,4,https://s3.twcstorage.ru/35ffc2ef-1e09-463d-a2c4-c183d5deb59a/prints/pp2/Q5019931.webp
Матовые цветные чехлы для печати,iPhone 14 Pro Max,A:502003,W502003,ПП2,726735286,38,https://s3.twcstorage.ru/35ffc2ef-1e09-463d-a2c4-c183d5deb59a/prints/pp2/W502003.webp
Чехол с вкладышем,iPhone 14 Pro Max,A:502005,W502005,ПП2,994395852,1000000,https://s3.twcstorage.ru/35ffc2ef-1e09-463d-a2c4-c183d5deb59a/prints/pp2/W502005.webp
Матовые цветные чехлы для печати,iPhone 14 Pro Max,A:502006,W502006,ПП2,726861100,47,https://s3.twcstorage.ru/35ffc2ef-1e09-463d-a2c4-c183d5deb59a/prints/pp2/W502006.webp
Объемные матовые чехлы бордовые,iPhone 14 Pro Max,A:502007,W502007,ПП2,1153016825,33,https://s3.twcstorage.ru/35ffc2ef-1e09-463d-a2c4-c183d5deb59a/prints/pp2/W502007.webp
Матовые цветные чехлы для печати,iPhone 14 Pro Max,A:502008,W502008,ПП2,726739360,43,https://s3.twcstorage.ru/35ffc2ef-1e09-463d-a2c4-c183d5deb59a/prints/pp2/W502008.webp
Матовые цветные чехлы для печати,iPhone 14 Pro Max,A:502009,W502009,ПП2,726741575,22,https://s3.twcstorage.ru/35ffc2ef-1e09-463d-a2c4-c183d5deb59a/prints/pp2/W502009.webp
Матовые цветные чехлы для печати,iPhone 14 Pro Max,A:502010,W502010,ПП2,726744395,10,https://s3.twcstorage.ru/35ffc2ef-1e09-463d-a2c4-c183d5deb59a/prints/pp2/W502010.webp
Чехол с вкладышем,iPhone 14 Pro Max,A:502011,W502011,ПП2,994396067,1000000,https://s3.twcstorage.ru/35ffc2ef-1e09-463d-a2c4-c183d5deb59a/prints/pp2/W502011.webp
Матовые цветные чехлы для печати,iPhone 14 Pro Max,A:502012,W502012,ПП2,726854545,6,https://s3.twcstorage.ru/35ffc2ef-1e09-463d-a2c4-c183d5deb59a/prints/pp2/W502012.webp
Белые софт-тач,iPhone 14 Pro Max,A:502014,W502014,ПП2,726648136,15,https://s3.twcstorage.ru/35ffc2ef-1e09-463d-a2c4-c183d5deb59a/prints/pp2/W502014.webp
Белые софт-тач,iPhone 14 Pro Max,A:502015,W502015,ПП2,726631188,1000000,https://s3.twcstorage.ru/35ffc2ef-1e09-463d-a2c4-c183d5deb59a/prints/pp2/W502015.webp
Матовые цветные чехлы для печати,iPhone 14 Pro Max,A:502016,W502016,ПП2,726815887,39,https://s3.twcstorage.ru/35ffc2ef-1e09-463d-a2c4-c183d5deb59a/prints/pp2/W502016.webp
Чехол с вкладышем,iPhone 14 Pro Max,A:502018,W502018,ПП2,994396275,1000000,https://s3.twcstorage.ru/35ffc2ef-1e09-463d-a2c4-c183d5deb59a/prints/pp2/W502018.webp
Чехол с вкладышем,iPhone 14 Pro Max,A:502021,W502021,ПП2,994396327,1000000,https://s3.twcstorage.ru/35ffc2ef-1e09-463d-a2c4-c183d5deb59a/prints/pp2/Y502021.webp
Матовые цветные чехлы для печати,iPhone 14 Pro Max,A:502023,W502023,ПП2,726867203,56,https://s3.twcstorage.ru/35ffc2ef-1e09-463d-a2c4-c183d5deb59a/prints/pp2/W502023.webp
Матовые цветные чехлы для печати,iPhone 14 Pro Max,A:502025,W502025,ПП2,726875263,34,https://s3.twcstorage.ru/35ffc2ef-1e09-463d-a2c4-c183d5deb59a/prints/pp2/W502025.webp
Матовые цветные чехлы для печати,iPhone 14 Pro Max,A:502026,W502026,ПП2,726868818,58,https://s3.twcstorage.ru/35ffc2ef-1e09-463d-a2c4-c183d5deb59a/prints/pp2/W502026.webp
Чехол с вкладышем,iPhone 14 Pro Max,A:502027,W502027,ПП2,994396432,1000000,https://s3.twcstorage.ru/35ffc2ef-1e09-463d-a2c4-c183d5deb59a/prints/pp2/W502027.webp
Матовые цветные чехлы для печати,iPhone 14 Pro Max,A:502028,W502028,ПП2,726870712,69,https://s3.twcstorage.ru/35ffc2ef-1e09-463d-a2c4-c183d5deb59a/prints/pp2/W502028.webp
Объемные матовые чехлы бордовые,iPhone 14 Pro Max,A:502029,W502029,ПП2,1152975480,6,https://s3.twcstorage.ru/35ffc2ef-1e09-463d-a2c4-c183d5deb59a/prints/pp2/W502029.webp
Матовые цветные чехлы для печати,iPhone 14 Pro Max,A:502030,W502030,ПП2,726856428,20,https://s3.twcstorage.ru/35ffc2ef-1e09-463d-a2c4-c183d5deb59a/prints/pp2/W502030.webp
Матовые цветные чехлы для печати,iPhone 14 Pro Max,A:502031,W502031,ПП2,726754201,59,https://s3.twcstorage.ru/35ffc2ef-1e09-463d-a2c4-c183d5deb59a/prints/pp2/W502031.webp
Объемные матовые чехлы коричневые,iPhone 14 Pro Max,A:502032,W502032,ПП2,1156548542,1,https://s3.twcstorage.ru/35ffc2ef-1e09-463d-a2c4-c183d5deb59a/prints/pp2/W502032.webp
Матовые цветные чехлы для печати,iPhone 14 Pro Max,A:502033,W502033,ПП2,726862757,70,https://s3.twcstorage.ru/35ffc2ef-1e09-463d-a2c4-c183d5deb59a/prints/pp2/W502033.webp
Белые софт-тач,iPhone 14 Pro Max,A:502035,W502035,ПП2,726564275,20,https://s3.twcstorage.ru/35ffc2ef-1e09-463d-a2c4-c183d5deb59a/prints/pp2/W502035.webp
Белые софт-тач,iPhone 14 Pro Max,A:502036,W502036,ПП2,726650385,25,https://s3.twcstorage.ru/35ffc2ef-1e09-463d-a2c4-c183d5deb59a/prints/pp2/W502036.webp
Матовые цветные чехлы для печати,iPhone 14 Pro Max,A:502037,W502037,ПП2,726757981,71,https://s3.twcstorage.ru/35ffc2ef-1e09-463d-a2c4-c183d5deb59a/prints/pp2/W502037.webp
Белые софт-тач,iPhone 14 Pro Max,A:502047,W502047,ПП2,726572428,32,https://s3.twcstorage.ru/35ffc2ef-1e09-463d-a2c4-c183d5deb59a/prints/pp2/W502047.webp
Белые софт-тач,iPhone 14 Pro Max,A:502048,W502048,ПП2,726573678,21,https://s3.twcstorage.ru/35ffc2ef-1e09-463d-a2c4-c183d5deb59a/prints/pp2/Y502048.webp
Чехол с вкладышем,iPhone 14 Pro Max,A:502051,W502051,ПП2,994397276,1000000,https://s3.twcstorage.ru/35ffc2ef-1e09-463d-a2c4-c183d5deb59a/prints/pp2/W502051.webp
Белые софт-тач,iPhone 14 Pro Max,A:502052,W502052,ПП2,726643077,2,https://s3.twcstorage.ru/35ffc2ef-1e09-463d-a2c4-c183d5deb59a/prints/pp2/W502052.webp
Белые софт-тач,iPhone 14 Pro Max,A:502053,W502053,ПП2,726640646,1,https://s3.twcstorage.ru/35ffc2ef-1e09-463d-a2c4-c183d5deb59a/prints/pp2/W502053.webp
Белые софт-тач,iPhone 14 Pro Max,A:502054,W502054,ПП2,726568833,62,https://s3.twcstorage.ru/35ffc2ef-1e09-463d-a2c4-c183d5deb59a/prints/pp2/W502054.webp
Белые софт-тач,iPhone 14 Pro Max,A:502055,W502055,ПП2,726570102,1000000,https://s3.twcstorage.ru/35ffc2ef-1e09-463d-a2c4-c183d5deb59a/prints/pp2/W502055.webp
Матовые цветные чехлы для печати,iPhone 14 Pro Max,A:502056,W502056,ПП2,726773396,1000000,https://s3.twcstorage.ru/35ffc2ef-1e09-463d-a2c4-c183d5deb59a/prints/pp2/W502056.webp
Белые софт-тач,iPhone 14 Pro Max,A:502057,W502057,ПП2,726578418,26,https://s3.twcstorage.ru/35ffc2ef-1e09-463d-a2c4-c183d5deb59a/prints/pp2/W502057.webp
Белые софт-тач,iPhone 14 Pro Max,A:502058,W502058,ПП2,726616732,1000000,https://s3.twcstorage.ru/35ffc2ef-1e09-463d-a2c4-c183d5deb59a/prints/pp2/W502058.webp
Чехол с вкладышем,iPhone 14 Pro Max,A:502059,W502059,ПП2,994397618,1000000,https://s3.twcstorage.ru/35ffc2ef-1e09-463d-a2c4-c183d5deb59a/prints/pp2/W502059.webp
Объемные матовые чехлы черные,iPhone 14 Pro Max,A:502065,W502065,ПП2,1157639416,14,https://s3.twcstorage.ru/35ffc2ef-1e09-463d-a2c4-c183d5deb59a/prints/pp2/W502065.webp
Белые софт-тач,iPhone 14 Pro Max,A:502069,W502069,ПП2,726667116,16,https://s3.twcstorage.ru/35ffc2ef-1e09-463d-a2c4-c183d5deb59a/prints/pp2/W502069.webp
Матовые цветные чехлы для печати,iPhone 14 Pro Max,A:506329,W5063291,ПП2,1185810001,7,https://s3.twcstorage.ru/35ffc2ef-1e09-463d-a2c4-c183d5deb59a/prints/pp2/W5063291.webp
Матовые цветные чехлы для печати,iPhone 14 Pro Max,A:506330,W5063301,ПП2,1185374783,3,https://s3.twcstorage.ru/35ffc2ef-1e09-463d-a2c4-c183d5deb59a/prints/pp2/W5063301.webp
Белые софт-тач,iPhone 14 Pro Max,A:506331,W506331,ПП2,1164163842,5,https://s3.twcstorage.ru/35ffc2ef-1e09-463d-a2c4-c183d5deb59a/prints/pp2/W5063311.webp
Матовые цветные чехлы для печати,iPhone 14 Pro Max,A:506332,W5063321,ПП2,1185725885,2,https://s3.twcstorage.ru/35ffc2ef-1e09-463d-a2c4-c183d5deb59a/prints/pp2/W5063321.webp
Силиконовые чехлы,iPhone 14 Pro Max,A:506333,W506333,ПП2,1186145809,50,https://s3.twcstorage.ru/35ffc2ef-1e09-463d-a2c4-c183d5deb59a/prints/pp2/W5063331.webp
Матовые цветные чехлы для печати,iPhone 14 Pro Max,A:506334,W5063341,ПП2,1185500638,1,https://s3.twcstorage.ru/35ffc2ef-1e09-463d-a2c4-c183d5deb59a/prints/pp2/W5063341.webp
Силиконовые чехлы,iPhone 14 Pro Max,A:506335,W506335,ПП2,1186173734,15,https://s3.twcstorage.ru/35ffc2ef-1e09-463d-a2c4-c183d5deb59a/prints/pp2/W5063351.webp
Объемные матовые чехлы коричневые,iPhone 14 Pro Max,A:506336,W5063361,ПП2,1157057052,9,https://s3.twcstorage.ru/35ffc2ef-1e09-463d-a2c4-c183d5deb59a/prints/pp2/W5063361.webp
Матовые цветные чехлы для печати,iPhone 14 Pro Max,A:506337,W5063371,ПП2,1185539159,13,https://s3.twcstorage.ru/35ffc2ef-1e09-463d-a2c4-c183d5deb59a/prints/pp2/W5063371.webp
Белые софт-тач,iPhone 14 Pro Max,A:506338,W506338,ПП2,1164296628,41,https://s3.twcstorage.ru/35ffc2ef-1e09-463d-a2c4-c183d5deb59a/prints/pp2/W5063381.webp
Матовые цветные чехлы для печати,iPhone 14 Pro Max,A:506339,W5063391,ПП2,1185544640,8,https://s3.twcstorage.ru/35ffc2ef-1e09-463d-a2c4-c183d5deb59a/prints/pp2/W5063391.webp
Белые софт-тач,iPhone 14 Pro Max,A:506340,W506340,ПП2,1164331975,4,https://s3.twcstorage.ru/35ffc2ef-1e09-463d-a2c4-c183d5deb59a/prints/pp2/W5063401.webp
Матовые цветные чехлы для печати,iPhone 14 Pro Max,A:506341,W5063411,ПП2,1185547896,36,https://s3.twcstorage.ru/35ffc2ef-1e09-463d-a2c4-c183d5deb59a/prints/pp2/W5063411.webp
Матовые цветные чехлы для печати,iPhone 14 Pro Max,A:506344,W5063441,ПП2,1185640317,51,https://s3.twcstorage.ru/35ffc2ef-1e09-463d-a2c4-c183d5deb59a/prints/pp2/W5063441.webp
Матовые цветные чехлы для печати,iPhone 14 Pro Max,A:506346,W506346,ПП2,1185477218,19,https://s3.twcstorage.ru/35ffc2ef-1e09-463d-a2c4-c183d5deb59a/prints/pp2/W506346.webp
Матовые цветные чехлы для печати,iPhone 14 Pro Max,A:506347,W5063471,ПП2,1189260577,44,https://s3.twcstorage.ru/35ffc2ef-1e09-463d-a2c4-c183d5deb59a/prints/pp2/W5063471.webp
Матовые цветные чехлы для печати,iPhone 14 Pro Max,A:506349,W506349,ПП2,1185420181,35,https://s3.twcstorage.ru/35ffc2ef-1e09-463d-a2c4-c183d5deb59a/prints/pp2/W506349.webp
Силиконовые чехлы,iPhone 14 Pro Max,A:506350,W506350,ПП2,1186662133,45,https://s3.twcstorage.ru/35ffc2ef-1e09-463d-a2c4-c183d5deb59a/prints/pp2/W5063501.webp
Матовые цветные чехлы для печати,iPhone 14 Pro Max,A:506351,W5063511,ПП2,1185760399,37,https://s3.twcstorage.ru/35ffc2ef-1e09-463d-a2c4-c183d5deb59a/prints/pp2/W5063511.webp
Силиконовые чехлы,iPhone 14 Pro Max,A:506353,W506353,ПП2,1186336996,74,https://s3.twcstorage.ru/35ffc2ef-1e09-463d-a2c4-c183d5deb59a/prints/pp2/W5063531.webp
Матовые цветные чехлы для печати,iPhone 14 Pro Max,A:506357,W5063571,ПП2,1185788081,1000000,https://s3.twcstorage.ru/35ffc2ef-1e09-463d-a2c4-c183d5deb59a/prints/pp2/W5063571.webp
Силиконовые чехлы,iPhone 14 Pro Max,A:506360,W506360,ПП2,1186721961,59,https://s3.twcstorage.ru/35ffc2ef-1e09-463d-a2c4-c183d5deb59a/prints/pp2/W5063601.webp
Силиконовые чехлы,iPhone 14 Pro Max,A:506361,W506361,ПП2,1186404031,30,https://s3.twcstorage.ru/35ffc2ef-1e09-463d-a2c4-c183d5deb59a/prints/pp2/W506361.webp
Матовые цветные чехлы для печати,iPhone 14 Pro Max,A:506363,W506363,ПП2,1185398306,33,https://s3.twcstorage.ru/35ffc2ef-1e09-463d-a2c4-c183d5deb59a/prints/pp2/W506363.webp
Матовые цветные чехлы для печати,iPhone 14 Pro Max,A:506364,W506364,ПП2,1185700024,29,https://s3.twcstorage.ru/35ffc2ef-1e09-463d-a2c4-c183d5deb59a/prints/pp2/W506364.webp
Объемные матовые чехлы бордовые,iPhone 14 Pro Max,A:506366,W506366,ПП2,1153140547,37,https://s3.twcstorage.ru/35ffc2ef-1e09-463d-a2c4-c183d5deb59a/prints/pp2/W506366.webp
Матовые цветные чехлы для печати,iPhone 14 Pro Max,A:506370,W506370,ПП2,1189255017,63,https://s3.twcstorage.ru/35ffc2ef-1e09-463d-a2c4-c183d5deb59a/prints/pp2/W506370.webp
Силиконовые чехлы,iPhone 14 Pro Max,A:506372,W506372,ПП2,1186486177,16,https://s3.twcstorage.ru/35ffc2ef-1e09-463d-a2c4-c183d5deb59a/prints/pp2/W506372.webp
Силиконовые чехлы,iPhone 14 Pro Max,A:506373,W506373,ПП2,1186769488,6,https://s3.twcstorage.ru/35ffc2ef-1e09-463d-a2c4-c183d5deb59a/prints/pp2/W506373.webp
Силиконовые чехлы,iPhone 14 Pro Max,A:506374,W506374,ПП2,1186502504,10,https://s3.twcstorage.ru/35ffc2ef-1e09-463d-a2c4-c183d5deb59a/prints/pp2/W506374.webp
Силиконовые чехлы,iPhone 14 Pro Max,A:506376,W506376,ПП2,1186662557,53,https://s3.twcstorage.ru/35ffc2ef-1e09-463d-a2c4-c183d5deb59a/prints/pp2/W506376.webp
Матовые цветные чехлы для печати,iPhone 14 Pro Max,A:506377,W506377,ПП2,1185699459,21,https://s3.twcstorage.ru/35ffc2ef-1e09-463d-a2c4-c183d5deb59a/prints/pp2/W506377.webp
Силиконовые чехлы,iPhone 14 Pro Max,A:506378,W506378,ПП2,1186688190,22,https://s3.twcstorage.ru/35ffc2ef-1e09-463d-a2c4-c183d5deb59a/prints/pp2/W506378.webp
Силиконовые чехлы,iPhone 14 Pro Max,A:506379,W506379,ПП2,1186720901,27,https://s3.twcstorage.ru/35ffc2ef-1e09-463d-a2c4-c183d5deb59a/prints/pp2/W506379.webp
Матовые цветные чехлы для печати,iPhone 14 Pro Max,A:506381,W506381,ПП2,1185736590,14,https://s3.twcstorage.ru/35ffc2ef-1e09-463d-a2c4-c183d5deb59a/prints/pp2/W506381.webp
Силиконовые чехлы,iPhone 14 Pro Max,A:506382,Q506382,ПП2,1186724644,47,https://s3.twcstorage.ru/35ffc2ef-1e09-463d-a2c4-c183d5deb59a/prints/pp2/Q5063821.webp
Силиконовые чехлы,iPhone 14 Pro Max,A:506383,Q506383,ПП2,1186675281,32,https://s3.twcstorage.ru/35ffc2ef-1e09-463d-a2c4-c183d5deb59a/prints/pp2/Q5063831.webp
Стеклянные чехлы,iPhone 14 Pro Max,A:506384,Q5063841,ПП2,1186926769,1,https://s3.twcstorage.ru/35ffc2ef-1e09-463d-a2c4-c183d5deb59a/prints/pp2/Q5063841.webp
Чехол с вкладышем,iPhone 15,A:501927,W501927,ПП2,994401786,1000000,https://s3.twcstorage.ru/35ffc2ef-1e09-463d-a2c4-c183d5deb59a/prints/pp2/W501927.webp
Чёрные софт-тач,iPhone 15,A:501928,S501928,ПП2,727097969,11,https://s3.twcstorage.ru/35ffc2ef-1e09-463d-a2c4-c183d5deb59a/prints/pp2/W501928.webp
Объемные матовые чехлы светло-розовые,iPhone 15,A:501930,W501930,ПП2,1152688805,9,https://s3.twcstorage.ru/35ffc2ef-1e09-463d-a2c4-c183d5deb59a/prints/pp2/W501930.webp
Чёрные софт-тач,iPhone 15,A:501931,S501931,ПП2,727077572,12,https://s3.twcstorage.ru/35ffc2ef-1e09-463d-a2c4-c183d5deb59a/prints/pp2/W501931.webp
Матовые цветные чехлы для печати,iPhone 15,A:501932,W501932,ПП2,726805094,1000000,https://s3.twcstorage.ru/35ffc2ef-1e09-463d-a2c4-c183d5deb59a/prints/pp2/W501932.webp
Чёрные софт-тач,iPhone 15,A:501933,S501933,ПП2,727082432,1000000,https://s3.twcstorage.ru/35ffc2ef-1e09-463d-a2c4-c183d5deb59a/prints/pp2/W501933.webp
Белые софт-тач,iPhone 15,A:501934,W501934,ПП2,726582692,68,https://s3.twcstorage.ru/35ffc2ef-1e09-463d-a2c4-c183d5deb59a/prints/pp2/W501934.webp
Белые софт-тач,iPhone 15,A:501935,W501935,ПП2,726594170,69,https://s3.twcstorage.ru/35ffc2ef-1e09-463d-a2c4-c183d5deb59a/prints/pp2/W501935.webp
Матовые цветные чехлы для печати,iPhone 15,A:501937,W501937,ПП2,726808329,1000000,https://s3.twcstorage.ru/35ffc2ef-1e09-463d-a2c4-c183d5deb59a/prints/pp2/W501937.webp
Объемные матовые чехлы молочные,iPhone 15,A:501939,W501939,ПП2,1154067061,17,https://s3.twcstorage.ru/35ffc2ef-1e09-463d-a2c4-c183d5deb59a/prints/pp2/W501939.webp
Белые софт-тач,iPhone 15,A:501940,W501940,ПП2,726671502,51,https://s3.twcstorage.ru/35ffc2ef-1e09-463d-a2c4-c183d5deb59a/prints/pp2/W501940.webp
Чёрные софт-тач,iPhone 15,A:501941,S501941,ПП2,727108719,1000000,https://s3.twcstorage.ru/35ffc2ef-1e09-463d-a2c4-c183d5deb59a/prints/pp2/S501941.webp
Чёрные софт-тач,iPhone 15,A:501943,S501943,ПП2,727102154,6,https://s3.twcstorage.ru/35ffc2ef-1e09-463d-a2c4-c183d5deb59a/prints/pp2/S501943.webp
Чёрные софт-тач,iPhone 15,A:501945,S501945,ПП2,727119296,1000000,https://s3.twcstorage.ru/35ffc2ef-1e09-463d-a2c4-c183d5deb59a/prints/pp2/W501945.webp
Чёрные софт-тач,iPhone 15,A:501946,S501946,ПП2,727094756,7,https://s3.twcstorage.ru/35ffc2ef-1e09-463d-a2c4-c183d5deb59a/prints/pp2/W501946.webp
Чёрные софт-тач,iPhone 15,A:501947,S501947,ПП2,727134446,8,https://s3.twcstorage.ru/35ffc2ef-1e09-463d-a2c4-c183d5deb59a/prints/pp2/W501947.webp
Объемные матовые чехлы светло-розовые,iPhone 15,A:501948,W501948,ПП2,1152723494,39,https://s3.twcstorage.ru/35ffc2ef-1e09-463d-a2c4-c183d5deb59a/prints/pp2/W501948.webp
Чёрные софт-тач,iPhone 15,A:501949,S501949,ПП2,727139839,1,https://s3.twcstorage.ru/35ffc2ef-1e09-463d-a2c4-c183d5deb59a/prints/pp2/W501949.webp
Чёрные софт-тач,iPhone 15,A:501950,S501950,ПП2,727132640,2,https://s3.twcstorage.ru/35ffc2ef-1e09-463d-a2c4-c183d5deb59a/prints/pp2/W501950.webp
Объемные матовые чехлы бордовые,iPhone 15,A:501951,W501951,ПП2,1153015645,1,https://s3.twcstorage.ru/35ffc2ef-1e09-463d-a2c4-c183d5deb59a/prints/pp2/W501951.webp
Объемные матовые чехлы коричневые,iPhone 15,A:501952,W501952,ПП2,1157173844,41,https://s3.twcstorage.ru/35ffc2ef-1e09-463d-a2c4-c183d5deb59a/prints/pp2/W501952.webp
Белые софт-тач,iPhone 15,A:501953,W501953,ПП2,726588739,6,https://s3.twcstorage.ru/35ffc2ef-1e09-463d-a2c4-c183d5deb59a/prints/pp2/W501953.webp
Чёрные софт-тач,iPhone 15,A:501954,S501954,ПП2,727115263,1000000,https://s3.twcstorage.ru/35ffc2ef-1e09-463d-a2c4-c183d5deb59a/prints/pp2/W501954.webp
Объемные матовые чехлы бордовые,iPhone 15,A:501955,W501955,ПП2,1152949883,24,https://s3.twcstorage.ru/35ffc2ef-1e09-463d-a2c4-c183d5deb59a/prints/pp2/W501955.webp
Чёрные софт-тач,iPhone 15,A:501957,S501957,ПП2,727123268,3,https://s3.twcstorage.ru/35ffc2ef-1e09-463d-a2c4-c183d5deb59a/prints/pp2/W501957.webp
Белые софт-тач,iPhone 15,A:501958,W501958,ПП2,726611648,30,https://s3.twcstorage.ru/35ffc2ef-1e09-463d-a2c4-c183d5deb59a/prints/pp2/W501958.webp
Чёрные софт-тач,iPhone 15,A:501960,S501960,ПП2,727148605,15,https://s3.twcstorage.ru/35ffc2ef-1e09-463d-a2c4-c183d5deb59a/prints/pp2/W501960.webp
Белые софт-тач,iPhone 15,A:501961,W501961,ПП2,726676322,12,https://s3.twcstorage.ru/35ffc2ef-1e09-463d-a2c4-c183d5deb59a/prints/pp2/W501961.webp
Чёрные софт-тач,iPhone 15,A:501962,S501962,ПП2,727147524,9,https://s3.twcstorage.ru/35ffc2ef-1e09-463d-a2c4-c183d5deb59a/prints/pp2/W501962.webp
Чехол с вкладышем,iPhone 15,A:501966,W501966,ПП2,994402955,1000000,https://s3.twcstorage.ru/35ffc2ef-1e09-463d-a2c4-c183d5deb59a/prints/pp2/W501966.webp
Чехол с вкладышем,iPhone 15,A:501967,W501967,ПП2,994403011,1000000,https://s3.twcstorage.ru/35ffc2ef-1e09-463d-a2c4-c183d5deb59a/prints/pp2/W501967.webp
Чехол с вкладышем,iPhone 15,A:501969,W501969,ПП2,994403032,1000000,https://s3.twcstorage.ru/35ffc2ef-1e09-463d-a2c4-c183d5deb59a/prints/pp2/W501969.webp
Силиконовые чехлы,iPhone 15,A:501974,Q501974,ПП2,727293135,70,https://s3.twcstorage.ru/35ffc2ef-1e09-463d-a2c4-c183d5deb59a/prints/pp2/Q501974.webp
Силиконовые чехлы,iPhone 15,A:501976,Q501976,ПП2,727302609,79,https://s3.twcstorage.ru/35ffc2ef-1e09-463d-a2c4-c183d5deb59a/prints/pp2/Q501976.webp
Силиконовые чехлы,iPhone 15,A:501978,Q501978,ПП2,727216829,2,https://s3.twcstorage.ru/35ffc2ef-1e09-463d-a2c4-c183d5deb59a/prints/pp2/Q5019781.webp
Силиконовые чехлы,iPhone 15,A:501979,Q501979,ПП2,727778913,48,https://s3.twcstorage.ru/35ffc2ef-1e09-463d-a2c4-c183d5deb59a/prints/pp2/Q5019791.webp
Стеклянные чехлы,iPhone 15,A:501980,Q5019801,ПП2,727506412,2,https://s3.twcstorage.ru/35ffc2ef-1e09-463d-a2c4-c183d5deb59a/prints/pp2/Q5019801.webp
Стеклянные чехлы,iPhone 15,A:501981,Q5019811,ПП2,727508027,1000000,https://s3.twcstorage.ru/35ffc2ef-1e09-463d-a2c4-c183d5deb59a/prints/pp2/Y501981.webp
Силиконовые чехлы,iPhone 15,A:501982,Q501982,ПП2,727551810,1000000,https://s3.twcstorage.ru/35ffc2ef-1e09-463d-a2c4-c183d5deb59a/prints/pp2/Y501982.webp
Силиконовые чехлы,iPhone 15,A:501983,Q501983,ПП2,727855125,71,https://s3.twcstorage.ru/35ffc2ef-1e09-463d-a2c4-c183d5deb59a/prints/pp2/Y501983.webp
Силиконовые чехлы,iPhone 15,A:501984,Q501984,ПП2,727518825,126,https://s3.twcstorage.ru/35ffc2ef-1e09-463d-a2c4-c183d5deb59a/prints/pp2/Y501984.webp
Силиконовые чехлы,iPhone 15,A:501985,Q501985,ПП2,727520144,1000000,https://s3.twcstorage.ru/35ffc2ef-1e09-463d-a2c4-c183d5deb59a/prints/pp2/Y501985.webp
Силиконовые чехлы,iPhone 15,A:501987,Q501987,ПП2,727810228,1000000,https://s3.twcstorage.ru/35ffc2ef-1e09-463d-a2c4-c183d5deb59a/prints/pp2/Y501987.webp
Объемные матовые чехлы черные,iPhone 15,A:501988,Q501988,ПП2,1157456714,49,https://s3.twcstorage.ru/35ffc2ef-1e09-463d-a2c4-c183d5deb59a/prints/pp2/Y501988.webp
Силиконовые чехлы,iPhone 15,A:501989,Q501989,ПП2,727516190,1000000,https://s3.twcstorage.ru/35ffc2ef-1e09-463d-a2c4-c183d5deb59a/prints/pp2/Y501989.webp
Силиконовые чехлы,iPhone 15,A:501990,Q501990,ПП2,727812914,63,https://s3.twcstorage.ru/35ffc2ef-1e09-463d-a2c4-c183d5deb59a/prints/pp2/Y501990.webp
Стеклянные чехлы,iPhone 15,A:501993,Q5019931,ПП2,727504309,4,https://s3.twcstorage.ru/35ffc2ef-1e09-463d-a2c4-c183d5deb59a/prints/pp2/Q5019931.webp
Объемные матовые чехлы коричневые,iPhone 15,A:501996,W501996,ПП2,1156106420,1000000,https://s3.twcstorage.ru/35ffc2ef-1e09-463d-a2c4-c183d5deb59a/prints/pp2/Y501996.webp
Объемные матовые чехлы черные,iPhone 15,A:501997,W501997,ПП2,1157430036,43,https://s3.twcstorage.ru/35ffc2ef-1e09-463d-a2c4-c183d5deb59a/prints/pp2/Y501997.webp
Белые софт-тач,iPhone 15,A:502002,W502002,ПП2,726601399,1000000,https://s3.twcstorage.ru/35ffc2ef-1e09-463d-a2c4-c183d5deb59a/prints/pp2/W502002.webp
Объемные матовые чехлы молочные,iPhone 15,A:502003,W502003,ПП2,1154675251,23,https://s3.twcstorage.ru/35ffc2ef-1e09-463d-a2c4-c183d5deb59a/prints/pp2/W502003.webp
Объемные матовые чехлы коричневые,iPhone 15,A:502005,W502005,ПП2,1156341606,12,https://s3.twcstorage.ru/35ffc2ef-1e09-463d-a2c4-c183d5deb59a/prints/pp2/W502005.webp
Объемные матовые чехлы бордовые,iPhone 15,A:502006,W502006,ПП2,1153008313,20,https://s3.twcstorage.ru/35ffc2ef-1e09-463d-a2c4-c183d5deb59a/prints/pp2/W502006.webp
Объемные матовые чехлы бордовые,iPhone 15,A:502007,W502007,ПП2,1153018794,33,https://s3.twcstorage.ru/35ffc2ef-1e09-463d-a2c4-c183d5deb59a/prints/pp2/W502007.webp
Объемные матовые чехлы коричневые,iPhone 15,A:502008,W502008,ПП2,1156421596,13,https://s3.twcstorage.ru/35ffc2ef-1e09-463d-a2c4-c183d5deb59a/prints/pp2/W502008.webp
Объемные матовые чехлы черные,iPhone 15,A:502009,W502009,ПП2,1181473287,44,https://s3.twcstorage.ru/35ffc2ef-1e09-463d-a2c4-c183d5deb59a/prints/pp2/W502009.webp
Объемные матовые чехлы молочные,iPhone 15,A:502010,W502010,ПП2,1180246951,2,https://s3.twcstorage.ru/35ffc2ef-1e09-463d-a2c4-c183d5deb59a/prints/pp2/W502010.webp
Объемные матовые чехлы бордовые,iPhone 15,A:502011,W502011,ПП2,1152910602,44,https://s3.twcstorage.ru/35ffc2ef-1e09-463d-a2c4-c183d5deb59a/prints/pp2/W502011.webp
Матовые цветные чехлы для печати,iPhone 15,A:502012,W502012,ПП2,726852649,6,https://s3.twcstorage.ru/35ffc2ef-1e09-463d-a2c4-c183d5deb59a/prints/pp2/W502012.webp
Объемные матовые чехлы молочные,iPhone 15,A:502014,W502014,ПП2,1155825471,5,https://s3.twcstorage.ru/35ffc2ef-1e09-463d-a2c4-c183d5deb59a/prints/pp2/W502014.webp
Белые софт-тач,iPhone 15,A:502015,W502015,ПП2,726631286,1000000,https://s3.twcstorage.ru/35ffc2ef-1e09-463d-a2c4-c183d5deb59a/prints/pp2/W502015.webp
Матовые цветные чехлы для печати,iPhone 15,A:502016,W502016,ПП2,726815222,39,https://s3.twcstorage.ru/35ffc2ef-1e09-463d-a2c4-c183d5deb59a/prints/pp2/W502016.webp
Матовые цветные чехлы для печати,iPhone 15,A:502018,W502018,ПП2,726833133,48,https://s3.twcstorage.ru/35ffc2ef-1e09-463d-a2c4-c183d5deb59a/prints/pp2/W502018.webp
Матовые цветные чехлы для печати,iPhone 15,A:502019,W502019,ПП2,726834773,55,https://s3.twcstorage.ru/35ffc2ef-1e09-463d-a2c4-c183d5deb59a/prints/pp2/W502019.webp
Чехол с вкладышем,iPhone 15,A:502020,W502020,ПП2,994404189,1000000,https://s3.twcstorage.ru/35ffc2ef-1e09-463d-a2c4-c183d5deb59a/prints/pp2/W502020.webp
Чехол с вкладышем,iPhone 15,A:502021,W502021,ПП2,994404199,1000000,https://s3.twcstorage.ru/35ffc2ef-1e09-463d-a2c4-c183d5deb59a/prints/pp2/Y502021.webp
Объемные матовые чехлы черные,iPhone 15,A:502023,W502023,ПП2,1157508053,23,https://s3.twcstorage.ru/35ffc2ef-1e09-463d-a2c4-c183d5deb59a/prints/pp2/W502023.webp
Матовые цветные чехлы для печати,iPhone 15,A:502025,W502025,ПП2,726874798,34,https://s3.twcstorage.ru/35ffc2ef-1e09-463d-a2c4-c183d5deb59a/prints/pp2/W502025.webp
Матовые цветные чехлы для печати,iPhone 15,A:502026,W502026,ПП2,726868829,58,https://s3.twcstorage.ru/35ffc2ef-1e09-463d-a2c4-c183d5deb59a/prints/pp2/W502026.webp
Чехол с вкладышем,iPhone 15,A:502027,W502027,ПП2,994404422,1000000,https://s3.twcstorage.ru/35ffc2ef-1e09-463d-a2c4-c183d5deb59a/prints/pp2/W502027.webp
Матовые цветные чехлы для печати,iPhone 15,A:502028,W502028,ПП2,726870560,69,https://s3.twcstorage.ru/35ffc2ef-1e09-463d-a2c4-c183d5deb59a/prints/pp2/W502028.webp
Объемные матовые чехлы черные,iPhone 15,A:502029,W502029,ПП2,1157573839,2,https://s3.twcstorage.ru/35ffc2ef-1e09-463d-a2c4-c183d5deb59a/prints/pp2/W502029.webp
Матовые цветные чехлы для печати,iPhone 15,A:502030,W502030,ПП2,726856096,20,https://s3.twcstorage.ru/35ffc2ef-1e09-463d-a2c4-c183d5deb59a/prints/pp2/W502030.webp
Объемные матовые чехлы светло-розовые,iPhone 15,A:502031,W502031,ПП2,1152714584,15,https://s3.twcstorage.ru/35ffc2ef-1e09-463d-a2c4-c183d5deb59a/prints/pp2/W502031.webp
Объемные матовые чехлы коричневые,iPhone 15,A:502032,W502032,ПП2,1156559035,1,https://s3.twcstorage.ru/35ffc2ef-1e09-463d-a2c4-c183d5deb59a/prints/pp2/W502032.webp
Белые софт-тач,iPhone 15,A:502033,W502033,ПП2,726638955,10,https://s3.twcstorage.ru/35ffc2ef-1e09-463d-a2c4-c183d5deb59a/prints/pp2/W502033.webp
Объемные матовые чехлы коричневые,iPhone 15,A:502034,W502034,ПП2,1156072576,31,https://s3.twcstorage.ru/35ffc2ef-1e09-463d-a2c4-c183d5deb59a/prints/pp2/W502034.webp
Белые софт-тач,iPhone 15,A:502035,W502035,ПП2,726564594,20,https://s3.twcstorage.ru/35ffc2ef-1e09-463d-a2c4-c183d5deb59a/prints/pp2/W502035.webp
Объемные матовые чехлы бордовые,iPhone 15,A:502036,W502036,ПП2,1152985540,3,https://s3.twcstorage.ru/35ffc2ef-1e09-463d-a2c4-c183d5deb59a/prints/pp2/W502036.webp
Объемные матовые чехлы светло-розовые,iPhone 15,A:502037,W502037,ПП2,1152704728,30,https://s3.twcstorage.ru/35ffc2ef-1e09-463d-a2c4-c183d5deb59a/prints/pp2/W502037.webp
Чехол с вкладышем,iPhone 15,A:502039,W502039,ПП2,994404739,1000000,https://s3.twcstorage.ru/35ffc2ef-1e09-463d-a2c4-c183d5deb59a/prints/pp2/W502039.webp
Чехол с вкладышем,iPhone 15,A:502044,W502044,ПП2,994404785,1000000,https://s3.twcstorage.ru/35ffc2ef-1e09-463d-a2c4-c183d5deb59a/prints/pp2/W502044.webp
Белые софт-тач,iPhone 15,A:502047,W502047,ПП2,726572570,32,https://s3.twcstorage.ru/35ffc2ef-1e09-463d-a2c4-c183d5deb59a/prints/pp2/W502047.webp
Объемные матовые чехлы светло-розовые,iPhone 15,A:502048,W502048,ПП2,1152719190,16,https://s3.twcstorage.ru/35ffc2ef-1e09-463d-a2c4-c183d5deb59a/prints/pp2/Y502048.webp
Объемные матовые чехлы коричневые,iPhone 15,A:502049,W502049,ПП2,1156526922,17,https://s3.twcstorage.ru/35ffc2ef-1e09-463d-a2c4-c183d5deb59a/prints/pp2/Y502049.webp
Объемные матовые чехлы бордовые,iPhone 15,A:502050,W502050,ПП2,1153599225,58,https://s3.twcstorage.ru/35ffc2ef-1e09-463d-a2c4-c183d5deb59a/prints/pp2/Y502050.webp
Белые софт-тач,iPhone 15,A:502051,W502051,ПП2,726567906,47,https://s3.twcstorage.ru/35ffc2ef-1e09-463d-a2c4-c183d5deb59a/prints/pp2/W502051.webp
Объемные матовые чехлы коричневые,iPhone 15,A:502052,W502052,ПП2,1156498717,2,https://s3.twcstorage.ru/35ffc2ef-1e09-463d-a2c4-c183d5deb59a/prints/pp2/W502052.webp
Белые софт-тач,iPhone 15,A:502053,W502053,ПП2,726640842,1,https://s3.twcstorage.ru/35ffc2ef-1e09-463d-a2c4-c183d5deb59a/prints/pp2/W502053.webp
Объемные матовые чехлы бордовые,iPhone 15,A:502054,W502054,ПП2,1153800958,59,https://s3.twcstorage.ru/35ffc2ef-1e09-463d-a2c4-c183d5deb59a/prints/pp2/W502054.webp
Матовые цветные чехлы для печати,iPhone 15,A:502055,W502055,ПП2,726771019,95,https://s3.twcstorage.ru/35ffc2ef-1e09-463d-a2c4-c183d5deb59a/prints/pp2/W502055.webp
Чехол с вкладышем,iPhone 15,A:502056,W502056,ПП2,994405037,1000000,https://s3.twcstorage.ru/35ffc2ef-1e09-463d-a2c4-c183d5deb59a/prints/pp2/W502056.webp
Белые софт-тач,iPhone 15,A:502057,W502057,ПП2,726578492,26,https://s3.twcstorage.ru/35ffc2ef-1e09-463d-a2c4-c183d5deb59a/prints/pp2/W502057.webp
Белые софт-тач,iPhone 15,A:502059,W502059,ПП2,726618900,22,https://s3.twcstorage.ru/35ffc2ef-1e09-463d-a2c4-c183d5deb59a/prints/pp2/W502059.webp
Чехол с вкладышем,iPhone 15,A:502061,W502061,ПП2,994405158,1000000,https://s3.twcstorage.ru/35ffc2ef-1e09-463d-a2c4-c183d5deb59a/prints/pp2/Y502061.webp
Матовые цветные чехлы для печати,iPhone 15,A:502062,W502062,ПП2,726776034,97,https://s3.twcstorage.ru/35ffc2ef-1e09-463d-a2c4-c183d5deb59a/prints/pp2/W502062.webp
Объемные матовые чехлы черные,iPhone 15,A:502065,W502065,ПП2,1181474068,14,https://s3.twcstorage.ru/35ffc2ef-1e09-463d-a2c4-c183d5deb59a/prints/pp2/W502065.webp
Белые софт-тач,iPhone 15,A:502066,W502066,ПП2,726663489,75,https://s3.twcstorage.ru/35ffc2ef-1e09-463d-a2c4-c183d5deb59a/prints/pp2/W502066.webp
Чехол с вкладышем,iPhone 15,A:502067,W502067,ПП2,994405365,1000000,https://s3.twcstorage.ru/35ffc2ef-1e09-463d-a2c4-c183d5deb59a/prints/pp2/W5020671.webp
Белые софт-тач,iPhone 15,A:502069,W502069,ПП2,726667186,16,https://s3.twcstorage.ru/35ffc2ef-1e09-463d-a2c4-c183d5deb59a/prints/pp2/W502069.webp
Матовые цветные чехлы для печати,iPhone 15,A:506329,W5063291,ПП2,1185827987,7,https://s3.twcstorage.ru/35ffc2ef-1e09-463d-a2c4-c183d5deb59a/prints/pp2/W5063291.webp
Объемные матовые чехлы черные,iPhone 15,A:506330,W5063301,ПП2,1157912749,3,https://s3.twcstorage.ru/35ffc2ef-1e09-463d-a2c4-c183d5deb59a/prints/pp2/W5063301.webp
Белые софт-тач,iPhone 15,A:506331,W506331,ПП2,1164164988,5,https://s3.twcstorage.ru/35ffc2ef-1e09-463d-a2c4-c183d5deb59a/prints/pp2/W5063311.webp
Матовые цветные чехлы для печати,iPhone 15,A:506332,W5063321,ПП2,1185839384,2,https://s3.twcstorage.ru/35ffc2ef-1e09-463d-a2c4-c183d5deb59a/prints/pp2/W5063321.webp
Объемные матовые чехлы черные,iPhone 15,A:506333,W5063331,ПП2,1157964181,26,https://s3.twcstorage.ru/35ffc2ef-1e09-463d-a2c4-c183d5deb59a/prints/pp2/W5063331.webp
Матовые цветные чехлы для печати,iPhone 15,A:506334,W5063341,ПП2,1185605087,1,https://s3.twcstorage.ru/35ffc2ef-1e09-463d-a2c4-c183d5deb59a/prints/pp2/W5063341.webp
Объемные матовые чехлы черные,iPhone 15,A:506335,W5063351,ПП2,1157999544,4,https://s3.twcstorage.ru/35ffc2ef-1e09-463d-a2c4-c183d5deb59a/prints/pp2/W5063351.webp
Объемные матовые чехлы коричневые,iPhone 15,A:506336,W5063361,ПП2,1157066368,9,https://s3.twcstorage.ru/35ffc2ef-1e09-463d-a2c4-c183d5deb59a/prints/pp2/W5063361.webp
Матовые цветные чехлы для печати,iPhone 15,A:506337,W5063371,ПП2,1185601417,13,https://s3.twcstorage.ru/35ffc2ef-1e09-463d-a2c4-c183d5deb59a/prints/pp2/W5063371.webp
Объемные матовые чехлы черные,iPhone 15,A:506338,W5063381,ПП2,1158048572,6,https://s3.twcstorage.ru/35ffc2ef-1e09-463d-a2c4-c183d5deb59a/prints/pp2/W5063381.webp
Матовые цветные чехлы для печати,iPhone 15,A:506339,W5063391,ПП2,1189250666,8,https://s3.twcstorage.ru/35ffc2ef-1e09-463d-a2c4-c183d5deb59a/prints/pp2/W5063391.webp
Объемные матовые чехлы бордовые,iPhone 15,A:506340,W5063401,ПП2,1153888046,2,https://s3.twcstorage.ru/35ffc2ef-1e09-463d-a2c4-c183d5deb59a/prints/pp2/W5063401.webp
Объемные матовые чехлы черные,iPhone 15,A:506341,W5063411,ПП2,1158101087,11,https://s3.twcstorage.ru/35ffc2ef-1e09-463d-a2c4-c183d5deb59a/prints/pp2/W5063411.webp
Объемные матовые чехлы светло-розовые,iPhone 15,A:506343,W506343,ПП2,1152734174,13,https://s3.twcstorage.ru/35ffc2ef-1e09-463d-a2c4-c183d5deb59a/prints/pp2/W5063431.webp
Силиконовые чехлы,iPhone 15,A:506344,W506344,ПП2,1186689868,57,https://s3.twcstorage.ru/35ffc2ef-1e09-463d-a2c4-c183d5deb59a/prints/pp2/W5063441.webp
Матовые цветные чехлы для печати,iPhone 15,A:506345,W5063451,ПП2,1185845832,27,https://s3.twcstorage.ru/35ffc2ef-1e09-463d-a2c4-c183d5deb59a/prints/pp2/W5063451.webp
Матовые цветные чехлы для печати,iPhone 15,A:506346,W506346,ПП2,1185743482,19,https://s3.twcstorage.ru/35ffc2ef-1e09-463d-a2c4-c183d5deb59a/prints/pp2/W506346.webp
Объемные матовые чехлы черные,iPhone 15,A:506347,W5063471,ПП2,1158117386,29,https://s3.twcstorage.ru/35ffc2ef-1e09-463d-a2c4-c183d5deb59a/prints/pp2/W5063471.webp
Объемные матовые чехлы светло-розовые,iPhone 15,A:506348,W506348,ПП2,1152736736,18,https://s3.twcstorage.ru/35ffc2ef-1e09-463d-a2c4-c183d5deb59a/prints/pp2/W506348.webp
Матовые цветные чехлы для печати,iPhone 15,A:506349,W506349,ПП2,1185418471,35,https://s3.twcstorage.ru/35ffc2ef-1e09-463d-a2c4-c183d5deb59a/prints/pp2/W506349.webp
Матовые цветные чехлы для печати,iPhone 15,A:506350,W5063501,ПП2,1185490382,32,https://s3.twcstorage.ru/35ffc2ef-1e09-463d-a2c4-c183d5deb59a/prints/pp2/W5063501.webp
Матовые цветные чехлы для печати,iPhone 15,A:506351,W5063511,ПП2,1185719372,37,https://s3.twcstorage.ru/35ffc2ef-1e09-463d-a2c4-c183d5deb59a/prints/pp2/W5063511.webp
Силиконовые чехлы,iPhone 15,A:506352,W506352,ПП2,1186742059,84,https://s3.twcstorage.ru/35ffc2ef-1e09-463d-a2c4-c183d5deb59a/prints/pp2/W5063521.webp
Силиконовые чехлы,iPhone 15,A:506361,W506361,ПП2,1186771979,30,https://s3.twcstorage.ru/35ffc2ef-1e09-463d-a2c4-c183d5deb59a/prints/pp2/W506361.webp
Силиконовые чехлы,iPhone 15,A:506362,W506362,ПП2,1186412473,60,https://s3.twcstorage.ru/35ffc2ef-1e09-463d-a2c4-c183d5deb59a/prints/pp2/W506362.webp
Объемные матовые чехлы бордовые,iPhone 15,A:506363,W506363,ПП2,1153099358,29,https://s3.twcstorage.ru/35ffc2ef-1e09-463d-a2c4-c183d5deb59a/prints/pp2/W506363.webp
Силиконовые чехлы,iPhone 15,A:506364,W506364,ПП2,1186714521,44,https://s3.twcstorage.ru/35ffc2ef-1e09-463d-a2c4-c183d5deb59a/prints/pp2/W506364.webp
Белые софт-тач,iPhone 15,A:506366,W506366,ПП2,1163798457,79,https://s3.twcstorage.ru/35ffc2ef-1e09-463d-a2c4-c183d5deb59a/prints/pp2/W506366.webp
Объемные матовые чехлы коричневые,iPhone 15,A:506367,W506367,ПП2,1156911484,39,https://s3.twcstorage.ru/35ffc2ef-1e09-463d-a2c4-c183d5deb59a/prints/pp2/W506367.webp
Объемные матовые чехлы коричневые,iPhone 15,A:506368,W506368,ПП2,1156925097,54,https://s3.twcstorage.ru/35ffc2ef-1e09-463d-a2c4-c183d5deb59a/prints/pp2/W506368.webp
Белые софт-тач,iPhone 15,A:506369,W506369,ПП2,1163863751,50,https://s3.twcstorage.ru/35ffc2ef-1e09-463d-a2c4-c183d5deb59a/prints/pp2/W506369.webp
Белые софт-тач,iPhone 15,A:506370,W506370,ПП2,1163884856,35,https://s3.twcstorage.ru/35ffc2ef-1e09-463d-a2c4-c183d5deb59a/prints/pp2/W506370.webp
Силиконовые чехлы,iPhone 15,A:506371,W506371,ПП2,1186707872,75,https://s3.twcstorage.ru/35ffc2ef-1e09-463d-a2c4-c183d5deb59a/prints/pp2/W506371.webp
Силиконовые чехлы,iPhone 15,A:506372,W506372,ПП2,1186666347,16,https://s3.twcstorage.ru/35ffc2ef-1e09-463d-a2c4-c183d5deb59a/prints/pp2/W506372.webp
Силиконовые чехлы,iPhone 15,A:506373,W506373,ПП2,1186771425,6,https://s3.twcstorage.ru/35ffc2ef-1e09-463d-a2c4-c183d5deb59a/prints/pp2/W506373.webp
Белые софт-тач,iPhone 15,A:506374,W506374,ПП2,1163967108,3,https://s3.twcstorage.ru/35ffc2ef-1e09-463d-a2c4-c183d5deb59a/prints/pp2/W506374.webp
Силиконовые чехлы,iPhone 15,A:506375,W506375,ПП2,1186509656,31,https://s3.twcstorage.ru/35ffc2ef-1e09-463d-a2c4-c183d5deb59a/prints/pp2/W506375.webp
Силиконовые чехлы,iPhone 15,A:506377,W506377,ПП2,1186669562,29,https://s3.twcstorage.ru/35ffc2ef-1e09-463d-a2c4-c183d5deb59a/prints/pp2/W506377.webp
Силиконовые чехлы,iPhone 15,A:506378,W506378,ПП2,1186664837,22,https://s3.twcstorage.ru/35ffc2ef-1e09-463d-a2c4-c183d5deb59a/prints/pp2/W506378.webp
Силиконовые чехлы,iPhone 15,A:506379,W506379,ПП2,1186681532,27,https://s3.twcstorage.ru/35ffc2ef-1e09-463d-a2c4-c183d5deb59a/prints/pp2/W506379.webp
Белые софт-тач,iPhone 15,A:506380,W506380,ПП2,1164088778,37,https://s3.twcstorage.ru/35ffc2ef-1e09-463d-a2c4-c183d5deb59a/prints/pp2/W506380.webp
Матовые цветные чехлы для печати,iPhone 15,A:506381,W506381,ПП2,1185699575,14,https://s3.twcstorage.ru/35ffc2ef-1e09-463d-a2c4-c183d5deb59a/prints/pp2/W506381.webp
Стеклянные чехлы,iPhone 15,A:506382,Q5063821,ПП2,1186843345,7,https://s3.twcstorage.ru/35ffc2ef-1e09-463d-a2c4-c183d5deb59a/prints/pp2/Q5063821.webp
Силиконовые чехлы,iPhone 15,A:506383,Q506383,ПП2,1186713995,32,https://s3.twcstorage.ru/35ffc2ef-1e09-463d-a2c4-c183d5deb59a/prints/pp2/Q5063831.webp
Стеклянные чехлы,iPhone 15,A:506384,Q5063841,ПП2,1186926902,1,https://s3.twcstorage.ru/35ffc2ef-1e09-463d-a2c4-c183d5deb59a/prints/pp2/Q5063841.webp
Стеклянные чехлы,iPhone 15,A:506385,Q5063851,ПП2,1186852757,5,https://s3.twcstorage.ru/35ffc2ef-1e09-463d-a2c4-c183d5deb59a/prints/pp2/Q5063851.webp
Чехол с вкладышем,iPhone 15 Plus,A:501927,W501927,ПП2,994413394,1000000,https://s3.twcstorage.ru/35ffc2ef-1e09-463d-a2c4-c183d5deb59a/prints/pp2/W501927.webp
Чехол с вкладышем,iPhone 15 Plus,A:501933,W501933,ПП2,994413478,1000000,https://s3.twcstorage.ru/35ffc2ef-1e09-463d-a2c4-c183d5deb59a/prints/pp2/W501933.webp
Силиконовые чехлы,iPhone 15 Plus,A:501938,C501938,ПП2,727187790,68,https://s3.twcstorage.ru/35ffc2ef-1e09-463d-a2c4-c183d5deb59a/prints/pp2/W501938.webp
Белые софт-тач,iPhone 15 Plus,A:501940,W501940,ПП2,931038251,51,https://s3.twcstorage.ru/35ffc2ef-1e09-463d-a2c4-c183d5deb59a/prints/pp2/W501940.webp
Чёрные софт-тач,iPhone 15 Plus,A:501944,S501944,ПП2,727106056,4,https://s3.twcstorage.ru/35ffc2ef-1e09-463d-a2c4-c183d5deb59a/prints/pp2/S501944.webp
Чёрные софт-тач,iPhone 15 Plus,A:501947,S501947,ПП2,727135147,8,https://s3.twcstorage.ru/35ffc2ef-1e09-463d-a2c4-c183d5deb59a/prints/pp2/W501947.webp
Чёрные софт-тач,iPhone 15 Plus,A:501950,S501950,ПП2,727132952,2,https://s3.twcstorage.ru/35ffc2ef-1e09-463d-a2c4-c183d5deb59a/prints/pp2/W501950.webp
Чёрные софт-тач,iPhone 15 Plus,A:501951,S501951,ПП2,727136618,5,https://s3.twcstorage.ru/35ffc2ef-1e09-463d-a2c4-c183d5deb59a/prints/pp2/W501951.webp
Чёрные софт-тач,iPhone 15 Plus,A:501952,S501952,ПП2,727107568,1000000,https://s3.twcstorage.ru/35ffc2ef-1e09-463d-a2c4-c183d5deb59a/prints/pp2/W501952.webp
Белые софт-тач,iPhone 15 Plus,A:501953,W501953,ПП2,930922629,6,https://s3.twcstorage.ru/35ffc2ef-1e09-463d-a2c4-c183d5deb59a/prints/pp2/W501953.webp
Чехол с вкладышем,iPhone 15 Plus,A:501955,W501955,ПП2,994413691,1000000,https://s3.twcstorage.ru/35ffc2ef-1e09-463d-a2c4-c183d5deb59a/prints/pp2/W501955.webp
Силиконовые чехлы,iPhone 15 Plus,A:501957,C501957,ПП2,727257107,54,https://s3.twcstorage.ru/35ffc2ef-1e09-463d-a2c4-c183d5deb59a/prints/pp2/W501957.webp
Белые софт-тач,iPhone 15 Plus,A:501961,W501961,ПП2,931042521,12,https://s3.twcstorage.ru/35ffc2ef-1e09-463d-a2c4-c183d5deb59a/prints/pp2/W501961.webp
Белые софт-тач,iPhone 15 Plus,A:501962,W501962,ПП2,931044253,13,https://s3.twcstorage.ru/35ffc2ef-1e09-463d-a2c4-c183d5deb59a/prints/pp2/W501962.webp
Силиконовые чехлы,iPhone 15 Plus,A:501976,Q501976,ПП2,727302814,79,https://s3.twcstorage.ru/35ffc2ef-1e09-463d-a2c4-c183d5deb59a/prints/pp2/Q501976.webp
Силиконовые чехлы,iPhone 15 Plus,A:501978,Q501978,ПП2,727217873,2,https://s3.twcstorage.ru/35ffc2ef-1e09-463d-a2c4-c183d5deb59a/prints/pp2/Q5019781.webp
Силиконовые чехлы,iPhone 15 Plus,A:501979,Q501979,ПП2,727779699,48,https://s3.twcstorage.ru/35ffc2ef-1e09-463d-a2c4-c183d5deb59a/prints/pp2/Q5019791.webp
Силиконовые чехлы,iPhone 15 Plus,A:501980,Q501980,ПП2,727174718,4,https://s3.twcstorage.ru/35ffc2ef-1e09-463d-a2c4-c183d5deb59a/prints/pp2/Q5019801.webp
Силиконовые чехлы,iPhone 15 Plus,A:501981,Q501981,ПП2,727787613,101,https://s3.twcstorage.ru/35ffc2ef-1e09-463d-a2c4-c183d5deb59a/prints/pp2/Y501981.webp
Чехол с вкладышем,iPhone 15 Plus,A:501996,W501996,ПП2,994413916,1000000,https://s3.twcstorage.ru/35ffc2ef-1e09-463d-a2c4-c183d5deb59a/prints/pp2/Y501996.webp
Матовые цветные чехлы для печати,iPhone 15 Plus,A:501997,W501997,ПП2,726811587,1000000,https://s3.twcstorage.ru/35ffc2ef-1e09-463d-a2c4-c183d5deb59a/prints/pp2/Y501997.webp
Чехол с вкладышем,iPhone 15 Plus,A:501999,W501999,ПП2,994413991,1000000,https://s3.twcstorage.ru/35ffc2ef-1e09-463d-a2c4-c183d5deb59a/prints/pp2/W501999.webp
Чехол с вкладышем,iPhone 15 Plus,A:502005,W502005,ПП2,994414050,1000000,https://s3.twcstorage.ru/35ffc2ef-1e09-463d-a2c4-c183d5deb59a/prints/pp2/W502005.webp
Матовые цветные чехлы для печати,iPhone 15 Plus,A:502007,W502007,ПП2,726850343,67,https://s3.twcstorage.ru/35ffc2ef-1e09-463d-a2c4-c183d5deb59a/prints/pp2/W502007.webp
Белые софт-тач,iPhone 15 Plus,A:502008,W502008,ПП2,931015610,57,https://s3.twcstorage.ru/35ffc2ef-1e09-463d-a2c4-c183d5deb59a/prints/pp2/W502008.webp
Чехол с вкладышем,iPhone 15 Plus,A:502009,W502009,ПП2,994414108,1000000,https://s3.twcstorage.ru/35ffc2ef-1e09-463d-a2c4-c183d5deb59a/prints/pp2/W502009.webp
Чехол с вкладышем,iPhone 15 Plus,A:502010,W502010,ПП2,994414121,1000000,https://s3.twcstorage.ru/35ffc2ef-1e09-463d-a2c4-c183d5deb59a/prints/pp2/W502010.webp
Чехол с вкладышем,iPhone 15 Plus,A:502011,W502011,ПП2,994414128,1000000,https://s3.twcstorage.ru/35ffc2ef-1e09-463d-a2c4-c183d5deb59a/prints/pp2/W502011.webp
Матовые цветные чехлы для печати,iPhone 15 Plus,A:502012,W502012,ПП2,726855595,6,https://s3.twcstorage.ru/35ffc2ef-1e09-463d-a2c4-c183d5deb59a/prints/pp2/W502012.webp
Белые софт-тач,iPhone 15 Plus,A:502014,W502014,ПП2,931017263,15,https://s3.twcstorage.ru/35ffc2ef-1e09-463d-a2c4-c183d5deb59a/prints/pp2/W502014.webp
Белые софт-тач,iPhone 15 Plus,A:502016,W502016,ПП2,930997118,1000000,https://s3.twcstorage.ru/35ffc2ef-1e09-463d-a2c4-c183d5deb59a/prints/pp2/W502016.webp
Матовые цветные чехлы для печати,iPhone 15 Plus,A:502017,W502017,ПП2,726832617,92,https://s3.twcstorage.ru/35ffc2ef-1e09-463d-a2c4-c183d5deb59a/prints/pp2/W502017.webp
Чехол с вкладышем,iPhone 15 Plus,A:502018,W502018,ПП2,994414277,1000000,https://s3.twcstorage.ru/35ffc2ef-1e09-463d-a2c4-c183d5deb59a/prints/pp2/W502018.webp
Чехол с вкладышем,iPhone 15 Plus,A:502019,W502019,ПП2,994414283,1000000,https://s3.twcstorage.ru/35ffc2ef-1e09-463d-a2c4-c183d5deb59a/prints/pp2/W502019.webp
Матовые цветные чехлы для печати,iPhone 15 Plus,A:502023,W502023,ПП2,726867911,56,https://s3.twcstorage.ru/35ffc2ef-1e09-463d-a2c4-c183d5deb59a/prints/pp2/W502023.webp
Чехол с вкладышем,iPhone 15 Plus,A:502031,W502031,ПП2,994414479,1000000,https://s3.twcstorage.ru/35ffc2ef-1e09-463d-a2c4-c183d5deb59a/prints/pp2/W502031.webp
Матовые цветные чехлы для печати,iPhone 15 Plus,A:502032,W502032,ПП2,726858650,40,https://s3.twcstorage.ru/35ffc2ef-1e09-463d-a2c4-c183d5deb59a/prints/pp2/W502032.webp
Белые софт-тач,iPhone 15 Plus,A:502033,W502033,ПП2,931005128,10,https://s3.twcstorage.ru/35ffc2ef-1e09-463d-a2c4-c183d5deb59a/prints/pp2/W502033.webp
Матовые цветные чехлы для печати,iPhone 15 Plus,A:502034,W502034,ПП2,726837661,49,https://s3.twcstorage.ru/35ffc2ef-1e09-463d-a2c4-c183d5deb59a/prints/pp2/W502034.webp
Чехол с вкладышем,iPhone 15 Plus,A:502035,W502035,ПП2,994414551,1000000,https://s3.twcstorage.ru/35ffc2ef-1e09-463d-a2c4-c183d5deb59a/prints/pp2/W502035.webp
Чехол с вкладышем,iPhone 15 Plus,A:502036,W502036,ПП2,994414581,1000000,https://s3.twcstorage.ru/35ffc2ef-1e09-463d-a2c4-c183d5deb59a/prints/pp2/W502036.webp
Чехол с вкладышем,iPhone 15 Plus,A:502039,W502039,ПП2,994414631,1000000,https://s3.twcstorage.ru/35ffc2ef-1e09-463d-a2c4-c183d5deb59a/prints/pp2/W502039.webp
Белые софт-тач,iPhone 15 Plus,A:502047,W502047,ПП2,930880922,32,https://s3.twcstorage.ru/35ffc2ef-1e09-463d-a2c4-c183d5deb59a/prints/pp2/W502047.webp
Чехол с вкладышем,iPhone 15 Plus,A:502048,W502048,ПП2,994414693,1000000,https://s3.twcstorage.ru/35ffc2ef-1e09-463d-a2c4-c183d5deb59a/prints/pp2/Y502048.webp
Белые софт-тач,iPhone 15 Plus,A:502050,W502050,ПП2,931028884,40,https://s3.twcstorage.ru/35ffc2ef-1e09-463d-a2c4-c183d5deb59a/prints/pp2/Y502050.webp
Белые софт-тач,iPhone 15 Plus,A:502052,W502052,ПП2,931010778,2,https://s3.twcstorage.ru/35ffc2ef-1e09-463d-a2c4-c183d5deb59a/prints/pp2/W502052.webp
Белые софт-тач,iPhone 15 Plus,A:502053,W502053,ПП2,931006665,1,https://s3.twcstorage.ru/35ffc2ef-1e09-463d-a2c4-c183d5deb59a/prints/pp2/W502053.webp
Матовые цветные чехлы для печати,iPhone 15 Plus,A:502055,W502055,ПП2,726772638,95,https://s3.twcstorage.ru/35ffc2ef-1e09-463d-a2c4-c183d5deb59a/prints/pp2/W502055.webp
Матовые цветные чехлы для печати,iPhone 15 Plus,A:502057,W502057,ПП2,726775458,74,https://s3.twcstorage.ru/35ffc2ef-1e09-463d-a2c4-c183d5deb59a/prints/pp2/W502057.webp
Матовые цветные чехлы для печати,iPhone 15 Plus,A:502065,W502065,ПП2,726839539,16,https://s3.twcstorage.ru/35ffc2ef-1e09-463d-a2c4-c183d5deb59a/prints/pp2/W502065.webp
Чехол с вкладышем,iPhone 15 Plus,A:502067,W502067,ПП2,994415036,1000000,https://s3.twcstorage.ru/35ffc2ef-1e09-463d-a2c4-c183d5deb59a/prints/pp2/W5020671.webp
Белые софт-тач,iPhone 15 Plus,A:502069,W502069,ПП2,931037130,16,https://s3.twcstorage.ru/35ffc2ef-1e09-463d-a2c4-c183d5deb59a/prints/pp2/W502069.webp
Матовые цветные чехлы для печати,iPhone 15 Plus,A:506329,W5063291,ПП2,1185489984,7,https://s3.twcstorage.ru/35ffc2ef-1e09-463d-a2c4-c183d5deb59a/prints/pp2/W5063291.webp
Силиконовые чехлы,iPhone 15 Plus,A:506331,W506331,ПП2,1186115104,9,https://s3.twcstorage.ru/35ffc2ef-1e09-463d-a2c4-c183d5deb59a/prints/pp2/W5063311.webp
Силиконовые чехлы,iPhone 15 Plus,A:506332,W506332,ПП2,1186132847,3,https://s3.twcstorage.ru/35ffc2ef-1e09-463d-a2c4-c183d5deb59a/prints/pp2/W5063321.webp
Матовые цветные чехлы для печати,iPhone 15 Plus,A:506333,W5063331,ПП2,1185638264,25,https://s3.twcstorage.ru/35ffc2ef-1e09-463d-a2c4-c183d5deb59a/prints/pp2/W5063331.webp
Силиконовые чехлы,iPhone 15 Plus,A:506334,W506334,ПП2,1186161985,12,https://s3.twcstorage.ru/35ffc2ef-1e09-463d-a2c4-c183d5deb59a/prints/pp2/W5063341.webp
Силиконовые чехлы,iPhone 15 Plus,A:506335,W506335,ПП2,1186180781,15,https://s3.twcstorage.ru/35ffc2ef-1e09-463d-a2c4-c183d5deb59a/prints/pp2/W5063351.webp
Силиконовые чехлы,iPhone 15 Plus,A:506336,W506336,ПП2,1186193851,14,https://s3.twcstorage.ru/35ffc2ef-1e09-463d-a2c4-c183d5deb59a/prints/pp2/W5063361.webp
Матовые цветные чехлы для печати,iPhone 15 Plus,A:506337,W5063371,ПП2,1189296569,13,https://s3.twcstorage.ru/35ffc2ef-1e09-463d-a2c4-c183d5deb59a/prints/pp2/W5063371.webp
Матовые цветные чехлы для печати,iPhone 15 Plus,A:506338,W5063381,ПП2,1185478309,26,https://s3.twcstorage.ru/35ffc2ef-1e09-463d-a2c4-c183d5deb59a/prints/pp2/W5063381.webp
Матовые цветные чехлы для печати,iPhone 15 Plus,A:506339,W5063391,ПП2,1185503583,8,https://s3.twcstorage.ru/35ffc2ef-1e09-463d-a2c4-c183d5deb59a/prints/pp2/W5063391.webp
Матовые цветные чехлы для печати,iPhone 15 Plus,A:506340,W5063401,ПП2,1185480952,4,https://s3.twcstorage.ru/35ffc2ef-1e09-463d-a2c4-c183d5deb59a/prints/pp2/W5063401.webp
Матовые цветные чехлы для печати,iPhone 15 Plus,A:506347,W5063471,ПП2,1185477380,44,https://s3.twcstorage.ru/35ffc2ef-1e09-463d-a2c4-c183d5deb59a/prints/pp2/W5063471.webp
Силиконовые чехлы,iPhone 15 Plus,A:506363,W506363,ПП2,1186425939,67,https://s3.twcstorage.ru/35ffc2ef-1e09-463d-a2c4-c183d5deb59a/prints/pp2/W506363.webp
Силиконовые чехлы,iPhone 15 Plus,A:506370,W506370,ПП2,1186472812,95,https://s3.twcstorage.ru/35ffc2ef-1e09-463d-a2c4-c183d5deb59a/prints/pp2/W506370.webp
Матовые цветные чехлы для печати,iPhone 15 Plus,A:506372,W506372,ПП2,1185714115,9,https://s3.twcstorage.ru/35ffc2ef-1e09-463d-a2c4-c183d5deb59a/prints/pp2/W506372.webp
Силиконовые чехлы,iPhone 15 Plus,A:506373,W506373,ПП2,1186496052,6,https://s3.twcstorage.ru/35ffc2ef-1e09-463d-a2c4-c183d5deb59a/prints/pp2/W506373.webp
Силиконовые чехлы,iPhone 15 Plus,A:506374,W506374,ПП2,1186504790,10,https://s3.twcstorage.ru/35ffc2ef-1e09-463d-a2c4-c183d5deb59a/prints/pp2/W506374.webp
Силиконовые чехлы,iPhone 15 Plus,A:506376,W506376,ПП2,1186519930,53,https://s3.twcstorage.ru/35ffc2ef-1e09-463d-a2c4-c183d5deb59a/prints/pp2/W506376.webp
Матовые цветные чехлы для печати,iPhone 15 Plus,A:506377,W506377,ПП2,1185608511,21,https://s3.twcstorage.ru/35ffc2ef-1e09-463d-a2c4-c183d5deb59a/prints/pp2/W506377.webp
Силиконовые чехлы,iPhone 15 Plus,A:506378,W506378,ПП2,1186533089,22,https://s3.twcstorage.ru/35ffc2ef-1e09-463d-a2c4-c183d5deb59a/prints/pp2/W506378.webp
Силиконовые чехлы,iPhone 15 Plus,A:506379,W506379,ПП2,1186540340,27,https://s3.twcstorage.ru/35ffc2ef-1e09-463d-a2c4-c183d5deb59a/prints/pp2/W506379.webp
Матовые цветные чехлы для печати,iPhone 15 Plus,A:506380,W506380,ПП2,1185468923,46,https://s3.twcstorage.ru/35ffc2ef-1e09-463d-a2c4-c183d5deb59a/prints/pp2/W506380.webp
Силиконовые чехлы,iPhone 15 Plus,A:506381,W506381,ПП2,1186555558,51,https://s3.twcstorage.ru/35ffc2ef-1e09-463d-a2c4-c183d5deb59a/prints/pp2/W506381.webp
Силиконовые чехлы,iPhone 15 Pro,A:501927,C501927,ПП2,726900726,114,https://s3.twcstorage.ru/35ffc2ef-1e09-463d-a2c4-c183d5deb59a/prints/pp2/W501927.webp
Матовые цветные чехлы для печати,iPhone 15 Pro,A:501929,W501929,ПП2,726733711,82,https://s3.twcstorage.ru/35ffc2ef-1e09-463d-a2c4-c183d5deb59a/prints/pp2/W501929.webp
Матовые цветные чехлы для печати,iPhone 15 Pro,A:501930,W501930,ПП2,726806816,83,https://s3.twcstorage.ru/35ffc2ef-1e09-463d-a2c4-c183d5deb59a/prints/pp2/W501930.webp
Матовые цветные чехлы для печати,iPhone 15 Pro,A:501931,W501931,ПП2,726803687,84,https://s3.twcstorage.ru/35ffc2ef-1e09-463d-a2c4-c183d5deb59a/prints/pp2/W501931.webp
Белые софт-тач,iPhone 15 Pro,A:501932,W501932,ПП2,726591577,1000000,https://s3.twcstorage.ru/35ffc2ef-1e09-463d-a2c4-c183d5deb59a/prints/pp2/W501932.webp
Чёрные софт-тач,iPhone 15 Pro,A:501933,S501933,ПП2,727085087,1000000,https://s3.twcstorage.ru/35ffc2ef-1e09-463d-a2c4-c183d5deb59a/prints/pp2/W501933.webp
Матовые цветные чехлы для печати,iPhone 15 Pro,A:501937,W501937,ПП2,726808400,1000000,https://s3.twcstorage.ru/35ffc2ef-1e09-463d-a2c4-c183d5deb59a/prints/pp2/W501937.webp
Матовые цветные чехлы для печати,iPhone 15 Pro,A:501938,W501938,ПП2,726787876,1000000,https://s3.twcstorage.ru/35ffc2ef-1e09-463d-a2c4-c183d5deb59a/prints/pp2/W501938.webp
Силиконовые чехлы,iPhone 15 Pro,A:501940,C501940,ПП2,727196176,117,https://s3.twcstorage.ru/35ffc2ef-1e09-463d-a2c4-c183d5deb59a/prints/pp2/W501940.webp
Силиконовые чехлы,iPhone 15 Pro,A:501942,C501942,ПП2,727244454,118,https://s3.twcstorage.ru/35ffc2ef-1e09-463d-a2c4-c183d5deb59a/prints/pp2/S501942.webp
Чёрные софт-тач,iPhone 15 Pro,A:501944,S501944,ПП2,727106947,4,https://s3.twcstorage.ru/35ffc2ef-1e09-463d-a2c4-c183d5deb59a/prints/pp2/S501944.webp
Чехол с вкладышем,iPhone 15 Pro,A:501945,W501945,ПП2,994408414,1000000,https://s3.twcstorage.ru/35ffc2ef-1e09-463d-a2c4-c183d5deb59a/prints/pp2/W501945.webp
Чёрные софт-тач,iPhone 15 Pro,A:501946,S501946,ПП2,727097068,7,https://s3.twcstorage.ru/35ffc2ef-1e09-463d-a2c4-c183d5deb59a/prints/pp2/W501946.webp
Белые софт-тач,iPhone 15 Pro,A:501947,W501947,ПП2,726590054,27,https://s3.twcstorage.ru/35ffc2ef-1e09-463d-a2c4-c183d5deb59a/prints/pp2/W501947.webp
Чёрные софт-тач,iPhone 15 Pro,A:501948,S501948,ПП2,727139309,1000000,https://s3.twcstorage.ru/35ffc2ef-1e09-463d-a2c4-c183d5deb59a/prints/pp2/W501948.webp
Чёрные софт-тач,iPhone 15 Pro,A:501949,S501949,ПП2,727145022,1,https://s3.twcstorage.ru/35ffc2ef-1e09-463d-a2c4-c183d5deb59a/prints/pp2/W501949.webp
Чёрные софт-тач,iPhone 15 Pro,A:501950,S501950,ПП2,727133981,2,https://s3.twcstorage.ru/35ffc2ef-1e09-463d-a2c4-c183d5deb59a/prints/pp2/W501950.webp
Объемные матовые чехлы бордовые,iPhone 15 Pro,A:501951,W501951,ПП2,1153557896,1,https://s3.twcstorage.ru/35ffc2ef-1e09-463d-a2c4-c183d5deb59a/prints/pp2/W501951.webp
Белые софт-тач,iPhone 15 Pro,A:501953,W501953,ПП2,726588798,6,https://s3.twcstorage.ru/35ffc2ef-1e09-463d-a2c4-c183d5deb59a/prints/pp2/W501953.webp
Белые софт-тач,iPhone 15 Pro,A:501955,W501955,ПП2,726607412,44,https://s3.twcstorage.ru/35ffc2ef-1e09-463d-a2c4-c183d5deb59a/prints/pp2/W501955.webp
Чёрные софт-тач,iPhone 15 Pro,A:501957,S501957,ПП2,727124534,3,https://s3.twcstorage.ru/35ffc2ef-1e09-463d-a2c4-c183d5deb59a/prints/pp2/W501957.webp
Чёрные софт-тач,iPhone 15 Pro,A:501958,S501958,ПП2,727128871,14,https://s3.twcstorage.ru/35ffc2ef-1e09-463d-a2c4-c183d5deb59a/prints/pp2/W501958.webp
Белые софт-тач,iPhone 15 Pro,A:501960,W501960,ПП2,726675295,38,https://s3.twcstorage.ru/35ffc2ef-1e09-463d-a2c4-c183d5deb59a/prints/pp2/W501960.webp
Белые софт-тач,iPhone 15 Pro,A:501961,W501961,ПП2,726672390,12,https://s3.twcstorage.ru/35ffc2ef-1e09-463d-a2c4-c183d5deb59a/prints/pp2/W501961.webp
Силиконовые чехлы,iPhone 15 Pro,A:501962,C501962,ПП2,727530782,62,https://s3.twcstorage.ru/35ffc2ef-1e09-463d-a2c4-c183d5deb59a/prints/pp2/W501962.webp
Чехол с вкладышем,iPhone 15 Pro,A:501966,W501966,ПП2,994409045,1000000,https://s3.twcstorage.ru/35ffc2ef-1e09-463d-a2c4-c183d5deb59a/prints/pp2/W501966.webp
Чехол с вкладышем,iPhone 15 Pro,A:501967,W501967,ПП2,994409070,1000000,https://s3.twcstorage.ru/35ffc2ef-1e09-463d-a2c4-c183d5deb59a/prints/pp2/W501967.webp
Силиконовые чехлы,iPhone 15 Pro,A:501972,Q501972,ПП2,727064738,125,https://s3.twcstorage.ru/35ffc2ef-1e09-463d-a2c4-c183d5deb59a/prints/pp2/Q501972.webp
Силиконовые чехлы,iPhone 15 Pro,A:501978,Q501978,ПП2,727217132,2,https://s3.twcstorage.ru/35ffc2ef-1e09-463d-a2c4-c183d5deb59a/prints/pp2/Q5019781.webp
Силиконовые чехлы,iPhone 15 Pro,A:501979,Q501979,ПП2,727779231,48,https://s3.twcstorage.ru/35ffc2ef-1e09-463d-a2c4-c183d5deb59a/prints/pp2/Q5019791.webp
Стеклянные чехлы,iPhone 15 Pro,A:501980,Q5019801,ПП2,727506466,2,https://s3.twcstorage.ru/35ffc2ef-1e09-463d-a2c4-c183d5deb59a/prints/pp2/Q5019801.webp
Силиконовые чехлы,iPhone 15 Pro,A:501983,Q501983,ПП2,727855196,71,https://s3.twcstorage.ru/35ffc2ef-1e09-463d-a2c4-c183d5deb59a/prints/pp2/Y501983.webp
Силиконовые чехлы,iPhone 15 Pro,A:501987,Q501987,ПП2,727810274,1000000,https://s3.twcstorage.ru/35ffc2ef-1e09-463d-a2c4-c183d5deb59a/prints/pp2/Y501987.webp
Силиконовые чехлы,iPhone 15 Pro,A:501989,Q501989,ПП2,727516894,1000000,https://s3.twcstorage.ru/35ffc2ef-1e09-463d-a2c4-c183d5deb59a/prints/pp2/Y501989.webp
Силиконовые чехлы,iPhone 15 Pro,A:501990,Q501990,ПП2,727812934,63,https://s3.twcstorage.ru/35ffc2ef-1e09-463d-a2c4-c183d5deb59a/prints/pp2/Y501990.webp
Стеклянные чехлы,iPhone 15 Pro,A:501993,Q5019931,ПП2,727504414,4,https://s3.twcstorage.ru/35ffc2ef-1e09-463d-a2c4-c183d5deb59a/prints/pp2/Q5019931.webp
Чехол с вкладышем,iPhone 15 Pro,A:501996,W501996,ПП2,994409173,1000000,https://s3.twcstorage.ru/35ffc2ef-1e09-463d-a2c4-c183d5deb59a/prints/pp2/Y501996.webp
Чехол с вкладышем,iPhone 15 Pro,A:501997,W501997,ПП2,994409185,1000000,https://s3.twcstorage.ru/35ffc2ef-1e09-463d-a2c4-c183d5deb59a/prints/pp2/Y501997.webp
Матовые цветные чехлы для печати,iPhone 15 Pro,A:502003,W502003,ПП2,726735128,38,https://s3.twcstorage.ru/35ffc2ef-1e09-463d-a2c4-c183d5deb59a/prints/pp2/W502003.webp
Белые софт-тач,iPhone 15 Pro,A:502005,W502005,ПП2,726626419,55,https://s3.twcstorage.ru/35ffc2ef-1e09-463d-a2c4-c183d5deb59a/prints/pp2/W502005.webp
Матовые цветные чехлы для печати,iPhone 15 Pro,A:502006,W502006,ПП2,726861016,47,https://s3.twcstorage.ru/35ffc2ef-1e09-463d-a2c4-c183d5deb59a/prints/pp2/W502006.webp
Матовые цветные чехлы для печати,iPhone 15 Pro,A:502007,W502007,ПП2,726849093,67,https://s3.twcstorage.ru/35ffc2ef-1e09-463d-a2c4-c183d5deb59a/prints/pp2/W502007.webp
Матовые цветные чехлы для печати,iPhone 15 Pro,A:502008,W502008,ПП2,726738844,43,https://s3.twcstorage.ru/35ffc2ef-1e09-463d-a2c4-c183d5deb59a/prints/pp2/W502008.webp
Матовые цветные чехлы для печати,iPhone 15 Pro,A:502009,W502009,ПП2,726741269,22,https://s3.twcstorage.ru/35ffc2ef-1e09-463d-a2c4-c183d5deb59a/prints/pp2/W502009.webp
Матовые цветные чехлы для печати,iPhone 15 Pro,A:502010,W502010,ПП2,726744036,10,https://s3.twcstorage.ru/35ffc2ef-1e09-463d-a2c4-c183d5deb59a/prints/pp2/W502010.webp
Чехол с вкладышем,iPhone 15 Pro,A:502011,W502011,ПП2,994409443,1000000,https://s3.twcstorage.ru/35ffc2ef-1e09-463d-a2c4-c183d5deb59a/prints/pp2/W502011.webp
Матовые цветные чехлы для печати,iPhone 15 Pro,A:502012,W502012,ПП2,726853525,6,https://s3.twcstorage.ru/35ffc2ef-1e09-463d-a2c4-c183d5deb59a/prints/pp2/W502012.webp
Белые софт-тач,iPhone 15 Pro,A:502014,W502014,ПП2,726648296,15,https://s3.twcstorage.ru/35ffc2ef-1e09-463d-a2c4-c183d5deb59a/prints/pp2/W502014.webp
Матовые цветные чехлы для печати,iPhone 15 Pro,A:502016,W502016,ПП2,726815997,39,https://s3.twcstorage.ru/35ffc2ef-1e09-463d-a2c4-c183d5deb59a/prints/pp2/W502016.webp
Чехол с вкладышем,iPhone 15 Pro,A:502018,W502018,ПП2,994409588,1000000,https://s3.twcstorage.ru/35ffc2ef-1e09-463d-a2c4-c183d5deb59a/prints/pp2/W502018.webp
Матовые цветные чехлы для печати,iPhone 15 Pro,A:502019,W502019,ПП2,726834921,55,https://s3.twcstorage.ru/35ffc2ef-1e09-463d-a2c4-c183d5deb59a/prints/pp2/W502019.webp
Матовые цветные чехлы для печати,iPhone 15 Pro,A:502021,W502021,ПП2,726877487,68,https://s3.twcstorage.ru/35ffc2ef-1e09-463d-a2c4-c183d5deb59a/prints/pp2/Y502021.webp
Матовые цветные чехлы для печати,iPhone 15 Pro,A:502025,W502025,ПП2,726875060,34,https://s3.twcstorage.ru/35ffc2ef-1e09-463d-a2c4-c183d5deb59a/prints/pp2/W502025.webp
Чехол с вкладышем,iPhone 15 Pro,A:502026,W502026,ПП2,994409752,1000000,https://s3.twcstorage.ru/35ffc2ef-1e09-463d-a2c4-c183d5deb59a/prints/pp2/W502026.webp
Чехол с вкладышем,iPhone 15 Pro,A:502027,W502027,ПП2,994409790,1000000,https://s3.twcstorage.ru/35ffc2ef-1e09-463d-a2c4-c183d5deb59a/prints/pp2/W502027.webp
Матовые цветные чехлы для печати,iPhone 15 Pro,A:502028,W502028,ПП2,726870443,69,https://s3.twcstorage.ru/35ffc2ef-1e09-463d-a2c4-c183d5deb59a/prints/pp2/W502028.webp
Матовые цветные чехлы для печати,iPhone 15 Pro,A:502029,W502029,ПП2,726882151,30,https://s3.twcstorage.ru/35ffc2ef-1e09-463d-a2c4-c183d5deb59a/prints/pp2/W502029.webp
Матовые цветные чехлы для печати,iPhone 15 Pro,A:502030,W502030,ПП2,726856272,20,https://s3.twcstorage.ru/35ffc2ef-1e09-463d-a2c4-c183d5deb59a/prints/pp2/W502030.webp
Белые софт-тач,iPhone 15 Pro,A:502031,W502031,ПП2,726580027,58,https://s3.twcstorage.ru/35ffc2ef-1e09-463d-a2c4-c183d5deb59a/prints/pp2/W502031.webp
Матовые цветные чехлы для печати,iPhone 15 Pro,A:502032,W502032,ПП2,726858019,40,https://s3.twcstorage.ru/35ffc2ef-1e09-463d-a2c4-c183d5deb59a/prints/pp2/W502032.webp
Белые софт-тач,iPhone 15 Pro,A:502033,W502033,ПП2,726639188,10,https://s3.twcstorage.ru/35ffc2ef-1e09-463d-a2c4-c183d5deb59a/prints/pp2/W502033.webp
Чехол с вкладышем,iPhone 15 Pro,A:502035,W502035,ПП2,994409922,1000000,https://s3.twcstorage.ru/35ffc2ef-1e09-463d-a2c4-c183d5deb59a/prints/pp2/W502035.webp
Объемные матовые чехлы бордовые,iPhone 15 Pro,A:502036,W502036,ПП2,1153921058,3,https://s3.twcstorage.ru/35ffc2ef-1e09-463d-a2c4-c183d5deb59a/prints/pp2/W502036.webp
Белые софт-тач,iPhone 15 Pro,A:502037,W502037,ПП2,726565869,45,https://s3.twcstorage.ru/35ffc2ef-1e09-463d-a2c4-c183d5deb59a/prints/pp2/W502037.webp
Белые софт-тач,iPhone 15 Pro,A:502047,W502047,ПП2,726572612,32,https://s3.twcstorage.ru/35ffc2ef-1e09-463d-a2c4-c183d5deb59a/prints/pp2/W502047.webp
Белые софт-тач,iPhone 15 Pro,A:502048,W502048,ПП2,726574076,21,https://s3.twcstorage.ru/35ffc2ef-1e09-463d-a2c4-c183d5deb59a/prints/pp2/Y502048.webp
Белые софт-тач,iPhone 15 Pro,A:502049,W502049,ПП2,726567046,46,https://s3.twcstorage.ru/35ffc2ef-1e09-463d-a2c4-c183d5deb59a/prints/pp2/Y502049.webp
Белые софт-тач,iPhone 15 Pro,A:502050,W502050,ПП2,726659590,40,https://s3.twcstorage.ru/35ffc2ef-1e09-463d-a2c4-c183d5deb59a/prints/pp2/Y502050.webp
Белые софт-тач,iPhone 15 Pro,A:502051,W502051,ПП2,726567957,47,https://s3.twcstorage.ru/35ffc2ef-1e09-463d-a2c4-c183d5deb59a/prints/pp2/W502051.webp
Объемные матовые чехлы коричневые,iPhone 15 Pro,A:502052,W502052,ПП2,1156494346,2,https://s3.twcstorage.ru/35ffc2ef-1e09-463d-a2c4-c183d5deb59a/prints/pp2/W502052.webp
Белые софт-тач,iPhone 15 Pro,A:502053,W502053,ПП2,726640962,1,https://s3.twcstorage.ru/35ffc2ef-1e09-463d-a2c4-c183d5deb59a/prints/pp2/W502053.webp
Чехол с вкладышем,iPhone 15 Pro,A:502054,W502054,ПП2,994410339,1000000,https://s3.twcstorage.ru/35ffc2ef-1e09-463d-a2c4-c183d5deb59a/prints/pp2/W502054.webp
Чехол с вкладышем,iPhone 15 Pro,A:502055,W502055,ПП2,994410364,1000000,https://s3.twcstorage.ru/35ffc2ef-1e09-463d-a2c4-c183d5deb59a/prints/pp2/W502055.webp
Матовые цветные чехлы для печати,iPhone 15 Pro,A:502056,W502056,ПП2,726773291,1000000,https://s3.twcstorage.ru/35ffc2ef-1e09-463d-a2c4-c183d5deb59a/prints/pp2/W502056.webp
Белые софт-тач,iPhone 15 Pro,A:502059,W502059,ПП2,726618987,22,https://s3.twcstorage.ru/35ffc2ef-1e09-463d-a2c4-c183d5deb59a/prints/pp2/W502059.webp
Чехол с вкладышем,iPhone 15 Pro,A:502061,W502061,ПП2,994410564,1000000,https://s3.twcstorage.ru/35ffc2ef-1e09-463d-a2c4-c183d5deb59a/prints/pp2/Y502061.webp
Матовые цветные чехлы для печати,iPhone 15 Pro,A:502063,W502063,ПП2,726840178,76,https://s3.twcstorage.ru/35ffc2ef-1e09-463d-a2c4-c183d5deb59a/prints/pp2/W502063.webp
Чехол с вкладышем,iPhone 15 Pro,A:502064,W502064,ПП2,994410593,1000000,https://s3.twcstorage.ru/35ffc2ef-1e09-463d-a2c4-c183d5deb59a/prints/pp2/W502064.webp
Матовые цветные чехлы для печати,iPhone 15 Pro,A:502065,W502065,ПП2,726838575,16,https://s3.twcstorage.ru/35ffc2ef-1e09-463d-a2c4-c183d5deb59a/prints/pp2/W502065.webp
Белые софт-тач,iPhone 15 Pro,A:502066,W502066,ПП2,726663568,75,https://s3.twcstorage.ru/35ffc2ef-1e09-463d-a2c4-c183d5deb59a/prints/pp2/W502066.webp
Матовые цветные чехлы для печати,iPhone 15 Pro,A:502067,W5020671,ПП2,726731557,41,https://s3.twcstorage.ru/35ffc2ef-1e09-463d-a2c4-c183d5deb59a/prints/pp2/W5020671.webp
Белые софт-тач,iPhone 15 Pro,A:502068,W502068,ПП2,726665250,1000000,https://s3.twcstorage.ru/35ffc2ef-1e09-463d-a2c4-c183d5deb59a/prints/pp2/W502068.webp
Белые софт-тач,iPhone 15 Pro,A:502069,W502069,ПП2,726667354,16,https://s3.twcstorage.ru/35ffc2ef-1e09-463d-a2c4-c183d5deb59a/prints/pp2/W502069.webp
Матовые цветные чехлы для печати,iPhone 15 Pro,A:506329,W5063291,ПП2,1185550501,7,https://s3.twcstorage.ru/35ffc2ef-1e09-463d-a2c4-c183d5deb59a/prints/pp2/W5063291.webp
Матовые цветные чехлы для печати,iPhone 15 Pro,A:506330,W5063301,ПП2,1185374242,3,https://s3.twcstorage.ru/35ffc2ef-1e09-463d-a2c4-c183d5deb59a/prints/pp2/W5063301.webp
Белые софт-тач,iPhone 15 Pro,A:506331,W506331,ПП2,1164165692,5,https://s3.twcstorage.ru/35ffc2ef-1e09-463d-a2c4-c183d5deb59a/prints/pp2/W5063311.webp
Матовые цветные чехлы для печати,iPhone 15 Pro,A:506332,W5063321,ПП2,1189265117,2,https://s3.twcstorage.ru/35ffc2ef-1e09-463d-a2c4-c183d5deb59a/prints/pp2/W5063321.webp
Матовые цветные чехлы для печати,iPhone 15 Pro,A:506333,W5063331,ПП2,1185546885,25,https://s3.twcstorage.ru/35ffc2ef-1e09-463d-a2c4-c183d5deb59a/prints/pp2/W5063331.webp
Матовые цветные чехлы для печати,iPhone 15 Pro,A:506334,W5063341,ПП2,1185517537,1,https://s3.twcstorage.ru/35ffc2ef-1e09-463d-a2c4-c183d5deb59a/prints/pp2/W5063341.webp
Объемные матовые чехлы черные,iPhone 15 Pro,A:506335,W5063351,ПП2,1157997511,4,https://s3.twcstorage.ru/35ffc2ef-1e09-463d-a2c4-c183d5deb59a/prints/pp2/W5063351.webp
Силиконовые чехлы,iPhone 15 Pro,A:506336,W506336,ПП2,1186739057,14,https://s3.twcstorage.ru/35ffc2ef-1e09-463d-a2c4-c183d5deb59a/prints/pp2/W5063361.webp
Матовые цветные чехлы для печати,iPhone 15 Pro,A:506337,W5063371,ПП2,1185481882,13,https://s3.twcstorage.ru/35ffc2ef-1e09-463d-a2c4-c183d5deb59a/prints/pp2/W5063371.webp
Объемные матовые чехлы черные,iPhone 15 Pro,A:506338,W5063381,ПП2,1158046410,6,https://s3.twcstorage.ru/35ffc2ef-1e09-463d-a2c4-c183d5deb59a/prints/pp2/W5063381.webp
Силиконовые чехлы,iPhone 15 Pro,A:506339,W506339,ПП2,1186685961,13,https://s3.twcstorage.ru/35ffc2ef-1e09-463d-a2c4-c183d5deb59a/prints/pp2/W5063391.webp
Белые софт-тач,iPhone 15 Pro,A:506340,W506340,ПП2,1164334228,4,https://s3.twcstorage.ru/35ffc2ef-1e09-463d-a2c4-c183d5deb59a/prints/pp2/W5063401.webp
Матовые цветные чехлы для печати,iPhone 15 Pro,A:506343,W5063431,ПП2,1185385603,61,https://s3.twcstorage.ru/35ffc2ef-1e09-463d-a2c4-c183d5deb59a/prints/pp2/W5063431.webp
Матовые цветные чехлы для печати,iPhone 15 Pro,A:506345,W5063451,ПП2,1185848853,27,https://s3.twcstorage.ru/35ffc2ef-1e09-463d-a2c4-c183d5deb59a/prints/pp2/W5063451.webp
Матовые цветные чехлы для печати,iPhone 15 Pro,A:506346,W506346,ПП2,1185772962,19,https://s3.twcstorage.ru/35ffc2ef-1e09-463d-a2c4-c183d5deb59a/prints/pp2/W506346.webp
Матовые цветные чехлы для печати,iPhone 15 Pro,A:506348,W506348,ПП2,1185656276,52,https://s3.twcstorage.ru/35ffc2ef-1e09-463d-a2c4-c183d5deb59a/prints/pp2/W506348.webp
Силиконовые чехлы,iPhone 15 Pro,A:506350,W506350,ПП2,1186769658,45,https://s3.twcstorage.ru/35ffc2ef-1e09-463d-a2c4-c183d5deb59a/prints/pp2/W5063501.webp
Матовые цветные чехлы для печати,iPhone 15 Pro,A:506351,W5063511,ПП2,1195452112,37,https://s3.twcstorage.ru/35ffc2ef-1e09-463d-a2c4-c183d5deb59a/prints/pp2/W5063511.webp
Силиконовые чехлы,iPhone 15 Pro,A:506360,W506360,ПП2,1186745845,59,https://s3.twcstorage.ru/35ffc2ef-1e09-463d-a2c4-c183d5deb59a/prints/pp2/W5063601.webp
Матовые цветные чехлы для печати,iPhone 15 Pro,A:506363,W506363,ПП2,1185397818,33,https://s3.twcstorage.ru/35ffc2ef-1e09-463d-a2c4-c183d5deb59a/prints/pp2/W506363.webp
Матовые цветные чехлы для печати,iPhone 15 Pro,A:506364,W506364,ПП2,1185841621,29,https://s3.twcstorage.ru/35ffc2ef-1e09-463d-a2c4-c183d5deb59a/prints/pp2/W506364.webp
Объемные матовые чехлы черные,iPhone 15 Pro,A:506367,W506367,ПП2,1181483451,57,https://s3.twcstorage.ru/35ffc2ef-1e09-463d-a2c4-c183d5deb59a/prints/pp2/W506367.webp
Силиконовые чехлы,iPhone 15 Pro,A:506369,W506369,ПП2,1186708343,46,https://s3.twcstorage.ru/35ffc2ef-1e09-463d-a2c4-c183d5deb59a/prints/pp2/W506369.webp
Силиконовые чехлы,iPhone 15 Pro,A:506371,W506371,ПП2,1186721547,75,https://s3.twcstorage.ru/35ffc2ef-1e09-463d-a2c4-c183d5deb59a/prints/pp2/W506371.webp
Матовые цветные чехлы для печати,iPhone 15 Pro,A:506372,W506372,ПП2,1185713111,9,https://s3.twcstorage.ru/35ffc2ef-1e09-463d-a2c4-c183d5deb59a/prints/pp2/W506372.webp
Силиконовые чехлы,iPhone 15 Pro,A:506373,W506373,ПП2,1186683198,6,https://s3.twcstorage.ru/35ffc2ef-1e09-463d-a2c4-c183d5deb59a/prints/pp2/W506373.webp
Белые софт-тач,iPhone 15 Pro,A:506374,W506374,ПП2,1163968457,3,https://s3.twcstorage.ru/35ffc2ef-1e09-463d-a2c4-c183d5deb59a/prints/pp2/W506374.webp
Силиконовые чехлы,iPhone 15 Pro,A:506375,W506375,ПП2,1186510274,31,https://s3.twcstorage.ru/35ffc2ef-1e09-463d-a2c4-c183d5deb59a/prints/pp2/W506375.webp
Силиконовые чехлы,iPhone 15 Pro,A:506378,W506378,ПП2,1186736542,22,https://s3.twcstorage.ru/35ffc2ef-1e09-463d-a2c4-c183d5deb59a/prints/pp2/W506378.webp
Матовые цветные чехлы для печати,iPhone 15 Pro,A:506379,W506379,ПП2,1185781573,24,https://s3.twcstorage.ru/35ffc2ef-1e09-463d-a2c4-c183d5deb59a/prints/pp2/W506379.webp
Белые софт-тач,iPhone 15 Pro,A:506380,W506380,ПП2,1164089694,37,https://s3.twcstorage.ru/35ffc2ef-1e09-463d-a2c4-c183d5deb59a/prints/pp2/W506380.webp
Матовые цветные чехлы для печати,iPhone 15 Pro,A:506381,W506381,ПП2,1189295244,14,https://s3.twcstorage.ru/35ffc2ef-1e09-463d-a2c4-c183d5deb59a/prints/pp2/W506381.webp
Силиконовые чехлы,iPhone 15 Pro,A:506383,Q506383,ПП2,1186780673,32,https://s3.twcstorage.ru/35ffc2ef-1e09-463d-a2c4-c183d5deb59a/prints/pp2/Q5063831.webp
Стеклянные чехлы,iPhone 15 Pro,A:506384,Q5063841,ПП2,1186850227,1,https://s3.twcstorage.ru/35ffc2ef-1e09-463d-a2c4-c183d5deb59a/prints/pp2/Q5063841.webp
Чёрные софт-тач,iPhone 15 Pro Max,A:501927,S501927,ПП2,727131138,1000000,https://s3.twcstorage.ru/35ffc2ef-1e09-463d-a2c4-c183d5deb59a/prints/pp2/W501927.webp
Матовые цветные чехлы для печати,iPhone 15 Pro Max,A:501930,W501930,ПП2,726806793,83,https://s3.twcstorage.ru/35ffc2ef-1e09-463d-a2c4-c183d5deb59a/prints/pp2/W501930.webp
Белые софт-тач,iPhone 15 Pro Max,A:501932,W501932,ПП2,726591680,1000000,https://s3.twcstorage.ru/35ffc2ef-1e09-463d-a2c4-c183d5deb59a/prints/pp2/W501932.webp
Белые софт-тач,iPhone 15 Pro Max,A:501933,W501933,ПП2,726592773,67,https://s3.twcstorage.ru/35ffc2ef-1e09-463d-a2c4-c183d5deb59a/prints/pp2/W501933.webp
Силиконовые чехлы,iPhone 15 Pro Max,A:501934,C501934,ПП2,727166550,1000000,https://s3.twcstorage.ru/35ffc2ef-1e09-463d-a2c4-c183d5deb59a/prints/pp2/W501934.webp
Белые софт-тач,iPhone 15 Pro Max,A:501935,W501935,ПП2,726594444,69,https://s3.twcstorage.ru/35ffc2ef-1e09-463d-a2c4-c183d5deb59a/prints/pp2/W501935.webp
Белые софт-тач,iPhone 15 Pro Max,A:501937,W501937,ПП2,726605638,43,https://s3.twcstorage.ru/35ffc2ef-1e09-463d-a2c4-c183d5deb59a/prints/pp2/W501937.webp
Матовые цветные чехлы для печати,iPhone 15 Pro Max,A:501938,W501938,ПП2,726787634,1000000,https://s3.twcstorage.ru/35ffc2ef-1e09-463d-a2c4-c183d5deb59a/prints/pp2/W501938.webp
Силиконовые чехлы,iPhone 15 Pro Max,A:501940,C501940,ПП2,727196283,117,https://s3.twcstorage.ru/35ffc2ef-1e09-463d-a2c4-c183d5deb59a/prints/pp2/W501940.webp
Силиконовые чехлы,iPhone 15 Pro Max,A:501944,C501944,ПП2,727271652,85,https://s3.twcstorage.ru/35ffc2ef-1e09-463d-a2c4-c183d5deb59a/prints/pp2/S501944.webp
Чёрные софт-тач,iPhone 15 Pro Max,A:501946,S501946,ПП2,727095038,7,https://s3.twcstorage.ru/35ffc2ef-1e09-463d-a2c4-c183d5deb59a/prints/pp2/W501946.webp
Белые софт-тач,iPhone 15 Pro Max,A:501947,W501947,ПП2,726590220,27,https://s3.twcstorage.ru/35ffc2ef-1e09-463d-a2c4-c183d5deb59a/prints/pp2/W501947.webp
Чёрные софт-тач,iPhone 15 Pro Max,A:501949,S501949,ПП2,727140137,1,https://s3.twcstorage.ru/35ffc2ef-1e09-463d-a2c4-c183d5deb59a/prints/pp2/W501949.webp
Чёрные софт-тач,iPhone 15 Pro Max,A:501950,S501950,ПП2,727132714,2,https://s3.twcstorage.ru/35ffc2ef-1e09-463d-a2c4-c183d5deb59a/prints/pp2/W501950.webp
Объемные матовые чехлы бордовые,iPhone 15 Pro Max,A:501951,W501951,ПП2,1153015364,1,https://s3.twcstorage.ru/35ffc2ef-1e09-463d-a2c4-c183d5deb59a/prints/pp2/W501951.webp
Белые софт-тач,iPhone 15 Pro Max,A:501952,W501952,ПП2,726597504,19,https://s3.twcstorage.ru/35ffc2ef-1e09-463d-a2c4-c183d5deb59a/prints/pp2/W501952.webp
Белые софт-тач,iPhone 15 Pro Max,A:501953,W501953,ПП2,726588976,6,https://s3.twcstorage.ru/35ffc2ef-1e09-463d-a2c4-c183d5deb59a/prints/pp2/W501953.webp
Объемные матовые чехлы черные,iPhone 15 Pro Max,A:501955,W501955,ПП2,1181482910,24,https://s3.twcstorage.ru/35ffc2ef-1e09-463d-a2c4-c183d5deb59a/prints/pp2/W501955.webp
Чёрные софт-тач,iPhone 15 Pro Max,A:501957,S501957,ПП2,727123415,3,https://s3.twcstorage.ru/35ffc2ef-1e09-463d-a2c4-c183d5deb59a/prints/pp2/W501957.webp
Чёрные софт-тач,iPhone 15 Pro Max,A:501958,S501958,ПП2,727127834,14,https://s3.twcstorage.ru/35ffc2ef-1e09-463d-a2c4-c183d5deb59a/prints/pp2/W501958.webp
Силиконовые чехлы,iPhone 15 Pro Max,A:501959,C501959,ПП2,727261764,1000000,https://s3.twcstorage.ru/35ffc2ef-1e09-463d-a2c4-c183d5deb59a/prints/pp2/S501959.webp
Чёрные софт-тач,iPhone 15 Pro Max,A:501960,S501960,ПП2,727149261,15,https://s3.twcstorage.ru/35ffc2ef-1e09-463d-a2c4-c183d5deb59a/prints/pp2/W501960.webp
Белые софт-тач,iPhone 15 Pro Max,A:501961,W501961,ПП2,726673061,12,https://s3.twcstorage.ru/35ffc2ef-1e09-463d-a2c4-c183d5deb59a/prints/pp2/W501961.webp
Белые софт-тач,iPhone 15 Pro Max,A:501962,W501962,ПП2,726674822,13,https://s3.twcstorage.ru/35ffc2ef-1e09-463d-a2c4-c183d5deb59a/prints/pp2/W501962.webp
Силиконовые чехлы,iPhone 15 Pro Max,A:501966,Q501966,ПП2,726963480,124,https://s3.twcstorage.ru/35ffc2ef-1e09-463d-a2c4-c183d5deb59a/prints/pp2/W501966.webp
Чехол с вкладышем,iPhone 15 Pro Max,A:501968,W501968,ПП2,994417526,1000000,https://s3.twcstorage.ru/35ffc2ef-1e09-463d-a2c4-c183d5deb59a/prints/pp2/W501968.webp
Силиконовые чехлы,iPhone 15 Pro Max,A:501972,Q501972,ПП2,727064646,125,https://s3.twcstorage.ru/35ffc2ef-1e09-463d-a2c4-c183d5deb59a/prints/pp2/Q501972.webp
Объемные матовые чехлы коричневые,iPhone 15 Pro Max,A:501976,Q501976,ПП2,1156115062,25,https://s3.twcstorage.ru/35ffc2ef-1e09-463d-a2c4-c183d5deb59a/prints/pp2/Q501976.webp
Силиконовые чехлы,iPhone 15 Pro Max,A:501978,Q501978,ПП2,727216944,2,https://s3.twcstorage.ru/35ffc2ef-1e09-463d-a2c4-c183d5deb59a/prints/pp2/Q5019781.webp
Силиконовые чехлы,iPhone 15 Pro Max,A:501979,Q501979,ПП2,727779159,48,https://s3.twcstorage.ru/35ffc2ef-1e09-463d-a2c4-c183d5deb59a/prints/pp2/Q5019791.webp
Стеклянные чехлы,iPhone 15 Pro Max,A:501980,Q5019801,ПП2,727506539,2,https://s3.twcstorage.ru/35ffc2ef-1e09-463d-a2c4-c183d5deb59a/prints/pp2/Q5019801.webp
Силиконовые чехлы,iPhone 15 Pro Max,A:501983,Q501983,ПП2,727855144,71,https://s3.twcstorage.ru/35ffc2ef-1e09-463d-a2c4-c183d5deb59a/prints/pp2/Y501983.webp
Силиконовые чехлы,iPhone 15 Pro Max,A:501988,Q501988,ПП2,727513604,128,https://s3.twcstorage.ru/35ffc2ef-1e09-463d-a2c4-c183d5deb59a/prints/pp2/Y501988.webp
Силиконовые чехлы,iPhone 15 Pro Max,A:501989,Q501989,ПП2,727516606,1000000,https://s3.twcstorage.ru/35ffc2ef-1e09-463d-a2c4-c183d5deb59a/prints/pp2/Y501989.webp
Силиконовые чехлы,iPhone 15 Pro Max,A:501991,Q501991,ПП2,727211402,1000000,https://s3.twcstorage.ru/35ffc2ef-1e09-463d-a2c4-c183d5deb59a/prints/pp2/Q501991.webp
Стеклянные чехлы,iPhone 15 Pro Max,A:501993,Q5019931,ПП2,727504398,4,https://s3.twcstorage.ru/35ffc2ef-1e09-463d-a2c4-c183d5deb59a/prints/pp2/Q5019931.webp
Чехол с вкладышем,iPhone 15 Pro Max,A:501997,W501997,ПП2,994417645,1000000,https://s3.twcstorage.ru/35ffc2ef-1e09-463d-a2c4-c183d5deb59a/prints/pp2/Y501997.webp
Матовые цветные чехлы для печати,iPhone 15 Pro Max,A:502001,W502001,ПП2,726820966,66,https://s3.twcstorage.ru/35ffc2ef-1e09-463d-a2c4-c183d5deb59a/prints/pp2/W502001.webp
Объемные матовые чехлы черные,iPhone 15 Pro Max,A:502003,W502003,ПП2,1157568551,13,https://s3.twcstorage.ru/35ffc2ef-1e09-463d-a2c4-c183d5deb59a/prints/pp2/W502003.webp
Объемные матовые чехлы бордовые,iPhone 15 Pro Max,A:502006,W502006,ПП2,1153008073,20,https://s3.twcstorage.ru/35ffc2ef-1e09-463d-a2c4-c183d5deb59a/prints/pp2/W502006.webp
Объемные матовые чехлы коричневые,iPhone 15 Pro Max,A:502007,W502007,ПП2,1156458974,28,https://s3.twcstorage.ru/35ffc2ef-1e09-463d-a2c4-c183d5deb59a/prints/pp2/W502007.webp
Объемные матовые чехлы молочные,iPhone 15 Pro Max,A:502008,W502008,ПП2,1155845036,11,https://s3.twcstorage.ru/35ffc2ef-1e09-463d-a2c4-c183d5deb59a/prints/pp2/W502008.webp
Матовые цветные чехлы для печати,iPhone 15 Pro Max,A:502009,W502009,ПП2,726741222,22,https://s3.twcstorage.ru/35ffc2ef-1e09-463d-a2c4-c183d5deb59a/prints/pp2/W502009.webp
Объемные матовые чехлы молочные,iPhone 15 Pro Max,A:502010,W502010,ПП2,1155766378,2,https://s3.twcstorage.ru/35ffc2ef-1e09-463d-a2c4-c183d5deb59a/prints/pp2/W502010.webp
Чехол с вкладышем,iPhone 15 Pro Max,A:502011,W502011,ПП2,994417832,1000000,https://s3.twcstorage.ru/35ffc2ef-1e09-463d-a2c4-c183d5deb59a/prints/pp2/W502011.webp
Матовые цветные чехлы для печати,iPhone 15 Pro Max,A:502012,W502012,ПП2,726853642,6,https://s3.twcstorage.ru/35ffc2ef-1e09-463d-a2c4-c183d5deb59a/prints/pp2/W502012.webp
Объемные матовые чехлы молочные,iPhone 15 Pro Max,A:502014,W502014,ПП2,1155771745,5,https://s3.twcstorage.ru/35ffc2ef-1e09-463d-a2c4-c183d5deb59a/prints/pp2/W502014.webp
Объемные матовые чехлы молочные,iPhone 15 Pro Max,A:502015,W502015,ПП2,1154348718,58,https://s3.twcstorage.ru/35ffc2ef-1e09-463d-a2c4-c183d5deb59a/prints/pp2/W502015.webp
Матовые цветные чехлы для печати,iPhone 15 Pro Max,A:502016,W502016,ПП2,726815902,39,https://s3.twcstorage.ru/35ffc2ef-1e09-463d-a2c4-c183d5deb59a/prints/pp2/W502016.webp
Матовые цветные чехлы для печати,iPhone 15 Pro Max,A:502017,W502017,ПП2,726831979,92,https://s3.twcstorage.ru/35ffc2ef-1e09-463d-a2c4-c183d5deb59a/prints/pp2/W502017.webp
Матовые цветные чехлы для печати,iPhone 15 Pro Max,A:502018,W502018,ПП2,726833301,48,https://s3.twcstorage.ru/35ffc2ef-1e09-463d-a2c4-c183d5deb59a/prints/pp2/W502018.webp
Матовые цветные чехлы для печати,iPhone 15 Pro Max,A:502019,W502019,ПП2,726834830,55,https://s3.twcstorage.ru/35ffc2ef-1e09-463d-a2c4-c183d5deb59a/prints/pp2/W502019.webp
Объемные матовые чехлы черные,iPhone 15 Pro Max,A:502023,W502023,ПП2,1157514529,23,https://s3.twcstorage.ru/35ffc2ef-1e09-463d-a2c4-c183d5deb59a/prints/pp2/W502023.webp
Чехол с вкладышем,iPhone 15 Pro Max,A:502024,W502024,ПП2,994418096,1000000,https://s3.twcstorage.ru/35ffc2ef-1e09-463d-a2c4-c183d5deb59a/prints/pp2/W502024.webp
Объемные матовые чехлы молочные,iPhone 15 Pro Max,A:502025,W502025,ПП2,1154395506,20,https://s3.twcstorage.ru/35ffc2ef-1e09-463d-a2c4-c183d5deb59a/prints/pp2/W502025.webp
Матовые цветные чехлы для печати,iPhone 15 Pro Max,A:502026,W502026,ПП2,726869013,58,https://s3.twcstorage.ru/35ffc2ef-1e09-463d-a2c4-c183d5deb59a/prints/pp2/W502026.webp
Чехол с вкладышем,iPhone 15 Pro Max,A:502027,W502027,ПП2,994418158,1000000,https://s3.twcstorage.ru/35ffc2ef-1e09-463d-a2c4-c183d5deb59a/prints/pp2/W502027.webp
Объемные матовые чехлы молочные,iPhone 15 Pro Max,A:502028,W502028,ПП2,1154457868,31,https://s3.twcstorage.ru/35ffc2ef-1e09-463d-a2c4-c183d5deb59a/prints/pp2/W502028.webp
Объемные матовые чехлы молочные,iPhone 15 Pro Max,A:502029,W502029,ПП2,1155862970,4,https://s3.twcstorage.ru/35ffc2ef-1e09-463d-a2c4-c183d5deb59a/prints/pp2/W502029.webp
Матовые цветные чехлы для печати,iPhone 15 Pro Max,A:502030,W502030,ПП2,726856220,20,https://s3.twcstorage.ru/35ffc2ef-1e09-463d-a2c4-c183d5deb59a/prints/pp2/W502030.webp
Белые софт-тач,iPhone 15 Pro Max,A:502031,W502031,ПП2,726580056,58,https://s3.twcstorage.ru/35ffc2ef-1e09-463d-a2c4-c183d5deb59a/prints/pp2/W502031.webp
Объемные матовые чехлы коричневые,iPhone 15 Pro Max,A:502032,W502032,ПП2,1156551015,1,https://s3.twcstorage.ru/35ffc2ef-1e09-463d-a2c4-c183d5deb59a/prints/pp2/W502032.webp
Белые софт-тач,iPhone 15 Pro Max,A:502033,W502033,ПП2,726639298,10,https://s3.twcstorage.ru/35ffc2ef-1e09-463d-a2c4-c183d5deb59a/prints/pp2/W502033.webp
Объемные матовые чехлы бордовые,iPhone 15 Pro Max,A:502035,W502035,ПП2,1152954032,4,https://s3.twcstorage.ru/35ffc2ef-1e09-463d-a2c4-c183d5deb59a/prints/pp2/W502035.webp
Объемные матовые чехлы бордовые,iPhone 15 Pro Max,A:502036,W502036,ПП2,1152985368,3,https://s3.twcstorage.ru/35ffc2ef-1e09-463d-a2c4-c183d5deb59a/prints/pp2/W502036.webp
Белые софт-тач,iPhone 15 Pro Max,A:502037,W502037,ПП2,726565886,45,https://s3.twcstorage.ru/35ffc2ef-1e09-463d-a2c4-c183d5deb59a/prints/pp2/W502037.webp
Белые софт-тач,iPhone 15 Pro Max,A:502042,W502042,ПП2,726620431,60,https://s3.twcstorage.ru/35ffc2ef-1e09-463d-a2c4-c183d5deb59a/prints/pp2/Y502042.webp
Белые софт-тач,iPhone 15 Pro Max,A:502044,W502044,ПП2,726624089,61,https://s3.twcstorage.ru/35ffc2ef-1e09-463d-a2c4-c183d5deb59a/prints/pp2/W502044.webp
Белые софт-тач,iPhone 15 Pro Max,A:502047,W502047,ПП2,726572883,32,https://s3.twcstorage.ru/35ffc2ef-1e09-463d-a2c4-c183d5deb59a/prints/pp2/W502047.webp
Объемные матовые чехлы бордовые,iPhone 15 Pro Max,A:502048,W502048,ПП2,1153033922,15,https://s3.twcstorage.ru/35ffc2ef-1e09-463d-a2c4-c183d5deb59a/prints/pp2/Y502048.webp
Матовые цветные чехлы для печати,iPhone 15 Pro Max,A:502049,W502049,ПП2,726762651,60,https://s3.twcstorage.ru/35ffc2ef-1e09-463d-a2c4-c183d5deb59a/prints/pp2/Y502049.webp
Матовые цветные чехлы для печати,iPhone 15 Pro Max,A:502050,W502050,ПП2,726766600,94,https://s3.twcstorage.ru/35ffc2ef-1e09-463d-a2c4-c183d5deb59a/prints/pp2/Y502050.webp
Объемные матовые чехлы коричневые,iPhone 15 Pro Max,A:502052,W502052,ПП2,1156492486,2,https://s3.twcstorage.ru/35ffc2ef-1e09-463d-a2c4-c183d5deb59a/prints/pp2/W502052.webp
Белые софт-тач,iPhone 15 Pro Max,A:502053,W502053,ПП2,726641218,1,https://s3.twcstorage.ru/35ffc2ef-1e09-463d-a2c4-c183d5deb59a/prints/pp2/W502053.webp
Белые софт-тач,iPhone 15 Pro Max,A:502054,W502054,ПП2,726569099,62,https://s3.twcstorage.ru/35ffc2ef-1e09-463d-a2c4-c183d5deb59a/prints/pp2/W502054.webp
Матовые цветные чехлы для печати,iPhone 15 Pro Max,A:502055,W502055,ПП2,726771234,95,https://s3.twcstorage.ru/35ffc2ef-1e09-463d-a2c4-c183d5deb59a/prints/pp2/W502055.webp
Белые софт-тач,iPhone 15 Pro Max,A:502057,W502057,ПП2,726578799,26,https://s3.twcstorage.ru/35ffc2ef-1e09-463d-a2c4-c183d5deb59a/prints/pp2/W502057.webp
Белые софт-тач,iPhone 15 Pro Max,A:502059,W502059,ПП2,726619163,22,https://s3.twcstorage.ru/35ffc2ef-1e09-463d-a2c4-c183d5deb59a/prints/pp2/W502059.webp
Матовые цветные чехлы для печати,iPhone 15 Pro Max,A:502062,W502062,ПП2,726776237,97,https://s3.twcstorage.ru/35ffc2ef-1e09-463d-a2c4-c183d5deb59a/prints/pp2/W502062.webp
Матовые цветные чехлы для печати,iPhone 15 Pro Max,A:502065,W502065,ПП2,726838493,16,https://s3.twcstorage.ru/35ffc2ef-1e09-463d-a2c4-c183d5deb59a/prints/pp2/W502065.webp
Чехол с вкладышем,iPhone 15 Pro Max,A:502066,W502066,ПП2,994418912,1000000,https://s3.twcstorage.ru/35ffc2ef-1e09-463d-a2c4-c183d5deb59a/prints/pp2/W502066.webp
Чехол с вкладышем,iPhone 15 Pro Max,A:502067,W502067,ПП2,994418904,1000000,https://s3.twcstorage.ru/35ffc2ef-1e09-463d-a2c4-c183d5deb59a/prints/pp2/W5020671.webp
Белые софт-тач,iPhone 15 Pro Max,A:502069,W502069,ПП2,726667953,16,https://s3.twcstorage.ru/35ffc2ef-1e09-463d-a2c4-c183d5deb59a/prints/pp2/W502069.webp
Силиконовые чехлы,iPhone 15 Pro Max,A:506329,W506329,ПП2,1186716180,24,https://s3.twcstorage.ru/35ffc2ef-1e09-463d-a2c4-c183d5deb59a/prints/pp2/W5063291.webp
Матовые цветные чехлы для печати,iPhone 15 Pro Max,A:506330,W5063301,ПП2,1185374310,3,https://s3.twcstorage.ru/35ffc2ef-1e09-463d-a2c4-c183d5deb59a/prints/pp2/W5063301.webp
Белые софт-тач,iPhone 15 Pro Max,A:506331,W506331,ПП2,1164167610,5,https://s3.twcstorage.ru/35ffc2ef-1e09-463d-a2c4-c183d5deb59a/prints/pp2/W5063311.webp
Силиконовые чехлы,iPhone 15 Pro Max,A:506332,W506332,ПП2,1186763614,3,https://s3.twcstorage.ru/35ffc2ef-1e09-463d-a2c4-c183d5deb59a/prints/pp2/W5063321.webp
Матовые цветные чехлы для печати,iPhone 15 Pro Max,A:506333,W5063331,ПП2,1185622432,25,https://s3.twcstorage.ru/35ffc2ef-1e09-463d-a2c4-c183d5deb59a/prints/pp2/W5063331.webp
Объемные матовые чехлы черные,iPhone 15 Pro Max,A:506334,W5063341,ПП2,1157987838,1,https://s3.twcstorage.ru/35ffc2ef-1e09-463d-a2c4-c183d5deb59a/prints/pp2/W5063341.webp
Силиконовые чехлы,iPhone 15 Pro Max,A:506335,W506335,ПП2,1186753153,15,https://s3.twcstorage.ru/35ffc2ef-1e09-463d-a2c4-c183d5deb59a/prints/pp2/W5063351.webp
Объемные матовые чехлы молочные,iPhone 15 Pro Max,A:506336,W506336,ПП2,1155261716,3,https://s3.twcstorage.ru/35ffc2ef-1e09-463d-a2c4-c183d5deb59a/prints/pp2/W5063361.webp
Объемные матовые чехлы бордовые,iPhone 15 Pro Max,A:506337,W5063371,ПП2,1153389787,22,https://s3.twcstorage.ru/35ffc2ef-1e09-463d-a2c4-c183d5deb59a/prints/pp2/W5063371.webp
Объемные матовые чехлы черные,iPhone 15 Pro Max,A:506338,W5063381,ПП2,1158055460,6,https://s3.twcstorage.ru/35ffc2ef-1e09-463d-a2c4-c183d5deb59a/prints/pp2/W5063381.webp
Силиконовые чехлы,iPhone 15 Pro Max,A:506339,W506339,ПП2,1186670815,13,https://s3.twcstorage.ru/35ffc2ef-1e09-463d-a2c4-c183d5deb59a/prints/pp2/W5063391.webp
Объемные матовые чехлы бордовые,iPhone 15 Pro Max,A:506340,W5063401,ПП2,1153906184,2,https://s3.twcstorage.ru/35ffc2ef-1e09-463d-a2c4-c183d5deb59a/prints/pp2/W5063401.webp
Объемные матовые чехлы черные,iPhone 15 Pro Max,A:506341,W5063411,ПП2,1158106999,11,https://s3.twcstorage.ru/35ffc2ef-1e09-463d-a2c4-c183d5deb59a/prints/pp2/W5063411.webp
Силиконовые чехлы,iPhone 15 Pro Max,A:506344,W506344,ПП2,1186782395,57,https://s3.twcstorage.ru/35ffc2ef-1e09-463d-a2c4-c183d5deb59a/prints/pp2/W5063441.webp
Матовые цветные чехлы для печати,iPhone 15 Pro Max,A:506345,W5063451,ПП2,1185654167,27,https://s3.twcstorage.ru/35ffc2ef-1e09-463d-a2c4-c183d5deb59a/prints/pp2/W5063451.webp
Силиконовые чехлы,iPhone 15 Pro Max,A:506348,W506348,ПП2,1186731161,83,https://s3.twcstorage.ru/35ffc2ef-1e09-463d-a2c4-c183d5deb59a/prints/pp2/W506348.webp
Матовые цветные чехлы для печати,iPhone 15 Pro Max,A:506351,W5063511,ПП2,1185520273,37,https://s3.twcstorage.ru/35ffc2ef-1e09-463d-a2c4-c183d5deb59a/prints/pp2/W5063511.webp
Матовые цветные чехлы для печати,iPhone 15 Pro Max,A:506352,W5063521,ПП2,1185741533,79,https://s3.twcstorage.ru/35ffc2ef-1e09-463d-a2c4-c183d5deb59a/prints/pp2/W5063521.webp
Матовые цветные чехлы для печати,iPhone 15 Pro Max,A:506357,W5063571,ПП2,1185606261,1000000,https://s3.twcstorage.ru/35ffc2ef-1e09-463d-a2c4-c183d5deb59a/prints/pp2/W5063571.webp
Силиконовые чехлы,iPhone 15 Pro Max,A:506360,W506360,ПП2,1186772966,59,https://s3.twcstorage.ru/35ffc2ef-1e09-463d-a2c4-c183d5deb59a/prints/pp2/W5063601.webp
Силиконовые чехлы,iPhone 15 Pro Max,A:506361,W506361,ПП2,1186748773,30,https://s3.twcstorage.ru/35ffc2ef-1e09-463d-a2c4-c183d5deb59a/prints/pp2/W506361.webp
Объемные матовые чехлы бордовые,iPhone 15 Pro Max,A:506363,W506363,ПП2,1153098751,29,https://s3.twcstorage.ru/35ffc2ef-1e09-463d-a2c4-c183d5deb59a/prints/pp2/W506363.webp
Объемные матовые чехлы коричневые,iPhone 15 Pro Max,A:506364,W506364,ПП2,1156866933,15,https://s3.twcstorage.ru/35ffc2ef-1e09-463d-a2c4-c183d5deb59a/prints/pp2/W506364.webp
Объемные матовые чехлы бордовые,iPhone 15 Pro Max,A:506366,W506366,ПП2,1153144690,37,https://s3.twcstorage.ru/35ffc2ef-1e09-463d-a2c4-c183d5deb59a/prints/pp2/W506366.webp
Матовые цветные чехлы для печати,iPhone 15 Pro Max,A:506367,W506367,ПП2,1185757932,99,https://s3.twcstorage.ru/35ffc2ef-1e09-463d-a2c4-c183d5deb59a/prints/pp2/W506367.webp
Силиконовые чехлы,iPhone 15 Pro Max,A:506369,W506369,ПП2,1186791668,46,https://s3.twcstorage.ru/35ffc2ef-1e09-463d-a2c4-c183d5deb59a/prints/pp2/W506369.webp
Матовые цветные чехлы для печати,iPhone 15 Pro Max,A:506370,W506370,ПП2,1185802345,63,https://s3.twcstorage.ru/35ffc2ef-1e09-463d-a2c4-c183d5deb59a/prints/pp2/W506370.webp
Объемные матовые чехлы коричневые,iPhone 15 Pro Max,A:506371,W506371,ПП2,1156957892,19,https://s3.twcstorage.ru/35ffc2ef-1e09-463d-a2c4-c183d5deb59a/prints/pp2/W506371.webp
Силиконовые чехлы,iPhone 15 Pro Max,A:506372,W506372,ПП2,1186485865,16,https://s3.twcstorage.ru/35ffc2ef-1e09-463d-a2c4-c183d5deb59a/prints/pp2/W506372.webp
Силиконовые чехлы,iPhone 15 Pro Max,A:506373,W506373,ПП2,1186664201,6,https://s3.twcstorage.ru/35ffc2ef-1e09-463d-a2c4-c183d5deb59a/prints/pp2/W506373.webp
Белые софт-тач,iPhone 15 Pro Max,A:506374,W506374,ПП2,1163969714,3,https://s3.twcstorage.ru/35ffc2ef-1e09-463d-a2c4-c183d5deb59a/prints/pp2/W506374.webp
Силиконовые чехлы,iPhone 15 Pro Max,A:506375,W506375,ПП2,1186509973,31,https://s3.twcstorage.ru/35ffc2ef-1e09-463d-a2c4-c183d5deb59a/prints/pp2/W506375.webp
Силиконовые чехлы,iPhone 15 Pro Max,A:506376,W506376,ПП2,1186657760,53,https://s3.twcstorage.ru/35ffc2ef-1e09-463d-a2c4-c183d5deb59a/prints/pp2/W506376.webp
Силиконовые чехлы,iPhone 15 Pro Max,A:506377,W506377,ПП2,1186720527,29,https://s3.twcstorage.ru/35ffc2ef-1e09-463d-a2c4-c183d5deb59a/prints/pp2/W506377.webp
Силиконовые чехлы,iPhone 15 Pro Max,A:506378,W506378,ПП2,1186751923,22,https://s3.twcstorage.ru/35ffc2ef-1e09-463d-a2c4-c183d5deb59a/prints/pp2/W506378.webp
Матовые цветные чехлы для печати,iPhone 15 Pro Max,A:506379,W506379,ПП2,1189278437,24,https://s3.twcstorage.ru/35ffc2ef-1e09-463d-a2c4-c183d5deb59a/prints/pp2/W506379.webp
Белые софт-тач,iPhone 15 Pro Max,A:506380,W506380,ПП2,1164091919,37,https://s3.twcstorage.ru/35ffc2ef-1e09-463d-a2c4-c183d5deb59a/prints/pp2/W506380.webp
Матовые цветные чехлы для печати,iPhone 15 Pro Max,A:506381,W506381,ПП2,1189247912,14,https://s3.twcstorage.ru/35ffc2ef-1e09-463d-a2c4-c183d5deb59a/prints/pp2/W506381.webp
Объемные матовые чехлы коричневые,iPhone 15 Pro Max,A:506382,Q506382,ПП2,1156659879,1000000,https://s3.twcstorage.ru/35ffc2ef-1e09-463d-a2c4-c183d5deb59a/prints/pp2/Q5063821.webp
Силиконовые чехлы,iPhone 15 Pro Max,A:506383,Q506383,ПП2,1186734957,32,https://s3.twcstorage.ru/35ffc2ef-1e09-463d-a2c4-c183d5deb59a/prints/pp2/Q5063831.webp
Стеклянные чехлы,iPhone 15 Pro Max,A:506384,Q5063841,ПП2,1186850184,1,https://s3.twcstorage.ru/35ffc2ef-1e09-463d-a2c4-c183d5deb59a/prints/pp2/Q5063841.webp
Силиконовые чехлы,iPhone 16,A:501927,C501927,ПП2,726900533,114,https://s3.twcstorage.ru/35ffc2ef-1e09-463d-a2c4-c183d5deb59a/prints/pp2/W501927.webp
Чёрные софт-тач,iPhone 16,A:501928,S501928,ПП2,727098383,11,https://s3.twcstorage.ru/35ffc2ef-1e09-463d-a2c4-c183d5deb59a/prints/pp2/W501928.webp
Матовые цветные чехлы для печати,iPhone 16,A:501931,W501931,ПП2,726803570,84,https://s3.twcstorage.ru/35ffc2ef-1e09-463d-a2c4-c183d5deb59a/prints/pp2/W501931.webp
Белые софт-тач,iPhone 16,A:501933,W501933,ПП2,726592474,67,https://s3.twcstorage.ru/35ffc2ef-1e09-463d-a2c4-c183d5deb59a/prints/pp2/W501933.webp
Чехол с вкладышем,iPhone 16,A:501935,W501935,ПП2,994263093,1000000,https://s3.twcstorage.ru/35ffc2ef-1e09-463d-a2c4-c183d5deb59a/prints/pp2/W501935.webp
Силиконовые чехлы,iPhone 16,A:501937,C501937,ПП2,727184316,116,https://s3.twcstorage.ru/35ffc2ef-1e09-463d-a2c4-c183d5deb59a/prints/pp2/W501937.webp
Силиконовые чехлы,iPhone 16,A:501938,C501938,ПП2,727187173,68,https://s3.twcstorage.ru/35ffc2ef-1e09-463d-a2c4-c183d5deb59a/prints/pp2/W501938.webp
Белые софт-тач,iPhone 16,A:501940,W501940,ПП2,726670460,51,https://s3.twcstorage.ru/35ffc2ef-1e09-463d-a2c4-c183d5deb59a/prints/pp2/W501940.webp
Силиконовые чехлы,iPhone 16,A:501943,C501943,ПП2,727269988,119,https://s3.twcstorage.ru/35ffc2ef-1e09-463d-a2c4-c183d5deb59a/prints/pp2/S501943.webp
Чёрные софт-тач,iPhone 16,A:501944,S501944,ПП2,727105496,4,https://s3.twcstorage.ru/35ffc2ef-1e09-463d-a2c4-c183d5deb59a/prints/pp2/S501944.webp
Силиконовые чехлы,iPhone 16,A:501945,C501945,ПП2,727266546,120,https://s3.twcstorage.ru/35ffc2ef-1e09-463d-a2c4-c183d5deb59a/prints/pp2/W501945.webp
Чёрные софт-тач,iPhone 16,A:501946,S501946,ПП2,727094951,7,https://s3.twcstorage.ru/35ffc2ef-1e09-463d-a2c4-c183d5deb59a/prints/pp2/W501946.webp
Чёрные софт-тач,iPhone 16,A:501947,S501947,ПП2,727134529,8,https://s3.twcstorage.ru/35ffc2ef-1e09-463d-a2c4-c183d5deb59a/prints/pp2/W501947.webp
Объемные матовые чехлы бордовые,iPhone 16,A:501948,W501948,ПП2,1153056239,52,https://s3.twcstorage.ru/35ffc2ef-1e09-463d-a2c4-c183d5deb59a/prints/pp2/W501948.webp
Чёрные софт-тач,iPhone 16,A:501949,S501949,ПП2,727140352,1,https://s3.twcstorage.ru/35ffc2ef-1e09-463d-a2c4-c183d5deb59a/prints/pp2/W501949.webp
Чёрные софт-тач,iPhone 16,A:501950,S501950,ПП2,727132644,2,https://s3.twcstorage.ru/35ffc2ef-1e09-463d-a2c4-c183d5deb59a/prints/pp2/W501950.webp
Объемные матовые чехлы бордовые,iPhone 16,A:501951,W501951,ПП2,1153014368,1,https://s3.twcstorage.ru/35ffc2ef-1e09-463d-a2c4-c183d5deb59a/prints/pp2/W501951.webp
Белые софт-тач,iPhone 16,A:501953,W501953,ПП2,726588633,6,https://s3.twcstorage.ru/35ffc2ef-1e09-463d-a2c4-c183d5deb59a/prints/pp2/W501953.webp
Чёрные софт-тач,iPhone 16,A:501954,S501954,ПП2,727114743,1000000,https://s3.twcstorage.ru/35ffc2ef-1e09-463d-a2c4-c183d5deb59a/prints/pp2/W501954.webp
Объемные матовые чехлы молочные,iPhone 16,A:501955,W501955,ПП2,1154612689,28,https://s3.twcstorage.ru/35ffc2ef-1e09-463d-a2c4-c183d5deb59a/prints/pp2/W501955.webp
Чёрные софт-тач,iPhone 16,A:501957,S501957,ПП2,727123351,3,https://s3.twcstorage.ru/35ffc2ef-1e09-463d-a2c4-c183d5deb59a/prints/pp2/W501957.webp
Чёрные софт-тач,iPhone 16,A:501958,S501958,ПП2,727127429,14,https://s3.twcstorage.ru/35ffc2ef-1e09-463d-a2c4-c183d5deb59a/prints/pp2/W501958.webp
Чёрные софт-тач,iPhone 16,A:501959,S501959,ПП2,727129323,1000000,https://s3.twcstorage.ru/35ffc2ef-1e09-463d-a2c4-c183d5deb59a/prints/pp2/S501959.webp
Чёрные софт-тач,iPhone 16,A:501960,S501960,ПП2,727148809,15,https://s3.twcstorage.ru/35ffc2ef-1e09-463d-a2c4-c183d5deb59a/prints/pp2/W501960.webp
Чёрные софт-тач,iPhone 16,A:501961,S501961,ПП2,727150496,10,https://s3.twcstorage.ru/35ffc2ef-1e09-463d-a2c4-c183d5deb59a/prints/pp2/W501961.webp
Белые софт-тач,iPhone 16,A:501962,W501962,ПП2,726673786,13,https://s3.twcstorage.ru/35ffc2ef-1e09-463d-a2c4-c183d5deb59a/prints/pp2/W501962.webp
Чехол с вкладышем,iPhone 16,A:501966,W501966,ПП2,994263610,1000000,https://s3.twcstorage.ru/35ffc2ef-1e09-463d-a2c4-c183d5deb59a/prints/pp2/W501966.webp
Чехол с вкладышем,iPhone 16,A:501967,W501967,ПП2,994263621,1000000,https://s3.twcstorage.ru/35ffc2ef-1e09-463d-a2c4-c183d5deb59a/prints/pp2/W501967.webp
Силиконовые чехлы,iPhone 16,A:501968,Q501968,ПП2,727095333,78,https://s3.twcstorage.ru/35ffc2ef-1e09-463d-a2c4-c183d5deb59a/prints/pp2/W501968.webp
Силиконовые чехлы,iPhone 16,A:501971,Q501971,ПП2,726914246,87,https://s3.twcstorage.ru/35ffc2ef-1e09-463d-a2c4-c183d5deb59a/prints/pp2/Q501971.webp
Силиконовые чехлы,iPhone 16,A:501973,Q501973,ПП2,727799053,1000000,https://s3.twcstorage.ru/35ffc2ef-1e09-463d-a2c4-c183d5deb59a/prints/pp2/Q501973.webp
Силиконовые чехлы,iPhone 16,A:501975,Q501975,ПП2,727797639,100,https://s3.twcstorage.ru/35ffc2ef-1e09-463d-a2c4-c183d5deb59a/prints/pp2/Q501975.webp
Объемные матовые чехлы молочные,iPhone 16,A:501976,Q501976,ПП2,1154298902,29,https://s3.twcstorage.ru/35ffc2ef-1e09-463d-a2c4-c183d5deb59a/prints/pp2/Q501976.webp
Стеклянные чехлы,iPhone 16,A:501977,Q5019771,ПП2,727509113,1000000,https://s3.twcstorage.ru/35ffc2ef-1e09-463d-a2c4-c183d5deb59a/prints/pp2/Q5019771.webp
Силиконовые чехлы,iPhone 16,A:501978,Q501978,ПП2,727216874,2,https://s3.twcstorage.ru/35ffc2ef-1e09-463d-a2c4-c183d5deb59a/prints/pp2/Q5019781.webp
Стеклянные чехлы,iPhone 16,A:501979,Q5019791,ПП2,727507216,6,https://s3.twcstorage.ru/35ffc2ef-1e09-463d-a2c4-c183d5deb59a/prints/pp2/Q5019791.webp
Стеклянные чехлы,iPhone 16,A:501980,Q5019801,ПП2,727506410,2,https://s3.twcstorage.ru/35ffc2ef-1e09-463d-a2c4-c183d5deb59a/prints/pp2/Q5019801.webp
Силиконовые чехлы,iPhone 16,A:501982,Q501982,ПП2,727551848,1000000,https://s3.twcstorage.ru/35ffc2ef-1e09-463d-a2c4-c183d5deb59a/prints/pp2/Y501982.webp
Силиконовые чехлы,iPhone 16,A:501983,Q501983,ПП2,727855155,71,https://s3.twcstorage.ru/35ffc2ef-1e09-463d-a2c4-c183d5deb59a/prints/pp2/Y501983.webp
Силиконовые чехлы,iPhone 16,A:501987,Q501987,ПП2,727810271,1000000,https://s3.twcstorage.ru/35ffc2ef-1e09-463d-a2c4-c183d5deb59a/prints/pp2/Y501987.webp
Силиконовые чехлы,iPhone 16,A:501989,Q501989,ПП2,727516241,1000000,https://s3.twcstorage.ru/35ffc2ef-1e09-463d-a2c4-c183d5deb59a/prints/pp2/Y501989.webp
Силиконовые чехлы,iPhone 16,A:501990,Q501990,ПП2,727812876,63,https://s3.twcstorage.ru/35ffc2ef-1e09-463d-a2c4-c183d5deb59a/prints/pp2/Y501990.webp
Силиконовые чехлы,iPhone 16,A:501991,Q501991,ПП2,727211577,1000000,https://s3.twcstorage.ru/35ffc2ef-1e09-463d-a2c4-c183d5deb59a/prints/pp2/Q501991.webp
Силиконовые чехлы,iPhone 16,A:501992,Q501992,ПП2,727030620,129,https://s3.twcstorage.ru/35ffc2ef-1e09-463d-a2c4-c183d5deb59a/prints/pp2/Q501992.webp
Стеклянные чехлы,iPhone 16,A:501993,Q5019931,ПП2,727504341,4,https://s3.twcstorage.ru/35ffc2ef-1e09-463d-a2c4-c183d5deb59a/prints/pp2/Q5019931.webp
Чехол с вкладышем,iPhone 16,A:501995,W501995,ПП2,994263716,1000000,https://s3.twcstorage.ru/35ffc2ef-1e09-463d-a2c4-c183d5deb59a/prints/pp2/W501995.webp
Объемные матовые чехлы коричневые,iPhone 16,A:501996,W501996,ПП2,1156102214,1000000,https://s3.twcstorage.ru/35ffc2ef-1e09-463d-a2c4-c183d5deb59a/prints/pp2/Y501996.webp
Чехол с вкладышем,iPhone 16,A:501997,W501997,ПП2,994263749,1000000,https://s3.twcstorage.ru/35ffc2ef-1e09-463d-a2c4-c183d5deb59a/prints/pp2/Y501997.webp
Чехол с вкладышем,iPhone 16,A:502001,W502001,ПП2,994263926,1000000,https://s3.twcstorage.ru/35ffc2ef-1e09-463d-a2c4-c183d5deb59a/prints/pp2/W502001.webp
Матовые цветные чехлы для печати,iPhone 16,A:502003,W502003,ПП2,726734962,38,https://s3.twcstorage.ru/35ffc2ef-1e09-463d-a2c4-c183d5deb59a/prints/pp2/W502003.webp
Чехол с вкладышем,iPhone 16,A:502004,W502004,ПП2,994263847,1000000,https://s3.twcstorage.ru/35ffc2ef-1e09-463d-a2c4-c183d5deb59a/prints/pp2/W502004.webp
Белые софт-тач,iPhone 16,A:502005,W502005,ПП2,726626519,55,https://s3.twcstorage.ru/35ffc2ef-1e09-463d-a2c4-c183d5deb59a/prints/pp2/W502005.webp
Матовые цветные чехлы для печати,iPhone 16,A:502006,W502006,ПП2,726860851,47,https://s3.twcstorage.ru/35ffc2ef-1e09-463d-a2c4-c183d5deb59a/prints/pp2/W502006.webp
Матовые цветные чехлы для печати,iPhone 16,A:502007,W502007,ПП2,726849034,67,https://s3.twcstorage.ru/35ffc2ef-1e09-463d-a2c4-c183d5deb59a/prints/pp2/W502007.webp
Объемные матовые чехлы бордовые,iPhone 16,A:502008,W502008,ПП2,1153009884,54,https://s3.twcstorage.ru/35ffc2ef-1e09-463d-a2c4-c183d5deb59a/prints/pp2/W502008.webp
Матовые цветные чехлы для печати,iPhone 16,A:502009,W502009,ПП2,726741154,22,https://s3.twcstorage.ru/35ffc2ef-1e09-463d-a2c4-c183d5deb59a/prints/pp2/W502009.webp
Объемные матовые чехлы молочные,iPhone 16,A:502010,W502010,ПП2,1155829294,2,https://s3.twcstorage.ru/35ffc2ef-1e09-463d-a2c4-c183d5deb59a/prints/pp2/W502010.webp
Чехол с вкладышем,iPhone 16,A:502011,W502011,ПП2,994264376,1000000,https://s3.twcstorage.ru/35ffc2ef-1e09-463d-a2c4-c183d5deb59a/prints/pp2/W502011.webp
Матовые цветные чехлы для печати,iPhone 16,A:502012,W502012,ПП2,726852876,6,https://s3.twcstorage.ru/35ffc2ef-1e09-463d-a2c4-c183d5deb59a/prints/pp2/W502012.webp
Объемные матовые чехлы молочные,iPhone 16,A:502014,W502014,ПП2,1155799061,5,https://s3.twcstorage.ru/35ffc2ef-1e09-463d-a2c4-c183d5deb59a/prints/pp2/W502014.webp
Матовые цветные чехлы для печати,iPhone 16,A:502016,W502016,ПП2,726815717,39,https://s3.twcstorage.ru/35ffc2ef-1e09-463d-a2c4-c183d5deb59a/prints/pp2/W502016.webp
Чехол с вкладышем,iPhone 16,A:502017,W502017,ПП2,994264506,1000000,https://s3.twcstorage.ru/35ffc2ef-1e09-463d-a2c4-c183d5deb59a/prints/pp2/W502017.webp
Матовые цветные чехлы для печати,iPhone 16,A:502018,W502018,ПП2,726833231,48,https://s3.twcstorage.ru/35ffc2ef-1e09-463d-a2c4-c183d5deb59a/prints/pp2/W502018.webp
Матовые цветные чехлы для печати,iPhone 16,A:502019,W502019,ПП2,726834833,55,https://s3.twcstorage.ru/35ffc2ef-1e09-463d-a2c4-c183d5deb59a/prints/pp2/W502019.webp
Чехол с вкладышем,iPhone 16,A:502020,W502020,ПП2,994264648,1000000,https://s3.twcstorage.ru/35ffc2ef-1e09-463d-a2c4-c183d5deb59a/prints/pp2/W502020.webp
Чехол с вкладышем,iPhone 16,A:502021,W502021,ПП2,994264669,1000000,https://s3.twcstorage.ru/35ffc2ef-1e09-463d-a2c4-c183d5deb59a/prints/pp2/Y502021.webp
Чехол с вкладышем,iPhone 16,A:502022,W502022,ПП2,994264679,1000000,https://s3.twcstorage.ru/35ffc2ef-1e09-463d-a2c4-c183d5deb59a/prints/pp2/Y502022.webp
Матовые цветные чехлы для печати,iPhone 16,A:502023,W502023,ПП2,726866966,56,https://s3.twcstorage.ru/35ffc2ef-1e09-463d-a2c4-c183d5deb59a/prints/pp2/W502023.webp
Объемные матовые чехлы молочные,iPhone 16,A:502025,W502025,ПП2,1154393069,20,https://s3.twcstorage.ru/35ffc2ef-1e09-463d-a2c4-c183d5deb59a/prints/pp2/W502025.webp
Матовые цветные чехлы для печати,iPhone 16,A:502026,W502026,ПП2,726868896,58,https://s3.twcstorage.ru/35ffc2ef-1e09-463d-a2c4-c183d5deb59a/prints/pp2/W502026.webp
Чехол с вкладышем,iPhone 16,A:502027,W502027,ПП2,994264783,1000000,https://s3.twcstorage.ru/35ffc2ef-1e09-463d-a2c4-c183d5deb59a/prints/pp2/W502027.webp
Объемные матовые чехлы молочные,iPhone 16,A:502029,W502029,ПП2,1155859039,4,https://s3.twcstorage.ru/35ffc2ef-1e09-463d-a2c4-c183d5deb59a/prints/pp2/W502029.webp
Матовые цветные чехлы для печати,iPhone 16,A:502030,W502030,ПП2,726856095,20,https://s3.twcstorage.ru/35ffc2ef-1e09-463d-a2c4-c183d5deb59a/prints/pp2/W502030.webp
Белые софт-тач,iPhone 16,A:502031,W502031,ПП2,726579784,58,https://s3.twcstorage.ru/35ffc2ef-1e09-463d-a2c4-c183d5deb59a/prints/pp2/W502031.webp
Объемные матовые чехлы коричневые,iPhone 16,A:502032,W502032,ПП2,1156556694,1,https://s3.twcstorage.ru/35ffc2ef-1e09-463d-a2c4-c183d5deb59a/prints/pp2/W502032.webp
Белые софт-тач,iPhone 16,A:502033,W502033,ПП2,726638894,10,https://s3.twcstorage.ru/35ffc2ef-1e09-463d-a2c4-c183d5deb59a/prints/pp2/W502033.webp
Матовые цветные чехлы для печати,iPhone 16,A:502035,W502035,ПП2,726755961,50,https://s3.twcstorage.ru/35ffc2ef-1e09-463d-a2c4-c183d5deb59a/prints/pp2/W502035.webp
Белые софт-тач,iPhone 16,A:502036,W502036,ПП2,726650487,25,https://s3.twcstorage.ru/35ffc2ef-1e09-463d-a2c4-c183d5deb59a/prints/pp2/W502036.webp
Белые софт-тач,iPhone 16,A:502037,W502037,ПП2,726570191,45,https://s3.twcstorage.ru/35ffc2ef-1e09-463d-a2c4-c183d5deb59a/prints/pp2/W502037.webp
Чехол с вкладышем,iPhone 16,A:502044,W502044,ПП2,994265017,1000000,https://s3.twcstorage.ru/35ffc2ef-1e09-463d-a2c4-c183d5deb59a/prints/pp2/W502044.webp
Белые софт-тач,iPhone 16,A:502047,W502047,ПП2,726572532,32,https://s3.twcstorage.ru/35ffc2ef-1e09-463d-a2c4-c183d5deb59a/prints/pp2/W502047.webp
Белые софт-тач,iPhone 16,A:502048,W502048,ПП2,726573718,21,https://s3.twcstorage.ru/35ffc2ef-1e09-463d-a2c4-c183d5deb59a/prints/pp2/Y502048.webp
Чехол с вкладышем,iPhone 16,A:502049,W502049,ПП2,994265062,1000000,https://s3.twcstorage.ru/35ffc2ef-1e09-463d-a2c4-c183d5deb59a/prints/pp2/Y502049.webp
Белые софт-тач,iPhone 16,A:502050,W502050,ПП2,726659441,40,https://s3.twcstorage.ru/35ffc2ef-1e09-463d-a2c4-c183d5deb59a/prints/pp2/Y502050.webp
Чехол с вкладышем,iPhone 16,A:502051,W502051,ПП2,994265089,1000000,https://s3.twcstorage.ru/35ffc2ef-1e09-463d-a2c4-c183d5deb59a/prints/pp2/W502051.webp
Объемные матовые чехлы коричневые,iPhone 16,A:502052,W502052,ПП2,1156495645,2,https://s3.twcstorage.ru/35ffc2ef-1e09-463d-a2c4-c183d5deb59a/prints/pp2/W502052.webp
Объемные матовые чехлы молочные,iPhone 16,A:502053,W502053,ПП2,1155051748,1,https://s3.twcstorage.ru/35ffc2ef-1e09-463d-a2c4-c183d5deb59a/prints/pp2/W502053.webp
Чехол с вкладышем,iPhone 16,A:502054,W502054,ПП2,994265125,1000000,https://s3.twcstorage.ru/35ffc2ef-1e09-463d-a2c4-c183d5deb59a/prints/pp2/W502054.webp
Матовые цветные чехлы для печати,iPhone 16,A:502055,W502055,ПП2,726771230,95,https://s3.twcstorage.ru/35ffc2ef-1e09-463d-a2c4-c183d5deb59a/prints/pp2/W502055.webp
Чехол с вкладышем,iPhone 16,A:502056,W502056,ПП2,994265191,1000000,https://s3.twcstorage.ru/35ffc2ef-1e09-463d-a2c4-c183d5deb59a/prints/pp2/W502056.webp
Белые софт-тач,iPhone 16,A:502057,W502057,ПП2,726578503,26,https://s3.twcstorage.ru/35ffc2ef-1e09-463d-a2c4-c183d5deb59a/prints/pp2/W502057.webp
Чехол с вкладышем,iPhone 16,A:502058,W502058,ПП2,994265222,1000000,https://s3.twcstorage.ru/35ffc2ef-1e09-463d-a2c4-c183d5deb59a/prints/pp2/W502058.webp
Чехол с вкладышем,iPhone 16,A:502064,W502064,ПП2,994265388,1000000,https://s3.twcstorage.ru/35ffc2ef-1e09-463d-a2c4-c183d5deb59a/prints/pp2/W502064.webp
Объемные матовые чехлы черные,iPhone 16,A:502065,W502065,ПП2,1181474016,14,https://s3.twcstorage.ru/35ffc2ef-1e09-463d-a2c4-c183d5deb59a/prints/pp2/W502065.webp
Белые софт-тач,iPhone 16,A:502066,W502066,ПП2,726663434,75,https://s3.twcstorage.ru/35ffc2ef-1e09-463d-a2c4-c183d5deb59a/prints/pp2/W502066.webp
Чехол с вкладышем,iPhone 16,A:502067,W502067,ПП2,994265440,1000000,https://s3.twcstorage.ru/35ffc2ef-1e09-463d-a2c4-c183d5deb59a/prints/pp2/W5020671.webp
Матовые цветные чехлы для печати,iPhone 16,A:502068,W502068,ПП2,726795822,77,https://s3.twcstorage.ru/35ffc2ef-1e09-463d-a2c4-c183d5deb59a/prints/pp2/W502068.webp
Белые софт-тач,iPhone 16,A:502069,W502069,ПП2,726667126,16,https://s3.twcstorage.ru/35ffc2ef-1e09-463d-a2c4-c183d5deb59a/prints/pp2/W502069.webp
Матовые цветные чехлы для печати,iPhone 16,A:506329,W5063291,ПП2,1189296650,7,https://s3.twcstorage.ru/35ffc2ef-1e09-463d-a2c4-c183d5deb59a/prints/pp2/W5063291.webp
Матовые цветные чехлы для печати,iPhone 16,A:506330,W5063301,ПП2,1185373905,3,https://s3.twcstorage.ru/35ffc2ef-1e09-463d-a2c4-c183d5deb59a/prints/pp2/W5063301.webp
Белые софт-тач,iPhone 16,A:506331,W506331,ПП2,1164164775,5,https://s3.twcstorage.ru/35ffc2ef-1e09-463d-a2c4-c183d5deb59a/prints/pp2/W5063311.webp
Матовые цветные чехлы для печати,iPhone 16,A:506332,W5063321,ПП2,1189260026,2,https://s3.twcstorage.ru/35ffc2ef-1e09-463d-a2c4-c183d5deb59a/prints/pp2/W5063321.webp
Объемные матовые чехлы молочные,iPhone 16,A:506333,W506333,ПП2,1155214796,13,https://s3.twcstorage.ru/35ffc2ef-1e09-463d-a2c4-c183d5deb59a/prints/pp2/W5063331.webp
Матовые цветные чехлы для печати,iPhone 16,A:506334,W5063341,ПП2,1185750211,1,https://s3.twcstorage.ru/35ffc2ef-1e09-463d-a2c4-c183d5deb59a/prints/pp2/W5063341.webp
Объемные матовые чехлы черные,iPhone 16,A:506335,W5063351,ПП2,1158000336,4,https://s3.twcstorage.ru/35ffc2ef-1e09-463d-a2c4-c183d5deb59a/prints/pp2/W5063351.webp
Объемные матовые чехлы молочные,iPhone 16,A:506336,W506336,ПП2,1155259606,3,https://s3.twcstorage.ru/35ffc2ef-1e09-463d-a2c4-c183d5deb59a/prints/pp2/W5063361.webp
Объемные матовые чехлы молочные,iPhone 16,A:506337,W506337,ПП2,1155732916,9,https://s3.twcstorage.ru/35ffc2ef-1e09-463d-a2c4-c183d5deb59a/prints/pp2/W5063371.webp
Объемные матовые чехлы черные,iPhone 16,A:506338,W5063381,ПП2,1158048441,6,https://s3.twcstorage.ru/35ffc2ef-1e09-463d-a2c4-c183d5deb59a/prints/pp2/W5063381.webp
Матовые цветные чехлы для печати,iPhone 16,A:506339,W5063391,ПП2,1189288652,8,https://s3.twcstorage.ru/35ffc2ef-1e09-463d-a2c4-c183d5deb59a/prints/pp2/W5063391.webp
Белые софт-тач,iPhone 16,A:506340,W506340,ПП2,1164332818,4,https://s3.twcstorage.ru/35ffc2ef-1e09-463d-a2c4-c183d5deb59a/prints/pp2/W5063401.webp
Объемные матовые чехлы молочные,iPhone 16,A:506342,W506342,ПП2,1155344421,35,https://s3.twcstorage.ru/35ffc2ef-1e09-463d-a2c4-c183d5deb59a/prints/pp2/W5063421.webp
Объемные матовые чехлы молочные,iPhone 16,A:506343,W506343,ПП2,1155352520,26,https://s3.twcstorage.ru/35ffc2ef-1e09-463d-a2c4-c183d5deb59a/prints/pp2/W5063431.webp
Силиконовые чехлы,iPhone 16,A:506344,W506344,ПП2,1186675288,57,https://s3.twcstorage.ru/35ffc2ef-1e09-463d-a2c4-c183d5deb59a/prints/pp2/W5063441.webp
Матовые цветные чехлы для печати,iPhone 16,A:506345,W5063451,ПП2,1185669298,27,https://s3.twcstorage.ru/35ffc2ef-1e09-463d-a2c4-c183d5deb59a/prints/pp2/W5063451.webp
Силиконовые чехлы,iPhone 16,A:506346,W506346,ПП2,1186688985,81,https://s3.twcstorage.ru/35ffc2ef-1e09-463d-a2c4-c183d5deb59a/prints/pp2/W506346.webp
Объемные матовые чехлы коричневые,iPhone 16,A:506348,W506348,ПП2,1156787821,51,https://s3.twcstorage.ru/35ffc2ef-1e09-463d-a2c4-c183d5deb59a/prints/pp2/W506348.webp
Матовые цветные чехлы для печати,iPhone 16,A:506351,W5063511,ПП2,1185537422,37,https://s3.twcstorage.ru/35ffc2ef-1e09-463d-a2c4-c183d5deb59a/prints/pp2/W5063511.webp
Матовые цветные чехлы для печати,iPhone 16,A:506352,W5063521,ПП2,1185505194,79,https://s3.twcstorage.ru/35ffc2ef-1e09-463d-a2c4-c183d5deb59a/prints/pp2/W5063521.webp
Силиконовые чехлы,iPhone 16,A:506360,W506360,ПП2,1186729798,59,https://s3.twcstorage.ru/35ffc2ef-1e09-463d-a2c4-c183d5deb59a/prints/pp2/W5063601.webp
Силиконовые чехлы,iPhone 16,A:506361,W506361,ПП2,1186785566,30,https://s3.twcstorage.ru/35ffc2ef-1e09-463d-a2c4-c183d5deb59a/prints/pp2/W506361.webp
Силиконовые чехлы,iPhone 16,A:506362,W506362,ПП2,1186412635,60,https://s3.twcstorage.ru/35ffc2ef-1e09-463d-a2c4-c183d5deb59a/prints/pp2/W506362.webp
Объемные матовые чехлы бордовые,iPhone 16,A:506363,W506363,ПП2,1153095427,29,https://s3.twcstorage.ru/35ffc2ef-1e09-463d-a2c4-c183d5deb59a/prints/pp2/W506363.webp
Силиконовые чехлы,iPhone 16,A:506364,W506364,ПП2,1186683114,44,https://s3.twcstorage.ru/35ffc2ef-1e09-463d-a2c4-c183d5deb59a/prints/pp2/W506364.webp
Белые софт-тач,iPhone 16,A:506366,W506366,ПП2,1163796257,79,https://s3.twcstorage.ru/35ffc2ef-1e09-463d-a2c4-c183d5deb59a/prints/pp2/W506366.webp
Силиконовые чехлы,iPhone 16,A:506369,W506369,ПП2,1186785304,46,https://s3.twcstorage.ru/35ffc2ef-1e09-463d-a2c4-c183d5deb59a/prints/pp2/W506369.webp
Белые софт-тач,iPhone 16,A:506370,W506370,ПП2,1163884195,35,https://s3.twcstorage.ru/35ffc2ef-1e09-463d-a2c4-c183d5deb59a/prints/pp2/W506370.webp
Матовые цветные чехлы для печати,iPhone 16,A:506371,W506371,ПП2,1185833759,54,https://s3.twcstorage.ru/35ffc2ef-1e09-463d-a2c4-c183d5deb59a/prints/pp2/W506371.webp
Матовые цветные чехлы для печати,iPhone 16,A:506372,W506372,ПП2,1185727776,9,https://s3.twcstorage.ru/35ffc2ef-1e09-463d-a2c4-c183d5deb59a/prints/pp2/W506372.webp
Силиконовые чехлы,iPhone 16,A:506373,W506373,ПП2,1186662360,6,https://s3.twcstorage.ru/35ffc2ef-1e09-463d-a2c4-c183d5deb59a/prints/pp2/W506373.webp
Белые софт-тач,iPhone 16,A:506374,W506374,ПП2,1163966083,3,https://s3.twcstorage.ru/35ffc2ef-1e09-463d-a2c4-c183d5deb59a/prints/pp2/W506374.webp
Силиконовые чехлы,iPhone 16,A:506375,W506375,ПП2,1186509655,31,https://s3.twcstorage.ru/35ffc2ef-1e09-463d-a2c4-c183d5deb59a/prints/pp2/W506375.webp
Матовые цветные чехлы для печати,iPhone 16,A:506376,W506376,ПП2,1185412232,42,https://s3.twcstorage.ru/35ffc2ef-1e09-463d-a2c4-c183d5deb59a/prints/pp2/W506376.webp
Силиконовые чехлы,iPhone 16,A:506377,W506377,ПП2,1186730884,29,https://s3.twcstorage.ru/35ffc2ef-1e09-463d-a2c4-c183d5deb59a/prints/pp2/W506377.webp
Силиконовые чехлы,iPhone 16,A:506378,W506378,ПП2,1186704741,22,https://s3.twcstorage.ru/35ffc2ef-1e09-463d-a2c4-c183d5deb59a/prints/pp2/W506378.webp
Силиконовые чехлы,iPhone 16,A:506379,W506379,ПП2,1186726847,27,https://s3.twcstorage.ru/35ffc2ef-1e09-463d-a2c4-c183d5deb59a/prints/pp2/W506379.webp
Матовые цветные чехлы для печати,iPhone 16,A:506380,W506380,ПП2,1185678569,46,https://s3.twcstorage.ru/35ffc2ef-1e09-463d-a2c4-c183d5deb59a/prints/pp2/W506380.webp
Матовые цветные чехлы для печати,iPhone 16,A:506381,W506381,ПП2,1185814036,14,https://s3.twcstorage.ru/35ffc2ef-1e09-463d-a2c4-c183d5deb59a/prints/pp2/W506381.webp
Объемные матовые чехлы черные,iPhone 16,A:506382,Q506382,ПП2,1157757758,22,https://s3.twcstorage.ru/35ffc2ef-1e09-463d-a2c4-c183d5deb59a/prints/pp2/Q5063821.webp
Объемные матовые чехлы бордовые,iPhone 16,A:506383,Q506383,ПП2,1153062185,30,https://s3.twcstorage.ru/35ffc2ef-1e09-463d-a2c4-c183d5deb59a/prints/pp2/Q5063831.webp
Стеклянные чехлы,iPhone 16,A:506384,Q5063841,ПП2,1186925765,1,https://s3.twcstorage.ru/35ffc2ef-1e09-463d-a2c4-c183d5deb59a/prints/pp2/Q5063841.webp
Силиконовые чехлы,iPhone 16 Plus,A:501927,C501927,ПП2,726901447,114,https://s3.twcstorage.ru/35ffc2ef-1e09-463d-a2c4-c183d5deb59a/prints/pp2/W501927.webp
Чёрные софт-тач,iPhone 16 Plus,A:501947,S501947,ПП2,727135239,8,https://s3.twcstorage.ru/35ffc2ef-1e09-463d-a2c4-c183d5deb59a/prints/pp2/W501947.webp
Чёрные софт-тач,iPhone 16 Plus,A:501949,S501949,ПП2,727139717,1,https://s3.twcstorage.ru/35ffc2ef-1e09-463d-a2c4-c183d5deb59a/prints/pp2/W501949.webp
Чёрные софт-тач,iPhone 16 Plus,A:501950,S501950,ПП2,727133071,2,https://s3.twcstorage.ru/35ffc2ef-1e09-463d-a2c4-c183d5deb59a/prints/pp2/W501950.webp
Объемные матовые чехлы коричневые,iPhone 16 Plus,A:501951,W501951,ПП2,1156450351,7,https://s3.twcstorage.ru/35ffc2ef-1e09-463d-a2c4-c183d5deb59a/prints/pp2/W501951.webp
Белые софт-тач,iPhone 16 Plus,A:501953,W501953,ПП2,726587736,6,https://s3.twcstorage.ru/35ffc2ef-1e09-463d-a2c4-c183d5deb59a/prints/pp2/W501953.webp
Белые софт-тач,iPhone 16 Plus,A:501955,W501955,ПП2,726605784,44,https://s3.twcstorage.ru/35ffc2ef-1e09-463d-a2c4-c183d5deb59a/prints/pp2/W501955.webp
Матовые цветные чехлы для печати,iPhone 16 Plus,A:501957,W501957,ПП2,726828778,17,https://s3.twcstorage.ru/35ffc2ef-1e09-463d-a2c4-c183d5deb59a/prints/pp2/W501957.webp
Силиконовые чехлы,iPhone 16 Plus,A:501959,C501959,ПП2,727262417,1000000,https://s3.twcstorage.ru/35ffc2ef-1e09-463d-a2c4-c183d5deb59a/prints/pp2/S501959.webp
Белые софт-тач,iPhone 16 Plus,A:501961,W501961,ПП2,726671889,12,https://s3.twcstorage.ru/35ffc2ef-1e09-463d-a2c4-c183d5deb59a/prints/pp2/W501961.webp
Белые софт-тач,iPhone 16 Plus,A:501962,W501962,ПП2,726673273,13,https://s3.twcstorage.ru/35ffc2ef-1e09-463d-a2c4-c183d5deb59a/prints/pp2/W501962.webp
Силиконовые чехлы,iPhone 16 Plus,A:501974,Q501974,ПП2,727293947,70,https://s3.twcstorage.ru/35ffc2ef-1e09-463d-a2c4-c183d5deb59a/prints/pp2/Q501974.webp
Объемные матовые чехлы коричневые,iPhone 16 Plus,A:501976,Q501976,ПП2,1156122786,25,https://s3.twcstorage.ru/35ffc2ef-1e09-463d-a2c4-c183d5deb59a/prints/pp2/Q501976.webp
Силиконовые чехлы,iPhone 16 Plus,A:501978,Q501978,ПП2,727217564,2,https://s3.twcstorage.ru/35ffc2ef-1e09-463d-a2c4-c183d5deb59a/prints/pp2/Q5019781.webp
Стеклянные чехлы,iPhone 16 Plus,A:501979,Q5019791,ПП2,727507656,6,https://s3.twcstorage.ru/35ffc2ef-1e09-463d-a2c4-c183d5deb59a/prints/pp2/Q5019791.webp
Объемные матовые чехлы черные,iPhone 16 Plus,A:501980,Q501980,ПП2,1157718935,5,https://s3.twcstorage.ru/35ffc2ef-1e09-463d-a2c4-c183d5deb59a/prints/pp2/Q5019801.webp
Силиконовые чехлы,iPhone 16 Plus,A:501982,Q501982,ПП2,727552093,1000000,https://s3.twcstorage.ru/35ffc2ef-1e09-463d-a2c4-c183d5deb59a/prints/pp2/Y501982.webp
Силиконовые чехлы,iPhone 16 Plus,A:501983,Q501983,ПП2,727855854,71,https://s3.twcstorage.ru/35ffc2ef-1e09-463d-a2c4-c183d5deb59a/prints/pp2/Y501983.webp
Силиконовые чехлы,iPhone 16 Plus,A:501989,Q501989,ПП2,727517373,1000000,https://s3.twcstorage.ru/35ffc2ef-1e09-463d-a2c4-c183d5deb59a/prints/pp2/Y501989.webp
Силиконовые чехлы,iPhone 16 Plus,A:501990,Q501990,ПП2,727813445,63,https://s3.twcstorage.ru/35ffc2ef-1e09-463d-a2c4-c183d5deb59a/prints/pp2/Y501990.webp
Стеклянные чехлы,iPhone 16 Plus,A:501993,Q5019931,ПП2,727504584,4,https://s3.twcstorage.ru/35ffc2ef-1e09-463d-a2c4-c183d5deb59a/prints/pp2/Q5019931.webp
Чехол с вкладышем,iPhone 16 Plus,A:501996,W501996,ПП2,994269763,1000000,https://s3.twcstorage.ru/35ffc2ef-1e09-463d-a2c4-c183d5deb59a/prints/pp2/Y501996.webp
Объемные матовые чехлы черные,iPhone 16 Plus,A:502003,W502003,ПП2,1157569310,13,https://s3.twcstorage.ru/35ffc2ef-1e09-463d-a2c4-c183d5deb59a/prints/pp2/W502003.webp
Чехол с вкладышем,iPhone 16 Plus,A:502006,W502006,ПП2,994270209,1000000,https://s3.twcstorage.ru/35ffc2ef-1e09-463d-a2c4-c183d5deb59a/prints/pp2/W502006.webp
Объемные матовые чехлы молочные,iPhone 16 Plus,A:502007,W502007,ПП2,1154869921,30,https://s3.twcstorage.ru/35ffc2ef-1e09-463d-a2c4-c183d5deb59a/prints/pp2/W502007.webp
Чехол с вкладышем,iPhone 16 Plus,A:502008,W502008,ПП2,994270213,1000000,https://s3.twcstorage.ru/35ffc2ef-1e09-463d-a2c4-c183d5deb59a/prints/pp2/W502008.webp
Чехол с вкладышем,iPhone 16 Plus,A:502009,W502009,ПП2,994270232,1000000,https://s3.twcstorage.ru/35ffc2ef-1e09-463d-a2c4-c183d5deb59a/prints/pp2/W502009.webp
Матовые цветные чехлы для печати,iPhone 16 Plus,A:502010,W502010,ПП2,726744937,10,https://s3.twcstorage.ru/35ffc2ef-1e09-463d-a2c4-c183d5deb59a/prints/pp2/W502010.webp
Матовые цветные чехлы для печати,iPhone 16 Plus,A:502012,W502012,ПП2,726855245,6,https://s3.twcstorage.ru/35ffc2ef-1e09-463d-a2c4-c183d5deb59a/prints/pp2/W502012.webp
Белые софт-тач,iPhone 16 Plus,A:502014,W502014,ПП2,726647177,15,https://s3.twcstorage.ru/35ffc2ef-1e09-463d-a2c4-c183d5deb59a/prints/pp2/W502014.webp
Матовые цветные чехлы для печати,iPhone 16 Plus,A:502016,W502016,ПП2,726816273,39,https://s3.twcstorage.ru/35ffc2ef-1e09-463d-a2c4-c183d5deb59a/prints/pp2/W502016.webp
Матовые цветные чехлы для печати,iPhone 16 Plus,A:502019,W502019,ПП2,726835058,55,https://s3.twcstorage.ru/35ffc2ef-1e09-463d-a2c4-c183d5deb59a/prints/pp2/W502019.webp
Матовые цветные чехлы для печати,iPhone 16 Plus,A:502026,W502026,ПП2,726869441,58,https://s3.twcstorage.ru/35ffc2ef-1e09-463d-a2c4-c183d5deb59a/prints/pp2/W502026.webp
Матовые цветные чехлы для печати,iPhone 16 Plus,A:502028,W502028,ПП2,726871334,69,https://s3.twcstorage.ru/35ffc2ef-1e09-463d-a2c4-c183d5deb59a/prints/pp2/W502028.webp
Матовые цветные чехлы для печати,iPhone 16 Plus,A:502029,W502029,ПП2,726883841,30,https://s3.twcstorage.ru/35ffc2ef-1e09-463d-a2c4-c183d5deb59a/prints/pp2/W502029.webp
Белые софт-тач,iPhone 16 Plus,A:502031,W502031,ПП2,726578927,58,https://s3.twcstorage.ru/35ffc2ef-1e09-463d-a2c4-c183d5deb59a/prints/pp2/W502031.webp
Чехол с вкладышем,iPhone 16 Plus,A:502032,W502032,ПП2,994270592,1000000,https://s3.twcstorage.ru/35ffc2ef-1e09-463d-a2c4-c183d5deb59a/prints/pp2/W502032.webp
Белые софт-тач,iPhone 16 Plus,A:502033,W502033,ПП2,726637744,10,https://s3.twcstorage.ru/35ffc2ef-1e09-463d-a2c4-c183d5deb59a/prints/pp2/W502033.webp
Белые софт-тач,iPhone 16 Plus,A:502037,W502037,ПП2,726563457,45,https://s3.twcstorage.ru/35ffc2ef-1e09-463d-a2c4-c183d5deb59a/prints/pp2/W502037.webp
Белые софт-тач,iPhone 16 Plus,A:502047,W502047,ПП2,726571591,32,https://s3.twcstorage.ru/35ffc2ef-1e09-463d-a2c4-c183d5deb59a/prints/pp2/W502047.webp
Белые софт-тач,iPhone 16 Plus,A:502048,W502048,ПП2,726572933,21,https://s3.twcstorage.ru/35ffc2ef-1e09-463d-a2c4-c183d5deb59a/prints/pp2/Y502048.webp
Чехол с вкладышем,iPhone 16 Plus,A:502050,W502050,ПП2,994270891,1000000,https://s3.twcstorage.ru/35ffc2ef-1e09-463d-a2c4-c183d5deb59a/prints/pp2/Y502050.webp
Белые софт-тач,iPhone 16 Plus,A:502052,W502052,ПП2,726641463,2,https://s3.twcstorage.ru/35ffc2ef-1e09-463d-a2c4-c183d5deb59a/prints/pp2/W502052.webp
Белые софт-тач,iPhone 16 Plus,A:502053,W502053,ПП2,726639581,1,https://s3.twcstorage.ru/35ffc2ef-1e09-463d-a2c4-c183d5deb59a/prints/pp2/W502053.webp
Белые софт-тач,iPhone 16 Plus,A:502054,W502054,ПП2,726568179,62,https://s3.twcstorage.ru/35ffc2ef-1e09-463d-a2c4-c183d5deb59a/prints/pp2/W502054.webp
Белые софт-тач,iPhone 16 Plus,A:502057,W502057,ПП2,726577019,26,https://s3.twcstorage.ru/35ffc2ef-1e09-463d-a2c4-c183d5deb59a/prints/pp2/W502057.webp
Белые софт-тач,iPhone 16 Plus,A:502059,W502059,ПП2,726617710,22,https://s3.twcstorage.ru/35ffc2ef-1e09-463d-a2c4-c183d5deb59a/prints/pp2/W502059.webp
Белые софт-тач,iPhone 16 Plus,A:502060,W502060,ПП2,726624329,74,https://s3.twcstorage.ru/35ffc2ef-1e09-463d-a2c4-c183d5deb59a/prints/pp2/W502060.webp
Белые софт-тач,iPhone 16 Plus,A:502065,W502065,ПП2,726661096,23,https://s3.twcstorage.ru/35ffc2ef-1e09-463d-a2c4-c183d5deb59a/prints/pp2/W502065.webp
Силиконовые чехлы,iPhone 16 Plus,A:506330,W506330,ПП2,1186088335,17,https://s3.twcstorage.ru/35ffc2ef-1e09-463d-a2c4-c183d5deb59a/prints/pp2/W5063301.webp
Белые софт-тач,iPhone 16 Plus,A:506331,W506331,ПП2,1164154239,5,https://s3.twcstorage.ru/35ffc2ef-1e09-463d-a2c4-c183d5deb59a/prints/pp2/W5063311.webp
Матовые цветные чехлы для печати,iPhone 16 Plus,A:506332,W5063321,ПП2,1189266143,2,https://s3.twcstorage.ru/35ffc2ef-1e09-463d-a2c4-c183d5deb59a/prints/pp2/W5063321.webp
Силиконовые чехлы,iPhone 16 Plus,A:506333,W506333,ПП2,1186147376,50,https://s3.twcstorage.ru/35ffc2ef-1e09-463d-a2c4-c183d5deb59a/prints/pp2/W5063331.webp
Матовые цветные чехлы для печати,iPhone 16 Plus,A:506334,W5063341,ПП2,1185772002,1,https://s3.twcstorage.ru/35ffc2ef-1e09-463d-a2c4-c183d5deb59a/prints/pp2/W5063341.webp
Силиконовые чехлы,iPhone 16 Plus,A:506335,W506335,ПП2,1186176280,15,https://s3.twcstorage.ru/35ffc2ef-1e09-463d-a2c4-c183d5deb59a/prints/pp2/W5063351.webp
Силиконовые чехлы,iPhone 16 Plus,A:506336,W506336,ПП2,1186192036,14,https://s3.twcstorage.ru/35ffc2ef-1e09-463d-a2c4-c183d5deb59a/prints/pp2/W5063361.webp
Матовые цветные чехлы для печати,iPhone 16 Plus,A:506337,W5063371,ПП2,1185836418,13,https://s3.twcstorage.ru/35ffc2ef-1e09-463d-a2c4-c183d5deb59a/prints/pp2/W5063371.webp
Объемные матовые чехлы коричневые,iPhone 16 Plus,A:506339,W5063391,ПП2,1157099540,10,https://s3.twcstorage.ru/35ffc2ef-1e09-463d-a2c4-c183d5deb59a/prints/pp2/W5063391.webp
Белые софт-тач,iPhone 16 Plus,A:506340,W506340,ПП2,1164321677,4,https://s3.twcstorage.ru/35ffc2ef-1e09-463d-a2c4-c183d5deb59a/prints/pp2/W5063401.webp
Объемные матовые чехлы черные,iPhone 16 Plus,A:506341,W5063411,ПП2,1158108076,11,https://s3.twcstorage.ru/35ffc2ef-1e09-463d-a2c4-c183d5deb59a/prints/pp2/W5063411.webp
Силиконовые чехлы,iPhone 16 Plus,A:506344,W506344,ПП2,1186270562,57,https://s3.twcstorage.ru/35ffc2ef-1e09-463d-a2c4-c183d5deb59a/prints/pp2/W5063441.webp
Матовые цветные чехлы для печати,iPhone 16 Plus,A:506345,W5063451,ПП2,1185657836,27,https://s3.twcstorage.ru/35ffc2ef-1e09-463d-a2c4-c183d5deb59a/prints/pp2/W5063451.webp
Матовые цветные чехлы для печати,iPhone 16 Plus,A:506347,W5063471,ПП2,1185673122,44,https://s3.twcstorage.ru/35ffc2ef-1e09-463d-a2c4-c183d5deb59a/prints/pp2/W5063471.webp
Матовые цветные чехлы для печати,iPhone 16 Plus,A:506348,W506348,ПП2,1185824642,52,https://s3.twcstorage.ru/35ffc2ef-1e09-463d-a2c4-c183d5deb59a/prints/pp2/W506348.webp
Силиконовые чехлы,iPhone 16 Plus,A:506350,W506350,ПП2,1186317392,45,https://s3.twcstorage.ru/35ffc2ef-1e09-463d-a2c4-c183d5deb59a/prints/pp2/W5063501.webp
Матовые цветные чехлы для печати,iPhone 16 Plus,A:506351,W5063511,ПП2,1185665673,37,https://s3.twcstorage.ru/35ffc2ef-1e09-463d-a2c4-c183d5deb59a/prints/pp2/W5063511.webp
Силиконовые чехлы,iPhone 16 Plus,A:506364,W506364,ПП2,1186431957,44,https://s3.twcstorage.ru/35ffc2ef-1e09-463d-a2c4-c183d5deb59a/prints/pp2/W506364.webp
Белые софт-тач,iPhone 16 Plus,A:506372,W506372,ПП2,1163910121,18,https://s3.twcstorage.ru/35ffc2ef-1e09-463d-a2c4-c183d5deb59a/prints/pp2/W506372.webp
Силиконовые чехлы,iPhone 16 Plus,A:506373,W506373,ПП2,1186495275,6,https://s3.twcstorage.ru/35ffc2ef-1e09-463d-a2c4-c183d5deb59a/prints/pp2/W506373.webp
Белые софт-тач,iPhone 16 Plus,A:506374,W506374,ПП2,1163953273,3,https://s3.twcstorage.ru/35ffc2ef-1e09-463d-a2c4-c183d5deb59a/prints/pp2/W506374.webp
Силиконовые чехлы,iPhone 16 Plus,A:506375,W506375,ПП2,1186510903,31,https://s3.twcstorage.ru/35ffc2ef-1e09-463d-a2c4-c183d5deb59a/prints/pp2/W506375.webp
Силиконовые чехлы,iPhone 16 Plus,A:506378,W506378,ПП2,1186531948,22,https://s3.twcstorage.ru/35ffc2ef-1e09-463d-a2c4-c183d5deb59a/prints/pp2/W506378.webp
Матовые цветные чехлы для печати,iPhone 16 Plus,A:506379,W506379,ПП2,1185787640,24,https://s3.twcstorage.ru/35ffc2ef-1e09-463d-a2c4-c183d5deb59a/prints/pp2/W506379.webp
Белые софт-тач,iPhone 16 Plus,A:506381,W506381,ПП2,1164095688,64,https://s3.twcstorage.ru/35ffc2ef-1e09-463d-a2c4-c183d5deb59a/prints/pp2/W506381.webp
Стеклянные чехлы,iPhone 16 Plus,A:506384,Q5063841,ПП2,1186851317,1,https://s3.twcstorage.ru/35ffc2ef-1e09-463d-a2c4-c183d5deb59a/prints/pp2/Q5063841.webp
Чехол с вкладышем,iPhone 16 Pro,A:501928,W501928,ПП2,994273712,1000000,https://s3.twcstorage.ru/35ffc2ef-1e09-463d-a2c4-c183d5deb59a/prints/pp2/W501928.webp
Чёрные софт-тач,iPhone 16 Pro,A:501929,S501929,ПП2,727145629,1000000,https://s3.twcstorage.ru/35ffc2ef-1e09-463d-a2c4-c183d5deb59a/prints/pp2/W501929.webp
Объемные матовые чехлы черные,iPhone 16 Pro,A:501937,W501937,ПП2,1157449150,18,https://s3.twcstorage.ru/35ffc2ef-1e09-463d-a2c4-c183d5deb59a/prints/pp2/W501937.webp
Силиконовые чехлы,iPhone 16 Pro,A:501940,C501940,ПП2,727196309,117,https://s3.twcstorage.ru/35ffc2ef-1e09-463d-a2c4-c183d5deb59a/prints/pp2/W501940.webp
Чёрные софт-тач,iPhone 16 Pro,A:501943,S501943,ПП2,727102280,6,https://s3.twcstorage.ru/35ffc2ef-1e09-463d-a2c4-c183d5deb59a/prints/pp2/S501943.webp
Чёрные софт-тач,iPhone 16 Pro,A:501944,S501944,ПП2,727105424,4,https://s3.twcstorage.ru/35ffc2ef-1e09-463d-a2c4-c183d5deb59a/prints/pp2/S501944.webp
Силиконовые чехлы,iPhone 16 Pro,A:501945,C501945,ПП2,727266668,120,https://s3.twcstorage.ru/35ffc2ef-1e09-463d-a2c4-c183d5deb59a/prints/pp2/W501945.webp
Чёрные софт-тач,iPhone 16 Pro,A:501946,S501946,ПП2,727094887,7,https://s3.twcstorage.ru/35ffc2ef-1e09-463d-a2c4-c183d5deb59a/prints/pp2/W501946.webp
Чёрные софт-тач,iPhone 16 Pro,A:501947,S501947,ПП2,727134522,8,https://s3.twcstorage.ru/35ffc2ef-1e09-463d-a2c4-c183d5deb59a/prints/pp2/W501947.webp
Чёрные софт-тач,iPhone 16 Pro,A:501949,S501949,ПП2,727139866,1,https://s3.twcstorage.ru/35ffc2ef-1e09-463d-a2c4-c183d5deb59a/prints/pp2/W501949.webp
Чёрные софт-тач,iPhone 16 Pro,A:501950,S501950,ПП2,727132676,2,https://s3.twcstorage.ru/35ffc2ef-1e09-463d-a2c4-c183d5deb59a/prints/pp2/W501950.webp
Чёрные софт-тач,iPhone 16 Pro,A:501951,S501951,ПП2,727136260,5,https://s3.twcstorage.ru/35ffc2ef-1e09-463d-a2c4-c183d5deb59a/prints/pp2/W501951.webp
Чёрные софт-тач,iPhone 16 Pro,A:501952,S501952,ПП2,727107412,1000000,https://s3.twcstorage.ru/35ffc2ef-1e09-463d-a2c4-c183d5deb59a/prints/pp2/W501952.webp
Белые софт-тач,iPhone 16 Pro,A:501953,W501953,ПП2,726588814,6,https://s3.twcstorage.ru/35ffc2ef-1e09-463d-a2c4-c183d5deb59a/prints/pp2/W501953.webp
Белые софт-тач,iPhone 16 Pro,A:501955,W501955,ПП2,726607379,44,https://s3.twcstorage.ru/35ffc2ef-1e09-463d-a2c4-c183d5deb59a/prints/pp2/W501955.webp
Силиконовые чехлы,iPhone 16 Pro,A:501956,C501956,ПП2,727246615,123,https://s3.twcstorage.ru/35ffc2ef-1e09-463d-a2c4-c183d5deb59a/prints/pp2/W501956.webp
Чёрные софт-тач,iPhone 16 Pro,A:501957,S501957,ПП2,727123325,3,https://s3.twcstorage.ru/35ffc2ef-1e09-463d-a2c4-c183d5deb59a/prints/pp2/W501957.webp
Белые софт-тач,iPhone 16 Pro,A:501958,W501958,ПП2,726611750,30,https://s3.twcstorage.ru/35ffc2ef-1e09-463d-a2c4-c183d5deb59a/prints/pp2/W501958.webp
Чёрные софт-тач,iPhone 16 Pro,A:501960,S501960,ПП2,727148723,15,https://s3.twcstorage.ru/35ffc2ef-1e09-463d-a2c4-c183d5deb59a/prints/pp2/W501960.webp
Белые софт-тач,iPhone 16 Pro,A:501961,W501961,ПП2,726672659,12,https://s3.twcstorage.ru/35ffc2ef-1e09-463d-a2c4-c183d5deb59a/prints/pp2/W501961.webp
Белые софт-тач,iPhone 16 Pro,A:501962,W501962,ПП2,726674353,13,https://s3.twcstorage.ru/35ffc2ef-1e09-463d-a2c4-c183d5deb59a/prints/pp2/W501962.webp
Силиконовые чехлы,iPhone 16 Pro,A:501964,Q501964,ПП2,726950681,1000000,https://s3.twcstorage.ru/35ffc2ef-1e09-463d-a2c4-c183d5deb59a/prints/pp2/Q5019641.webp
Чехол с вкладышем,iPhone 16 Pro,A:501966,W501966,ПП2,994274379,1000000,https://s3.twcstorage.ru/35ffc2ef-1e09-463d-a2c4-c183d5deb59a/prints/pp2/W501966.webp
Силиконовые чехлы,iPhone 16 Pro,A:501968,Q501968,ПП2,727095288,78,https://s3.twcstorage.ru/35ffc2ef-1e09-463d-a2c4-c183d5deb59a/prints/pp2/W501968.webp
Чехол с вкладышем,iPhone 16 Pro,A:501969,W501969,ПП2,994274457,1000000,https://s3.twcstorage.ru/35ffc2ef-1e09-463d-a2c4-c183d5deb59a/prints/pp2/W501969.webp
Чехол с вкладышем,iPhone 16 Pro,A:501970,W501970,ПП2,994274520,1000000,https://s3.twcstorage.ru/35ffc2ef-1e09-463d-a2c4-c183d5deb59a/prints/pp2/W501970.webp
Силиконовые чехлы,iPhone 16 Pro,A:501976,Q501976,ПП2,727302523,79,https://s3.twcstorage.ru/35ffc2ef-1e09-463d-a2c4-c183d5deb59a/prints/pp2/Q501976.webp
Силиконовые чехлы,iPhone 16 Pro,A:501978,Q501978,ПП2,727216853,2,https://s3.twcstorage.ru/35ffc2ef-1e09-463d-a2c4-c183d5deb59a/prints/pp2/Q5019781.webp
Силиконовые чехлы,iPhone 16 Pro,A:501979,Q501979,ПП2,727778945,48,https://s3.twcstorage.ru/35ffc2ef-1e09-463d-a2c4-c183d5deb59a/prints/pp2/Q5019791.webp
Стеклянные чехлы,iPhone 16 Pro,A:501980,Q5019801,ПП2,727506397,2,https://s3.twcstorage.ru/35ffc2ef-1e09-463d-a2c4-c183d5deb59a/prints/pp2/Q5019801.webp
Силиконовые чехлы,iPhone 16 Pro,A:501983,Q501983,ПП2,727855183,71,https://s3.twcstorage.ru/35ffc2ef-1e09-463d-a2c4-c183d5deb59a/prints/pp2/Y501983.webp
Силиконовые чехлы,iPhone 16 Pro,A:501987,Q501987,ПП2,727810202,1000000,https://s3.twcstorage.ru/35ffc2ef-1e09-463d-a2c4-c183d5deb59a/prints/pp2/Y501987.webp
Силиконовые чехлы,iPhone 16 Pro,A:501989,Q501989,ПП2,727516225,1000000,https://s3.twcstorage.ru/35ffc2ef-1e09-463d-a2c4-c183d5deb59a/prints/pp2/Y501989.webp
Силиконовые чехлы,iPhone 16 Pro,A:501990,Q501990,ПП2,727812869,63,https://s3.twcstorage.ru/35ffc2ef-1e09-463d-a2c4-c183d5deb59a/prints/pp2/Y501990.webp
Стеклянные чехлы,iPhone 16 Pro,A:501993,Q5019931,ПП2,727504331,4,https://s3.twcstorage.ru/35ffc2ef-1e09-463d-a2c4-c183d5deb59a/prints/pp2/Q5019931.webp
Чехол с вкладышем,iPhone 16 Pro,A:501995,W501995,ПП2,994274557,1000000,https://s3.twcstorage.ru/35ffc2ef-1e09-463d-a2c4-c183d5deb59a/prints/pp2/W501995.webp
Чехол с вкладышем,iPhone 16 Pro,A:501996,W501996,ПП2,994274571,1000000,https://s3.twcstorage.ru/35ffc2ef-1e09-463d-a2c4-c183d5deb59a/prints/pp2/Y501996.webp
Чехол с вкладышем,iPhone 16 Pro,A:501997,W501997,ПП2,994274594,1000000,https://s3.twcstorage.ru/35ffc2ef-1e09-463d-a2c4-c183d5deb59a/prints/pp2/Y501997.webp
Объемные матовые чехлы черные,iPhone 16 Pro,A:502003,W502003,ПП2,1157569094,13,https://s3.twcstorage.ru/35ffc2ef-1e09-463d-a2c4-c183d5deb59a/prints/pp2/W502003.webp
Чехол с вкладышем,iPhone 16 Pro,A:502004,W502004,ПП2,994274744,1000000,https://s3.twcstorage.ru/35ffc2ef-1e09-463d-a2c4-c183d5deb59a/prints/pp2/W502004.webp
Матовые цветные чехлы для печати,iPhone 16 Pro,A:502005,W502005,ПП2,726859287,89,https://s3.twcstorage.ru/35ffc2ef-1e09-463d-a2c4-c183d5deb59a/prints/pp2/W502005.webp
Матовые цветные чехлы для печати,iPhone 16 Pro,A:502006,W502006,ПП2,726860831,47,https://s3.twcstorage.ru/35ffc2ef-1e09-463d-a2c4-c183d5deb59a/prints/pp2/W502006.webp
Матовые цветные чехлы для печати,iPhone 16 Pro,A:502007,W502007,ПП2,726848950,67,https://s3.twcstorage.ru/35ffc2ef-1e09-463d-a2c4-c183d5deb59a/prints/pp2/W502007.webp
Матовые цветные чехлы для печати,iPhone 16 Pro,A:502008,W502008,ПП2,726738631,43,https://s3.twcstorage.ru/35ffc2ef-1e09-463d-a2c4-c183d5deb59a/prints/pp2/W502008.webp
Матовые цветные чехлы для печати,iPhone 16 Pro,A:502009,W502009,ПП2,726740796,22,https://s3.twcstorage.ru/35ffc2ef-1e09-463d-a2c4-c183d5deb59a/prints/pp2/W502009.webp
Матовые цветные чехлы для печати,iPhone 16 Pro,A:502010,W502010,ПП2,726743666,10,https://s3.twcstorage.ru/35ffc2ef-1e09-463d-a2c4-c183d5deb59a/prints/pp2/W502010.webp
Чехол с вкладышем,iPhone 16 Pro,A:502011,W502011,ПП2,994275299,1000000,https://s3.twcstorage.ru/35ffc2ef-1e09-463d-a2c4-c183d5deb59a/prints/pp2/W502011.webp
Матовые цветные чехлы для печати,iPhone 16 Pro,A:502012,W502012,ПП2,726852760,6,https://s3.twcstorage.ru/35ffc2ef-1e09-463d-a2c4-c183d5deb59a/prints/pp2/W502012.webp
Белые софт-тач,iPhone 16 Pro,A:502014,W502014,ПП2,726648322,15,https://s3.twcstorage.ru/35ffc2ef-1e09-463d-a2c4-c183d5deb59a/prints/pp2/W502014.webp
Матовые цветные чехлы для печати,iPhone 16 Pro,A:502015,W502015,ПП2,726813182,91,https://s3.twcstorage.ru/35ffc2ef-1e09-463d-a2c4-c183d5deb59a/prints/pp2/W502015.webp
Матовые цветные чехлы для печати,iPhone 16 Pro,A:502016,W502016,ПП2,726815625,39,https://s3.twcstorage.ru/35ffc2ef-1e09-463d-a2c4-c183d5deb59a/prints/pp2/W502016.webp
Чехол с вкладышем,iPhone 16 Pro,A:502017,W502017,ПП2,994275521,1000000,https://s3.twcstorage.ru/35ffc2ef-1e09-463d-a2c4-c183d5deb59a/prints/pp2/W502017.webp
Чехол с вкладышем,iPhone 16 Pro,A:502018,W502018,ПП2,994275528,1000000,https://s3.twcstorage.ru/35ffc2ef-1e09-463d-a2c4-c183d5deb59a/prints/pp2/W502018.webp
Матовые цветные чехлы для печати,iPhone 16 Pro,A:502019,W502019,ПП2,726834814,55,https://s3.twcstorage.ru/35ffc2ef-1e09-463d-a2c4-c183d5deb59a/prints/pp2/W502019.webp
Чехол с вкладышем,iPhone 16 Pro,A:502020,W502020,ПП2,994275569,1000000,https://s3.twcstorage.ru/35ffc2ef-1e09-463d-a2c4-c183d5deb59a/prints/pp2/W502020.webp
Матовые цветные чехлы для печати,iPhone 16 Pro,A:502023,W502023,ПП2,726866926,56,https://s3.twcstorage.ru/35ffc2ef-1e09-463d-a2c4-c183d5deb59a/prints/pp2/W502023.webp
Чехол с вкладышем,iPhone 16 Pro,A:502024,W502024,ПП2,994275648,1000000,https://s3.twcstorage.ru/35ffc2ef-1e09-463d-a2c4-c183d5deb59a/prints/pp2/W502024.webp
Матовые цветные чехлы для печати,iPhone 16 Pro,A:502025,W502025,ПП2,726874889,34,https://s3.twcstorage.ru/35ffc2ef-1e09-463d-a2c4-c183d5deb59a/prints/pp2/W502025.webp
Матовые цветные чехлы для печати,iPhone 16 Pro,A:502026,W502026,ПП2,726868899,58,https://s3.twcstorage.ru/35ffc2ef-1e09-463d-a2c4-c183d5deb59a/prints/pp2/W502026.webp
Чехол с вкладышем,iPhone 16 Pro,A:502027,W502027,ПП2,994275718,1000000,https://s3.twcstorage.ru/35ffc2ef-1e09-463d-a2c4-c183d5deb59a/prints/pp2/W502027.webp
Матовые цветные чехлы для печати,iPhone 16 Pro,A:502028,W502028,ПП2,726870614,69,https://s3.twcstorage.ru/35ffc2ef-1e09-463d-a2c4-c183d5deb59a/prints/pp2/W502028.webp
Матовые цветные чехлы для печати,iPhone 16 Pro,A:502029,W502029,ПП2,726881851,30,https://s3.twcstorage.ru/35ffc2ef-1e09-463d-a2c4-c183d5deb59a/prints/pp2/W502029.webp
Матовые цветные чехлы для печати,iPhone 16 Pro,A:502030,W502030,ПП2,726856087,20,https://s3.twcstorage.ru/35ffc2ef-1e09-463d-a2c4-c183d5deb59a/prints/pp2/W502030.webp
Белые софт-тач,iPhone 16 Pro,A:502031,W502031,ПП2,726579955,58,https://s3.twcstorage.ru/35ffc2ef-1e09-463d-a2c4-c183d5deb59a/prints/pp2/W502031.webp
Матовые цветные чехлы для печати,iPhone 16 Pro,A:502032,W502032,ПП2,726857851,40,https://s3.twcstorage.ru/35ffc2ef-1e09-463d-a2c4-c183d5deb59a/prints/pp2/W502032.webp
Белые софт-тач,iPhone 16 Pro,A:502033,W502033,ПП2,726639131,10,https://s3.twcstorage.ru/35ffc2ef-1e09-463d-a2c4-c183d5deb59a/prints/pp2/W502033.webp
Белые софт-тач,iPhone 16 Pro,A:502035,W502035,ПП2,726565040,20,https://s3.twcstorage.ru/35ffc2ef-1e09-463d-a2c4-c183d5deb59a/prints/pp2/W502035.webp
Белые софт-тач,iPhone 16 Pro,A:502036,W502036,ПП2,726649784,25,https://s3.twcstorage.ru/35ffc2ef-1e09-463d-a2c4-c183d5deb59a/prints/pp2/W502036.webp
Белые софт-тач,iPhone 16 Pro,A:502037,W502037,ПП2,726565630,45,https://s3.twcstorage.ru/35ffc2ef-1e09-463d-a2c4-c183d5deb59a/prints/pp2/W502037.webp
Матовые цветные чехлы для печати,iPhone 16 Pro,A:502038,W502038,ПП2,726847028,1000000,https://s3.twcstorage.ru/35ffc2ef-1e09-463d-a2c4-c183d5deb59a/prints/pp2/Y502038.webp
Чехол с вкладышем,iPhone 16 Pro,A:502039,W502039,ПП2,994276069,1000000,https://s3.twcstorage.ru/35ffc2ef-1e09-463d-a2c4-c183d5deb59a/prints/pp2/W502039.webp
Белые софт-тач,iPhone 16 Pro,A:502044,W502044,ПП2,726624354,61,https://s3.twcstorage.ru/35ffc2ef-1e09-463d-a2c4-c183d5deb59a/prints/pp2/W502044.webp
Белые софт-тач,iPhone 16 Pro,A:502047,W502047,ПП2,726572656,32,https://s3.twcstorage.ru/35ffc2ef-1e09-463d-a2c4-c183d5deb59a/prints/pp2/W502047.webp
Белые софт-тач,iPhone 16 Pro,A:502048,W502048,ПП2,726574023,21,https://s3.twcstorage.ru/35ffc2ef-1e09-463d-a2c4-c183d5deb59a/prints/pp2/Y502048.webp
Объемные матовые чехлы коричневые,iPhone 16 Pro,A:502049,W502049,ПП2,1156522178,17,https://s3.twcstorage.ru/35ffc2ef-1e09-463d-a2c4-c183d5deb59a/prints/pp2/Y502049.webp
Белые софт-тач,iPhone 16 Pro,A:502050,W502050,ПП2,726659603,40,https://s3.twcstorage.ru/35ffc2ef-1e09-463d-a2c4-c183d5deb59a/prints/pp2/Y502050.webp
Белые софт-тач,iPhone 16 Pro,A:502051,W502051,ПП2,726568013,47,https://s3.twcstorage.ru/35ffc2ef-1e09-463d-a2c4-c183d5deb59a/prints/pp2/W502051.webp
Белые софт-тач,iPhone 16 Pro,A:502052,W502052,ПП2,726643355,2,https://s3.twcstorage.ru/35ffc2ef-1e09-463d-a2c4-c183d5deb59a/prints/pp2/W502052.webp
Белые софт-тач,iPhone 16 Pro,A:502053,W502053,ПП2,726641034,1,https://s3.twcstorage.ru/35ffc2ef-1e09-463d-a2c4-c183d5deb59a/prints/pp2/W502053.webp
Чехол с вкладышем,iPhone 16 Pro,A:502054,W502054,ПП2,994276195,1000000,https://s3.twcstorage.ru/35ffc2ef-1e09-463d-a2c4-c183d5deb59a/prints/pp2/W502054.webp
Чехол с вкладышем,iPhone 16 Pro,A:502055,W502055,ПП2,994276203,1000000,https://s3.twcstorage.ru/35ffc2ef-1e09-463d-a2c4-c183d5deb59a/prints/pp2/W502055.webp
Белые софт-тач,iPhone 16 Pro,A:502056,W502056,ПП2,726576792,73,https://s3.twcstorage.ru/35ffc2ef-1e09-463d-a2c4-c183d5deb59a/prints/pp2/W502056.webp
Белые софт-тач,iPhone 16 Pro,A:502057,W502057,ПП2,726578619,26,https://s3.twcstorage.ru/35ffc2ef-1e09-463d-a2c4-c183d5deb59a/prints/pp2/W502057.webp
Белые софт-тач,iPhone 16 Pro,A:502058,W502058,ПП2,726616925,1000000,https://s3.twcstorage.ru/35ffc2ef-1e09-463d-a2c4-c183d5deb59a/prints/pp2/W502058.webp
Белые софт-тач,iPhone 16 Pro,A:502059,W502059,ПП2,726619013,22,https://s3.twcstorage.ru/35ffc2ef-1e09-463d-a2c4-c183d5deb59a/prints/pp2/W502059.webp
Чехол с вкладышем,iPhone 16 Pro,A:502063,W502063,ПП2,994276431,1000000,https://s3.twcstorage.ru/35ffc2ef-1e09-463d-a2c4-c183d5deb59a/prints/pp2/W502063.webp
Матовые цветные чехлы для печати,iPhone 16 Pro,A:502065,W502065,ПП2,726838387,16,https://s3.twcstorage.ru/35ffc2ef-1e09-463d-a2c4-c183d5deb59a/prints/pp2/W502065.webp
Матовые цветные чехлы для печати,iPhone 16 Pro,A:502066,W502066,ПП2,726794363,1000000,https://s3.twcstorage.ru/35ffc2ef-1e09-463d-a2c4-c183d5deb59a/prints/pp2/W502066.webp
Матовые цветные чехлы для печати,iPhone 16 Pro,A:502067,W5020671,ПП2,726731294,41,https://s3.twcstorage.ru/35ffc2ef-1e09-463d-a2c4-c183d5deb59a/prints/pp2/W5020671.webp
Белые софт-тач,iPhone 16 Pro,A:502069,W502069,ПП2,726667587,16,https://s3.twcstorage.ru/35ffc2ef-1e09-463d-a2c4-c183d5deb59a/prints/pp2/W502069.webp
Матовые цветные чехлы для печати,iPhone 16 Pro,A:506329,W5063291,ПП2,1195456849,7,https://s3.twcstorage.ru/35ffc2ef-1e09-463d-a2c4-c183d5deb59a/prints/pp2/W5063291.webp
Матовые цветные чехлы для печати,iPhone 16 Pro,A:506330,W5063301,ПП2,1185373856,3,https://s3.twcstorage.ru/35ffc2ef-1e09-463d-a2c4-c183d5deb59a/prints/pp2/W5063301.webp
Белые софт-тач,iPhone 16 Pro,A:506331,W506331,ПП2,1164166461,5,https://s3.twcstorage.ru/35ffc2ef-1e09-463d-a2c4-c183d5deb59a/prints/pp2/W5063311.webp
Матовые цветные чехлы для печати,iPhone 16 Pro,A:506332,W5063321,ПП2,1185479122,2,https://s3.twcstorage.ru/35ffc2ef-1e09-463d-a2c4-c183d5deb59a/prints/pp2/W5063321.webp
Матовые цветные чехлы для печати,iPhone 16 Pro,A:506333,W5063331,ПП2,1185508158,25,https://s3.twcstorage.ru/35ffc2ef-1e09-463d-a2c4-c183d5deb59a/prints/pp2/W5063331.webp
Матовые цветные чехлы для печати,iPhone 16 Pro,A:506334,W5063341,ПП2,1185820380,1,https://s3.twcstorage.ru/35ffc2ef-1e09-463d-a2c4-c183d5deb59a/prints/pp2/W5063341.webp
Силиконовые чехлы,iPhone 16 Pro,A:506335,W506335,ПП2,1186661120,15,https://s3.twcstorage.ru/35ffc2ef-1e09-463d-a2c4-c183d5deb59a/prints/pp2/W5063351.webp
Силиконовые чехлы,iPhone 16 Pro,A:506336,W506336,ПП2,1186731160,14,https://s3.twcstorage.ru/35ffc2ef-1e09-463d-a2c4-c183d5deb59a/prints/pp2/W5063361.webp
Матовые цветные чехлы для печати,iPhone 16 Pro,A:506337,W5063371,ПП2,1189286543,13,https://s3.twcstorage.ru/35ffc2ef-1e09-463d-a2c4-c183d5deb59a/prints/pp2/W5063371.webp
Матовые цветные чехлы для печати,iPhone 16 Pro,A:506338,W5063381,ПП2,1185381359,26,https://s3.twcstorage.ru/35ffc2ef-1e09-463d-a2c4-c183d5deb59a/prints/pp2/W5063381.webp
Матовые цветные чехлы для печати,iPhone 16 Pro,A:506339,W5063391,ПП2,1189270029,8,https://s3.twcstorage.ru/35ffc2ef-1e09-463d-a2c4-c183d5deb59a/prints/pp2/W5063391.webp
Объемные матовые чехлы бордовые,iPhone 16 Pro,A:506340,W5063401,ПП2,1153762158,2,https://s3.twcstorage.ru/35ffc2ef-1e09-463d-a2c4-c183d5deb59a/prints/pp2/W5063401.webp
Матовые цветные чехлы для печати,iPhone 16 Pro,A:506343,W5063431,ПП2,1185385197,61,https://s3.twcstorage.ru/35ffc2ef-1e09-463d-a2c4-c183d5deb59a/prints/pp2/W5063431.webp
Матовые цветные чехлы для печати,iPhone 16 Pro,A:506345,W5063451,ПП2,1185452503,27,https://s3.twcstorage.ru/35ffc2ef-1e09-463d-a2c4-c183d5deb59a/prints/pp2/W5063451.webp
Матовые цветные чехлы для печати,iPhone 16 Pro,A:506346,W506346,ПП2,1185507667,19,https://s3.twcstorage.ru/35ffc2ef-1e09-463d-a2c4-c183d5deb59a/prints/pp2/W506346.webp
Объемные матовые чехлы коричневые,iPhone 16 Pro,A:506348,W506348,ПП2,1156785586,51,https://s3.twcstorage.ru/35ffc2ef-1e09-463d-a2c4-c183d5deb59a/prints/pp2/W506348.webp
Силиконовые чехлы,iPhone 16 Pro,A:506350,W506350,ПП2,1186698613,45,https://s3.twcstorage.ru/35ffc2ef-1e09-463d-a2c4-c183d5deb59a/prints/pp2/W5063501.webp
Матовые цветные чехлы для печати,iPhone 16 Pro,A:506351,W5063511,ПП2,1195452989,37,https://s3.twcstorage.ru/35ffc2ef-1e09-463d-a2c4-c183d5deb59a/prints/pp2/W5063511.webp
Силиконовые чехлы,iPhone 16 Pro,A:506352,W506352,ПП2,1186715805,84,https://s3.twcstorage.ru/35ffc2ef-1e09-463d-a2c4-c183d5deb59a/prints/pp2/W5063521.webp
Силиконовые чехлы,iPhone 16 Pro,A:506353,W506353,ПП2,1186688997,74,https://s3.twcstorage.ru/35ffc2ef-1e09-463d-a2c4-c183d5deb59a/prints/pp2/W5063531.webp
Матовые цветные чехлы для печати,iPhone 16 Pro,A:506354,W5063541,ПП2,1185390407,98,https://s3.twcstorage.ru/35ffc2ef-1e09-463d-a2c4-c183d5deb59a/prints/pp2/W5063541.webp
Силиконовые чехлы,iPhone 16 Pro,A:506361,W506361,ПП2,1186741814,30,https://s3.twcstorage.ru/35ffc2ef-1e09-463d-a2c4-c183d5deb59a/prints/pp2/W506361.webp
Силиконовые чехлы,iPhone 16 Pro,A:506362,W506362,ПП2,1186412608,60,https://s3.twcstorage.ru/35ffc2ef-1e09-463d-a2c4-c183d5deb59a/prints/pp2/W506362.webp
Матовые цветные чехлы для печати,iPhone 16 Pro,A:506363,W506363,ПП2,1185397561,33,https://s3.twcstorage.ru/35ffc2ef-1e09-463d-a2c4-c183d5deb59a/prints/pp2/W506363.webp
Матовые цветные чехлы для печати,iPhone 16 Pro,A:506364,W506364,ПП2,1185598187,29,https://s3.twcstorage.ru/35ffc2ef-1e09-463d-a2c4-c183d5deb59a/prints/pp2/W506364.webp
Матовые цветные чехлы для печати,iPhone 16 Pro,A:506365,W506365,ПП2,1185751476,80,https://s3.twcstorage.ru/35ffc2ef-1e09-463d-a2c4-c183d5deb59a/prints/pp2/W506365.webp
Силиконовые чехлы,iPhone 16 Pro,A:506366,W506366,ПП2,1186768046,145,https://s3.twcstorage.ru/35ffc2ef-1e09-463d-a2c4-c183d5deb59a/prints/pp2/W506366.webp
Силиконовые чехлы,iPhone 16 Pro,A:506369,W506369,ПП2,1186785589,46,https://s3.twcstorage.ru/35ffc2ef-1e09-463d-a2c4-c183d5deb59a/prints/pp2/W506369.webp
Белые софт-тач,iPhone 16 Pro,A:506370,W506370,ПП2,1163885100,35,https://s3.twcstorage.ru/35ffc2ef-1e09-463d-a2c4-c183d5deb59a/prints/pp2/W506370.webp
Матовые цветные чехлы для печати,iPhone 16 Pro,A:506372,W506372,ПП2,1189281985,9,https://s3.twcstorage.ru/35ffc2ef-1e09-463d-a2c4-c183d5deb59a/prints/pp2/W506372.webp
Силиконовые чехлы,iPhone 16 Pro,A:506373,W506373,ПП2,1186671561,6,https://s3.twcstorage.ru/35ffc2ef-1e09-463d-a2c4-c183d5deb59a/prints/pp2/W506373.webp
Белые софт-тач,iPhone 16 Pro,A:506374,W506374,ПП2,1163968570,3,https://s3.twcstorage.ru/35ffc2ef-1e09-463d-a2c4-c183d5deb59a/prints/pp2/W506374.webp
Силиконовые чехлы,iPhone 16 Pro,A:506375,W506375,ПП2,1186509633,31,https://s3.twcstorage.ru/35ffc2ef-1e09-463d-a2c4-c183d5deb59a/prints/pp2/W506375.webp
Матовые цветные чехлы для печати,iPhone 16 Pro,A:506376,W506376,ПП2,1185412221,42,https://s3.twcstorage.ru/35ffc2ef-1e09-463d-a2c4-c183d5deb59a/prints/pp2/W506376.webp
Матовые цветные чехлы для печати,iPhone 16 Pro,A:506377,W506377,ПП2,1185602905,21,https://s3.twcstorage.ru/35ffc2ef-1e09-463d-a2c4-c183d5deb59a/prints/pp2/W506377.webp
Силиконовые чехлы,iPhone 16 Pro,A:506378,W506378,ПП2,1186747945,22,https://s3.twcstorage.ru/35ffc2ef-1e09-463d-a2c4-c183d5deb59a/prints/pp2/W506378.webp
Матовые цветные чехлы для печати,iPhone 16 Pro,A:506379,W506379,ПП2,1185794015,24,https://s3.twcstorage.ru/35ffc2ef-1e09-463d-a2c4-c183d5deb59a/prints/pp2/W506379.webp
Белые софт-тач,iPhone 16 Pro,A:506380,W506380,ПП2,1164089620,37,https://s3.twcstorage.ru/35ffc2ef-1e09-463d-a2c4-c183d5deb59a/prints/pp2/W506380.webp
Матовые цветные чехлы для печати,iPhone 16 Pro,A:506381,W506381,ПП2,1185630381,14,https://s3.twcstorage.ru/35ffc2ef-1e09-463d-a2c4-c183d5deb59a/prints/pp2/W506381.webp
Силиконовые чехлы,iPhone 16 Pro,A:506383,Q506383,ПП2,1186737315,32,https://s3.twcstorage.ru/35ffc2ef-1e09-463d-a2c4-c183d5deb59a/prints/pp2/Q5063831.webp
Стеклянные чехлы,iPhone 16 Pro,A:506384,Q5063841,ПП2,1186929300,1,https://s3.twcstorage.ru/35ffc2ef-1e09-463d-a2c4-c183d5deb59a/prints/pp2/Q5063841.webp
Силиконовые чехлы,iPhone 16 Pro Max,A:501927,C501927,ПП2,726900510,114,https://s3.twcstorage.ru/35ffc2ef-1e09-463d-a2c4-c183d5deb59a/prints/pp2/W501927.webp
Объемные матовые чехлы молочные,iPhone 16 Pro Max,A:501930,W501930,ПП2,1154356830,22,https://s3.twcstorage.ru/35ffc2ef-1e09-463d-a2c4-c183d5deb59a/prints/pp2/W501930.webp
Матовые цветные чехлы для печати,iPhone 16 Pro Max,A:501931,W501931,ПП2,726803548,84,https://s3.twcstorage.ru/35ffc2ef-1e09-463d-a2c4-c183d5deb59a/prints/pp2/W501931.webp
Белые софт-тач,iPhone 16 Pro Max,A:501933,W501933,ПП2,726592339,67,https://s3.twcstorage.ru/35ffc2ef-1e09-463d-a2c4-c183d5deb59a/prints/pp2/W501933.webp
Белые софт-тач,iPhone 16 Pro Max,A:501934,W501934,ПП2,726582238,68,https://s3.twcstorage.ru/35ffc2ef-1e09-463d-a2c4-c183d5deb59a/prints/pp2/W501934.webp
Чехол с вкладышем,iPhone 16 Pro Max,A:501935,W501935,ПП2,994279676,1000000,https://s3.twcstorage.ru/35ffc2ef-1e09-463d-a2c4-c183d5deb59a/prints/pp2/W501935.webp
Белые софт-тач,iPhone 16 Pro Max,A:501937,W501937,ПП2,726605533,43,https://s3.twcstorage.ru/35ffc2ef-1e09-463d-a2c4-c183d5deb59a/prints/pp2/W501937.webp
Чёрные софт-тач,iPhone 16 Pro Max,A:501938,S501938,ПП2,727157837,1000000,https://s3.twcstorage.ru/35ffc2ef-1e09-463d-a2c4-c183d5deb59a/prints/pp2/W501938.webp
Силиконовые чехлы,iPhone 16 Pro Max,A:501940,C501940,ПП2,727196272,117,https://s3.twcstorage.ru/35ffc2ef-1e09-463d-a2c4-c183d5deb59a/prints/pp2/W501940.webp
Чёрные софт-тач,iPhone 16 Pro Max,A:501946,S501946,ПП2,727094832,7,https://s3.twcstorage.ru/35ffc2ef-1e09-463d-a2c4-c183d5deb59a/prints/pp2/W501946.webp
Объемные матовые чехлы коричневые,iPhone 16 Pro Max,A:501947,W501947,ПП2,1156367816,11,https://s3.twcstorage.ru/35ffc2ef-1e09-463d-a2c4-c183d5deb59a/prints/pp2/W501947.webp
Чёрные софт-тач,iPhone 16 Pro Max,A:501948,S501948,ПП2,727137952,1000000,https://s3.twcstorage.ru/35ffc2ef-1e09-463d-a2c4-c183d5deb59a/prints/pp2/W501948.webp
Силиконовые чехлы,iPhone 16 Pro Max,A:501949,C501949,ПП2,726905717,19,https://s3.twcstorage.ru/35ffc2ef-1e09-463d-a2c4-c183d5deb59a/prints/pp2/W501949.webp
Чёрные софт-тач,iPhone 16 Pro Max,A:501950,S501950,ПП2,727132646,2,https://s3.twcstorage.ru/35ffc2ef-1e09-463d-a2c4-c183d5deb59a/prints/pp2/W501950.webp
Белые софт-тач,iPhone 16 Pro Max,A:501951,W501951,ПП2,726704107,7,https://s3.twcstorage.ru/35ffc2ef-1e09-463d-a2c4-c183d5deb59a/prints/pp2/W501951.webp
Силиконовые чехлы,iPhone 16 Pro Max,A:501952,C501952,ПП2,727274521,1000000,https://s3.twcstorage.ru/35ffc2ef-1e09-463d-a2c4-c183d5deb59a/prints/pp2/W501952.webp
Белые софт-тач,iPhone 16 Pro Max,A:501953,W501953,ПП2,726588603,6,https://s3.twcstorage.ru/35ffc2ef-1e09-463d-a2c4-c183d5deb59a/prints/pp2/W501953.webp
Чехол с вкладышем,iPhone 16 Pro Max,A:501955,W501955,ПП2,994280337,1000000,https://s3.twcstorage.ru/35ffc2ef-1e09-463d-a2c4-c183d5deb59a/prints/pp2/W501955.webp
Чёрные софт-тач,iPhone 16 Pro Max,A:501957,S501957,ПП2,727123286,3,https://s3.twcstorage.ru/35ffc2ef-1e09-463d-a2c4-c183d5deb59a/prints/pp2/W501957.webp
Белые софт-тач,iPhone 16 Pro Max,A:501960,W501960,ПП2,726674727,38,https://s3.twcstorage.ru/35ffc2ef-1e09-463d-a2c4-c183d5deb59a/prints/pp2/W501960.webp
Белые софт-тач,iPhone 16 Pro Max,A:501961,W501961,ПП2,726675804,12,https://s3.twcstorage.ru/35ffc2ef-1e09-463d-a2c4-c183d5deb59a/prints/pp2/W501961.webp
Белые софт-тач,iPhone 16 Pro Max,A:501962,W501962,ПП2,726676343,13,https://s3.twcstorage.ru/35ffc2ef-1e09-463d-a2c4-c183d5deb59a/prints/pp2/W501962.webp
Силиконовые чехлы,iPhone 16 Pro Max,A:501964,Q501964,ПП2,726950668,1000000,https://s3.twcstorage.ru/35ffc2ef-1e09-463d-a2c4-c183d5deb59a/prints/pp2/Q5019641.webp
Силиконовые чехлы,iPhone 16 Pro Max,A:501965,Q501965,ПП2,726955172,86,https://s3.twcstorage.ru/35ffc2ef-1e09-463d-a2c4-c183d5deb59a/prints/pp2/Q5019651.webp
Силиконовые чехлы,iPhone 16 Pro Max,A:501966,Q501966,ПП2,726963645,124,https://s3.twcstorage.ru/35ffc2ef-1e09-463d-a2c4-c183d5deb59a/prints/pp2/W501966.webp
Чехол с вкладышем,iPhone 16 Pro Max,A:501968,W501968,ПП2,994280795,1000000,https://s3.twcstorage.ru/35ffc2ef-1e09-463d-a2c4-c183d5deb59a/prints/pp2/W501968.webp
Силиконовые чехлы,iPhone 16 Pro Max,A:501978,Q501978,ПП2,727216844,2,https://s3.twcstorage.ru/35ffc2ef-1e09-463d-a2c4-c183d5deb59a/prints/pp2/Q5019781.webp
Силиконовые чехлы,iPhone 16 Pro Max,A:501979,Q501979,ПП2,727778939,48,https://s3.twcstorage.ru/35ffc2ef-1e09-463d-a2c4-c183d5deb59a/prints/pp2/Q5019791.webp
Стеклянные чехлы,iPhone 16 Pro Max,A:501980,Q5019801,ПП2,727506394,2,https://s3.twcstorage.ru/35ffc2ef-1e09-463d-a2c4-c183d5deb59a/prints/pp2/Q5019801.webp
Силиконовые чехлы,iPhone 16 Pro Max,A:501981,Q501981,ПП2,727787198,101,https://s3.twcstorage.ru/35ffc2ef-1e09-463d-a2c4-c183d5deb59a/prints/pp2/Y501981.webp
Силиконовые чехлы,iPhone 16 Pro Max,A:501982,Q501982,ПП2,727551820,1000000,https://s3.twcstorage.ru/35ffc2ef-1e09-463d-a2c4-c183d5deb59a/prints/pp2/Y501982.webp
Силиконовые чехлы,iPhone 16 Pro Max,A:501983,Q501983,ПП2,727855112,71,https://s3.twcstorage.ru/35ffc2ef-1e09-463d-a2c4-c183d5deb59a/prints/pp2/Y501983.webp
Силиконовые чехлы,iPhone 16 Pro Max,A:501986,Q501986,ПП2,727856688,127,https://s3.twcstorage.ru/35ffc2ef-1e09-463d-a2c4-c183d5deb59a/prints/pp2/Y501986.webp
Силиконовые чехлы,iPhone 16 Pro Max,A:501987,Q501987,ПП2,727810176,1000000,https://s3.twcstorage.ru/35ffc2ef-1e09-463d-a2c4-c183d5deb59a/prints/pp2/Y501987.webp
Силиконовые чехлы,iPhone 16 Pro Max,A:501988,Q501988,ПП2,727513547,128,https://s3.twcstorage.ru/35ffc2ef-1e09-463d-a2c4-c183d5deb59a/prints/pp2/Y501988.webp
Силиконовые чехлы,iPhone 16 Pro Max,A:501989,Q501989,ПП2,727516200,1000000,https://s3.twcstorage.ru/35ffc2ef-1e09-463d-a2c4-c183d5deb59a/prints/pp2/Y501989.webp
Силиконовые чехлы,iPhone 16 Pro Max,A:501990,Q501990,ПП2,727812845,63,https://s3.twcstorage.ru/35ffc2ef-1e09-463d-a2c4-c183d5deb59a/prints/pp2/Y501990.webp
Стеклянные чехлы,iPhone 16 Pro Max,A:501993,Q5019931,ПП2,727504320,4,https://s3.twcstorage.ru/35ffc2ef-1e09-463d-a2c4-c183d5deb59a/prints/pp2/Q5019931.webp
Чехол с вкладышем,iPhone 16 Pro Max,A:501998,W501998,ПП2,994281165,1000000,https://s3.twcstorage.ru/35ffc2ef-1e09-463d-a2c4-c183d5deb59a/prints/pp2/W501998.webp
Объемные матовые чехлы молочные,iPhone 16 Pro Max,A:502003,W502003,ПП2,1154673217,23,https://s3.twcstorage.ru/35ffc2ef-1e09-463d-a2c4-c183d5deb59a/prints/pp2/W502003.webp
Матовые цветные чехлы для печати,iPhone 16 Pro Max,A:502005,W502005,ПП2,726859283,89,https://s3.twcstorage.ru/35ffc2ef-1e09-463d-a2c4-c183d5deb59a/prints/pp2/W502005.webp
Матовые цветные чехлы для печати,iPhone 16 Pro Max,A:502006,W502006,ПП2,726860823,47,https://s3.twcstorage.ru/35ffc2ef-1e09-463d-a2c4-c183d5deb59a/prints/pp2/W502006.webp
Матовые цветные чехлы для печати,iPhone 16 Pro Max,A:502007,W502007,ПП2,726848993,67,https://s3.twcstorage.ru/35ffc2ef-1e09-463d-a2c4-c183d5deb59a/prints/pp2/W502007.webp
Матовые цветные чехлы для печати,iPhone 16 Pro Max,A:502008,W502008,ПП2,726738617,43,https://s3.twcstorage.ru/35ffc2ef-1e09-463d-a2c4-c183d5deb59a/prints/pp2/W502008.webp
Матовые цветные чехлы для печати,iPhone 16 Pro Max,A:502009,W502009,ПП2,726740754,22,https://s3.twcstorage.ru/35ffc2ef-1e09-463d-a2c4-c183d5deb59a/prints/pp2/W502009.webp
Объемные матовые чехлы молочные,iPhone 16 Pro Max,A:502010,W502010,ПП2,1155725019,2,https://s3.twcstorage.ru/35ffc2ef-1e09-463d-a2c4-c183d5deb59a/prints/pp2/W502010.webp
Чехол с вкладышем,iPhone 16 Pro Max,A:502011,W502011,ПП2,994281957,1000000,https://s3.twcstorage.ru/35ffc2ef-1e09-463d-a2c4-c183d5deb59a/prints/pp2/W502011.webp
Матовые цветные чехлы для печати,iPhone 16 Pro Max,A:502012,W502012,ПП2,726852704,6,https://s3.twcstorage.ru/35ffc2ef-1e09-463d-a2c4-c183d5deb59a/prints/pp2/W502012.webp
Объемные матовые чехлы молочные,iPhone 16 Pro Max,A:502014,W502014,ПП2,1155815531,5,https://s3.twcstorage.ru/35ffc2ef-1e09-463d-a2c4-c183d5deb59a/prints/pp2/W502014.webp
Белые софт-тач,iPhone 16 Pro Max,A:502016,W502016,ПП2,726632554,1000000,https://s3.twcstorage.ru/35ffc2ef-1e09-463d-a2c4-c183d5deb59a/prints/pp2/W502016.webp
Чехол с вкладышем,iPhone 16 Pro Max,A:502018,W502018,ПП2,994575467,1000000,https://s3.twcstorage.ru/35ffc2ef-1e09-463d-a2c4-c183d5deb59a/prints/pp2/W502018.webp
Чехол с вкладышем,iPhone 16 Pro Max,A:502019,W502019,ПП2,994575472,1000000,https://s3.twcstorage.ru/35ffc2ef-1e09-463d-a2c4-c183d5deb59a/prints/pp2/W502019.webp
Матовые цветные чехлы для печати,iPhone 16 Pro Max,A:502022,W502022,ПП2,726885423,1000000,https://s3.twcstorage.ru/35ffc2ef-1e09-463d-a2c4-c183d5deb59a/prints/pp2/Y502022.webp
Матовые цветные чехлы для печати,iPhone 16 Pro Max,A:502025,W502025,ПП2,726874898,34,https://s3.twcstorage.ru/35ffc2ef-1e09-463d-a2c4-c183d5deb59a/prints/pp2/W502025.webp
Матовые цветные чехлы для печати,iPhone 16 Pro Max,A:502026,W502026,ПП2,726868902,58,https://s3.twcstorage.ru/35ffc2ef-1e09-463d-a2c4-c183d5deb59a/prints/pp2/W502026.webp
Чехол с вкладышем,iPhone 16 Pro Max,A:502027,W502027,ПП2,994575416,1000000,https://s3.twcstorage.ru/35ffc2ef-1e09-463d-a2c4-c183d5deb59a/prints/pp2/W502027.webp
Матовые цветные чехлы для печати,iPhone 16 Pro Max,A:502028,W502028,ПП2,726870589,69,https://s3.twcstorage.ru/35ffc2ef-1e09-463d-a2c4-c183d5deb59a/prints/pp2/W502028.webp
Матовые цветные чехлы для печати,iPhone 16 Pro Max,A:502029,W502029,ПП2,726881792,30,https://s3.twcstorage.ru/35ffc2ef-1e09-463d-a2c4-c183d5deb59a/prints/pp2/W502029.webp
Матовые цветные чехлы для печати,iPhone 16 Pro Max,A:502030,W502030,ПП2,726856075,20,https://s3.twcstorage.ru/35ffc2ef-1e09-463d-a2c4-c183d5deb59a/prints/pp2/W502030.webp
Белые софт-тач,iPhone 16 Pro Max,A:502031,W502031,ПП2,726579637,58,https://s3.twcstorage.ru/35ffc2ef-1e09-463d-a2c4-c183d5deb59a/prints/pp2/W502031.webp
Объемные матовые чехлы коричневые,iPhone 16 Pro Max,A:502032,W502032,ПП2,1156557844,1,https://s3.twcstorage.ru/35ffc2ef-1e09-463d-a2c4-c183d5deb59a/prints/pp2/W502032.webp
Белые софт-тач,iPhone 16 Pro Max,A:502033,W502033,ПП2,726638929,10,https://s3.twcstorage.ru/35ffc2ef-1e09-463d-a2c4-c183d5deb59a/prints/pp2/W502033.webp
Матовые цветные чехлы для печати,iPhone 16 Pro Max,A:502035,W502035,ПП2,726755949,50,https://s3.twcstorage.ru/35ffc2ef-1e09-463d-a2c4-c183d5deb59a/prints/pp2/W502035.webp
Белые софт-тач,iPhone 16 Pro Max,A:502036,W502036,ПП2,726650103,25,https://s3.twcstorage.ru/35ffc2ef-1e09-463d-a2c4-c183d5deb59a/prints/pp2/W502036.webp
Чехол с вкладышем,iPhone 16 Pro Max,A:502037,W502037,ПП2,994286385,1000000,https://s3.twcstorage.ru/35ffc2ef-1e09-463d-a2c4-c183d5deb59a/prints/pp2/W502037.webp
Матовые цветные чехлы для печати,iPhone 16 Pro Max,A:502038,W502038,ПП2,726846998,1000000,https://s3.twcstorage.ru/35ffc2ef-1e09-463d-a2c4-c183d5deb59a/prints/pp2/Y502038.webp
Чехол с вкладышем,iPhone 16 Pro Max,A:502039,W502039,ПП2,994286492,1000000,https://s3.twcstorage.ru/35ffc2ef-1e09-463d-a2c4-c183d5deb59a/prints/pp2/W502039.webp
Белые софт-тач,iPhone 16 Pro Max,A:502047,W502047,ПП2,726572479,32,https://s3.twcstorage.ru/35ffc2ef-1e09-463d-a2c4-c183d5deb59a/prints/pp2/W502047.webp
Белые софт-тач,iPhone 16 Pro Max,A:502048,W502048,ПП2,726573781,21,https://s3.twcstorage.ru/35ffc2ef-1e09-463d-a2c4-c183d5deb59a/prints/pp2/Y502048.webp
Объемные матовые чехлы коричневые,iPhone 16 Pro Max,A:502049,W502049,ПП2,1156525883,17,https://s3.twcstorage.ru/35ffc2ef-1e09-463d-a2c4-c183d5deb59a/prints/pp2/Y502049.webp
Белые софт-тач,iPhone 16 Pro Max,A:502050,W502050,ПП2,726659335,40,https://s3.twcstorage.ru/35ffc2ef-1e09-463d-a2c4-c183d5deb59a/prints/pp2/Y502050.webp
Объемные матовые чехлы коричневые,iPhone 16 Pro Max,A:502052,W502052,ПП2,1156497714,2,https://s3.twcstorage.ru/35ffc2ef-1e09-463d-a2c4-c183d5deb59a/prints/pp2/W502052.webp
Белые софт-тач,iPhone 16 Pro Max,A:502053,W502053,ПП2,726640577,1,https://s3.twcstorage.ru/35ffc2ef-1e09-463d-a2c4-c183d5deb59a/prints/pp2/W502053.webp
Белые софт-тач,iPhone 16 Pro Max,A:502054,W502054,ПП2,726568722,62,https://s3.twcstorage.ru/35ffc2ef-1e09-463d-a2c4-c183d5deb59a/prints/pp2/W502054.webp
Белые софт-тач,iPhone 16 Pro Max,A:502055,W502055,ПП2,726570049,1000000,https://s3.twcstorage.ru/35ffc2ef-1e09-463d-a2c4-c183d5deb59a/prints/pp2/W502055.webp
Белые софт-тач,iPhone 16 Pro Max,A:502057,W502057,ПП2,726578233,26,https://s3.twcstorage.ru/35ffc2ef-1e09-463d-a2c4-c183d5deb59a/prints/pp2/W502057.webp
Матовые цветные чехлы для печати,iPhone 16 Pro Max,A:502062,W502062,ПП2,726776047,97,https://s3.twcstorage.ru/35ffc2ef-1e09-463d-a2c4-c183d5deb59a/prints/pp2/W502062.webp
Чехол с вкладышем,iPhone 16 Pro Max,A:502063,W502063,ПП2,994287007,1000000,https://s3.twcstorage.ru/35ffc2ef-1e09-463d-a2c4-c183d5deb59a/prints/pp2/W502063.webp
Матовые цветные чехлы для печати,iPhone 16 Pro Max,A:502065,W502065,ПП2,726838403,16,https://s3.twcstorage.ru/35ffc2ef-1e09-463d-a2c4-c183d5deb59a/prints/pp2/W502065.webp
Матовые цветные чехлы для печати,iPhone 16 Pro Max,A:502067,W5020671,ПП2,726731221,41,https://s3.twcstorage.ru/35ffc2ef-1e09-463d-a2c4-c183d5deb59a/prints/pp2/W5020671.webp
Белые софт-тач,iPhone 16 Pro Max,A:502069,W502069,ПП2,726666927,16,https://s3.twcstorage.ru/35ffc2ef-1e09-463d-a2c4-c183d5deb59a/prints/pp2/W502069.webp
Объемные матовые чехлы черные,iPhone 16 Pro Max,A:506329,W5063291,ПП2,1157894918,21,https://s3.twcstorage.ru/35ffc2ef-1e09-463d-a2c4-c183d5deb59a/prints/pp2/W5063291.webp
Матовые цветные чехлы для печати,iPhone 16 Pro Max,A:506330,W5063301,ПП2,1185373839,3,https://s3.twcstorage.ru/35ffc2ef-1e09-463d-a2c4-c183d5deb59a/prints/pp2/W5063301.webp
Белые софт-тач,iPhone 16 Pro Max,A:506331,W506331,ПП2,1164163725,5,https://s3.twcstorage.ru/35ffc2ef-1e09-463d-a2c4-c183d5deb59a/prints/pp2/W5063311.webp
Матовые цветные чехлы для печати,iPhone 16 Pro Max,A:506332,W5063321,ПП2,1185558547,2,https://s3.twcstorage.ru/35ffc2ef-1e09-463d-a2c4-c183d5deb59a/prints/pp2/W5063321.webp
Матовые цветные чехлы для печати,iPhone 16 Pro Max,A:506333,W5063331,ПП2,1185749715,25,https://s3.twcstorage.ru/35ffc2ef-1e09-463d-a2c4-c183d5deb59a/prints/pp2/W5063331.webp
Матовые цветные чехлы для печати,iPhone 16 Pro Max,A:506334,W5063341,ПП2,1189268835,1,https://s3.twcstorage.ru/35ffc2ef-1e09-463d-a2c4-c183d5deb59a/prints/pp2/W5063341.webp
Объемные матовые чехлы черные,iPhone 16 Pro Max,A:506335,W5063351,ПП2,1158002686,4,https://s3.twcstorage.ru/35ffc2ef-1e09-463d-a2c4-c183d5deb59a/prints/pp2/W5063351.webp
Объемные матовые чехлы молочные,iPhone 16 Pro Max,A:506336,W506336,ПП2,1155253954,3,https://s3.twcstorage.ru/35ffc2ef-1e09-463d-a2c4-c183d5deb59a/prints/pp2/W5063361.webp
Матовые цветные чехлы для печати,iPhone 16 Pro Max,A:506337,W5063371,ПП2,1185785015,13,https://s3.twcstorage.ru/35ffc2ef-1e09-463d-a2c4-c183d5deb59a/prints/pp2/W5063371.webp
Матовые цветные чехлы для печати,iPhone 16 Pro Max,A:506338,W5063381,ПП2,1185381329,26,https://s3.twcstorage.ru/35ffc2ef-1e09-463d-a2c4-c183d5deb59a/prints/pp2/W5063381.webp
Матовые цветные чехлы для печати,iPhone 16 Pro Max,A:506339,W5063391,ПП2,1185581551,8,https://s3.twcstorage.ru/35ffc2ef-1e09-463d-a2c4-c183d5deb59a/prints/pp2/W5063391.webp
Белые софт-тач,iPhone 16 Pro Max,A:506340,W506340,ПП2,1164331289,4,https://s3.twcstorage.ru/35ffc2ef-1e09-463d-a2c4-c183d5deb59a/prints/pp2/W5063401.webp
Белые софт-тач,iPhone 16 Pro Max,A:506341,W506341,ПП2,1164350224,78,https://s3.twcstorage.ru/35ffc2ef-1e09-463d-a2c4-c183d5deb59a/prints/pp2/W5063411.webp
Матовые цветные чехлы для печати,iPhone 16 Pro Max,A:506342,W5063421,ПП2,1185618192,78,https://s3.twcstorage.ru/35ffc2ef-1e09-463d-a2c4-c183d5deb59a/prints/pp2/W5063421.webp
Силиконовые чехлы,iPhone 16 Pro Max,A:506343,W506343,ПП2,1186656979,110,https://s3.twcstorage.ru/35ffc2ef-1e09-463d-a2c4-c183d5deb59a/prints/pp2/W5063431.webp
Матовые цветные чехлы для печати,iPhone 16 Pro Max,A:506344,W5063441,ПП2,1185748545,51,https://s3.twcstorage.ru/35ffc2ef-1e09-463d-a2c4-c183d5deb59a/prints/pp2/W5063441.webp
Силиконовые чехлы,iPhone 16 Pro Max,A:506345,W506345,ПП2,1186717558,93,https://s3.twcstorage.ru/35ffc2ef-1e09-463d-a2c4-c183d5deb59a/prints/pp2/W5063451.webp
Матовые цветные чехлы для печати,iPhone 16 Pro Max,A:506346,W506346,ПП2,1185812998,19,https://s3.twcstorage.ru/35ffc2ef-1e09-463d-a2c4-c183d5deb59a/prints/pp2/W506346.webp
Силиконовые чехлы,iPhone 16 Pro Max,A:506348,W506348,ПП2,1186700607,83,https://s3.twcstorage.ru/35ffc2ef-1e09-463d-a2c4-c183d5deb59a/prints/pp2/W506348.webp
Матовые цветные чехлы для печати,iPhone 16 Pro Max,A:506350,W5063501,ПП2,1185673366,32,https://s3.twcstorage.ru/35ffc2ef-1e09-463d-a2c4-c183d5deb59a/prints/pp2/W5063501.webp
Матовые цветные чехлы для печати,iPhone 16 Pro Max,A:506351,W5063511,ПП2,1185487357,37,https://s3.twcstorage.ru/35ffc2ef-1e09-463d-a2c4-c183d5deb59a/prints/pp2/W5063511.webp
Силиконовые чехлы,iPhone 16 Pro Max,A:506361,W506361,ПП2,1186765537,30,https://s3.twcstorage.ru/35ffc2ef-1e09-463d-a2c4-c183d5deb59a/prints/pp2/W506361.webp
Силиконовые чехлы,iPhone 16 Pro Max,A:506362,W506362,ПП2,1186412540,60,https://s3.twcstorage.ru/35ffc2ef-1e09-463d-a2c4-c183d5deb59a/prints/pp2/W506362.webp
Объемные матовые чехлы коричневые,iPhone 16 Pro Max,A:506364,W506364,ПП2,1156872087,15,https://s3.twcstorage.ru/35ffc2ef-1e09-463d-a2c4-c183d5deb59a/prints/pp2/W506364.webp
Силиконовые чехлы,iPhone 16 Pro Max,A:506366,W506366,ПП2,1186723362,145,https://s3.twcstorage.ru/35ffc2ef-1e09-463d-a2c4-c183d5deb59a/prints/pp2/W506366.webp
Силиконовые чехлы,iPhone 16 Pro Max,A:506367,W506367,ПП2,1186688380,94,https://s3.twcstorage.ru/35ffc2ef-1e09-463d-a2c4-c183d5deb59a/prints/pp2/W506367.webp
Силиконовые чехлы,iPhone 16 Pro Max,A:506369,W506369,ПП2,1186721699,46,https://s3.twcstorage.ru/35ffc2ef-1e09-463d-a2c4-c183d5deb59a/prints/pp2/W506369.webp
Белые софт-тач,iPhone 16 Pro Max,A:506370,W506370,ПП2,1163881568,35,https://s3.twcstorage.ru/35ffc2ef-1e09-463d-a2c4-c183d5deb59a/prints/pp2/W506370.webp
Силиконовые чехлы,iPhone 16 Pro Max,A:506371,W506371,ПП2,1186679094,75,https://s3.twcstorage.ru/35ffc2ef-1e09-463d-a2c4-c183d5deb59a/prints/pp2/W506371.webp
Матовые цветные чехлы для печати,iPhone 16 Pro Max,A:506372,W506372,ПП2,1185615668,9,https://s3.twcstorage.ru/35ffc2ef-1e09-463d-a2c4-c183d5deb59a/prints/pp2/W506372.webp
Силиконовые чехлы,iPhone 16 Pro Max,A:506373,W506373,ПП2,1186768260,6,https://s3.twcstorage.ru/35ffc2ef-1e09-463d-a2c4-c183d5deb59a/prints/pp2/W506373.webp
Белые софт-тач,iPhone 16 Pro Max,A:506374,W506374,ПП2,1163964658,3,https://s3.twcstorage.ru/35ffc2ef-1e09-463d-a2c4-c183d5deb59a/prints/pp2/W506374.webp
Силиконовые чехлы,iPhone 16 Pro Max,A:506375,W506375,ПП2,1186509699,31,https://s3.twcstorage.ru/35ffc2ef-1e09-463d-a2c4-c183d5deb59a/prints/pp2/W506375.webp
Силиконовые чехлы,iPhone 16 Pro Max,A:506377,W506377,ПП2,1186674510,29,https://s3.twcstorage.ru/35ffc2ef-1e09-463d-a2c4-c183d5deb59a/prints/pp2/W506377.webp
Силиконовые чехлы,iPhone 16 Pro Max,A:506378,W506378,ПП2,1186699834,22,https://s3.twcstorage.ru/35ffc2ef-1e09-463d-a2c4-c183d5deb59a/prints/pp2/W506378.webp
Матовые цветные чехлы для печати,iPhone 16 Pro Max,A:506379,W506379,ПП2,1185662440,24,https://s3.twcstorage.ru/35ffc2ef-1e09-463d-a2c4-c183d5deb59a/prints/pp2/W506379.webp
Силиконовые чехлы,iPhone 16 Pro Max,A:506380,W506380,ПП2,1186658775,76,https://s3.twcstorage.ru/35ffc2ef-1e09-463d-a2c4-c183d5deb59a/prints/pp2/W506380.webp
Матовые цветные чехлы для печати,iPhone 16 Pro Max,A:506381,W506381,ПП2,1185475722,14,https://s3.twcstorage.ru/35ffc2ef-1e09-463d-a2c4-c183d5deb59a/prints/pp2/W506381.webp
Стеклянные чехлы,iPhone 16 Pro Max,A:506382,Q5063821,ПП2,1186843135,7,https://s3.twcstorage.ru/35ffc2ef-1e09-463d-a2c4-c183d5deb59a/prints/pp2/Q5063821.webp
Силиконовые чехлы,iPhone 16 Pro Max,A:506383,Q506383,ПП2,1186711453,32,https://s3.twcstorage.ru/35ffc2ef-1e09-463d-a2c4-c183d5deb59a/prints/pp2/Q5063831.webp
Стеклянные чехлы,iPhone 16 Pro Max,A:506384,Q5063841,ПП2,1186930105,1,https://s3.twcstorage.ru/35ffc2ef-1e09-463d-a2c4-c183d5deb59a/prints/pp2/Q5063841.webp
Белые софт-тач,iPhone 16e/17e,A:501932,W501932,ПП2,726590993,1000000,https://s3.twcstorage.ru/35ffc2ef-1e09-463d-a2c4-c183d5deb59a/prints/pp2/W501932.webp
Чёрные софт-тач,iPhone 16e/17e,A:501933,S501933,ПП2,727085378,1000000,https://s3.twcstorage.ru/35ffc2ef-1e09-463d-a2c4-c183d5deb59a/prints/pp2/W501933.webp
Чёрные софт-тач,iPhone 16e/17e,A:501934,S501934,ПП2,727089882,1000000,https://s3.twcstorage.ru/35ffc2ef-1e09-463d-a2c4-c183d5deb59a/prints/pp2/W501934.webp
Чехол с вкладышем,iPhone 16e/17e,A:501940,W501940,ПП2,994255021,1000000,https://s3.twcstorage.ru/35ffc2ef-1e09-463d-a2c4-c183d5deb59a/prints/pp2/W501940.webp
Чёрные софт-тач,iPhone 16e/17e,A:501947,S501947,ПП2,727135579,8,https://s3.twcstorage.ru/35ffc2ef-1e09-463d-a2c4-c183d5deb59a/prints/pp2/W501947.webp
Чёрные софт-тач,iPhone 16e/17e,A:501949,S501949,ПП2,727191049,1,https://s3.twcstorage.ru/35ffc2ef-1e09-463d-a2c4-c183d5deb59a/prints/pp2/W501949.webp
Белые софт-тач,iPhone 16e/17e,A:501950,W501950,ПП2,726584521,28,https://s3.twcstorage.ru/35ffc2ef-1e09-463d-a2c4-c183d5deb59a/prints/pp2/W501950.webp
Чёрные софт-тач,iPhone 16e/17e,A:501951,S501951,ПП2,727137156,5,https://s3.twcstorage.ru/35ffc2ef-1e09-463d-a2c4-c183d5deb59a/prints/pp2/W501951.webp
Чёрные софт-тач,iPhone 16e/17e,A:501956,S501956,ПП2,727122695,1000000,https://s3.twcstorage.ru/35ffc2ef-1e09-463d-a2c4-c183d5deb59a/prints/pp2/W501956.webp
Чёрные софт-тач,iPhone 16e/17e,A:501957,S501957,ПП2,727125020,3,https://s3.twcstorage.ru/35ffc2ef-1e09-463d-a2c4-c183d5deb59a/prints/pp2/W501957.webp
Чехол с вкладышем,iPhone 16e/17e,A:501958,W501958,ПП2,994256307,1000000,https://s3.twcstorage.ru/35ffc2ef-1e09-463d-a2c4-c183d5deb59a/prints/pp2/W501958.webp
Белые софт-тач,iPhone 16e/17e,A:501960,W501960,ПП2,726672273,38,https://s3.twcstorage.ru/35ffc2ef-1e09-463d-a2c4-c183d5deb59a/prints/pp2/W501960.webp
Чехол с вкладышем,iPhone 16e/17e,A:501961,W501961,ПП2,994256748,1000000,https://s3.twcstorage.ru/35ffc2ef-1e09-463d-a2c4-c183d5deb59a/prints/pp2/W501961.webp
Чёрные софт-тач,iPhone 16e/17e,A:501962,S501962,ПП2,727442280,9,https://s3.twcstorage.ru/35ffc2ef-1e09-463d-a2c4-c183d5deb59a/prints/pp2/W501962.webp
Стеклянные чехлы,iPhone 16e/17e,A:501965,Q5019651,ПП2,727713577,1000000,https://s3.twcstorage.ru/35ffc2ef-1e09-463d-a2c4-c183d5deb59a/prints/pp2/Q5019651.webp
Силиконовые чехлы,iPhone 16e/17e,A:501966,Q501966,ПП2,726965508,124,https://s3.twcstorage.ru/35ffc2ef-1e09-463d-a2c4-c183d5deb59a/prints/pp2/W501966.webp
Силиконовые чехлы,iPhone 16e/17e,A:501978,Q501978,ПП2,727218497,2,https://s3.twcstorage.ru/35ffc2ef-1e09-463d-a2c4-c183d5deb59a/prints/pp2/Q5019781.webp
Стеклянные чехлы,iPhone 16e/17e,A:501980,Q5019801,ПП2,727507006,2,https://s3.twcstorage.ru/35ffc2ef-1e09-463d-a2c4-c183d5deb59a/prints/pp2/Q5019801.webp
Стеклянные чехлы,iPhone 16e/17e,A:501989,Y501989,ПП2,726961972,8,https://s3.twcstorage.ru/35ffc2ef-1e09-463d-a2c4-c183d5deb59a/prints/pp2/Y501989.webp
Стеклянные чехлы,iPhone 16e/17e,A:501990,Y501990,ПП2,726964194,1000000,https://s3.twcstorage.ru/35ffc2ef-1e09-463d-a2c4-c183d5deb59a/prints/pp2/Y501990.webp
Стеклянные чехлы,iPhone 16e/17e,A:501993,Q5019931,ПП2,727504781,4,https://s3.twcstorage.ru/35ffc2ef-1e09-463d-a2c4-c183d5deb59a/prints/pp2/Q5019931.webp
Белые софт-тач,iPhone 16e/17e,A:501996,W501996,ПП2,726650961,54,https://s3.twcstorage.ru/35ffc2ef-1e09-463d-a2c4-c183d5deb59a/prints/pp2/Y501996.webp
Матовые цветные чехлы для печати,iPhone 16e/17e,A:501997,W501997,ПП2,726812797,1000000,https://s3.twcstorage.ru/35ffc2ef-1e09-463d-a2c4-c183d5deb59a/prints/pp2/Y501997.webp
Чехол с вкладышем,iPhone 16e/17e,A:501999,W501999,ПП2,994258740,1000000,https://s3.twcstorage.ru/35ffc2ef-1e09-463d-a2c4-c183d5deb59a/prints/pp2/W501999.webp
Матовые цветные чехлы для печати,iPhone 16e/17e,A:502007,W502007,ПП2,726852324,67,https://s3.twcstorage.ru/35ffc2ef-1e09-463d-a2c4-c183d5deb59a/prints/pp2/W502007.webp
Чехол с вкладышем,iPhone 16e/17e,A:502008,W502008,ПП2,994258943,1000000,https://s3.twcstorage.ru/35ffc2ef-1e09-463d-a2c4-c183d5deb59a/prints/pp2/W502008.webp
Чехол с вкладышем,iPhone 16e/17e,A:502009,W502009,ПП2,994258972,1000000,https://s3.twcstorage.ru/35ffc2ef-1e09-463d-a2c4-c183d5deb59a/prints/pp2/W502009.webp
Матовые цветные чехлы для печати,iPhone 16e/17e,A:502010,W502010,ПП2,726745728,10,https://s3.twcstorage.ru/35ffc2ef-1e09-463d-a2c4-c183d5deb59a/prints/pp2/W502010.webp
Матовые цветные чехлы для печати,iPhone 16e/17e,A:502012,W502012,ПП2,726855976,6,https://s3.twcstorage.ru/35ffc2ef-1e09-463d-a2c4-c183d5deb59a/prints/pp2/W502012.webp
Белые софт-тач,iPhone 16e/17e,A:502014,W502014,ПП2,726647502,15,https://s3.twcstorage.ru/35ffc2ef-1e09-463d-a2c4-c183d5deb59a/prints/pp2/W502014.webp
Белые софт-тач,iPhone 16e/17e,A:502016,W502016,ПП2,726632119,1000000,https://s3.twcstorage.ru/35ffc2ef-1e09-463d-a2c4-c183d5deb59a/prints/pp2/W502016.webp
Матовые цветные чехлы для печати,iPhone 16e/17e,A:502029,W502029,ПП2,726884952,30,https://s3.twcstorage.ru/35ffc2ef-1e09-463d-a2c4-c183d5deb59a/prints/pp2/W502029.webp
Белые софт-тач,iPhone 16e/17e,A:502030,W502030,ПП2,726634461,39,https://s3.twcstorage.ru/35ffc2ef-1e09-463d-a2c4-c183d5deb59a/prints/pp2/W502030.webp
Матовые цветные чехлы для печати,iPhone 16e/17e,A:502032,W502032,ПП2,726859151,40,https://s3.twcstorage.ru/35ffc2ef-1e09-463d-a2c4-c183d5deb59a/prints/pp2/W502032.webp
Белые софт-тач,iPhone 16e/17e,A:502033,W502033,ПП2,726638276,10,https://s3.twcstorage.ru/35ffc2ef-1e09-463d-a2c4-c183d5deb59a/prints/pp2/W502033.webp
Матовые цветные чехлы для печати,iPhone 16e/17e,A:502035,W502035,ПП2,726757840,50,https://s3.twcstorage.ru/35ffc2ef-1e09-463d-a2c4-c183d5deb59a/prints/pp2/W502035.webp
Белые софт-тач,iPhone 16e/17e,A:502036,W502036,ПП2,726649008,25,https://s3.twcstorage.ru/35ffc2ef-1e09-463d-a2c4-c183d5deb59a/prints/pp2/W502036.webp
Белые софт-тач,iPhone 16e/17e,A:502037,W502037,ПП2,726564153,45,https://s3.twcstorage.ru/35ffc2ef-1e09-463d-a2c4-c183d5deb59a/prints/pp2/W502037.webp
Чехол с вкладышем,iPhone 16e/17e,A:502049,W502049,ПП2,994259597,1000000,https://s3.twcstorage.ru/35ffc2ef-1e09-463d-a2c4-c183d5deb59a/prints/pp2/Y502049.webp
Белые софт-тач,iPhone 16e/17e,A:502052,W502052,ПП2,726641784,2,https://s3.twcstorage.ru/35ffc2ef-1e09-463d-a2c4-c183d5deb59a/prints/pp2/W502052.webp
Белые софт-тач,iPhone 16e/17e,A:502053,W502053,ПП2,726640137,1,https://s3.twcstorage.ru/35ffc2ef-1e09-463d-a2c4-c183d5deb59a/prints/pp2/W502053.webp
Белые софт-тач,iPhone 16e/17e,A:502054,W502054,ПП2,726568774,62,https://s3.twcstorage.ru/35ffc2ef-1e09-463d-a2c4-c183d5deb59a/prints/pp2/W502054.webp
Матовые цветные чехлы для печати,iPhone 16e/17e,A:502055,W502055,ПП2,726772886,95,https://s3.twcstorage.ru/35ffc2ef-1e09-463d-a2c4-c183d5deb59a/prints/pp2/W502055.webp
Чехол с вкладышем,iPhone 16e/17e,A:502057,W502057,ПП2,994259653,1000000,https://s3.twcstorage.ru/35ffc2ef-1e09-463d-a2c4-c183d5deb59a/prints/pp2/W502057.webp
Матовые цветные чехлы для печати,iPhone 16e/17e,A:502065,W502065,ПП2,726839799,16,https://s3.twcstorage.ru/35ffc2ef-1e09-463d-a2c4-c183d5deb59a/prints/pp2/W502065.webp
Белые софт-тач,iPhone 16e/17e,A:502069,W502069,ПП2,726665454,16,https://s3.twcstorage.ru/35ffc2ef-1e09-463d-a2c4-c183d5deb59a/prints/pp2/W502069.webp
Матовые цветные чехлы для печати,iPhone 16e/17e,A:506329,W5063291,ПП2,1185373200,7,https://s3.twcstorage.ru/35ffc2ef-1e09-463d-a2c4-c183d5deb59a/prints/pp2/W5063291.webp
Матовые цветные чехлы для печати,iPhone 16e/17e,A:506330,W5063301,ПП2,1189288668,3,https://s3.twcstorage.ru/35ffc2ef-1e09-463d-a2c4-c183d5deb59a/prints/pp2/W5063301.webp
Матовые цветные чехлы для печати,iPhone 16e/17e,A:506331,W5063311,ПП2,1189270660,5,https://s3.twcstorage.ru/35ffc2ef-1e09-463d-a2c4-c183d5deb59a/prints/pp2/W5063311.webp
Матовые цветные чехлы для печати,iPhone 16e/17e,A:506332,W5063321,ПП2,1185459831,2,https://s3.twcstorage.ru/35ffc2ef-1e09-463d-a2c4-c183d5deb59a/prints/pp2/W5063321.webp
Матовые цветные чехлы для печати,iPhone 16e/17e,A:506334,W5063341,ПП2,1185633874,1,https://s3.twcstorage.ru/35ffc2ef-1e09-463d-a2c4-c183d5deb59a/prints/pp2/W5063341.webp
Матовые цветные чехлы для печати,iPhone 16e/17e,A:506336,W5063361,ПП2,1185465098,15,https://s3.twcstorage.ru/35ffc2ef-1e09-463d-a2c4-c183d5deb59a/prints/pp2/W5063361.webp
Объемные матовые чехлы бордовые,iPhone 16e/17e,A:506337,W5063371,ПП2,1153381051,22,https://s3.twcstorage.ru/35ffc2ef-1e09-463d-a2c4-c183d5deb59a/prints/pp2/W5063371.webp
Матовые цветные чехлы для печати,iPhone 16e/17e,A:506338,W5063381,ПП2,1185701266,26,https://s3.twcstorage.ru/35ffc2ef-1e09-463d-a2c4-c183d5deb59a/prints/pp2/W5063381.webp
Матовые цветные чехлы для печати,iPhone 16e/17e,A:506339,W5063391,ПП2,1185577428,8,https://s3.twcstorage.ru/35ffc2ef-1e09-463d-a2c4-c183d5deb59a/prints/pp2/W5063391.webp
Матовые цветные чехлы для печати,iPhone 16e/17e,A:506340,W5063401,ПП2,1185711106,4,https://s3.twcstorage.ru/35ffc2ef-1e09-463d-a2c4-c183d5deb59a/prints/pp2/W5063401.webp
Матовые цветные чехлы для печати,iPhone 16e/17e,A:506350,W5063501,ПП2,1185710527,32,https://s3.twcstorage.ru/35ffc2ef-1e09-463d-a2c4-c183d5deb59a/prints/pp2/W5063501.webp
Матовые цветные чехлы для печати,iPhone 16e/17e,A:506372,W506372,ПП2,1185483852,9,https://s3.twcstorage.ru/35ffc2ef-1e09-463d-a2c4-c183d5deb59a/prints/pp2/W506372.webp
Силиконовые чехлы,iPhone 16e/17e,A:506374,W506374,ПП2,1186506531,10,https://s3.twcstorage.ru/35ffc2ef-1e09-463d-a2c4-c183d5deb59a/prints/pp2/W506374.webp
Силиконовые чехлы,iPhone 17,A:501927,W501927,ПП2,727237656,114,https://s3.twcstorage.ru/35ffc2ef-1e09-463d-a2c4-c183d5deb59a/prints/pp2/W501927.webp
Силиконовые чехлы,iPhone 17,A:501928,W501928,ПП2,727240335,115,https://s3.twcstorage.ru/35ffc2ef-1e09-463d-a2c4-c183d5deb59a/prints/pp2/W501928.webp
Матовые цветные чехлы для печати,iPhone 17,A:501930,W501930,ПП2,726806804,83,https://s3.twcstorage.ru/35ffc2ef-1e09-463d-a2c4-c183d5deb59a/prints/pp2/W501930.webp
Матовые цветные чехлы для печати,iPhone 17,A:501931,W501931,ПП2,726803672,84,https://s3.twcstorage.ru/35ffc2ef-1e09-463d-a2c4-c183d5deb59a/prints/pp2/W501931.webp
Белые софт-тач,iPhone 17,A:501932,W501932,ПП2,726591326,1000000,https://s3.twcstorage.ru/35ffc2ef-1e09-463d-a2c4-c183d5deb59a/prints/pp2/W501932.webp
Матовые цветные чехлы для печати,iPhone 17,A:501933,W501933,ПП2,726800580,85,https://s3.twcstorage.ru/35ffc2ef-1e09-463d-a2c4-c183d5deb59a/prints/pp2/W501933.webp
Белые софт-тач,iPhone 17,A:501934,W501934,ПП2,726582187,68,https://s3.twcstorage.ru/35ffc2ef-1e09-463d-a2c4-c183d5deb59a/prints/pp2/W501934.webp
Силиконовые чехлы,iPhone 17,A:501935,W501935,ПП2,727822477,1000000,https://s3.twcstorage.ru/35ffc2ef-1e09-463d-a2c4-c183d5deb59a/prints/pp2/W501935.webp
Белые софт-тач,iPhone 17,A:501936,W501936,ПП2,726595212,1000000,https://s3.twcstorage.ru/35ffc2ef-1e09-463d-a2c4-c183d5deb59a/prints/pp2/W501936.webp
Силиконовые чехлы,iPhone 17,A:501937,C501937,ПП2,727184168,116,https://s3.twcstorage.ru/35ffc2ef-1e09-463d-a2c4-c183d5deb59a/prints/pp2/W501937.webp
Белые софт-тач,iPhone 17,A:501940,W501940,ПП2,726668439,51,https://s3.twcstorage.ru/35ffc2ef-1e09-463d-a2c4-c183d5deb59a/prints/pp2/W501940.webp
Силиконовые чехлы,iPhone 17,A:501942,C501942,ПП2,727244397,118,https://s3.twcstorage.ru/35ffc2ef-1e09-463d-a2c4-c183d5deb59a/prints/pp2/S501942.webp
Объемные матовые чехлы молочные,iPhone 17,A:501947,W501947,ПП2,1155819116,27,https://s3.twcstorage.ru/35ffc2ef-1e09-463d-a2c4-c183d5deb59a/prints/pp2/W501947.webp
Силиконовые чехлы,iPhone 17,A:501948,C501948,ПП2,727290408,96,https://s3.twcstorage.ru/35ffc2ef-1e09-463d-a2c4-c183d5deb59a/prints/pp2/W501948.webp
Силиконовые чехлы,iPhone 17,A:501949,C501949,ПП2,726905762,19,https://s3.twcstorage.ru/35ffc2ef-1e09-463d-a2c4-c183d5deb59a/prints/pp2/W501949.webp
Белые софт-тач,iPhone 17,A:501950,W501950,ПП2,726585096,28,https://s3.twcstorage.ru/35ffc2ef-1e09-463d-a2c4-c183d5deb59a/prints/pp2/W501950.webp
Объемные матовые чехлы бордовые,iPhone 17,A:501951,W501951,ПП2,1153633526,1,https://s3.twcstorage.ru/35ffc2ef-1e09-463d-a2c4-c183d5deb59a/prints/pp2/W501951.webp
Белые софт-тач,iPhone 17,A:501953,W501953,ПП2,726593115,6,https://s3.twcstorage.ru/35ffc2ef-1e09-463d-a2c4-c183d5deb59a/prints/pp2/W501953.webp
Белые софт-тач,iPhone 17,A:501955,W501955,ПП2,726606645,44,https://s3.twcstorage.ru/35ffc2ef-1e09-463d-a2c4-c183d5deb59a/prints/pp2/W501955.webp
Белые софт-тач,iPhone 17,A:501956,W501956,ПП2,726633163,53,https://s3.twcstorage.ru/35ffc2ef-1e09-463d-a2c4-c183d5deb59a/prints/pp2/W501956.webp
Матовые цветные чехлы для печати,iPhone 17,A:501957,W501957,ПП2,726828000,17,https://s3.twcstorage.ru/35ffc2ef-1e09-463d-a2c4-c183d5deb59a/prints/pp2/W501957.webp
Белые софт-тач,iPhone 17,A:501958,W501958,ПП2,726611439,30,https://s3.twcstorage.ru/35ffc2ef-1e09-463d-a2c4-c183d5deb59a/prints/pp2/W501958.webp
Белые софт-тач,iPhone 17,A:501960,W501960,ПП2,726673424,38,https://s3.twcstorage.ru/35ffc2ef-1e09-463d-a2c4-c183d5deb59a/prints/pp2/W501960.webp
Белые софт-тач,iPhone 17,A:501961,W501961,ПП2,726674971,12,https://s3.twcstorage.ru/35ffc2ef-1e09-463d-a2c4-c183d5deb59a/prints/pp2/W501961.webp
Белые софт-тач,iPhone 17,A:501962,W501962,ПП2,726675481,13,https://s3.twcstorage.ru/35ffc2ef-1e09-463d-a2c4-c183d5deb59a/prints/pp2/W501962.webp
Силиконовые чехлы,iPhone 17,A:501963,Q501963,ПП2,726960767,77,https://s3.twcstorage.ru/35ffc2ef-1e09-463d-a2c4-c183d5deb59a/prints/pp2/Q5019631.webp
Стеклянные чехлы,iPhone 17,A:501965,Q5019651,ПП2,727713271,1000000,https://s3.twcstorage.ru/35ffc2ef-1e09-463d-a2c4-c183d5deb59a/prints/pp2/Q5019651.webp
Силиконовые чехлы,iPhone 17,A:501966,W501966,ПП2,727223452,124,https://s3.twcstorage.ru/35ffc2ef-1e09-463d-a2c4-c183d5deb59a/prints/pp2/W501966.webp
Силиконовые чехлы,iPhone 17,A:501968,Q501968,ПП2,726897247,78,https://s3.twcstorage.ru/35ffc2ef-1e09-463d-a2c4-c183d5deb59a/prints/pp2/W501968.webp
Силиконовые чехлы,iPhone 17,A:501972,Q501972,ПП2,727064706,125,https://s3.twcstorage.ru/35ffc2ef-1e09-463d-a2c4-c183d5deb59a/prints/pp2/Q501972.webp
Силиконовые чехлы,iPhone 17,A:501978,Q501978,ПП2,727217007,2,https://s3.twcstorage.ru/35ffc2ef-1e09-463d-a2c4-c183d5deb59a/prints/pp2/Q5019781.webp
Силиконовые чехлы,iPhone 17,A:501979,Q501979,ПП2,727779166,48,https://s3.twcstorage.ru/35ffc2ef-1e09-463d-a2c4-c183d5deb59a/prints/pp2/Q5019791.webp
Стеклянные чехлы,iPhone 17,A:501980,Q5019801,ПП2,727506487,2,https://s3.twcstorage.ru/35ffc2ef-1e09-463d-a2c4-c183d5deb59a/prints/pp2/Q5019801.webp
Силиконовые чехлы,iPhone 17,A:501987,Q501987,ПП2,727810236,1000000,https://s3.twcstorage.ru/35ffc2ef-1e09-463d-a2c4-c183d5deb59a/prints/pp2/Y501987.webp
Силиконовые чехлы,iPhone 17,A:501988,Q501988,ПП2,727513612,128,https://s3.twcstorage.ru/35ffc2ef-1e09-463d-a2c4-c183d5deb59a/prints/pp2/Y501988.webp
Силиконовые чехлы,iPhone 17,A:501989,Q501989,ПП2,727516704,1000000,https://s3.twcstorage.ru/35ffc2ef-1e09-463d-a2c4-c183d5deb59a/prints/pp2/Y501989.webp
Силиконовые чехлы,iPhone 17,A:501990,Q501990,ПП2,727812924,63,https://s3.twcstorage.ru/35ffc2ef-1e09-463d-a2c4-c183d5deb59a/prints/pp2/Y501990.webp
Стеклянные чехлы,iPhone 17,A:501993,Q5019931,ПП2,727504410,4,https://s3.twcstorage.ru/35ffc2ef-1e09-463d-a2c4-c183d5deb59a/prints/pp2/Q5019931.webp
Матовые цветные чехлы для печати,iPhone 17,A:501997,W501997,ПП2,726810366,1000000,https://s3.twcstorage.ru/35ffc2ef-1e09-463d-a2c4-c183d5deb59a/prints/pp2/Y501997.webp
Силиконовые чехлы,iPhone 17,A:501998,W501998,ПП2,727828929,1000000,https://s3.twcstorage.ru/35ffc2ef-1e09-463d-a2c4-c183d5deb59a/prints/pp2/W501998.webp
Матовые цветные чехлы для печати,iPhone 17,A:502003,W502003,ПП2,726735027,38,https://s3.twcstorage.ru/35ffc2ef-1e09-463d-a2c4-c183d5deb59a/prints/pp2/W502003.webp
Силиконовые чехлы,iPhone 17,A:502004,W502004,ПП2,727589133,1000000,https://s3.twcstorage.ru/35ffc2ef-1e09-463d-a2c4-c183d5deb59a/prints/pp2/W502004.webp
Белые софт-тач,iPhone 17,A:502005,W502005,ПП2,726626238,55,https://s3.twcstorage.ru/35ffc2ef-1e09-463d-a2c4-c183d5deb59a/prints/pp2/W502005.webp
Силиконовые чехлы,iPhone 17,A:502006,W502006,ПП2,727849381,23,https://s3.twcstorage.ru/35ffc2ef-1e09-463d-a2c4-c183d5deb59a/prints/pp2/W502006.webp
Объемные матовые чехлы черные,iPhone 17,A:502007,W502007,ПП2,1181470675,15,https://s3.twcstorage.ru/35ffc2ef-1e09-463d-a2c4-c183d5deb59a/prints/pp2/W502007.webp
Объемные матовые чехлы молочные,iPhone 17,A:502008,W502008,ПП2,1154827796,11,https://s3.twcstorage.ru/35ffc2ef-1e09-463d-a2c4-c183d5deb59a/prints/pp2/W502008.webp
Силиконовые чехлы,iPhone 17,A:502009,W502009,ПП2,727511567,8,https://s3.twcstorage.ru/35ffc2ef-1e09-463d-a2c4-c183d5deb59a/prints/pp2/W502009.webp
Силиконовые чехлы,iPhone 17,A:502010,W502010,ПП2,727229866,1,https://s3.twcstorage.ru/35ffc2ef-1e09-463d-a2c4-c183d5deb59a/prints/pp2/W502010.webp
Силиконовые чехлы,iPhone 17,A:502011,W502011,ПП2,727234685,58,https://s3.twcstorage.ru/35ffc2ef-1e09-463d-a2c4-c183d5deb59a/prints/pp2/W502011.webp
Матовые цветные чехлы для печати,iPhone 17,A:502012,W502012,ПП2,726853361,6,https://s3.twcstorage.ru/35ffc2ef-1e09-463d-a2c4-c183d5deb59a/prints/pp2/W502012.webp
Объемные матовые чехлы молочные,iPhone 17,A:502014,W502014,ПП2,1155913094,5,https://s3.twcstorage.ru/35ffc2ef-1e09-463d-a2c4-c183d5deb59a/prints/pp2/W502014.webp
Матовые цветные чехлы для печати,iPhone 17,A:502016,W502016,ПП2,726815949,39,https://s3.twcstorage.ru/35ffc2ef-1e09-463d-a2c4-c183d5deb59a/prints/pp2/W502016.webp
Силиконовые чехлы,iPhone 17,A:502017,W502017,ПП2,727026328,1000000,https://s3.twcstorage.ru/35ffc2ef-1e09-463d-a2c4-c183d5deb59a/prints/pp2/W502017.webp
Силиконовые чехлы,iPhone 17,A:502018,W502018,ПП2,727021961,89,https://s3.twcstorage.ru/35ffc2ef-1e09-463d-a2c4-c183d5deb59a/prints/pp2/W502018.webp
Матовые цветные чехлы для печати,iPhone 17,A:502019,W502019,ПП2,726834888,55,https://s3.twcstorage.ru/35ffc2ef-1e09-463d-a2c4-c183d5deb59a/prints/pp2/W502019.webp
Силиконовые чехлы,iPhone 17,A:502020,W502020,ПП2,727034399,132,https://s3.twcstorage.ru/35ffc2ef-1e09-463d-a2c4-c183d5deb59a/prints/pp2/W502020.webp
Матовые цветные чехлы для печати,iPhone 17,A:502021,W502021,ПП2,726877458,68,https://s3.twcstorage.ru/35ffc2ef-1e09-463d-a2c4-c183d5deb59a/prints/pp2/Y502021.webp
Матовые цветные чехлы для печати,iPhone 17,A:502023,W502023,ПП2,726867047,56,https://s3.twcstorage.ru/35ffc2ef-1e09-463d-a2c4-c183d5deb59a/prints/pp2/W502023.webp
Объемные матовые чехлы молочные,iPhone 17,A:502025,W502025,ПП2,1154398894,20,https://s3.twcstorage.ru/35ffc2ef-1e09-463d-a2c4-c183d5deb59a/prints/pp2/W502025.webp
Матовые цветные чехлы для печати,iPhone 17,A:502026,W502026,ПП2,726869057,58,https://s3.twcstorage.ru/35ffc2ef-1e09-463d-a2c4-c183d5deb59a/prints/pp2/W502026.webp
Матовые цветные чехлы для печати,iPhone 17,A:502027,W502027,ПП2,726879091,1000000,https://s3.twcstorage.ru/35ffc2ef-1e09-463d-a2c4-c183d5deb59a/prints/pp2/W502027.webp
Силиконовые чехлы,iPhone 17,A:502028,W502028,ПП2,727547227,90,https://s3.twcstorage.ru/35ffc2ef-1e09-463d-a2c4-c183d5deb59a/prints/pp2/W502028.webp
Объемные матовые чехлы молочные,iPhone 17,A:502029,W502029,ПП2,1155796700,4,https://s3.twcstorage.ru/35ffc2ef-1e09-463d-a2c4-c183d5deb59a/prints/pp2/W502029.webp
Матовые цветные чехлы для печати,iPhone 17,A:502030,W502030,ПП2,726856245,20,https://s3.twcstorage.ru/35ffc2ef-1e09-463d-a2c4-c183d5deb59a/prints/pp2/W502030.webp
Силиконовые чехлы,iPhone 17,A:502031,W502031,ПП2,727051406,52,https://s3.twcstorage.ru/35ffc2ef-1e09-463d-a2c4-c183d5deb59a/prints/pp2/W502031.webp
Объемные матовые чехлы коричневые,iPhone 17,A:502032,W502032,ПП2,1156549927,1,https://s3.twcstorage.ru/35ffc2ef-1e09-463d-a2c4-c183d5deb59a/prints/pp2/W502032.webp
Белые софт-тач,iPhone 17,A:502033,W502033,ПП2,726638369,10,https://s3.twcstorage.ru/35ffc2ef-1e09-463d-a2c4-c183d5deb59a/prints/pp2/W502033.webp
Белые софт-тач,iPhone 17,A:502035,W502035,ПП2,726563500,20,https://s3.twcstorage.ru/35ffc2ef-1e09-463d-a2c4-c183d5deb59a/prints/pp2/W502035.webp
Белые софт-тач,iPhone 17,A:502036,W502036,ПП2,726649461,25,https://s3.twcstorage.ru/35ffc2ef-1e09-463d-a2c4-c183d5deb59a/prints/pp2/W502036.webp
Силиконовые чехлы,iPhone 17,A:502037,W502037,ПП2,727055007,38,https://s3.twcstorage.ru/35ffc2ef-1e09-463d-a2c4-c183d5deb59a/prints/pp2/W502037.webp
Силиконовые чехлы,iPhone 17,A:502044,W502044,ПП2,727803383,139,https://s3.twcstorage.ru/35ffc2ef-1e09-463d-a2c4-c183d5deb59a/prints/pp2/W502044.webp
Белые софт-тач,iPhone 17,A:502047,W502047,ПП2,726572011,32,https://s3.twcstorage.ru/35ffc2ef-1e09-463d-a2c4-c183d5deb59a/prints/pp2/W502047.webp
Белые софт-тач,iPhone 17,A:502048,W502048,ПП2,726573260,21,https://s3.twcstorage.ru/35ffc2ef-1e09-463d-a2c4-c183d5deb59a/prints/pp2/Y502048.webp
Силиконовые чехлы,iPhone 17,A:502049,W502049,ПП2,726992749,40,https://s3.twcstorage.ru/35ffc2ef-1e09-463d-a2c4-c183d5deb59a/prints/pp2/Y502049.webp
Белые софт-тач,iPhone 17,A:502050,W502050,ПП2,726659082,40,https://s3.twcstorage.ru/35ffc2ef-1e09-463d-a2c4-c183d5deb59a/prints/pp2/Y502050.webp
Белые софт-тач,iPhone 17,A:502051,W502051,ПП2,726567871,47,https://s3.twcstorage.ru/35ffc2ef-1e09-463d-a2c4-c183d5deb59a/prints/pp2/W502051.webp
Объемные матовые чехлы коричневые,iPhone 17,A:502052,W502052,ПП2,1156491733,2,https://s3.twcstorage.ru/35ffc2ef-1e09-463d-a2c4-c183d5deb59a/prints/pp2/W502052.webp
Объемные матовые чехлы молочные,iPhone 17,A:502053,W502053,ПП2,1155057491,1,https://s3.twcstorage.ru/35ffc2ef-1e09-463d-a2c4-c183d5deb59a/prints/pp2/W502053.webp
Матовые цветные чехлы для печати,iPhone 17,A:502054,W502054,ПП2,726768269,73,https://s3.twcstorage.ru/35ffc2ef-1e09-463d-a2c4-c183d5deb59a/prints/pp2/W502054.webp
Силиконовые чехлы,iPhone 17,A:502055,W502055,ПП2,727008548,91,https://s3.twcstorage.ru/35ffc2ef-1e09-463d-a2c4-c183d5deb59a/prints/pp2/W502055.webp
Белые софт-тач,iPhone 17,A:502056,W502056,ПП2,726576126,73,https://s3.twcstorage.ru/35ffc2ef-1e09-463d-a2c4-c183d5deb59a/prints/pp2/W502056.webp
Белые софт-тач,iPhone 17,A:502057,W502057,ПП2,726577946,26,https://s3.twcstorage.ru/35ffc2ef-1e09-463d-a2c4-c183d5deb59a/prints/pp2/W502057.webp
Силиконовые чехлы,iPhone 17,A:502059,W502059,ПП2,727770770,107,https://s3.twcstorage.ru/35ffc2ef-1e09-463d-a2c4-c183d5deb59a/prints/pp2/W502059.webp
Белые софт-тач,iPhone 17,A:502060,W502060,ПП2,726624983,74,https://s3.twcstorage.ru/35ffc2ef-1e09-463d-a2c4-c183d5deb59a/prints/pp2/W502060.webp
Матовые цветные чехлы для печати,iPhone 17,A:502062,W502062,ПП2,726776256,97,https://s3.twcstorage.ru/35ffc2ef-1e09-463d-a2c4-c183d5deb59a/prints/pp2/W502062.webp
Белые софт-тач,iPhone 17,A:502063,W502063,ПП2,726660346,1000000,https://s3.twcstorage.ru/35ffc2ef-1e09-463d-a2c4-c183d5deb59a/prints/pp2/W502063.webp
Силиконовые чехлы,iPhone 17,A:502064,W502064,ПП2,726919126,80,https://s3.twcstorage.ru/35ffc2ef-1e09-463d-a2c4-c183d5deb59a/prints/pp2/W502064.webp
Матовые цветные чехлы для печати,iPhone 17,A:502065,W502065,ПП2,726838519,16,https://s3.twcstorage.ru/35ffc2ef-1e09-463d-a2c4-c183d5deb59a/prints/pp2/W502065.webp
Белые софт-тач,iPhone 17,A:502066,W502066,ПП2,726662870,75,https://s3.twcstorage.ru/35ffc2ef-1e09-463d-a2c4-c183d5deb59a/prints/pp2/W502066.webp
Матовые цветные чехлы для печати,iPhone 17,A:502067,W5020671,ПП2,726731502,41,https://s3.twcstorage.ru/35ffc2ef-1e09-463d-a2c4-c183d5deb59a/prints/pp2/W5020671.webp
Матовые цветные чехлы для печати,iPhone 17,A:502068,W502068,ПП2,726795935,77,https://s3.twcstorage.ru/35ffc2ef-1e09-463d-a2c4-c183d5deb59a/prints/pp2/W502068.webp
Силиконовые чехлы,iPhone 17,A:502069,W502069,ПП2,726941358,11,https://s3.twcstorage.ru/35ffc2ef-1e09-463d-a2c4-c183d5deb59a/prints/pp2/W502069.webp
Объемные матовые чехлы молочные,iPhone 17,A:506329,W506329,ПП2,1155160888,16,https://s3.twcstorage.ru/35ffc2ef-1e09-463d-a2c4-c183d5deb59a/prints/pp2/W5063291.webp
Матовые цветные чехлы для печати,iPhone 17,A:506330,W5063301,ПП2,1185374250,3,https://s3.twcstorage.ru/35ffc2ef-1e09-463d-a2c4-c183d5deb59a/prints/pp2/W5063301.webp
Белые софт-тач,iPhone 17,A:506331,W506331,ПП2,1164160540,5,https://s3.twcstorage.ru/35ffc2ef-1e09-463d-a2c4-c183d5deb59a/prints/pp2/W5063311.webp
Силиконовые чехлы,iPhone 17,A:506332,W506332,ПП2,1186734726,3,https://s3.twcstorage.ru/35ffc2ef-1e09-463d-a2c4-c183d5deb59a/prints/pp2/W5063321.webp
Матовые цветные чехлы для печати,iPhone 17,A:506334,W5063341,ПП2,1185696742,1,https://s3.twcstorage.ru/35ffc2ef-1e09-463d-a2c4-c183d5deb59a/prints/pp2/W5063341.webp
Объемные матовые чехлы молочные,iPhone 17,A:506335,W506335,ПП2,1155253009,14,https://s3.twcstorage.ru/35ffc2ef-1e09-463d-a2c4-c183d5deb59a/prints/pp2/W5063351.webp
Объемные матовые чехлы молочные,iPhone 17,A:506336,W506336,ПП2,1155264305,3,https://s3.twcstorage.ru/35ffc2ef-1e09-463d-a2c4-c183d5deb59a/prints/pp2/W5063361.webp
Объемные матовые чехлы молочные,iPhone 17,A:506337,W506337,ПП2,1155275221,9,https://s3.twcstorage.ru/35ffc2ef-1e09-463d-a2c4-c183d5deb59a/prints/pp2/W5063371.webp
Объемные матовые чехлы черные,iPhone 17,A:506338,W5063381,ПП2,1158059166,6,https://s3.twcstorage.ru/35ffc2ef-1e09-463d-a2c4-c183d5deb59a/prints/pp2/W5063381.webp
Матовые цветные чехлы для печати,iPhone 17,A:506339,W5063391,ПП2,1185605673,8,https://s3.twcstorage.ru/35ffc2ef-1e09-463d-a2c4-c183d5deb59a/prints/pp2/W5063391.webp
Объемные матовые чехлы бордовые,iPhone 17,A:506340,W5063401,ПП2,1153848999,2,https://s3.twcstorage.ru/35ffc2ef-1e09-463d-a2c4-c183d5deb59a/prints/pp2/W5063401.webp
Силиконовые чехлы,iPhone 17,A:506341,W506341,ПП2,1186241943,109,https://s3.twcstorage.ru/35ffc2ef-1e09-463d-a2c4-c183d5deb59a/prints/pp2/W5063411.webp
Матовые цветные чехлы для печати,iPhone 17,A:506344,W5063441,ПП2,1185484500,51,https://s3.twcstorage.ru/35ffc2ef-1e09-463d-a2c4-c183d5deb59a/prints/pp2/W5063441.webp
Матовые цветные чехлы для печати,iPhone 17,A:506345,W5063451,ПП2,1189274570,27,https://s3.twcstorage.ru/35ffc2ef-1e09-463d-a2c4-c183d5deb59a/prints/pp2/W5063451.webp
Матовые цветные чехлы для печати,iPhone 17,A:506346,W506346,ПП2,1185468952,19,https://s3.twcstorage.ru/35ffc2ef-1e09-463d-a2c4-c183d5deb59a/prints/pp2/W506346.webp
Объемные матовые чехлы коричневые,iPhone 17,A:506348,W506348,ПП2,1156782865,51,https://s3.twcstorage.ru/35ffc2ef-1e09-463d-a2c4-c183d5deb59a/prints/pp2/W506348.webp
Матовые цветные чехлы для печати,iPhone 17,A:506349,W506349,ПП2,1185419008,35,https://s3.twcstorage.ru/35ffc2ef-1e09-463d-a2c4-c183d5deb59a/prints/pp2/W506349.webp
Силиконовые чехлы,iPhone 17,A:506350,W506350,ПП2,1186733234,45,https://s3.twcstorage.ru/35ffc2ef-1e09-463d-a2c4-c183d5deb59a/prints/pp2/W5063501.webp
Матовые цветные чехлы для печати,iPhone 17,A:506351,W5063511,ПП2,1185727177,37,https://s3.twcstorage.ru/35ffc2ef-1e09-463d-a2c4-c183d5deb59a/prints/pp2/W5063511.webp
Матовые цветные чехлы для печати,iPhone 17,A:506354,W5063541,ПП2,1185390704,98,https://s3.twcstorage.ru/35ffc2ef-1e09-463d-a2c4-c183d5deb59a/prints/pp2/W5063541.webp
Силиконовые чехлы,iPhone 17,A:506360,W506360,ПП2,1186683302,59,https://s3.twcstorage.ru/35ffc2ef-1e09-463d-a2c4-c183d5deb59a/prints/pp2/W5063601.webp
Силиконовые чехлы,iPhone 17,A:506361,W506361,ПП2,1186689155,30,https://s3.twcstorage.ru/35ffc2ef-1e09-463d-a2c4-c183d5deb59a/prints/pp2/W506361.webp
Матовые цветные чехлы для печати,iPhone 17,A:506363,W506363,ПП2,1185397722,33,https://s3.twcstorage.ru/35ffc2ef-1e09-463d-a2c4-c183d5deb59a/prints/pp2/W506363.webp
Силиконовые чехлы,iPhone 17,A:506364,W506364,ПП2,1186430493,44,https://s3.twcstorage.ru/35ffc2ef-1e09-463d-a2c4-c183d5deb59a/prints/pp2/W506364.webp
Белые софт-тач,iPhone 17,A:506365,W506365,ПП2,1163769260,49,https://s3.twcstorage.ru/35ffc2ef-1e09-463d-a2c4-c183d5deb59a/prints/pp2/W506365.webp
Белые софт-тач,iPhone 17,A:506366,W506366,ПП2,1163791687,79,https://s3.twcstorage.ru/35ffc2ef-1e09-463d-a2c4-c183d5deb59a/prints/pp2/W506366.webp
Силиконовые чехлы,iPhone 17,A:506369,W506369,ПП2,1186717526,46,https://s3.twcstorage.ru/35ffc2ef-1e09-463d-a2c4-c183d5deb59a/prints/pp2/W506369.webp
Силиконовые чехлы,iPhone 17,A:506372,W506372,ПП2,1186485853,16,https://s3.twcstorage.ru/35ffc2ef-1e09-463d-a2c4-c183d5deb59a/prints/pp2/W506372.webp
Силиконовые чехлы,iPhone 17,A:506373,W506373,ПП2,1186784727,6,https://s3.twcstorage.ru/35ffc2ef-1e09-463d-a2c4-c183d5deb59a/prints/pp2/W506373.webp
Белые софт-тач,iPhone 17,A:506374,W506374,ПП2,1163961430,3,https://s3.twcstorage.ru/35ffc2ef-1e09-463d-a2c4-c183d5deb59a/prints/pp2/W506374.webp
Силиконовые чехлы,iPhone 17,A:506375,W506375,ПП2,1186510210,31,https://s3.twcstorage.ru/35ffc2ef-1e09-463d-a2c4-c183d5deb59a/prints/pp2/W506375.webp
Силиконовые чехлы,iPhone 17,A:506376,W506376,ПП2,1186779455,53,https://s3.twcstorage.ru/35ffc2ef-1e09-463d-a2c4-c183d5deb59a/prints/pp2/W506376.webp
Матовые цветные чехлы для печати,iPhone 17,A:506377,W506377,ПП2,1185477359,21,https://s3.twcstorage.ru/35ffc2ef-1e09-463d-a2c4-c183d5deb59a/prints/pp2/W506377.webp
Силиконовые чехлы,iPhone 17,A:506378,W506378,ПП2,1186706326,22,https://s3.twcstorage.ru/35ffc2ef-1e09-463d-a2c4-c183d5deb59a/prints/pp2/W506378.webp
Белые софт-тач,iPhone 17,A:506379,W506379,ПП2,1164063880,42,https://s3.twcstorage.ru/35ffc2ef-1e09-463d-a2c4-c183d5deb59a/prints/pp2/W506379.webp
Белые софт-тач,iPhone 17,A:506380,W506380,ПП2,1164083961,37,https://s3.twcstorage.ru/35ffc2ef-1e09-463d-a2c4-c183d5deb59a/prints/pp2/W506380.webp
Матовые цветные чехлы для печати,iPhone 17,A:506381,W506381,ПП2,1185791640,14,https://s3.twcstorage.ru/35ffc2ef-1e09-463d-a2c4-c183d5deb59a/prints/pp2/W506381.webp
Стеклянные чехлы,iPhone 17,A:506382,Q5063821,ПП2,1186843351,7,https://s3.twcstorage.ru/35ffc2ef-1e09-463d-a2c4-c183d5deb59a/prints/pp2/Q5063821.webp
Объемные матовые чехлы бордовые,iPhone 17,A:506383,Q506383,ПП2,1153061158,30,https://s3.twcstorage.ru/35ffc2ef-1e09-463d-a2c4-c183d5deb59a/prints/pp2/Q5063831.webp
Стеклянные чехлы,iPhone 17,A:506384,Q5063841,ПП2,1186850325,1,https://s3.twcstorage.ru/35ffc2ef-1e09-463d-a2c4-c183d5deb59a/prints/pp2/Q5063841.webp
Силиконовые чехлы,iPhone 17 Pro,A:501927,C501927,ПП2,726900729,114,https://s3.twcstorage.ru/35ffc2ef-1e09-463d-a2c4-c183d5deb59a/prints/pp2/W501927.webp
Силиконовые чехлы,iPhone 17 Pro,A:501928,C501928,ПП2,727098944,115,https://s3.twcstorage.ru/35ffc2ef-1e09-463d-a2c4-c183d5deb59a/prints/pp2/W501928.webp
Белые софт-тач,iPhone 17 Pro,A:501930,W501930,ПП2,726672368,65,https://s3.twcstorage.ru/35ffc2ef-1e09-463d-a2c4-c183d5deb59a/prints/pp2/W501930.webp
Матовые цветные чехлы для печати,iPhone 17 Pro,A:501931,W501931,ПП2,726803638,84,https://s3.twcstorage.ru/35ffc2ef-1e09-463d-a2c4-c183d5deb59a/prints/pp2/W501931.webp
Силиконовые чехлы,iPhone 17 Pro,A:501932,W501932,ПП2,727109112,1000000,https://s3.twcstorage.ru/35ffc2ef-1e09-463d-a2c4-c183d5deb59a/prints/pp2/W501932.webp
Матовые цветные чехлы для печати,iPhone 17 Pro,A:501933,W501933,ПП2,726800531,85,https://s3.twcstorage.ru/35ffc2ef-1e09-463d-a2c4-c183d5deb59a/prints/pp2/W501933.webp
Матовые цветные чехлы для печати,iPhone 17 Pro,A:501934,W501934,ПП2,726802059,1000000,https://s3.twcstorage.ru/35ffc2ef-1e09-463d-a2c4-c183d5deb59a/prints/pp2/W501934.webp
Силиконовые чехлы,iPhone 17 Pro,A:501936,C501936,ПП2,727181908,1000000,https://s3.twcstorage.ru/35ffc2ef-1e09-463d-a2c4-c183d5deb59a/prints/pp2/W501936.webp
Белые софт-тач,iPhone 17 Pro,A:501937,W501937,ПП2,726604496,43,https://s3.twcstorage.ru/35ffc2ef-1e09-463d-a2c4-c183d5deb59a/prints/pp2/W501937.webp
Белые софт-тач,iPhone 17 Pro,A:501940,W501940,ПП2,726668110,51,https://s3.twcstorage.ru/35ffc2ef-1e09-463d-a2c4-c183d5deb59a/prints/pp2/W501940.webp
Силиконовые чехлы,iPhone 17 Pro,A:501944,C501944,ПП2,727271687,85,https://s3.twcstorage.ru/35ffc2ef-1e09-463d-a2c4-c183d5deb59a/prints/pp2/S501944.webp
Силиконовые чехлы,iPhone 17 Pro,A:501945,W501945,ПП2,726922560,120,https://s3.twcstorage.ru/35ffc2ef-1e09-463d-a2c4-c183d5deb59a/prints/pp2/W501945.webp
Силиконовые чехлы,iPhone 17 Pro,A:501946,C501946,ПП2,727076625,121,https://s3.twcstorage.ru/35ffc2ef-1e09-463d-a2c4-c183d5deb59a/prints/pp2/W501946.webp
Белые софт-тач,iPhone 17 Pro,A:501947,W501947,ПП2,726589035,27,https://s3.twcstorage.ru/35ffc2ef-1e09-463d-a2c4-c183d5deb59a/prints/pp2/W501947.webp
Силиконовые чехлы,iPhone 17 Pro,A:501949,W501949,ПП2,727853253,19,https://s3.twcstorage.ru/35ffc2ef-1e09-463d-a2c4-c183d5deb59a/prints/pp2/W501949.webp
Объемные матовые чехлы коричневые,iPhone 17 Pro,A:501950,W501950,ПП2,1156156973,8,https://s3.twcstorage.ru/35ffc2ef-1e09-463d-a2c4-c183d5deb59a/prints/pp2/W501950.webp
Объемные матовые чехлы бордовые,iPhone 17 Pro,A:501951,W501951,ПП2,1153618714,1,https://s3.twcstorage.ru/35ffc2ef-1e09-463d-a2c4-c183d5deb59a/prints/pp2/W501951.webp
Белые софт-тач,iPhone 17 Pro,A:501953,W501953,ПП2,726587408,6,https://s3.twcstorage.ru/35ffc2ef-1e09-463d-a2c4-c183d5deb59a/prints/pp2/W501953.webp
Объемные матовые чехлы черные,iPhone 17 Pro,A:501955,W501955,ПП2,1157525506,24,https://s3.twcstorage.ru/35ffc2ef-1e09-463d-a2c4-c183d5deb59a/prints/pp2/W501955.webp
Белые софт-тач,iPhone 17 Pro,A:501956,W501956,ПП2,726607582,53,https://s3.twcstorage.ru/35ffc2ef-1e09-463d-a2c4-c183d5deb59a/prints/pp2/W501956.webp
Матовые цветные чехлы для печати,iPhone 17 Pro,A:501957,W501957,ПП2,726827956,17,https://s3.twcstorage.ru/35ffc2ef-1e09-463d-a2c4-c183d5deb59a/prints/pp2/W501957.webp
Матовые цветные чехлы для печати,iPhone 17 Pro,A:501958,W501958,ПП2,726829856,65,https://s3.twcstorage.ru/35ffc2ef-1e09-463d-a2c4-c183d5deb59a/prints/pp2/W501958.webp
Белые софт-тач,iPhone 17 Pro,A:501960,W501960,ПП2,726669974,38,https://s3.twcstorage.ru/35ffc2ef-1e09-463d-a2c4-c183d5deb59a/prints/pp2/W501960.webp
Белые софт-тач,iPhone 17 Pro,A:501961,W501961,ПП2,726671805,12,https://s3.twcstorage.ru/35ffc2ef-1e09-463d-a2c4-c183d5deb59a/prints/pp2/W501961.webp
Белые софт-тач,iPhone 17 Pro,A:501962,W501962,ПП2,726673263,13,https://s3.twcstorage.ru/35ffc2ef-1e09-463d-a2c4-c183d5deb59a/prints/pp2/W501962.webp
Силиконовые чехлы,iPhone 17 Pro,A:501965,Q501965,ПП2,726956332,86,https://s3.twcstorage.ru/35ffc2ef-1e09-463d-a2c4-c183d5deb59a/prints/pp2/Q5019651.webp
Силиконовые чехлы,iPhone 17 Pro,A:501966,W501966,ПП2,727223425,124,https://s3.twcstorage.ru/35ffc2ef-1e09-463d-a2c4-c183d5deb59a/prints/pp2/W501966.webp
Силиконовые чехлы,iPhone 17 Pro,A:501968,W501968,ПП2,727073149,78,https://s3.twcstorage.ru/35ffc2ef-1e09-463d-a2c4-c183d5deb59a/prints/pp2/W501968.webp
Силиконовые чехлы,iPhone 17 Pro,A:501973,Q501973,ПП2,727799147,1000000,https://s3.twcstorage.ru/35ffc2ef-1e09-463d-a2c4-c183d5deb59a/prints/pp2/Q501973.webp
Силиконовые чехлы,iPhone 17 Pro,A:501976,Q501976,ПП2,727302742,79,https://s3.twcstorage.ru/35ffc2ef-1e09-463d-a2c4-c183d5deb59a/prints/pp2/Q501976.webp
Силиконовые чехлы,iPhone 17 Pro,A:501978,Q501978,ПП2,727216959,2,https://s3.twcstorage.ru/35ffc2ef-1e09-463d-a2c4-c183d5deb59a/prints/pp2/Q5019781.webp
Силиконовые чехлы,iPhone 17 Pro,A:501979,Q501979,ПП2,727779283,48,https://s3.twcstorage.ru/35ffc2ef-1e09-463d-a2c4-c183d5deb59a/prints/pp2/Q5019791.webp
Стеклянные чехлы,iPhone 17 Pro,A:501980,Q5019801,ПП2,727506482,2,https://s3.twcstorage.ru/35ffc2ef-1e09-463d-a2c4-c183d5deb59a/prints/pp2/Q5019801.webp
Силиконовые чехлы,iPhone 17 Pro,A:501981,Q501981,ПП2,727787254,101,https://s3.twcstorage.ru/35ffc2ef-1e09-463d-a2c4-c183d5deb59a/prints/pp2/Y501981.webp
Силиконовые чехлы,iPhone 17 Pro,A:501982,Q501982,ПП2,727551901,1000000,https://s3.twcstorage.ru/35ffc2ef-1e09-463d-a2c4-c183d5deb59a/prints/pp2/Y501982.webp
Силиконовые чехлы,iPhone 17 Pro,A:501984,Q501984,ПП2,727518941,126,https://s3.twcstorage.ru/35ffc2ef-1e09-463d-a2c4-c183d5deb59a/prints/pp2/Y501984.webp
Объемные матовые чехлы черные,iPhone 17 Pro,A:501988,Q501988,ПП2,1157458164,49,https://s3.twcstorage.ru/35ffc2ef-1e09-463d-a2c4-c183d5deb59a/prints/pp2/Y501988.webp
Силиконовые чехлы,iPhone 17 Pro,A:501989,Q501989,ПП2,727516860,1000000,https://s3.twcstorage.ru/35ffc2ef-1e09-463d-a2c4-c183d5deb59a/prints/pp2/Y501989.webp
Силиконовые чехлы,iPhone 17 Pro,A:501990,Q501990,ПП2,727812919,63,https://s3.twcstorage.ru/35ffc2ef-1e09-463d-a2c4-c183d5deb59a/prints/pp2/Y501990.webp
Стеклянные чехлы,iPhone 17 Pro,A:501993,Q5019931,ПП2,727504397,4,https://s3.twcstorage.ru/35ffc2ef-1e09-463d-a2c4-c183d5deb59a/prints/pp2/Q5019931.webp
Объемные матовые чехлы бордовые,iPhone 17 Pro,A:501996,W501996,ПП2,1153764619,43,https://s3.twcstorage.ru/35ffc2ef-1e09-463d-a2c4-c183d5deb59a/prints/pp2/Y501996.webp
Силиконовые чехлы,iPhone 17 Pro,A:501997,W501997,ПП2,727827254,102,https://s3.twcstorage.ru/35ffc2ef-1e09-463d-a2c4-c183d5deb59a/prints/pp2/Y501997.webp
Силиконовые чехлы,iPhone 17 Pro,A:501998,W501998,ПП2,727828908,1000000,https://s3.twcstorage.ru/35ffc2ef-1e09-463d-a2c4-c183d5deb59a/prints/pp2/W501998.webp
Объемные матовые чехлы черные,iPhone 17 Pro,A:502003,W502003,ПП2,1157564484,13,https://s3.twcstorage.ru/35ffc2ef-1e09-463d-a2c4-c183d5deb59a/prints/pp2/W502003.webp
Матовые цветные чехлы для печати,iPhone 17 Pro,A:502004,W502004,ПП2,726736642,1000000,https://s3.twcstorage.ru/35ffc2ef-1e09-463d-a2c4-c183d5deb59a/prints/pp2/W502004.webp
Белые софт-тач,iPhone 17 Pro,A:502005,W502005,ПП2,726625616,55,https://s3.twcstorage.ru/35ffc2ef-1e09-463d-a2c4-c183d5deb59a/prints/pp2/W502005.webp
Силиконовые чехлы,iPhone 17 Pro,A:502006,W502006,ПП2,727849290,23,https://s3.twcstorage.ru/35ffc2ef-1e09-463d-a2c4-c183d5deb59a/prints/pp2/W502006.webp
Объемные матовые чехлы коричневые,iPhone 17 Pro,A:502007,W502007,ПП2,1156462677,28,https://s3.twcstorage.ru/35ffc2ef-1e09-463d-a2c4-c183d5deb59a/prints/pp2/W502007.webp
Силиконовые чехлы,iPhone 17 Pro,A:502008,W502008,ПП2,727825320,18,https://s3.twcstorage.ru/35ffc2ef-1e09-463d-a2c4-c183d5deb59a/prints/pp2/W502008.webp
Силиконовые чехлы,iPhone 17 Pro,A:502009,W502009,ПП2,727511810,8,https://s3.twcstorage.ru/35ffc2ef-1e09-463d-a2c4-c183d5deb59a/prints/pp2/W502009.webp
Силиконовые чехлы,iPhone 17 Pro,A:502010,W502010,ПП2,727229864,1,https://s3.twcstorage.ru/35ffc2ef-1e09-463d-a2c4-c183d5deb59a/prints/pp2/W502010.webp
Силиконовые чехлы,iPhone 17 Pro,A:502011,W502011,ПП2,727234907,58,https://s3.twcstorage.ru/35ffc2ef-1e09-463d-a2c4-c183d5deb59a/prints/pp2/W502011.webp
Матовые цветные чехлы для печати,iPhone 17 Pro,A:502012,W502012,ПП2,726853716,6,https://s3.twcstorage.ru/35ffc2ef-1e09-463d-a2c4-c183d5deb59a/prints/pp2/W502012.webp
Силиконовые чехлы,iPhone 17 Pro,A:502014,W502014,ПП2,726979963,7,https://s3.twcstorage.ru/35ffc2ef-1e09-463d-a2c4-c183d5deb59a/prints/pp2/W502014.webp
Матовые цветные чехлы для печати,iPhone 17 Pro,A:502015,W502015,ПП2,726813574,91,https://s3.twcstorage.ru/35ffc2ef-1e09-463d-a2c4-c183d5deb59a/prints/pp2/W502015.webp
Матовые цветные чехлы для печати,iPhone 17 Pro,A:502016,W502016,ПП2,726815931,39,https://s3.twcstorage.ru/35ffc2ef-1e09-463d-a2c4-c183d5deb59a/prints/pp2/W502016.webp
Матовые цветные чехлы для печати,iPhone 17 Pro,A:502018,W502018,ПП2,726833324,48,https://s3.twcstorage.ru/35ffc2ef-1e09-463d-a2c4-c183d5deb59a/prints/pp2/W502018.webp
Матовые цветные чехлы для печати,iPhone 17 Pro,A:502019,W502019,ПП2,726834837,55,https://s3.twcstorage.ru/35ffc2ef-1e09-463d-a2c4-c183d5deb59a/prints/pp2/W502019.webp
Силиконовые чехлы,iPhone 17 Pro,A:502021,W502021,ПП2,727571541,1000000,https://s3.twcstorage.ru/35ffc2ef-1e09-463d-a2c4-c183d5deb59a/prints/pp2/Y502021.webp
Объемные матовые чехлы черные,iPhone 17 Pro,A:502023,W502023,ПП2,1157509264,23,https://s3.twcstorage.ru/35ffc2ef-1e09-463d-a2c4-c183d5deb59a/prints/pp2/W502023.webp
Матовые цветные чехлы для печати,iPhone 17 Pro,A:502025,W502025,ПП2,726875003,34,https://s3.twcstorage.ru/35ffc2ef-1e09-463d-a2c4-c183d5deb59a/prints/pp2/W502025.webp
Матовые цветные чехлы для печати,iPhone 17 Pro,A:502026,W502026,ПП2,726869030,58,https://s3.twcstorage.ru/35ffc2ef-1e09-463d-a2c4-c183d5deb59a/prints/pp2/W502026.webp
Матовые цветные чехлы для печати,iPhone 17 Pro,A:502027,W502027,ПП2,726879098,1000000,https://s3.twcstorage.ru/35ffc2ef-1e09-463d-a2c4-c183d5deb59a/prints/pp2/W502027.webp
Матовые цветные чехлы для печати,iPhone 17 Pro,A:502028,W502028,ПП2,726870845,69,https://s3.twcstorage.ru/35ffc2ef-1e09-463d-a2c4-c183d5deb59a/prints/pp2/W502028.webp
Объемные матовые чехлы коричневые,iPhone 17 Pro,A:502029,W502029,ПП2,1156255229,5,https://s3.twcstorage.ru/35ffc2ef-1e09-463d-a2c4-c183d5deb59a/prints/pp2/W502029.webp
Матовые цветные чехлы для печати,iPhone 17 Pro,A:502030,W502030,ПП2,726856226,20,https://s3.twcstorage.ru/35ffc2ef-1e09-463d-a2c4-c183d5deb59a/prints/pp2/W502030.webp
Силиконовые чехлы,iPhone 17 Pro,A:502031,W502031,ПП2,727051462,52,https://s3.twcstorage.ru/35ffc2ef-1e09-463d-a2c4-c183d5deb59a/prints/pp2/W502031.webp
Объемные матовые чехлы коричневые,iPhone 17 Pro,A:502032,W502032,ПП2,1156555086,1,https://s3.twcstorage.ru/35ffc2ef-1e09-463d-a2c4-c183d5deb59a/prints/pp2/W502032.webp
Белые софт-тач,iPhone 17 Pro,A:502033,W502033,ПП2,726637718,10,https://s3.twcstorage.ru/35ffc2ef-1e09-463d-a2c4-c183d5deb59a/prints/pp2/W502033.webp
Объемные матовые чехлы бордовые,iPhone 17 Pro,A:502035,W502035,ПП2,1152951290,4,https://s3.twcstorage.ru/35ffc2ef-1e09-463d-a2c4-c183d5deb59a/prints/pp2/W502035.webp
Объемные матовые чехлы бордовые,iPhone 17 Pro,A:502036,W502036,ПП2,1153964599,3,https://s3.twcstorage.ru/35ffc2ef-1e09-463d-a2c4-c183d5deb59a/prints/pp2/W502036.webp
Силиконовые чехлы,iPhone 17 Pro,A:502037,W502037,ПП2,727054955,38,https://s3.twcstorage.ru/35ffc2ef-1e09-463d-a2c4-c183d5deb59a/prints/pp2/W502037.webp
Силиконовые чехлы,iPhone 17 Pro,A:502038,W502038,ПП2,727800387,135,https://s3.twcstorage.ru/35ffc2ef-1e09-463d-a2c4-c183d5deb59a/prints/pp2/Y502038.webp
Белые софт-тач,iPhone 17 Pro,A:502042,W502042,ПП2,726619181,60,https://s3.twcstorage.ru/35ffc2ef-1e09-463d-a2c4-c183d5deb59a/prints/pp2/Y502042.webp
Силиконовые чехлы,iPhone 17 Pro,A:502044,W502044,ПП2,727803352,139,https://s3.twcstorage.ru/35ffc2ef-1e09-463d-a2c4-c183d5deb59a/prints/pp2/W502044.webp
Белые софт-тач,iPhone 17 Pro,A:502047,W502047,ПП2,726571565,32,https://s3.twcstorage.ru/35ffc2ef-1e09-463d-a2c4-c183d5deb59a/prints/pp2/W502047.webp
Объемные матовые чехлы светло-розовые,iPhone 17 Pro,A:502048,W502048,ПП2,1152719561,16,https://s3.twcstorage.ru/35ffc2ef-1e09-463d-a2c4-c183d5deb59a/prints/pp2/Y502048.webp
Объемные матовые чехлы коричневые,iPhone 17 Pro,A:502049,W502049,ПП2,1156523832,17,https://s3.twcstorage.ru/35ffc2ef-1e09-463d-a2c4-c183d5deb59a/prints/pp2/Y502049.webp
Матовые цветные чехлы для печати,iPhone 17 Pro,A:502050,W502050,ПП2,726766634,94,https://s3.twcstorage.ru/35ffc2ef-1e09-463d-a2c4-c183d5deb59a/prints/pp2/Y502050.webp
Силиконовые чехлы,iPhone 17 Pro,A:502051,W502051,ПП2,727000466,140,https://s3.twcstorage.ru/35ffc2ef-1e09-463d-a2c4-c183d5deb59a/prints/pp2/W502051.webp
Белые софт-тач,iPhone 17 Pro,A:502052,W502052,ПП2,726641429,2,https://s3.twcstorage.ru/35ffc2ef-1e09-463d-a2c4-c183d5deb59a/prints/pp2/W502052.webp
Объемные матовые чехлы молочные,iPhone 17 Pro,A:502053,W502053,ПП2,1155052658,1,https://s3.twcstorage.ru/35ffc2ef-1e09-463d-a2c4-c183d5deb59a/prints/pp2/W502053.webp
Белые софт-тач,iPhone 17 Pro,A:502054,W502054,ПП2,726568107,62,https://s3.twcstorage.ru/35ffc2ef-1e09-463d-a2c4-c183d5deb59a/prints/pp2/W502054.webp
Силиконовые чехлы,iPhone 17 Pro,A:502055,W502055,ПП2,727008552,91,https://s3.twcstorage.ru/35ffc2ef-1e09-463d-a2c4-c183d5deb59a/prints/pp2/W502055.webp
Белые софт-тач,iPhone 17 Pro,A:502057,W502057,ПП2,726576999,26,https://s3.twcstorage.ru/35ffc2ef-1e09-463d-a2c4-c183d5deb59a/prints/pp2/W502057.webp
Силиконовые чехлы,iPhone 17 Pro,A:502058,W502058,ПП2,727889431,1000000,https://s3.twcstorage.ru/35ffc2ef-1e09-463d-a2c4-c183d5deb59a/prints/pp2/W502058.webp
Силиконовые чехлы,iPhone 17 Pro,A:502061,W502061,ПП2,727806952,108,https://s3.twcstorage.ru/35ffc2ef-1e09-463d-a2c4-c183d5deb59a/prints/pp2/Y502061.webp
Силиконовые чехлы,iPhone 17 Pro,A:502063,W502063,ПП2,726940785,1000000,https://s3.twcstorage.ru/35ffc2ef-1e09-463d-a2c4-c183d5deb59a/prints/pp2/W502063.webp
Объемные матовые чехлы черные,iPhone 17 Pro,A:502065,W502065,ПП2,1181496041,14,https://s3.twcstorage.ru/35ffc2ef-1e09-463d-a2c4-c183d5deb59a/prints/pp2/W502065.webp
Белые софт-тач,iPhone 17 Pro,A:502066,W502066,ПП2,726662499,75,https://s3.twcstorage.ru/35ffc2ef-1e09-463d-a2c4-c183d5deb59a/prints/pp2/W502066.webp
Матовые цветные чехлы для печати,iPhone 17 Pro,A:502067,W5020671,ПП2,726731401,41,https://s3.twcstorage.ru/35ffc2ef-1e09-463d-a2c4-c183d5deb59a/prints/pp2/W5020671.webp
Силиконовые чехлы,iPhone 17 Pro,A:502068,W502068,ПП2,726945565,1000000,https://s3.twcstorage.ru/35ffc2ef-1e09-463d-a2c4-c183d5deb59a/prints/pp2/W502068.webp
Силиконовые чехлы,iPhone 17 Pro,A:502069,W502069,ПП2,726940900,11,https://s3.twcstorage.ru/35ffc2ef-1e09-463d-a2c4-c183d5deb59a/prints/pp2/W502069.webp
Матовые цветные чехлы для печати,iPhone 17 Pro,A:506329,W5063291,ПП2,1185720935,7,https://s3.twcstorage.ru/35ffc2ef-1e09-463d-a2c4-c183d5deb59a/prints/pp2/W5063291.webp
Матовые цветные чехлы для печати,iPhone 17 Pro,A:506330,W5063301,ПП2,1185374354,3,https://s3.twcstorage.ru/35ffc2ef-1e09-463d-a2c4-c183d5deb59a/prints/pp2/W5063301.webp
Белые софт-тач,iPhone 17 Pro,A:506331,W506331,ПП2,1164154204,5,https://s3.twcstorage.ru/35ffc2ef-1e09-463d-a2c4-c183d5deb59a/prints/pp2/W5063311.webp
Силиконовые чехлы,iPhone 17 Pro,A:506332,W506332,ПП2,1186768667,3,https://s3.twcstorage.ru/35ffc2ef-1e09-463d-a2c4-c183d5deb59a/prints/pp2/W5063321.webp
Объемные матовые чехлы коричневые,iPhone 17 Pro,A:506333,W5063331,ПП2,1157029876,34,https://s3.twcstorage.ru/35ffc2ef-1e09-463d-a2c4-c183d5deb59a/prints/pp2/W5063331.webp
Объемные матовые чехлы черные,iPhone 17 Pro,A:506334,W5063341,ПП2,1157982536,1,https://s3.twcstorage.ru/35ffc2ef-1e09-463d-a2c4-c183d5deb59a/prints/pp2/W5063341.webp
Объемные матовые чехлы черные,iPhone 17 Pro,A:506335,W5063351,ПП2,1158002678,4,https://s3.twcstorage.ru/35ffc2ef-1e09-463d-a2c4-c183d5deb59a/prints/pp2/W5063351.webp
Объемные матовые чехлы молочные,iPhone 17 Pro,A:506336,W506336,ПП2,1155259696,3,https://s3.twcstorage.ru/35ffc2ef-1e09-463d-a2c4-c183d5deb59a/prints/pp2/W5063361.webp
Силиконовые чехлы,iPhone 17 Pro,A:506337,W506337,ПП2,1186766055,28,https://s3.twcstorage.ru/35ffc2ef-1e09-463d-a2c4-c183d5deb59a/prints/pp2/W5063371.webp
Объемные матовые чехлы черные,iPhone 17 Pro,A:506338,W5063381,ПП2,1158049679,6,https://s3.twcstorage.ru/35ffc2ef-1e09-463d-a2c4-c183d5deb59a/prints/pp2/W5063381.webp
Силиконовые чехлы,iPhone 17 Pro,A:506339,W506339,ПП2,1186724472,13,https://s3.twcstorage.ru/35ffc2ef-1e09-463d-a2c4-c183d5deb59a/prints/pp2/W5063391.webp
Объемные матовые чехлы бордовые,iPhone 17 Pro,A:506340,W5063401,ПП2,1179515459,2,https://s3.twcstorage.ru/35ffc2ef-1e09-463d-a2c4-c183d5deb59a/prints/pp2/W5063401.webp
Белые софт-тач,iPhone 17 Pro,A:506341,W506341,ПП2,1164338922,78,https://s3.twcstorage.ru/35ffc2ef-1e09-463d-a2c4-c183d5deb59a/prints/pp2/W5063411.webp
Объемные матовые чехлы светло-розовые,iPhone 17 Pro,A:506343,W506343,ПП2,1152734493,13,https://s3.twcstorage.ru/35ffc2ef-1e09-463d-a2c4-c183d5deb59a/prints/pp2/W5063431.webp
Силиконовые чехлы,iPhone 17 Pro,A:506344,W506344,ПП2,1186658297,57,https://s3.twcstorage.ru/35ffc2ef-1e09-463d-a2c4-c183d5deb59a/prints/pp2/W5063441.webp
Объемные матовые чехлы черные,iPhone 17 Pro,A:506346,W506346,ПП2,1157778601,53,https://s3.twcstorage.ru/35ffc2ef-1e09-463d-a2c4-c183d5deb59a/prints/pp2/W506346.webp
Объемные матовые чехлы черные,iPhone 17 Pro,A:506347,W5063471,ПП2,1158119214,29,https://s3.twcstorage.ru/35ffc2ef-1e09-463d-a2c4-c183d5deb59a/prints/pp2/W5063471.webp
Объемные матовые чехлы коричневые,iPhone 17 Pro,A:506348,W506348,ПП2,1156786597,51,https://s3.twcstorage.ru/35ffc2ef-1e09-463d-a2c4-c183d5deb59a/prints/pp2/W506348.webp
Матовые цветные чехлы для печати,iPhone 17 Pro,A:506349,W506349,ПП2,1185418978,35,https://s3.twcstorage.ru/35ffc2ef-1e09-463d-a2c4-c183d5deb59a/prints/pp2/W506349.webp
Матовые цветные чехлы для печати,iPhone 17 Pro,A:506353,W5063531,ПП2,1185832514,53,https://s3.twcstorage.ru/35ffc2ef-1e09-463d-a2c4-c183d5deb59a/prints/pp2/W5063531.webp
Силиконовые чехлы,iPhone 17 Pro,A:506361,W506361,ПП2,1186754603,30,https://s3.twcstorage.ru/35ffc2ef-1e09-463d-a2c4-c183d5deb59a/prints/pp2/W506361.webp
Объемные матовые чехлы бордовые,iPhone 17 Pro,A:506363,W506363,ПП2,1153093498,29,https://s3.twcstorage.ru/35ffc2ef-1e09-463d-a2c4-c183d5deb59a/prints/pp2/W506363.webp
Силиконовые чехлы,iPhone 17 Pro,A:506364,W506364,ПП2,1186430469,44,https://s3.twcstorage.ru/35ffc2ef-1e09-463d-a2c4-c183d5deb59a/prints/pp2/W506364.webp
Объемные матовые чехлы черные,iPhone 17 Pro,A:506368,W506368,ПП2,1157833468,1000000,https://s3.twcstorage.ru/35ffc2ef-1e09-463d-a2c4-c183d5deb59a/prints/pp2/W506368.webp
Силиконовые чехлы,iPhone 17 Pro,A:506369,W506369,ПП2,1195523656,46,https://s3.twcstorage.ru/35ffc2ef-1e09-463d-a2c4-c183d5deb59a/prints/pp2/W506369.webp
Объемные матовые чехлы черные,iPhone 17 Pro,A:506370,W506370,ПП2,1157860424,38,https://s3.twcstorage.ru/35ffc2ef-1e09-463d-a2c4-c183d5deb59a/prints/pp2/W506370.webp
Объемные матовые чехлы черные,iPhone 17 Pro,A:506371,W506371,ПП2,1157867758,1000000,https://s3.twcstorage.ru/35ffc2ef-1e09-463d-a2c4-c183d5deb59a/prints/pp2/W506371.webp
Матовые цветные чехлы для печати,iPhone 17 Pro,A:506372,W506372,ПП2,1185638161,9,https://s3.twcstorage.ru/35ffc2ef-1e09-463d-a2c4-c183d5deb59a/prints/pp2/W506372.webp
Силиконовые чехлы,iPhone 17 Pro,A:506373,W506373,ПП2,1186779576,6,https://s3.twcstorage.ru/35ffc2ef-1e09-463d-a2c4-c183d5deb59a/prints/pp2/W506373.webp
Белые софт-тач,iPhone 17 Pro,A:506374,W506374,ПП2,1163953017,3,https://s3.twcstorage.ru/35ffc2ef-1e09-463d-a2c4-c183d5deb59a/prints/pp2/W506374.webp
Матовые цветные чехлы для печати,iPhone 17 Pro,A:506376,W506376,ПП2,1185412384,42,https://s3.twcstorage.ru/35ffc2ef-1e09-463d-a2c4-c183d5deb59a/prints/pp2/W506376.webp
Силиконовые чехлы,iPhone 17 Pro,A:506377,W506377,ПП2,1186769619,29,https://s3.twcstorage.ru/35ffc2ef-1e09-463d-a2c4-c183d5deb59a/prints/pp2/W506377.webp
Силиконовые чехлы,iPhone 17 Pro,A:506378,W506378,ПП2,1195548359,22,https://s3.twcstorage.ru/35ffc2ef-1e09-463d-a2c4-c183d5deb59a/prints/pp2/W506378.webp
Силиконовые чехлы,iPhone 17 Pro,A:506379,W506379,ПП2,1186683894,27,https://s3.twcstorage.ru/35ffc2ef-1e09-463d-a2c4-c183d5deb59a/prints/pp2/W506379.webp
Силиконовые чехлы,iPhone 17 Pro,A:506380,W506380,ПП2,1186547297,76,https://s3.twcstorage.ru/35ffc2ef-1e09-463d-a2c4-c183d5deb59a/prints/pp2/W506380.webp
Белые софт-тач,iPhone 17 Pro,A:506381,W506381,ПП2,1164095679,64,https://s3.twcstorage.ru/35ffc2ef-1e09-463d-a2c4-c183d5deb59a/prints/pp2/W506381.webp
Стеклянные чехлы,iPhone 17 Pro,A:506384,Q5063841,ПП2,1186850223,1,https://s3.twcstorage.ru/35ffc2ef-1e09-463d-a2c4-c183d5deb59a/prints/pp2/Q5063841.webp
Белые софт-тач,iPhone 17 Pro Max,A:501930,W501930,ПП2,726669576,65,https://s3.twcstorage.ru/35ffc2ef-1e09-463d-a2c4-c183d5deb59a/prints/pp2/W501930.webp
Матовые цветные чехлы для печати,iPhone 17 Pro Max,A:501933,W501933,ПП2,726800476,85,https://s3.twcstorage.ru/35ffc2ef-1e09-463d-a2c4-c183d5deb59a/prints/pp2/W501933.webp
Белые софт-тач,iPhone 17 Pro Max,A:501934,W501934,ПП2,726582390,68,https://s3.twcstorage.ru/35ffc2ef-1e09-463d-a2c4-c183d5deb59a/prints/pp2/W501934.webp
Белые софт-тач,iPhone 17 Pro Max,A:501935,W501935,ПП2,726593412,69,https://s3.twcstorage.ru/35ffc2ef-1e09-463d-a2c4-c183d5deb59a/prints/pp2/W501935.webp
Силиконовые чехлы,iPhone 17 Pro Max,A:501940,C501940,ПП2,727196137,117,https://s3.twcstorage.ru/35ffc2ef-1e09-463d-a2c4-c183d5deb59a/prints/pp2/W501940.webp
Силиконовые чехлы,iPhone 17 Pro Max,A:501944,C501944,ПП2,727271622,85,https://s3.twcstorage.ru/35ffc2ef-1e09-463d-a2c4-c183d5deb59a/prints/pp2/S501944.webp
Объемные матовые чехлы светло-розовые,iPhone 17 Pro Max,A:501945,W501945,ПП2,1152676407,38,https://s3.twcstorage.ru/35ffc2ef-1e09-463d-a2c4-c183d5deb59a/prints/pp2/W501945.webp
Силиконовые чехлы,iPhone 17 Pro Max,A:501946,W501946,ПП2,727000679,121,https://s3.twcstorage.ru/35ffc2ef-1e09-463d-a2c4-c183d5deb59a/prints/pp2/W501946.webp
Объемные матовые чехлы коричневые,iPhone 17 Pro Max,A:501947,W501947,ПП2,1156361022,11,https://s3.twcstorage.ru/35ffc2ef-1e09-463d-a2c4-c183d5deb59a/prints/pp2/W501947.webp
Силиконовые чехлы,iPhone 17 Pro Max,A:501949,C501949,ПП2,726905712,19,https://s3.twcstorage.ru/35ffc2ef-1e09-463d-a2c4-c183d5deb59a/prints/pp2/W501949.webp
Белые софт-тач,iPhone 17 Pro Max,A:501950,W501950,ПП2,726584613,28,https://s3.twcstorage.ru/35ffc2ef-1e09-463d-a2c4-c183d5deb59a/prints/pp2/W501950.webp
Объемные матовые чехлы коричневые,iPhone 17 Pro Max,A:501951,W501951,ПП2,1156444064,7,https://s3.twcstorage.ru/35ffc2ef-1e09-463d-a2c4-c183d5deb59a/prints/pp2/W501951.webp
Объемные матовые чехлы коричневые,iPhone 17 Pro Max,A:501952,W501952,ПП2,1054669724,41,https://s3.twcstorage.ru/35ffc2ef-1e09-463d-a2c4-c183d5deb59a/prints/pp2/W501952.webp
Силиконовые чехлы,iPhone 17 Pro Max,A:501953,W501953,ПП2,727280606,98,https://s3.twcstorage.ru/35ffc2ef-1e09-463d-a2c4-c183d5deb59a/prints/pp2/W501953.webp
Объемные матовые чехлы бордовые,iPhone 17 Pro Max,A:501955,W501955,ПП2,1152946593,24,https://s3.twcstorage.ru/35ffc2ef-1e09-463d-a2c4-c183d5deb59a/prints/pp2/W501955.webp
Матовые цветные чехлы для печати,iPhone 17 Pro Max,A:501956,W501956,ПП2,726826376,1000000,https://s3.twcstorage.ru/35ffc2ef-1e09-463d-a2c4-c183d5deb59a/prints/pp2/W501956.webp
Матовые цветные чехлы для печати,iPhone 17 Pro Max,A:501957,W501957,ПП2,726827939,17,https://s3.twcstorage.ru/35ffc2ef-1e09-463d-a2c4-c183d5deb59a/prints/pp2/W501957.webp
Матовые цветные чехлы для печати,iPhone 17 Pro Max,A:501958,W501958,ПП2,726830017,65,https://s3.twcstorage.ru/35ffc2ef-1e09-463d-a2c4-c183d5deb59a/prints/pp2/W501958.webp
Белые софт-тач,iPhone 17 Pro Max,A:501960,W501960,ПП2,726672386,38,https://s3.twcstorage.ru/35ffc2ef-1e09-463d-a2c4-c183d5deb59a/prints/pp2/W501960.webp
Белые софт-тач,iPhone 17 Pro Max,A:501961,W501961,ПП2,726673610,12,https://s3.twcstorage.ru/35ffc2ef-1e09-463d-a2c4-c183d5deb59a/prints/pp2/W501961.webp
Белые софт-тач,iPhone 17 Pro Max,A:501962,W501962,ПП2,726674848,13,https://s3.twcstorage.ru/35ffc2ef-1e09-463d-a2c4-c183d5deb59a/prints/pp2/W501962.webp
Силиконовые чехлы,iPhone 17 Pro Max,A:501963,Q501963,ПП2,726944766,77,https://s3.twcstorage.ru/35ffc2ef-1e09-463d-a2c4-c183d5deb59a/prints/pp2/Q5019631.webp
Силиконовые чехлы,iPhone 17 Pro Max,A:501975,Q501975,ПП2,727797588,100,https://s3.twcstorage.ru/35ffc2ef-1e09-463d-a2c4-c183d5deb59a/prints/pp2/Q501975.webp
Объемные матовые чехлы бордовые,iPhone 17 Pro Max,A:501976,Q501976,ПП2,1179923756,1000000,https://s3.twcstorage.ru/35ffc2ef-1e09-463d-a2c4-c183d5deb59a/prints/pp2/Q501976.webp
Объемные матовые чехлы светло-розовые,iPhone 17 Pro Max,A:501978,Q501978,ПП2,1152721110,2,https://s3.twcstorage.ru/35ffc2ef-1e09-463d-a2c4-c183d5deb59a/prints/pp2/Q5019781.webp
Стеклянные чехлы,iPhone 17 Pro Max,A:501979,Q5019791,ПП2,727507235,6,https://s3.twcstorage.ru/35ffc2ef-1e09-463d-a2c4-c183d5deb59a/prints/pp2/Q5019791.webp
Стеклянные чехлы,iPhone 17 Pro Max,A:501980,Q5019801,ПП2,727506395,2,https://s3.twcstorage.ru/35ffc2ef-1e09-463d-a2c4-c183d5deb59a/prints/pp2/Q5019801.webp
Силиконовые чехлы,iPhone 17 Pro Max,A:501983,Q501983,ПП2,727855174,71,https://s3.twcstorage.ru/35ffc2ef-1e09-463d-a2c4-c183d5deb59a/prints/pp2/Y501983.webp
Силиконовые чехлы,iPhone 17 Pro Max,A:501987,Q501987,ПП2,727810161,1000000,https://s3.twcstorage.ru/35ffc2ef-1e09-463d-a2c4-c183d5deb59a/prints/pp2/Y501987.webp
Силиконовые чехлы,iPhone 17 Pro Max,A:501988,Q501988,ПП2,727513592,128,https://s3.twcstorage.ru/35ffc2ef-1e09-463d-a2c4-c183d5deb59a/prints/pp2/Y501988.webp
Силиконовые чехлы,iPhone 17 Pro Max,A:501989,Q501989,ПП2,727516316,1000000,https://s3.twcstorage.ru/35ffc2ef-1e09-463d-a2c4-c183d5deb59a/prints/pp2/Y501989.webp
Силиконовые чехлы,iPhone 17 Pro Max,A:501990,Q501990,ПП2,727812892,63,https://s3.twcstorage.ru/35ffc2ef-1e09-463d-a2c4-c183d5deb59a/prints/pp2/Y501990.webp
Стеклянные чехлы,iPhone 17 Pro Max,A:501993,Q5019931,ПП2,727504362,4,https://s3.twcstorage.ru/35ffc2ef-1e09-463d-a2c4-c183d5deb59a/prints/pp2/Q5019931.webp
Силиконовые чехлы,iPhone 17 Pro Max,A:501997,W501997,ПП2,727827148,102,https://s3.twcstorage.ru/35ffc2ef-1e09-463d-a2c4-c183d5deb59a/prints/pp2/Y501997.webp
Силиконовые чехлы,iPhone 17 Pro Max,A:502001,W502001,ПП2,727284886,1000000,https://s3.twcstorage.ru/35ffc2ef-1e09-463d-a2c4-c183d5deb59a/prints/pp2/W502001.webp
Белые софт-тач,iPhone 17 Pro Max,A:502002,W502002,ПП2,726600417,1000000,https://s3.twcstorage.ru/35ffc2ef-1e09-463d-a2c4-c183d5deb59a/prints/pp2/W502002.webp
Объемные матовые чехлы черные,iPhone 17 Pro Max,A:502003,W502003,ПП2,1157567575,13,https://s3.twcstorage.ru/35ffc2ef-1e09-463d-a2c4-c183d5deb59a/prints/pp2/W502003.webp
Объемные матовые чехлы коричневые,iPhone 17 Pro Max,A:502005,W502005,ПП2,1156332308,12,https://s3.twcstorage.ru/35ffc2ef-1e09-463d-a2c4-c183d5deb59a/prints/pp2/W502005.webp
Объемные матовые чехлы коричневые,iPhone 17 Pro Max,A:502006,W502006,ПП2,1156394392,22,https://s3.twcstorage.ru/35ffc2ef-1e09-463d-a2c4-c183d5deb59a/prints/pp2/W502006.webp
Объемные матовые чехлы коричневые,iPhone 17 Pro Max,A:502007,W502007,ПП2,1156458428,28,https://s3.twcstorage.ru/35ffc2ef-1e09-463d-a2c4-c183d5deb59a/prints/pp2/W502007.webp
Объемные матовые чехлы коричневые,iPhone 17 Pro Max,A:502008,W502008,ПП2,1156410406,13,https://s3.twcstorage.ru/35ffc2ef-1e09-463d-a2c4-c183d5deb59a/prints/pp2/W502008.webp
Силиконовые чехлы,iPhone 17 Pro Max,A:502009,W502009,ПП2,727511752,8,https://s3.twcstorage.ru/35ffc2ef-1e09-463d-a2c4-c183d5deb59a/prints/pp2/W502009.webp
Силиконовые чехлы,iPhone 17 Pro Max,A:502010,W502010,ПП2,727230109,1,https://s3.twcstorage.ru/35ffc2ef-1e09-463d-a2c4-c183d5deb59a/prints/pp2/W502010.webp
Силиконовые чехлы,iPhone 17 Pro Max,A:502011,W502011,ПП2,727234500,58,https://s3.twcstorage.ru/35ffc2ef-1e09-463d-a2c4-c183d5deb59a/prints/pp2/W502011.webp
Матовые цветные чехлы для печати,iPhone 17 Pro Max,A:502012,W502012,ПП2,726852993,6,https://s3.twcstorage.ru/35ffc2ef-1e09-463d-a2c4-c183d5deb59a/prints/pp2/W502012.webp
Объемные матовые чехлы молочные,iPhone 17 Pro Max,A:502014,W502014,ПП2,1155725056,5,https://s3.twcstorage.ru/35ffc2ef-1e09-463d-a2c4-c183d5deb59a/prints/pp2/W502014.webp
Силиконовые чехлы,iPhone 17 Pro Max,A:502016,W502016,ПП2,727821085,130,https://s3.twcstorage.ru/35ffc2ef-1e09-463d-a2c4-c183d5deb59a/prints/pp2/W502016.webp
Силиконовые чехлы,iPhone 17 Pro Max,A:502019,W502019,ПП2,727214289,131,https://s3.twcstorage.ru/35ffc2ef-1e09-463d-a2c4-c183d5deb59a/prints/pp2/W502019.webp
Силиконовые чехлы,iPhone 17 Pro Max,A:502021,W502021,ПП2,727571643,1000000,https://s3.twcstorage.ru/35ffc2ef-1e09-463d-a2c4-c183d5deb59a/prints/pp2/Y502021.webp
Матовые цветные чехлы для печати,iPhone 17 Pro Max,A:502023,W502023,ПП2,726866981,56,https://s3.twcstorage.ru/35ffc2ef-1e09-463d-a2c4-c183d5deb59a/prints/pp2/W502023.webp
Силиконовые чехлы,iPhone 17 Pro Max,A:502024,W502024,ПП2,727524461,134,https://s3.twcstorage.ru/35ffc2ef-1e09-463d-a2c4-c183d5deb59a/prints/pp2/W502024.webp
Силиконовые чехлы,iPhone 17 Pro Max,A:502025,W502025,ПП2,727525676,65,https://s3.twcstorage.ru/35ffc2ef-1e09-463d-a2c4-c183d5deb59a/prints/pp2/W502025.webp
Силиконовые чехлы,iPhone 17 Pro Max,A:502026,W502026,ПП2,727541190,73,https://s3.twcstorage.ru/35ffc2ef-1e09-463d-a2c4-c183d5deb59a/prints/pp2/W502026.webp
Матовые цветные чехлы для печати,iPhone 17 Pro Max,A:502027,W502027,ПП2,726879009,1000000,https://s3.twcstorage.ru/35ffc2ef-1e09-463d-a2c4-c183d5deb59a/prints/pp2/W502027.webp
Силиконовые чехлы,iPhone 17 Pro Max,A:502028,W502028,ПП2,727548367,90,https://s3.twcstorage.ru/35ffc2ef-1e09-463d-a2c4-c183d5deb59a/prints/pp2/W502028.webp
Объемные матовые чехлы черные,iPhone 17 Pro Max,A:502029,W502029,ПП2,1157577107,2,https://s3.twcstorage.ru/35ffc2ef-1e09-463d-a2c4-c183d5deb59a/prints/pp2/W502029.webp
Матовые цветные чехлы для печати,iPhone 17 Pro Max,A:502030,W502030,ПП2,726856165,20,https://s3.twcstorage.ru/35ffc2ef-1e09-463d-a2c4-c183d5deb59a/prints/pp2/W502030.webp
Силиконовые чехлы,iPhone 17 Pro Max,A:502031,W502031,ПП2,727051460,52,https://s3.twcstorage.ru/35ffc2ef-1e09-463d-a2c4-c183d5deb59a/prints/pp2/W502031.webp
Объемные матовые чехлы коричневые,iPhone 17 Pro Max,A:502032,W502032,ПП2,1156550002,1,https://s3.twcstorage.ru/35ffc2ef-1e09-463d-a2c4-c183d5deb59a/prints/pp2/W502032.webp
Белые софт-тач,iPhone 17 Pro Max,A:502033,W502033,ПП2,726638405,10,https://s3.twcstorage.ru/35ffc2ef-1e09-463d-a2c4-c183d5deb59a/prints/pp2/W502033.webp
Матовые цветные чехлы для печати,iPhone 17 Pro Max,A:502034,W502034,ПП2,726836607,49,https://s3.twcstorage.ru/35ffc2ef-1e09-463d-a2c4-c183d5deb59a/prints/pp2/W502034.webp
Объемные матовые чехлы бордовые,iPhone 17 Pro Max,A:502035,W502035,ПП2,1152951997,4,https://s3.twcstorage.ru/35ffc2ef-1e09-463d-a2c4-c183d5deb59a/prints/pp2/W502035.webp
Объемные матовые чехлы светло-розовые,iPhone 17 Pro Max,A:502036,W502036,ПП2,1152705846,4,https://s3.twcstorage.ru/35ffc2ef-1e09-463d-a2c4-c183d5deb59a/prints/pp2/W502036.webp
Силиконовые чехлы,iPhone 17 Pro Max,A:502037,W502037,ПП2,727054822,38,https://s3.twcstorage.ru/35ffc2ef-1e09-463d-a2c4-c183d5deb59a/prints/pp2/W502037.webp
Белые софт-тач,iPhone 17 Pro Max,A:502044,W502044,ПП2,726623267,61,https://s3.twcstorage.ru/35ffc2ef-1e09-463d-a2c4-c183d5deb59a/prints/pp2/W502044.webp
Белые софт-тач,iPhone 17 Pro Max,A:502047,W502047,ПП2,726572165,32,https://s3.twcstorage.ru/35ffc2ef-1e09-463d-a2c4-c183d5deb59a/prints/pp2/W502047.webp
Объемные матовые чехлы бордовые,iPhone 17 Pro Max,A:502048,W502048,ПП2,1153033247,15,https://s3.twcstorage.ru/35ffc2ef-1e09-463d-a2c4-c183d5deb59a/prints/pp2/Y502048.webp
Силиконовые чехлы,iPhone 17 Pro Max,A:502049,W502049,ПП2,726992686,40,https://s3.twcstorage.ru/35ffc2ef-1e09-463d-a2c4-c183d5deb59a/prints/pp2/Y502049.webp
Белые софт-тач,iPhone 17 Pro Max,A:502050,W502050,ПП2,726659093,40,https://s3.twcstorage.ru/35ffc2ef-1e09-463d-a2c4-c183d5deb59a/prints/pp2/Y502050.webp
Объемные матовые чехлы коричневые,iPhone 17 Pro Max,A:502052,W502052,ПП2,1156491700,2,https://s3.twcstorage.ru/35ffc2ef-1e09-463d-a2c4-c183d5deb59a/prints/pp2/W502052.webp
Объемные матовые чехлы молочные,iPhone 17 Pro Max,A:502053,W502053,ПП2,1155050727,1,https://s3.twcstorage.ru/35ffc2ef-1e09-463d-a2c4-c183d5deb59a/prints/pp2/W502053.webp
Объемные матовые чехлы светло-розовые,iPhone 17 Pro Max,A:502054,W502054,ПП2,1152703312,51,https://s3.twcstorage.ru/35ffc2ef-1e09-463d-a2c4-c183d5deb59a/prints/pp2/W502054.webp
Силиконовые чехлы,iPhone 17 Pro Max,A:502055,W502055,ПП2,727008388,91,https://s3.twcstorage.ru/35ffc2ef-1e09-463d-a2c4-c183d5deb59a/prints/pp2/W502055.webp
Силиконовые чехлы,iPhone 17 Pro Max,A:502056,W502056,ПП2,727013406,106,https://s3.twcstorage.ru/35ffc2ef-1e09-463d-a2c4-c183d5deb59a/prints/pp2/W502056.webp
Белые софт-тач,iPhone 17 Pro Max,A:502057,W502057,ПП2,726577261,26,https://s3.twcstorage.ru/35ffc2ef-1e09-463d-a2c4-c183d5deb59a/prints/pp2/W502057.webp
Белые софт-тач,iPhone 17 Pro Max,A:502059,W502059,ПП2,726617980,22,https://s3.twcstorage.ru/35ffc2ef-1e09-463d-a2c4-c183d5deb59a/prints/pp2/W502059.webp
Матовые цветные чехлы для печати,iPhone 17 Pro Max,A:502062,W502062,ПП2,726776158,97,https://s3.twcstorage.ru/35ffc2ef-1e09-463d-a2c4-c183d5deb59a/prints/pp2/W502062.webp
Объемные матовые чехлы черные,iPhone 17 Pro Max,A:502063,W502063,ПП2,1157333783,1000000,https://s3.twcstorage.ru/35ffc2ef-1e09-463d-a2c4-c183d5deb59a/prints/pp2/W502063.webp
Объемные матовые чехлы черные,iPhone 17 Pro Max,A:502065,W502065,ПП2,1157639960,14,https://s3.twcstorage.ru/35ffc2ef-1e09-463d-a2c4-c183d5deb59a/prints/pp2/W502065.webp
Силиконовые чехлы,iPhone 17 Pro Max,A:502066,W502066,ПП2,727061479,1000000,https://s3.twcstorage.ru/35ffc2ef-1e09-463d-a2c4-c183d5deb59a/prints/pp2/W502066.webp
Белые софт-тач,iPhone 17 Pro Max,A:502067,W502067,ПП2,726574669,63,https://s3.twcstorage.ru/35ffc2ef-1e09-463d-a2c4-c183d5deb59a/prints/pp2/W5020671.webp
Силиконовые чехлы,iPhone 17 Pro Max,A:502068,W502068,ПП2,726937345,1000000,https://s3.twcstorage.ru/35ffc2ef-1e09-463d-a2c4-c183d5deb59a/prints/pp2/W502068.webp
Силиконовые чехлы,iPhone 17 Pro Max,A:502069,W502069,ПП2,726943107,11,https://s3.twcstorage.ru/35ffc2ef-1e09-463d-a2c4-c183d5deb59a/prints/pp2/W502069.webp
Матовые цветные чехлы для печати,iPhone 17 Pro Max,A:506329,W5063291,ПП2,1185604914,7,https://s3.twcstorage.ru/35ffc2ef-1e09-463d-a2c4-c183d5deb59a/prints/pp2/W5063291.webp
Матовые цветные чехлы для печати,iPhone 17 Pro Max,A:506330,W5063301,ПП2,1185374213,3,https://s3.twcstorage.ru/35ffc2ef-1e09-463d-a2c4-c183d5deb59a/prints/pp2/W5063301.webp
Белые софт-тач,iPhone 17 Pro Max,A:506331,W506331,ПП2,1164158340,5,https://s3.twcstorage.ru/35ffc2ef-1e09-463d-a2c4-c183d5deb59a/prints/pp2/W5063311.webp
Матовые цветные чехлы для печати,iPhone 17 Pro Max,A:506332,W5063321,ПП2,1189277616,2,https://s3.twcstorage.ru/35ffc2ef-1e09-463d-a2c4-c183d5deb59a/prints/pp2/W5063321.webp
Матовые цветные чехлы для печати,iPhone 17 Pro Max,A:506333,W5063331,ПП2,1185836329,25,https://s3.twcstorage.ru/35ffc2ef-1e09-463d-a2c4-c183d5deb59a/prints/pp2/W5063331.webp
Матовые цветные чехлы для печати,iPhone 17 Pro Max,A:506334,W5063341,ПП2,1185676279,1,https://s3.twcstorage.ru/35ffc2ef-1e09-463d-a2c4-c183d5deb59a/prints/pp2/W5063341.webp
Объемные матовые чехлы черные,iPhone 17 Pro Max,A:506335,W5063351,ПП2,1158004329,4,https://s3.twcstorage.ru/35ffc2ef-1e09-463d-a2c4-c183d5deb59a/prints/pp2/W5063351.webp
Объемные матовые чехлы молочные,iPhone 17 Pro Max,A:506336,W506336,ПП2,1155255265,3,https://s3.twcstorage.ru/35ffc2ef-1e09-463d-a2c4-c183d5deb59a/prints/pp2/W5063361.webp
Объемные матовые чехлы молочные,iPhone 17 Pro Max,A:506337,W506337,ПП2,1155271449,9,https://s3.twcstorage.ru/35ffc2ef-1e09-463d-a2c4-c183d5deb59a/prints/pp2/W5063371.webp
Объемные матовые чехлы черные,iPhone 17 Pro Max,A:506338,W5063381,ПП2,1158052086,6,https://s3.twcstorage.ru/35ffc2ef-1e09-463d-a2c4-c183d5deb59a/prints/pp2/W5063381.webp
Матовые цветные чехлы для печати,iPhone 17 Pro Max,A:506339,W5063391,ПП2,1185477254,8,https://s3.twcstorage.ru/35ffc2ef-1e09-463d-a2c4-c183d5deb59a/prints/pp2/W5063391.webp
Белые софт-тач,iPhone 17 Pro Max,A:506340,W506340,ПП2,1164325554,4,https://s3.twcstorage.ru/35ffc2ef-1e09-463d-a2c4-c183d5deb59a/prints/pp2/W5063401.webp
Силиконовые чехлы,iPhone 17 Pro Max,A:506343,W506343,ПП2,1186781893,110,https://s3.twcstorage.ru/35ffc2ef-1e09-463d-a2c4-c183d5deb59a/prints/pp2/W5063431.webp
Матовые цветные чехлы для печати,iPhone 17 Pro Max,A:506344,W5063441,ПП2,1185643592,51,https://s3.twcstorage.ru/35ffc2ef-1e09-463d-a2c4-c183d5deb59a/prints/pp2/W5063441.webp
Матовые цветные чехлы для печати,iPhone 17 Pro Max,A:506346,W506346,ПП2,1185799329,19,https://s3.twcstorage.ru/35ffc2ef-1e09-463d-a2c4-c183d5deb59a/prints/pp2/W506346.webp
Силиконовые чехлы,iPhone 17 Pro Max,A:506348,W506348,ПП2,1186712366,83,https://s3.twcstorage.ru/35ffc2ef-1e09-463d-a2c4-c183d5deb59a/prints/pp2/W506348.webp
Силиконовые чехлы,iPhone 17 Pro Max,A:506349,W506349,ПП2,1186704794,111,https://s3.twcstorage.ru/35ffc2ef-1e09-463d-a2c4-c183d5deb59a/prints/pp2/W506349.webp
Матовые цветные чехлы для печати,iPhone 17 Pro Max,A:506351,W5063511,ПП2,1185486503,37,https://s3.twcstorage.ru/35ffc2ef-1e09-463d-a2c4-c183d5deb59a/prints/pp2/W5063511.webp
Силиконовые чехлы,iPhone 17 Pro Max,A:506358,W506358,ПП2,1186669663,113,https://s3.twcstorage.ru/35ffc2ef-1e09-463d-a2c4-c183d5deb59a/prints/pp2/W5063581.webp
Силиконовые чехлы,iPhone 17 Pro Max,A:506360,W506360,ПП2,1186758370,59,https://s3.twcstorage.ru/35ffc2ef-1e09-463d-a2c4-c183d5deb59a/prints/pp2/W5063601.webp
Силиконовые чехлы,iPhone 17 Pro Max,A:506361,W506361,ПП2,1186763218,30,https://s3.twcstorage.ru/35ffc2ef-1e09-463d-a2c4-c183d5deb59a/prints/pp2/W506361.webp
Силиконовые чехлы,iPhone 17 Pro Max,A:506363,W506363,ПП2,1186760671,67,https://s3.twcstorage.ru/35ffc2ef-1e09-463d-a2c4-c183d5deb59a/prints/pp2/W506363.webp
Объемные матовые чехлы коричневые,iPhone 17 Pro Max,A:506364,W506364,ПП2,1156866504,15,https://s3.twcstorage.ru/35ffc2ef-1e09-463d-a2c4-c183d5deb59a/prints/pp2/W506364.webp
Объемные матовые чехлы светло-розовые,iPhone 17 Pro Max,A:506367,W506367,ПП2,1152742668,57,https://s3.twcstorage.ru/35ffc2ef-1e09-463d-a2c4-c183d5deb59a/prints/pp2/W506367.webp
Силиконовые чехлы,iPhone 17 Pro Max,A:506369,W506369,ПП2,1186704700,46,https://s3.twcstorage.ru/35ffc2ef-1e09-463d-a2c4-c183d5deb59a/prints/pp2/W506369.webp
Белые софт-тач,iPhone 17 Pro Max,A:506370,W506370,ПП2,1163875355,35,https://s3.twcstorage.ru/35ffc2ef-1e09-463d-a2c4-c183d5deb59a/prints/pp2/W506370.webp
Объемные матовые чехлы черные,iPhone 17 Pro Max,A:506371,W506371,ПП2,1157869610,1000000,https://s3.twcstorage.ru/35ffc2ef-1e09-463d-a2c4-c183d5deb59a/prints/pp2/W506371.webp
Матовые цветные чехлы для печати,iPhone 17 Pro Max,A:506372,W506372,ПП2,1185830948,9,https://s3.twcstorage.ru/35ffc2ef-1e09-463d-a2c4-c183d5deb59a/prints/pp2/W506372.webp
Силиконовые чехлы,iPhone 17 Pro Max,A:506373,W506373,ПП2,1186720742,6,https://s3.twcstorage.ru/35ffc2ef-1e09-463d-a2c4-c183d5deb59a/prints/pp2/W506373.webp
Белые софт-тач,iPhone 17 Pro Max,A:506374,W506374,ПП2,1163959033,3,https://s3.twcstorage.ru/35ffc2ef-1e09-463d-a2c4-c183d5deb59a/prints/pp2/W506374.webp
Силиконовые чехлы,iPhone 17 Pro Max,A:506375,W506375,ПП2,1186509723,31,https://s3.twcstorage.ru/35ffc2ef-1e09-463d-a2c4-c183d5deb59a/prints/pp2/W506375.webp
Силиконовые чехлы,iPhone 17 Pro Max,A:506376,W506376,ПП2,1186760529,53,https://s3.twcstorage.ru/35ffc2ef-1e09-463d-a2c4-c183d5deb59a/prints/pp2/W506376.webp
Матовые цветные чехлы для печати,iPhone 17 Pro Max,A:506377,W506377,ПП2,1185678878,21,https://s3.twcstorage.ru/35ffc2ef-1e09-463d-a2c4-c183d5deb59a/prints/pp2/W506377.webp
Силиконовые чехлы,iPhone 17 Pro Max,A:506379,W506379,ПП2,1186693149,27,https://s3.twcstorage.ru/35ffc2ef-1e09-463d-a2c4-c183d5deb59a/prints/pp2/W506379.webp
Силиконовые чехлы,iPhone 17 Pro Max,A:506380,W506380,ПП2,1186547011,76,https://s3.twcstorage.ru/35ffc2ef-1e09-463d-a2c4-c183d5deb59a/prints/pp2/W506380.webp
Объемные матовые чехлы коричневые,iPhone 17 Pro Max,A:506383,Q506383,ПП2,1157168840,1000000,https://s3.twcstorage.ru/35ffc2ef-1e09-463d-a2c4-c183d5deb59a/prints/pp2/Q5063831.webp
Объемные матовые чехлы светло-розовые,iPhone 17 Pro Max,A:506384,Q506384,ПП2,1152724781,1,https://s3.twcstorage.ru/35ffc2ef-1e09-463d-a2c4-c183d5deb59a/prints/pp2/Q5063841.webp
Силиконовые чехлы,iPhone 4/4s,A:501965,Q501965,ПП2,933664561,86,https://s3.twcstorage.ru/35ffc2ef-1e09-463d-a2c4-c183d5deb59a/prints/pp2/Q5019651.webp
Силиконовые чехлы,iPhone 4/4s,A:501979,Q501979,ПП2,933652560,48,https://s3.twcstorage.ru/35ffc2ef-1e09-463d-a2c4-c183d5deb59a/prints/pp2/Q5019791.webp
Силиконовые чехлы,iPhone 4/4s,A:501982,Q501982,ПП2,933661928,1000000,https://s3.twcstorage.ru/35ffc2ef-1e09-463d-a2c4-c183d5deb59a/prints/pp2/Y501982.webp
Силиконовые чехлы,iPhone 4/4s,A:502062,W502062,ПП2,933667388,1000000,https://s3.twcstorage.ru/35ffc2ef-1e09-463d-a2c4-c183d5deb59a/prints/pp2/W502062.webp
Чехол с вкладышем,iPhone 5/5s/SE,A:501947,W501947,ПП2,994421233,1000000,https://s3.twcstorage.ru/35ffc2ef-1e09-463d-a2c4-c183d5deb59a/prints/pp2/W501947.webp
Силиконовые чехлы,iPhone 5/5s/SE,A:501983,Q501983,ПП2,727856446,71,https://s3.twcstorage.ru/35ffc2ef-1e09-463d-a2c4-c183d5deb59a/prints/pp2/Y501983.webp
Чехол с вкладышем,iPhone 5/5s/SE,A:502004,W502004,ПП2,994421629,1000000,https://s3.twcstorage.ru/35ffc2ef-1e09-463d-a2c4-c183d5deb59a/prints/pp2/W502004.webp
Чехол с вкладышем,iPhone 5/5s/SE,A:502061,W502061,ПП2,994423868,1000000,https://s3.twcstorage.ru/35ffc2ef-1e09-463d-a2c4-c183d5deb59a/prints/pp2/Y502061.webp
Матовые цветные чехлы для печати,iPhone 5/5s/SE,A:502069,W502069,ПП2,726800291,31,https://s3.twcstorage.ru/35ffc2ef-1e09-463d-a2c4-c183d5deb59a/prints/pp2/W502069.webp
Силиконовые чехлы,iPhone 5/5s/SE,A:506340,W506340,ПП2,1186758190,5,https://s3.twcstorage.ru/35ffc2ef-1e09-463d-a2c4-c183d5deb59a/prints/pp2/W5063401.webp
Матовые цветные чехлы для печати,iPhone 5/5s/SE,A:506381,W506381,ПП2,1185788981,14,https://s3.twcstorage.ru/35ffc2ef-1e09-463d-a2c4-c183d5deb59a/prints/pp2/W506381.webp
Силиконовые чехлы,iPhone 6/6S,A:501952,C501952,ПП2,727276286,1000000,https://s3.twcstorage.ru/35ffc2ef-1e09-463d-a2c4-c183d5deb59a/prints/pp2/W501952.webp
Силиконовые чехлы,iPhone 6/6S,A:501979,Q501979,ПП2,727780633,48,https://s3.twcstorage.ru/35ffc2ef-1e09-463d-a2c4-c183d5deb59a/prints/pp2/Q5019791.webp
Чёрные софт-тач,iPhone 7 Plus/8 Plus,A:501927,S501927,ПП2,727132046,1000000,https://s3.twcstorage.ru/35ffc2ef-1e09-463d-a2c4-c183d5deb59a/prints/pp2/W501927.webp
Чёрные софт-тач,iPhone 7 Plus/8 Plus,A:501931,S501931,ПП2,727079975,12,https://s3.twcstorage.ru/35ffc2ef-1e09-463d-a2c4-c183d5deb59a/prints/pp2/W501931.webp
Чёрные софт-тач,iPhone 7 Plus/8 Plus,A:501935,S501935,ПП2,727093179,1000000,https://s3.twcstorage.ru/35ffc2ef-1e09-463d-a2c4-c183d5deb59a/prints/pp2/W501935.webp
Чёрные софт-тач,iPhone 7 Plus/8 Plus,A:501946,S501946,ПП2,727096994,7,https://s3.twcstorage.ru/35ffc2ef-1e09-463d-a2c4-c183d5deb59a/prints/pp2/W501946.webp
Чёрные софт-тач,iPhone 7 Plus/8 Plus,A:501953,S501953,ПП2,727114502,1000000,https://s3.twcstorage.ru/35ffc2ef-1e09-463d-a2c4-c183d5deb59a/prints/pp2/W501953.webp
Чёрные софт-тач,iPhone 7 Plus/8 Plus,A:501957,S501957,ПП2,727124392,3,https://s3.twcstorage.ru/35ffc2ef-1e09-463d-a2c4-c183d5deb59a/prints/pp2/W501957.webp
Силиконовые чехлы,iPhone 7 Plus/8 Plus,A:501980,Q501980,ПП2,727208542,4,https://s3.twcstorage.ru/35ffc2ef-1e09-463d-a2c4-c183d5deb59a/prints/pp2/Q5019801.webp
Силиконовые чехлы,iPhone 7 Plus/8 Plus,A:501993,Q501993,ПП2,727181723,37,https://s3.twcstorage.ru/35ffc2ef-1e09-463d-a2c4-c183d5deb59a/prints/pp2/Q5019931.webp
Силиконовые чехлы,iPhone 7 Plus/8 Plus,A:502010,W502010,ПП2,727234536,1,https://s3.twcstorage.ru/35ffc2ef-1e09-463d-a2c4-c183d5deb59a/prints/pp2/W502010.webp
Силиконовые чехлы,iPhone 7 Plus/8 Plus,A:502014,W502014,ПП2,726983969,7,https://s3.twcstorage.ru/35ffc2ef-1e09-463d-a2c4-c183d5deb59a/prints/pp2/W502014.webp
Матовые цветные чехлы для печати,iPhone 7 Plus/8 Plus,A:502018,W502018,ПП2,726834576,48,https://s3.twcstorage.ru/35ffc2ef-1e09-463d-a2c4-c183d5deb59a/prints/pp2/W502018.webp
Матовые цветные чехлы для печати,iPhone 7 Plus/8 Plus,A:502029,W502029,ПП2,726885124,30,https://s3.twcstorage.ru/35ffc2ef-1e09-463d-a2c4-c183d5deb59a/prints/pp2/W502029.webp
Силиконовые чехлы,iPhone 7 Plus/8 Plus,A:502039,W502039,ПП2,727802778,34,https://s3.twcstorage.ru/35ffc2ef-1e09-463d-a2c4-c183d5deb59a/prints/pp2/W502039.webp
Силиконовые чехлы,iPhone 7 Plus/8 Plus,A:502047,W502047,ПП2,726987986,39,https://s3.twcstorage.ru/35ffc2ef-1e09-463d-a2c4-c183d5deb59a/prints/pp2/W502047.webp
Матовые цветные чехлы для печати,iPhone 7 Plus/8 Plus,A:502059,W502059,ПП2,726845377,75,https://s3.twcstorage.ru/35ffc2ef-1e09-463d-a2c4-c183d5deb59a/prints/pp2/W502059.webp
Силиконовые чехлы,iPhone 7 Plus/8 Plus,A:502061,W502061,ПП2,727808321,108,https://s3.twcstorage.ru/35ffc2ef-1e09-463d-a2c4-c183d5deb59a/prints/pp2/Y502061.webp
Силиконовые чехлы,iPhone 7 Plus/8 Plus,A:502069,W502069,ПП2,726944671,11,https://s3.twcstorage.ru/35ffc2ef-1e09-463d-a2c4-c183d5deb59a/prints/pp2/W502069.webp
Силиконовые чехлы,iPhone 7 Plus/8 Plus,A:506334,W506334,ПП2,1186700708,12,https://s3.twcstorage.ru/35ffc2ef-1e09-463d-a2c4-c183d5deb59a/prints/pp2/W5063341.webp
Матовые цветные чехлы для печати,iPhone 7 Plus/8 Plus,A:506362,W506362,ПП2,1185396810,1000000,https://s3.twcstorage.ru/35ffc2ef-1e09-463d-a2c4-c183d5deb59a/prints/pp2/W506362.webp
Чёрные софт-тач,iPhone 7/8/SE 2020/SE 2022,A:501931,S501931,ПП2,727079955,12,https://s3.twcstorage.ru/35ffc2ef-1e09-463d-a2c4-c183d5deb59a/prints/pp2/W501931.webp
Матовые цветные чехлы для печати,iPhone 7/8/SE 2020/SE 2022,A:501935,W501935,ПП2,726865490,86,https://s3.twcstorage.ru/35ffc2ef-1e09-463d-a2c4-c183d5deb59a/prints/pp2/W501935.webp
Белые софт-тач,iPhone 7/8/SE 2020/SE 2022,A:501940,W501940,ПП2,931038884,51,https://s3.twcstorage.ru/35ffc2ef-1e09-463d-a2c4-c183d5deb59a/prints/pp2/W501940.webp
Чёрные софт-тач,iPhone 7/8/SE 2020/SE 2022,A:501946,S501946,ПП2,727096905,7,https://s3.twcstorage.ru/35ffc2ef-1e09-463d-a2c4-c183d5deb59a/prints/pp2/W501946.webp
Белые софт-тач,iPhone 7/8/SE 2020/SE 2022,A:501947,W501947,ПП2,930926428,27,https://s3.twcstorage.ru/35ffc2ef-1e09-463d-a2c4-c183d5deb59a/prints/pp2/W501947.webp
Чёрные софт-тач,iPhone 7/8/SE 2020/SE 2022,A:501949,S501949,ПП2,727191005,1,https://s3.twcstorage.ru/35ffc2ef-1e09-463d-a2c4-c183d5deb59a/prints/pp2/W501949.webp
Белые софт-тач,iPhone 7/8/SE 2020/SE 2022,A:501951,W501951,ПП2,930920244,7,https://s3.twcstorage.ru/35ffc2ef-1e09-463d-a2c4-c183d5deb59a/prints/pp2/W501951.webp
Белые софт-тач,iPhone 7/8/SE 2020/SE 2022,A:501955,W501955,ПП2,930958950,44,https://s3.twcstorage.ru/35ffc2ef-1e09-463d-a2c4-c183d5deb59a/prints/pp2/W501955.webp
Белые софт-тач,iPhone 7/8/SE 2020/SE 2022,A:501957,W501957,ПП2,930962583,29,https://s3.twcstorage.ru/35ffc2ef-1e09-463d-a2c4-c183d5deb59a/prints/pp2/W501957.webp
Белые софт-тач,iPhone 7/8/SE 2020/SE 2022,A:501960,W501960,ПП2,931042061,38,https://s3.twcstorage.ru/35ffc2ef-1e09-463d-a2c4-c183d5deb59a/prints/pp2/W501960.webp
Белые софт-тач,iPhone 7/8/SE 2020/SE 2022,A:501961,W501961,ПП2,931043675,12,https://s3.twcstorage.ru/35ffc2ef-1e09-463d-a2c4-c183d5deb59a/prints/pp2/W501961.webp
Белые софт-тач,iPhone 7/8/SE 2020/SE 2022,A:501962,W501962,ПП2,931044909,13,https://s3.twcstorage.ru/35ffc2ef-1e09-463d-a2c4-c183d5deb59a/prints/pp2/W501962.webp
Силиконовые чехлы,iPhone 7/8/SE 2020/SE 2022,A:501978,Q501978,ПП2,727219044,2,https://s3.twcstorage.ru/35ffc2ef-1e09-463d-a2c4-c183d5deb59a/prints/pp2/Q5019781.webp
Стеклянные чехлы,iPhone 7/8/SE 2020/SE 2022,A:501980,Q5019801,ПП2,933510595,2,https://s3.twcstorage.ru/35ffc2ef-1e09-463d-a2c4-c183d5deb59a/prints/pp2/Q5019801.webp
Силиконовые чехлы,iPhone 7/8/SE 2020/SE 2022,A:501989,Q501989,ПП2,727518479,1000000,https://s3.twcstorage.ru/35ffc2ef-1e09-463d-a2c4-c183d5deb59a/prints/pp2/Y501989.webp
Силиконовые чехлы,iPhone 7/8/SE 2020/SE 2022,A:501993,Q501993,ПП2,727181567,37,https://s3.twcstorage.ru/35ffc2ef-1e09-463d-a2c4-c183d5deb59a/prints/pp2/Q5019931.webp
Объемные матовые чехлы коричневые,iPhone 7/8/SE 2020/SE 2022,A:502003,W502003,ПП2,1156238487,21,https://s3.twcstorage.ru/35ffc2ef-1e09-463d-a2c4-c183d5deb59a/prints/pp2/W502003.webp
Матовые цветные чехлы для печати,iPhone 7/8/SE 2020/SE 2022,A:502007,W502007,ПП2,726852460,67,https://s3.twcstorage.ru/35ffc2ef-1e09-463d-a2c4-c183d5deb59a/prints/pp2/W502007.webp
Белые софт-тач,iPhone 7/8/SE 2020/SE 2022,A:502008,W502008,ПП2,931016404,57,https://s3.twcstorage.ru/35ffc2ef-1e09-463d-a2c4-c183d5deb59a/prints/pp2/W502008.webp
Матовые цветные чехлы для печати,iPhone 7/8/SE 2020/SE 2022,A:502010,W502010,ПП2,726745753,10,https://s3.twcstorage.ru/35ffc2ef-1e09-463d-a2c4-c183d5deb59a/prints/pp2/W502010.webp
Белые софт-тач,iPhone 7/8/SE 2020/SE 2022,A:502012,W502012,ПП2,930994566,14,https://s3.twcstorage.ru/35ffc2ef-1e09-463d-a2c4-c183d5deb59a/prints/pp2/W502012.webp
Белые софт-тач,iPhone 7/8/SE 2020/SE 2022,A:502014,W502014,ПП2,931018163,15,https://s3.twcstorage.ru/35ffc2ef-1e09-463d-a2c4-c183d5deb59a/prints/pp2/W502014.webp
Белые софт-тач,iPhone 7/8/SE 2020/SE 2022,A:502016,W502016,ПП2,930998136,1000000,https://s3.twcstorage.ru/35ffc2ef-1e09-463d-a2c4-c183d5deb59a/prints/pp2/W502016.webp
Чехол с вкладышем,iPhone 7/8/SE 2020/SE 2022,A:502017,W502017,ПП2,994427851,1000000,https://s3.twcstorage.ru/35ffc2ef-1e09-463d-a2c4-c183d5deb59a/prints/pp2/W502017.webp
Объемные матовые чехлы коричневые,iPhone 7/8/SE 2020/SE 2022,A:502029,W502029,ПП2,1156253336,5,https://s3.twcstorage.ru/35ffc2ef-1e09-463d-a2c4-c183d5deb59a/prints/pp2/W502029.webp
Белые софт-тач,iPhone 7/8/SE 2020/SE 2022,A:502031,W502031,ПП2,930899741,58,https://s3.twcstorage.ru/35ffc2ef-1e09-463d-a2c4-c183d5deb59a/prints/pp2/W502031.webp
Объемные матовые чехлы коричневые,iPhone 7/8/SE 2020/SE 2022,A:502032,W502032,ПП2,1156552593,1,https://s3.twcstorage.ru/35ffc2ef-1e09-463d-a2c4-c183d5deb59a/prints/pp2/W502032.webp
Белые софт-тач,iPhone 7/8/SE 2020/SE 2022,A:502047,W502047,ПП2,930883563,32,https://s3.twcstorage.ru/35ffc2ef-1e09-463d-a2c4-c183d5deb59a/prints/pp2/W502047.webp
Матовые цветные чехлы для печати,iPhone 7/8/SE 2020/SE 2022,A:502048,W502048,ПП2,726762635,72,https://s3.twcstorage.ru/35ffc2ef-1e09-463d-a2c4-c183d5deb59a/prints/pp2/Y502048.webp
Белые софт-тач,iPhone 7/8/SE 2020/SE 2022,A:502049,W502049,ПП2,930864367,46,https://s3.twcstorage.ru/35ffc2ef-1e09-463d-a2c4-c183d5deb59a/prints/pp2/Y502049.webp
Белые софт-тач,iPhone 7/8/SE 2020/SE 2022,A:502052,W502052,ПП2,931012964,2,https://s3.twcstorage.ru/35ffc2ef-1e09-463d-a2c4-c183d5deb59a/prints/pp2/W502052.webp
Белые софт-тач,iPhone 7/8/SE 2020/SE 2022,A:502053,W502053,ПП2,931008816,1,https://s3.twcstorage.ru/35ffc2ef-1e09-463d-a2c4-c183d5deb59a/prints/pp2/W502053.webp
Чехол с вкладышем,iPhone 7/8/SE 2020/SE 2022,A:502064,W502064,ПП2,994428667,1000000,https://s3.twcstorage.ru/35ffc2ef-1e09-463d-a2c4-c183d5deb59a/prints/pp2/W502064.webp
Белые софт-тач,iPhone 7/8/SE 2020/SE 2022,A:506329,W506329,ПП2,1164132866,24,https://s3.twcstorage.ru/35ffc2ef-1e09-463d-a2c4-c183d5deb59a/prints/pp2/W5063291.webp
Матовые цветные чехлы для печати,iPhone 7/8/SE 2020/SE 2022,A:506330,W5063301,ПП2,1185648765,3,https://s3.twcstorage.ru/35ffc2ef-1e09-463d-a2c4-c183d5deb59a/prints/pp2/W5063301.webp
Белые софт-тач,iPhone 7/8/SE 2020/SE 2022,A:506331,W506331,ПП2,1164170093,5,https://s3.twcstorage.ru/35ffc2ef-1e09-463d-a2c4-c183d5deb59a/prints/pp2/W5063311.webp
Белые софт-тач,iPhone 7/8/SE 2020/SE 2022,A:506332,W506332,ПП2,1164190811,8,https://s3.twcstorage.ru/35ffc2ef-1e09-463d-a2c4-c183d5deb59a/prints/pp2/W5063321.webp
Белые софт-тач,iPhone 7/8/SE 2020/SE 2022,A:506333,W506333,ПП2,1164211102,76,https://s3.twcstorage.ru/35ffc2ef-1e09-463d-a2c4-c183d5deb59a/prints/pp2/W5063331.webp
Объемные матовые чехлы черные,iPhone 7/8/SE 2020/SE 2022,A:506335,W5063351,ПП2,1158005461,4,https://s3.twcstorage.ru/35ffc2ef-1e09-463d-a2c4-c183d5deb59a/prints/pp2/W5063351.webp
Белые софт-тач,iPhone 7/8/SE 2020/SE 2022,A:506336,W506336,ПП2,1164266974,48,https://s3.twcstorage.ru/35ffc2ef-1e09-463d-a2c4-c183d5deb59a/prints/pp2/W5063361.webp
Белые софт-тач,iPhone 7/8/SE 2020/SE 2022,A:506338,W506338,ПП2,1164301354,41,https://s3.twcstorage.ru/35ffc2ef-1e09-463d-a2c4-c183d5deb59a/prints/pp2/W5063381.webp
Матовые цветные чехлы для печати,iPhone 7/8/SE 2020/SE 2022,A:506339,W5063391,ПП2,1185662499,8,https://s3.twcstorage.ru/35ffc2ef-1e09-463d-a2c4-c183d5deb59a/prints/pp2/W5063391.webp
Белые софт-тач,iPhone 7/8/SE 2020/SE 2022,A:506340,W506340,ПП2,1164337767,4,https://s3.twcstorage.ru/35ffc2ef-1e09-463d-a2c4-c183d5deb59a/prints/pp2/W5063401.webp
Объемные матовые чехлы молочные,iPhone 7/8/SE 2020/SE 2022,A:506372,W506372,ПП2,1155585222,21,https://s3.twcstorage.ru/35ffc2ef-1e09-463d-a2c4-c183d5deb59a/prints/pp2/W506372.webp
Белые софт-тач,iPhone 7/8/SE 2020/SE 2022,A:506375,W506375,ПП2,1163992535,36,https://s3.twcstorage.ru/35ffc2ef-1e09-463d-a2c4-c183d5deb59a/prints/pp2/W506375.webp
Белые софт-тач,iPhone 7/8/SE 2020/SE 2022,A:506376,W506376,ПП2,1164013215,80,https://s3.twcstorage.ru/35ffc2ef-1e09-463d-a2c4-c183d5deb59a/prints/pp2/W506376.webp
Матовые цветные чехлы для печати,iPhone 7/8/SE 2020/SE 2022,A:506379,W506379,ПП2,1185465522,24,https://s3.twcstorage.ru/35ffc2ef-1e09-463d-a2c4-c183d5deb59a/prints/pp2/W506379.webp
Белые софт-тач,iPhone 7/8/SE 2020/SE 2022,A:506381,W506381,ПП2,1164114060,64,https://s3.twcstorage.ru/35ffc2ef-1e09-463d-a2c4-c183d5deb59a/prints/pp2/W506381.webp
Стеклянные чехлы,iPhone 7/8/SE 2020/SE 2022,A:506383,Q5063831,ПП2,1186928162,1000000,https://s3.twcstorage.ru/35ffc2ef-1e09-463d-a2c4-c183d5deb59a/prints/pp2/Q5063831.webp
Стеклянные чехлы,iPhone 7/8/SE 2020/SE 2022,A:506384,Q5063841,ПП2,1186852508,1,https://s3.twcstorage.ru/35ffc2ef-1e09-463d-a2c4-c183d5deb59a/prints/pp2/Q5063841.webp
Силиконовые чехлы,iPhone Air,A:501929,W501929,ПП2,727538270,1000000,https://s3.twcstorage.ru/35ffc2ef-1e09-463d-a2c4-c183d5deb59a/prints/pp2/W501929.webp
Силиконовые чехлы,iPhone Air,A:501933,W501933,ПП2,727222848,1000000,https://s3.twcstorage.ru/35ffc2ef-1e09-463d-a2c4-c183d5deb59a/prints/pp2/W501933.webp
Силиконовые чехлы,iPhone Air,A:501940,W501940,ПП2,727530249,117,https://s3.twcstorage.ru/35ffc2ef-1e09-463d-a2c4-c183d5deb59a/prints/pp2/W501940.webp
Белые софт-тач,iPhone Air,A:501947,W501947,ПП2,726589736,27,https://s3.twcstorage.ru/35ffc2ef-1e09-463d-a2c4-c183d5deb59a/prints/pp2/W501947.webp
Силиконовые чехлы,iPhone Air,A:501949,W501949,ПП2,727854856,19,https://s3.twcstorage.ru/35ffc2ef-1e09-463d-a2c4-c183d5deb59a/prints/pp2/W501949.webp
Силиконовые чехлы,iPhone Air,A:501951,C501951,ПП2,727819088,20,https://s3.twcstorage.ru/35ffc2ef-1e09-463d-a2c4-c183d5deb59a/prints/pp2/W501951.webp
Белые софт-тач,iPhone Air,A:501957,W501957,ПП2,726609810,29,https://s3.twcstorage.ru/35ffc2ef-1e09-463d-a2c4-c183d5deb59a/prints/pp2/W501957.webp
Белые софт-тач,iPhone Air,A:501961,W501961,ПП2,726674029,12,https://s3.twcstorage.ru/35ffc2ef-1e09-463d-a2c4-c183d5deb59a/prints/pp2/W501961.webp
Стеклянные чехлы,iPhone Air,A:501965,Q5019651,ПП2,727527679,1000000,https://s3.twcstorage.ru/35ffc2ef-1e09-463d-a2c4-c183d5deb59a/prints/pp2/Q5019651.webp
Силиконовые чехлы,iPhone Air,A:501978,Q501978,ПП2,727219262,2,https://s3.twcstorage.ru/35ffc2ef-1e09-463d-a2c4-c183d5deb59a/prints/pp2/Q5019781.webp
Стеклянные чехлы,iPhone Air,A:501990,Y501990,ПП2,727001786,1000000,https://s3.twcstorage.ru/35ffc2ef-1e09-463d-a2c4-c183d5deb59a/prints/pp2/Y501990.webp
Силиконовые чехлы,iPhone Air,A:501993,Q501993,ПП2,727181774,37,https://s3.twcstorage.ru/35ffc2ef-1e09-463d-a2c4-c183d5deb59a/prints/pp2/Q5019931.webp
Силиконовые чехлы,iPhone Air,A:502010,W502010,ПП2,727234637,1,https://s3.twcstorage.ru/35ffc2ef-1e09-463d-a2c4-c183d5deb59a/prints/pp2/W502010.webp
Белые софт-тач,iPhone Air,A:502014,W502014,ПП2,726647845,15,https://s3.twcstorage.ru/35ffc2ef-1e09-463d-a2c4-c183d5deb59a/prints/pp2/W502014.webp
Силиконовые чехлы,iPhone Air,A:502017,W502017,ПП2,727030098,1000000,https://s3.twcstorage.ru/35ffc2ef-1e09-463d-a2c4-c183d5deb59a/prints/pp2/W502017.webp
Белые софт-тач,iPhone Air,A:502032,W502032,ПП2,726635830,59,https://s3.twcstorage.ru/35ffc2ef-1e09-463d-a2c4-c183d5deb59a/prints/pp2/W502032.webp
Белые софт-тач,iPhone Air,A:502033,W502033,ПП2,726638268,10,https://s3.twcstorage.ru/35ffc2ef-1e09-463d-a2c4-c183d5deb59a/prints/pp2/W502033.webp
Белые софт-тач,iPhone Air,A:502036,W502036,ПП2,726649247,25,https://s3.twcstorage.ru/35ffc2ef-1e09-463d-a2c4-c183d5deb59a/prints/pp2/W502036.webp
Белые софт-тач,iPhone Air,A:502052,W502052,ПП2,726642115,2,https://s3.twcstorage.ru/35ffc2ef-1e09-463d-a2c4-c183d5deb59a/prints/pp2/W502052.webp
Белые софт-тач,iPhone Air,A:502053,W502053,ПП2,726639958,1,https://s3.twcstorage.ru/35ffc2ef-1e09-463d-a2c4-c183d5deb59a/prints/pp2/W502053.webp
Белые софт-тач,iPhone Air,A:506329,W506329,ПП2,1164122264,24,https://s3.twcstorage.ru/35ffc2ef-1e09-463d-a2c4-c183d5deb59a/prints/pp2/W5063291.webp
Белые софт-тач,iPhone Air,A:506330,W506330,ПП2,1164140871,17,https://s3.twcstorage.ru/35ffc2ef-1e09-463d-a2c4-c183d5deb59a/prints/pp2/W5063301.webp
Белые софт-тач,iPhone Air,A:506331,W506331,ПП2,1164159740,5,https://s3.twcstorage.ru/35ffc2ef-1e09-463d-a2c4-c183d5deb59a/prints/pp2/W5063311.webp
Матовые цветные чехлы для печати,iPhone Air,A:506332,W5063321,ПП2,1185457663,2,https://s3.twcstorage.ru/35ffc2ef-1e09-463d-a2c4-c183d5deb59a/prints/pp2/W5063321.webp
Матовые цветные чехлы для печати,iPhone Air,A:506334,W5063341,ПП2,1185784974,1,https://s3.twcstorage.ru/35ffc2ef-1e09-463d-a2c4-c183d5deb59a/prints/pp2/W5063341.webp
Силиконовые чехлы,iPhone Air,A:506335,W506335,ПП2,1186658860,15,https://s3.twcstorage.ru/35ffc2ef-1e09-463d-a2c4-c183d5deb59a/prints/pp2/W5063351.webp
Силиконовые чехлы,iPhone Air,A:506336,W506336,ПП2,1186200447,14,https://s3.twcstorage.ru/35ffc2ef-1e09-463d-a2c4-c183d5deb59a/prints/pp2/W5063361.webp
Силиконовые чехлы,iPhone Air,A:506340,W506340,ПП2,1186698241,5,https://s3.twcstorage.ru/35ffc2ef-1e09-463d-a2c4-c183d5deb59a/prints/pp2/W5063401.webp
Силиконовые чехлы,iPhone Air,A:506341,W506341,ПП2,1186251751,109,https://s3.twcstorage.ru/35ffc2ef-1e09-463d-a2c4-c183d5deb59a/prints/pp2/W5063411.webp
Силиконовые чехлы,iPhone Air,A:506354,W506354,ПП2,1186356612,1000000,https://s3.twcstorage.ru/35ffc2ef-1e09-463d-a2c4-c183d5deb59a/prints/pp2/W5063541.webp
Силиконовые чехлы,iPhone Air,A:506361,W506361,ПП2,1186708024,30,https://s3.twcstorage.ru/35ffc2ef-1e09-463d-a2c4-c183d5deb59a/prints/pp2/W506361.webp
Силиконовые чехлы,iPhone Air,A:506372,W506372,ПП2,1186493414,16,https://s3.twcstorage.ru/35ffc2ef-1e09-463d-a2c4-c183d5deb59a/prints/pp2/W506372.webp
Силиконовые чехлы,iPhone Air,A:506373,W506373,ПП2,1186727161,6,https://s3.twcstorage.ru/35ffc2ef-1e09-463d-a2c4-c183d5deb59a/prints/pp2/W506373.webp
Силиконовые чехлы,iPhone Air,A:506374,W506374,ПП2,1195549063,10,https://s3.twcstorage.ru/35ffc2ef-1e09-463d-a2c4-c183d5deb59a/prints/pp2/W506374.webp
Матовые цветные чехлы для печати,iPhone Air,A:506381,W506381,ПП2,1185606412,14,https://s3.twcstorage.ru/35ffc2ef-1e09-463d-a2c4-c183d5deb59a/prints/pp2/W506381.webp
Стеклянные чехлы,iPhone Air,A:506384,Q5063841,ПП2,1186926494,1,https://s3.twcstorage.ru/35ffc2ef-1e09-463d-a2c4-c183d5deb59a/prints/pp2/Q5063841.webp
Чёрные софт-тач,iPhone X/XS,A:501927,S501927,ПП2,727131483,1000000,https://s3.twcstorage.ru/35ffc2ef-1e09-463d-a2c4-c183d5deb59a/prints/pp2/W501927.webp
Чёрные софт-тач,iPhone X/XS,A:501937,S501937,ПП2,727126742,13,https://s3.twcstorage.ru/35ffc2ef-1e09-463d-a2c4-c183d5deb59a/prints/pp2/W501937.webp
Чёрные софт-тач,iPhone X/XS,A:501943,S501943,ПП2,727103051,6,https://s3.twcstorage.ru/35ffc2ef-1e09-463d-a2c4-c183d5deb59a/prints/pp2/S501943.webp
Белые софт-тач,iPhone X/XS,A:501956,W501956,ПП2,726608610,53,https://s3.twcstorage.ru/35ffc2ef-1e09-463d-a2c4-c183d5deb59a/prints/pp2/W501956.webp
Чёрные софт-тач,iPhone X/XS,A:501957,S501957,ПП2,727124472,3,https://s3.twcstorage.ru/35ffc2ef-1e09-463d-a2c4-c183d5deb59a/prints/pp2/W501957.webp
Силиконовые чехлы,iPhone X/XS,A:501970,Q501970,ПП2,727789169,1000000,https://s3.twcstorage.ru/35ffc2ef-1e09-463d-a2c4-c183d5deb59a/prints/pp2/W501970.webp
Матовые цветные чехлы для печати,iPhone X/XS,A:501997,W501997,ПП2,726811733,1000000,https://s3.twcstorage.ru/35ffc2ef-1e09-463d-a2c4-c183d5deb59a/prints/pp2/Y501997.webp
Матовые цветные чехлы для печати,iPhone X/XS,A:502006,W502006,ПП2,726861914,47,https://s3.twcstorage.ru/35ffc2ef-1e09-463d-a2c4-c183d5deb59a/prints/pp2/W502006.webp
Чехол с вкладышем,iPhone X/XS,A:502009,W502009,ПП2,994433984,1000000,https://s3.twcstorage.ru/35ffc2ef-1e09-463d-a2c4-c183d5deb59a/prints/pp2/W502009.webp
Матовые цветные чехлы для печати,iPhone X/XS,A:502010,W502010,ПП2,726745439,10,https://s3.twcstorage.ru/35ffc2ef-1e09-463d-a2c4-c183d5deb59a/prints/pp2/W502010.webp
Чехол с вкладышем,iPhone X/XS,A:502014,W502014,ПП2,994434399,1000000,https://s3.twcstorage.ru/35ffc2ef-1e09-463d-a2c4-c183d5deb59a/prints/pp2/W502014.webp
Белые софт-тач,iPhone X/XS,A:502032,W502032,ПП2,726636528,59,https://s3.twcstorage.ru/35ffc2ef-1e09-463d-a2c4-c183d5deb59a/prints/pp2/W502032.webp
Матовые цветные чехлы для печати,iPhone X/XS,A:502033,W502033,ПП2,726863305,70,https://s3.twcstorage.ru/35ffc2ef-1e09-463d-a2c4-c183d5deb59a/prints/pp2/W502033.webp
Матовые цветные чехлы для печати,iPhone X/XS,A:502035,W502035,ПП2,726757134,50,https://s3.twcstorage.ru/35ffc2ef-1e09-463d-a2c4-c183d5deb59a/prints/pp2/W502035.webp
Белые софт-тач,iPhone X/XS,A:502052,W502052,ПП2,726643109,2,https://s3.twcstorage.ru/35ffc2ef-1e09-463d-a2c4-c183d5deb59a/prints/pp2/W502052.webp
Белые софт-тач,iPhone X/XS,A:502053,W502053,ПП2,726640867,1,https://s3.twcstorage.ru/35ffc2ef-1e09-463d-a2c4-c183d5deb59a/prints/pp2/W502053.webp
Матовые цветные чехлы для печати,iPhone X/XS,A:502055,W502055,ПП2,726772395,95,https://s3.twcstorage.ru/35ffc2ef-1e09-463d-a2c4-c183d5deb59a/prints/pp2/W502055.webp
Матовые цветные чехлы для печати,iPhone X/XS,A:502065,W502065,ПП2,726839332,16,https://s3.twcstorage.ru/35ffc2ef-1e09-463d-a2c4-c183d5deb59a/prints/pp2/W502065.webp
Матовые цветные чехлы для печати,iPhone X/XS,A:506350,W5063501,ПП2,1185755058,32,https://s3.twcstorage.ru/35ffc2ef-1e09-463d-a2c4-c183d5deb59a/prints/pp2/W5063501.webp
Силиконовые чехлы,iPhone X/XS,A:506379,W506379,ПП2,1186540753,27,https://s3.twcstorage.ru/35ffc2ef-1e09-463d-a2c4-c183d5deb59a/prints/pp2/W506379.webp
Чёрные софт-тач,iPhone XR,A:501928,S501928,ПП2,727099098,11,https://s3.twcstorage.ru/35ffc2ef-1e09-463d-a2c4-c183d5deb59a/prints/pp2/W501928.webp
Чёрные софт-тач,iPhone XR,A:501937,S501937,ПП2,727126882,13,https://s3.twcstorage.ru/35ffc2ef-1e09-463d-a2c4-c183d5deb59a/prints/pp2/W501937.webp
Чёрные софт-тач,iPhone XR,A:501944,S501944,ПП2,727106364,4,https://s3.twcstorage.ru/35ffc2ef-1e09-463d-a2c4-c183d5deb59a/prints/pp2/S501944.webp
Матовые цветные чехлы для печати,iPhone XR,A:501947,W501947,ПП2,726781610,28,https://s3.twcstorage.ru/35ffc2ef-1e09-463d-a2c4-c183d5deb59a/prints/pp2/W501947.webp
Силиконовые чехлы,iPhone XR,A:501951,W501951,ПП2,727843673,20,https://s3.twcstorage.ru/35ffc2ef-1e09-463d-a2c4-c183d5deb59a/prints/pp2/W501951.webp
Чёрные софт-тач,iPhone XR,A:501953,S501953,ПП2,727113840,1000000,https://s3.twcstorage.ru/35ffc2ef-1e09-463d-a2c4-c183d5deb59a/prints/pp2/W501953.webp
Чёрные софт-тач,iPhone XR,A:501957,S501957,ПП2,727124802,3,https://s3.twcstorage.ru/35ffc2ef-1e09-463d-a2c4-c183d5deb59a/prints/pp2/W501957.webp
Чёрные софт-тач,iPhone XR,A:501959,S501959,ПП2,727130503,1000000,https://s3.twcstorage.ru/35ffc2ef-1e09-463d-a2c4-c183d5deb59a/prints/pp2/S501959.webp
Чёрные софт-тач,iPhone XR,A:501962,S501962,ПП2,727442470,9,https://s3.twcstorage.ru/35ffc2ef-1e09-463d-a2c4-c183d5deb59a/prints/pp2/W501962.webp
Силиконовые чехлы,iPhone XR,A:501965,Q501965,ПП2,726961032,86,https://s3.twcstorage.ru/35ffc2ef-1e09-463d-a2c4-c183d5deb59a/prints/pp2/Q5019651.webp
Силиконовые чехлы,iPhone XR,A:501978,Q501978,ПП2,727218225,2,https://s3.twcstorage.ru/35ffc2ef-1e09-463d-a2c4-c183d5deb59a/prints/pp2/Q5019781.webp
Силиконовые чехлы,iPhone XR,A:501980,Q501980,ПП2,727175148,4,https://s3.twcstorage.ru/35ffc2ef-1e09-463d-a2c4-c183d5deb59a/prints/pp2/Q5019801.webp
Силиконовые чехлы,iPhone XR,A:501989,Q501989,ПП2,727517695,1000000,https://s3.twcstorage.ru/35ffc2ef-1e09-463d-a2c4-c183d5deb59a/prints/pp2/Y501989.webp
Стеклянные чехлы,iPhone XR,A:501993,Q5019931,ПП2,933504516,4,https://s3.twcstorage.ru/35ffc2ef-1e09-463d-a2c4-c183d5deb59a/prints/pp2/Q5019931.webp
Матовые цветные чехлы для печати,iPhone XR,A:502003,W502003,ПП2,726735941,38,https://s3.twcstorage.ru/35ffc2ef-1e09-463d-a2c4-c183d5deb59a/prints/pp2/W502003.webp
Силиконовые чехлы,iPhone XR,A:502005,W502005,ПП2,727848140,64,https://s3.twcstorage.ru/35ffc2ef-1e09-463d-a2c4-c183d5deb59a/prints/pp2/W502005.webp
Силиконовые чехлы,iPhone XR,A:502007,W502007,ПП2,727852803,55,https://s3.twcstorage.ru/35ffc2ef-1e09-463d-a2c4-c183d5deb59a/prints/pp2/W502007.webp
Силиконовые чехлы,iPhone XR,A:502008,W502008,ПП2,727826303,18,https://s3.twcstorage.ru/35ffc2ef-1e09-463d-a2c4-c183d5deb59a/prints/pp2/W502008.webp
Силиконовые чехлы,iPhone XR,A:502009,W502009,ПП2,727510551,8,https://s3.twcstorage.ru/35ffc2ef-1e09-463d-a2c4-c183d5deb59a/prints/pp2/W502009.webp
Матовые цветные чехлы для печати,iPhone XR,A:502010,W502010,ПП2,726745341,10,https://s3.twcstorage.ru/35ffc2ef-1e09-463d-a2c4-c183d5deb59a/prints/pp2/W502010.webp
Матовые цветные чехлы для печати,iPhone XR,A:502012,W502012,ПП2,726855597,6,https://s3.twcstorage.ru/35ffc2ef-1e09-463d-a2c4-c183d5deb59a/prints/pp2/W502012.webp
Силиконовые чехлы,iPhone XR,A:502014,W502014,ПП2,726983077,7,https://s3.twcstorage.ru/35ffc2ef-1e09-463d-a2c4-c183d5deb59a/prints/pp2/W502014.webp
Матовые цветные чехлы для печати,iPhone XR,A:502019,W502019,ПП2,726835491,55,https://s3.twcstorage.ru/35ffc2ef-1e09-463d-a2c4-c183d5deb59a/prints/pp2/W502019.webp
Белые софт-тач,iPhone XR,A:502032,W502032,ПП2,726635104,59,https://s3.twcstorage.ru/35ffc2ef-1e09-463d-a2c4-c183d5deb59a/prints/pp2/W502032.webp
Матовые цветные чехлы для печати,iPhone XR,A:502034,W502034,ПП2,726837958,49,https://s3.twcstorage.ru/35ffc2ef-1e09-463d-a2c4-c183d5deb59a/prints/pp2/W502034.webp
Силиконовые чехлы,iPhone XR,A:502035,W502035,ПП2,727782221,43,https://s3.twcstorage.ru/35ffc2ef-1e09-463d-a2c4-c183d5deb59a/prints/pp2/W502035.webp
Силиконовые чехлы,iPhone XR,A:502036,W502036,ПП2,727776168,33,https://s3.twcstorage.ru/35ffc2ef-1e09-463d-a2c4-c183d5deb59a/prints/pp2/W502036.webp
Матовые цветные чехлы для печати,iPhone XR,A:502049,W502049,ПП2,726765992,60,https://s3.twcstorage.ru/35ffc2ef-1e09-463d-a2c4-c183d5deb59a/prints/pp2/Y502049.webp
Белые софт-тач,iPhone XR,A:502053,W502053,ПП2,726639777,1,https://s3.twcstorage.ru/35ffc2ef-1e09-463d-a2c4-c183d5deb59a/prints/pp2/W502053.webp
Матовые цветные чехлы для печати,iPhone XR,A:502065,W502065,ПП2,726839642,16,https://s3.twcstorage.ru/35ffc2ef-1e09-463d-a2c4-c183d5deb59a/prints/pp2/W502065.webp
Силиконовые чехлы,iPhone XR,A:502069,W502069,ПП2,726945175,11,https://s3.twcstorage.ru/35ffc2ef-1e09-463d-a2c4-c183d5deb59a/prints/pp2/W502069.webp
Белые софт-тач,iPhone XR,A:506330,W506330,ПП2,1164135892,17,https://s3.twcstorage.ru/35ffc2ef-1e09-463d-a2c4-c183d5deb59a/prints/pp2/W5063301.webp
Матовые цветные чехлы для печати,iPhone XR,A:506331,W5063311,ПП2,1185734172,5,https://s3.twcstorage.ru/35ffc2ef-1e09-463d-a2c4-c183d5deb59a/prints/pp2/W5063311.webp
Матовые цветные чехлы для печати,iPhone XR,A:506332,W5063321,ПП2,1189286664,2,https://s3.twcstorage.ru/35ffc2ef-1e09-463d-a2c4-c183d5deb59a/prints/pp2/W5063321.webp
Силиконовые чехлы,iPhone XR,A:506334,W506334,ПП2,1186162939,12,https://s3.twcstorage.ru/35ffc2ef-1e09-463d-a2c4-c183d5deb59a/prints/pp2/W5063341.webp
Матовые цветные чехлы для печати,iPhone XR,A:506337,W5063371,ПП2,1185611124,13,https://s3.twcstorage.ru/35ffc2ef-1e09-463d-a2c4-c183d5deb59a/prints/pp2/W5063371.webp
Матовые цветные чехлы для печати,iPhone XR,A:506338,W5063381,ПП2,1189268639,26,https://s3.twcstorage.ru/35ffc2ef-1e09-463d-a2c4-c183d5deb59a/prints/pp2/W5063381.webp
Матовые цветные чехлы для печати,iPhone XR,A:506339,W5063391,ПП2,1189249741,8,https://s3.twcstorage.ru/35ffc2ef-1e09-463d-a2c4-c183d5deb59a/prints/pp2/W5063391.webp
Силиконовые чехлы,iPhone XR,A:506345,W506345,ПП2,1186280342,93,https://s3.twcstorage.ru/35ffc2ef-1e09-463d-a2c4-c183d5deb59a/prints/pp2/W5063451.webp
Силиконовые чехлы,iPhone XR,A:506364,W506364,ПП2,1186433086,44,https://s3.twcstorage.ru/35ffc2ef-1e09-463d-a2c4-c183d5deb59a/prints/pp2/W506364.webp
Матовые цветные чехлы для печати,iPhone XR,A:506374,W506374,ПП2,1185457904,11,https://s3.twcstorage.ru/35ffc2ef-1e09-463d-a2c4-c183d5deb59a/prints/pp2/W506374.webp
Чёрные софт-тач,iPhone XS Max,A:501930,S501930,ПП2,727157616,1000000,https://s3.twcstorage.ru/35ffc2ef-1e09-463d-a2c4-c183d5deb59a/prints/pp2/W501930.webp
Силиконовые чехлы,iPhone XS Max,A:501934,C501934,ПП2,727168866,1000000,https://s3.twcstorage.ru/35ffc2ef-1e09-463d-a2c4-c183d5deb59a/prints/pp2/W501934.webp
Чехол с вкладышем,iPhone XS Max,A:501945,W501945,ПП2,994306088,1000000,https://s3.twcstorage.ru/35ffc2ef-1e09-463d-a2c4-c183d5deb59a/prints/pp2/W501945.webp
Чёрные софт-тач,iPhone XS Max,A:501955,S501955,ПП2,727119500,1000000,https://s3.twcstorage.ru/35ffc2ef-1e09-463d-a2c4-c183d5deb59a/prints/pp2/W501955.webp
Чёрные софт-тач,iPhone XS Max,A:501957,S501957,ПП2,727124461,3,https://s3.twcstorage.ru/35ffc2ef-1e09-463d-a2c4-c183d5deb59a/prints/pp2/W501957.webp
Силиконовые чехлы,iPhone XS Max,A:501960,C501960,ПП2,727210950,41,https://s3.twcstorage.ru/35ffc2ef-1e09-463d-a2c4-c183d5deb59a/prints/pp2/W501960.webp
Чёрные софт-тач,iPhone XS Max,A:501961,S501961,ПП2,727154156,10,https://s3.twcstorage.ru/35ffc2ef-1e09-463d-a2c4-c183d5deb59a/prints/pp2/W501961.webp
Силиконовые чехлы,iPhone XS Max,A:501962,C501962,ПП2,727533355,62,https://s3.twcstorage.ru/35ffc2ef-1e09-463d-a2c4-c183d5deb59a/prints/pp2/W501962.webp
Чехол с вкладышем,iPhone XS Max,A:501969,W501969,ПП2,994307039,1000000,https://s3.twcstorage.ru/35ffc2ef-1e09-463d-a2c4-c183d5deb59a/prints/pp2/W501969.webp
Силиконовые чехлы,iPhone XS Max,A:501990,Q501990,ПП2,727815438,63,https://s3.twcstorage.ru/35ffc2ef-1e09-463d-a2c4-c183d5deb59a/prints/pp2/Y501990.webp
Чехол с вкладышем,iPhone XS Max,A:501996,W501996,ПП2,994307122,1000000,https://s3.twcstorage.ru/35ffc2ef-1e09-463d-a2c4-c183d5deb59a/prints/pp2/Y501996.webp
Чехол с вкладышем,iPhone XS Max,A:502008,W502008,ПП2,994307308,1000000,https://s3.twcstorage.ru/35ffc2ef-1e09-463d-a2c4-c183d5deb59a/prints/pp2/W502008.webp
Чехол с вкладышем,iPhone XS Max,A:502010,W502010,ПП2,994307321,1000000,https://s3.twcstorage.ru/35ffc2ef-1e09-463d-a2c4-c183d5deb59a/prints/pp2/W502010.webp
Чехол с вкладышем,iPhone XS Max,A:502031,W502031,ПП2,994307733,1000000,https://s3.twcstorage.ru/35ffc2ef-1e09-463d-a2c4-c183d5deb59a/prints/pp2/W502031.webp
Чехол с вкладышем,iPhone XS Max,A:502035,W502035,ПП2,994307928,1000000,https://s3.twcstorage.ru/35ffc2ef-1e09-463d-a2c4-c183d5deb59a/prints/pp2/W502035.webp
Чехол с вкладышем,iPhone XS Max,A:502069,W502069,ПП2,994308392,1000000,https://s3.twcstorage.ru/35ffc2ef-1e09-463d-a2c4-c183d5deb59a/prints/pp2/W502069.webp
